sum_sq,df,F,PR(>F)
2.773339119917618e-32,1.0,0.9999999999999993,0.42264973081037444
5.546678239835239e-32,2.0,,
