sum_sq,df,F,PR(>F)
6.077163357286278e-64,1.0,6.162975822039162e-33,1.0
1.9721522630525295e-31,2.0,,
