sum_sq,df,F,PR(>F)
1.8488927466117453e-32,1.0,0.5294117647058819,0.5071575069992279
1.3969411863288754e-31,4.0,,
