sum_sq,df,F,PR(>F)
1.3673617553894126e-63,1.0,5.546678239835247e-32,1.0
4.9303806576313227e-32,2.0,,
