sum_sq,df,F,PR(>F)
16.435646930468895,1.0,1.4366579512196356,0.2538163936560972
137.28233849831292,12.0,,
