sum_sq,df,F,PR(>F)
19.879197354234336,1.0,1.882296721133724,0.21915849375340374
63.36683413737528,6.0,,
