sum_sq,df,F,PR(>F)
1.3866695599588093e-32,1.0,0.7714285714285712,0.41356077614045794
1.0785207688568519e-31,6.0,,
