sum_sq,df,F,PR(>F)
1.408680187894663e-32,1.0,0.42477876106194656,0.5268481212061664
3.979521530802426e-31,12.0,,
