sum_sq,df,F,PR(>F)
5.869500782894406e-35,1.0,0.002298850574712633,0.9624877911148071
3.319202692726802e-31,13.0,,
