Date_Time,P4_WSE,P4_gw_left,P4_gw_right,P4_h_left,P4_h_right,P4_h_average
2021-08-04 00:00:00,2733.078391,2732.064448,2732.486317,-1.0139429999999265,-0.5920740000001388,-0.8030085000000327
2021-08-04 00:30:00,2733.079171,2732.065228,2732.486087,-1.0139429999999265,-0.5930839999996351,-0.8035134999997808
2021-08-04 00:45:00,2733.076458,2732.062693,2732.485831,-1.0137650000001486,-0.5906270000000404,-0.8021960000000945
2021-08-04 01:00:00,2733.077815,2732.065032,2732.485149,-1.0127830000001268,-0.5926660000000084,-0.8027245000000676
2021-08-04 01:15:00,2733.078391,2732.062967,2732.485019,-1.0154240000001664,-0.5933719999998175,-0.804397999999992
2021-08-04 01:45:00,2733.079557,2732.065615,2732.487484,-1.0139420000000428,-0.5920729999998002,-0.8030074999999215
2021-08-04 02:15:00,2733.078781,2732.06484,2732.483659,-1.013941000000159,-0.595122000000174,-0.8045315000001665
2021-08-04 02:30:00,2733.079171,2732.06523,2732.481455,-1.0139409999997042,-0.5977159999997639,-0.805828499999734
2021-08-04 02:45:00,2733.078391,2732.062969,2732.483722,-1.015421999999944,-0.5946690000000672,-0.8050455000000056
2021-08-04 03:15:00,2733.079561,2732.067369,2732.487488,-1.012192000000141,-0.5920729999998002,-0.8021324999999706
2021-08-04 03:30:00,2733.079561,2732.06562,2732.484439,-1.013941000000159,-0.595122000000174,-0.8045315000001665
2021-08-04 03:45:00,2733.078984,2732.062971,2732.488938,-1.0160130000003846,-0.5900460000002568,-0.8030295000003207
2021-08-04 04:00:00,2733.08015,2732.064138,2732.486191,-1.0160119999995914,-0.5939589999998134,-0.8049854999997024
2021-08-04 04:15:00,2733.078984,2732.067192,2732.485891,-1.0117920000002414,-0.5930930000004082,-0.8024425000003248
2021-08-04 04:30:00,2733.079567,2732.066296,2732.489522,-1.013271000000259,-0.590045000000373,-0.801658000000316
2021-08-04 05:15:00,2733.078401,2732.062388,2732.485306,-1.0160130000003846,-0.5930950000001758,-0.8045540000002802
2021-08-04 05:45:00,2733.079761,2732.065498,2732.489715,-1.0142630000000281,-0.590045999999802,-0.8021544999999151
2021-08-04 06:00:00,2733.079364,2732.063942,2732.486281,-1.015421999999944,-0.5930830000002061,-0.8042525000000751
2021-08-04 06:15:00,2733.078588,2732.066396,2732.48855,-1.0121919999996862,-0.5900379999998222,-0.8011149999997542
2021-08-04 06:30:00,2733.078391,2732.064449,2732.485308,-1.0139420000000428,-0.5930830000002061,-0.8035125000001244
2021-08-04 06:45:00,2733.079364,2732.068655,2732.48933,-1.0107090000001335,-0.590034000000287,-0.8003715000002103
2021-08-04 07:00:00,2733.08092,2732.07021,2732.485801,-1.0107100000000173,-0.5951190000000679,-0.8029145000000426
2021-08-04 07:15:00,2733.079557,2732.065616,2732.485733,-1.013941000000159,-0.5938240000000405,-0.8038825000000998
2021-08-04 08:00:00,2733.079557,2732.067366,2732.486475,-1.0121909999998024,-0.5930819999998675,-0.802636499999835
2021-08-04 08:15:00,2733.077808,2732.067758,2732.486021,-1.0100499999998647,-0.5917869999998402,-0.8009184999998524
2021-08-04 08:30:00,2733.076255,2732.065221,2732.486218,-1.0110340000001088,-0.5900369999999384,-0.8005355000000236
2021-08-04 08:45:00,2733.077231,2732.062967,2732.485445,-1.0142640000003667,-0.5917860000004111,-0.8030250000003889
2021-08-04 09:00:00,2733.078398,2732.065613,2732.486613,-1.0127849999998944,-0.5917850000000726,-0.8022849999999835
2021-08-04 09:15:00,2733.075482,2732.064446,2732.481099,-1.0110360000003311,-0.5943830000001071,-0.8027095000002191
2021-08-04 09:30:00,2733.076065,2732.069743,2732.482981,-1.006322000000182,-0.5930840000000899,-0.7997030000001359
2021-08-04 09:45:00,2733.078398,2732.070325,2732.485315,-1.0080729999999676,-0.5930830000002061,-0.8005780000000868
2021-08-04 10:15:00,2733.075482,2732.067677,2732.482111,-1.0078050000001895,-0.5933710000003884,-0.800588000000289
2021-08-04 10:30:00,2733.077815,2732.06974,2732.48603,-1.00807500000019,-0.5917850000000726,-0.7999300000001313
2021-08-04 10:45:00,2733.075482,2732.067408,2732.480647,-1.0080740000003061,-0.5948350000003302,-0.8014545000003181
2021-08-04 11:00:00,2733.075482,2732.065927,2732.482399,-1.0095550000000912,-0.5930830000002061,-0.8013190000001487
2021-08-04 11:15:00,2733.074509,2732.064952,2732.481424,-1.0095569999998588,-0.5930849999999737,-0.8013209999999162
2021-08-04 11:30:00,2733.074119,2732.066043,2732.481034,-1.0080760000000737,-0.5930849999999737,-0.8005805000000237
2021-08-04 11:45:00,2733.074899,2732.065342,2732.481814,-1.0095570000003136,-0.5930849999999737,-0.8013210000001436
2021-08-04 12:00:00,2733.073156,2732.065739,2732.482529,-1.0074169999998048,-0.5906270000000404,-0.7990219999999226
2021-08-04 12:15:00,2733.076452,2732.064645,2732.483369,-1.0118069999998625,-0.5930829999997513,-0.8024449999998069
2021-08-04 12:30:00,2733.075482,2732.068066,2732.483271,-1.0074160000003758,-0.5922110000001339,-0.7998135000002549
2021-08-04 12:45:00,2733.07315,2732.066821,2732.480937,-1.006329000000278,-0.5922130000003563,-0.7992710000003171
2021-08-04 13:00:00,2733.072566,2732.063007,2732.482519,-1.0095589999996264,-0.5900469999996858,-0.7998029999996561
2021-08-04 13:15:00,2733.076065,2732.068978,2732.486448,-1.0070870000004106,-0.5896170000000893,-0.79835200000025
2021-08-04 13:30:00,2733.074899,2732.06534,2732.483984,-1.0095590000000811,-0.5909150000002228,-0.800237000000152
2021-08-04 13:45:00,2733.072566,2732.065746,2732.48122,-1.0068199999996068,-0.591345999999703,-0.7990829999996549
2021-08-04 14:00:00,2733.074123,2732.067303,2732.482777,-1.0068200000000616,-0.591345999999703,-0.7990829999998823
2021-08-04 14:15:00,2733.072763,2732.065943,2732.481417,-1.0068200000000616,-0.5913460000001578,-0.7990830000001097
2021-08-04 14:30:00,2733.072956,2732.064386,2732.482909,-1.0085699999999633,-0.5900470000001405,-0.7993085000000519
2021-08-04 14:45:00,2733.071987,2732.063685,2732.480353,-1.0083019999997305,-0.5916339999998854,-0.7999679999998079
2021-08-04 15:00:00,2733.073153,2732.066333,2732.482817,-1.0068199999996068,-0.590335999999752,-0.7985779999996794
2021-08-04 15:15:00,2733.074902,2732.065163,2732.481067,-1.0097389999996267,-0.5938349999996717,-0.8017869999996492
2021-08-04 15:30:00,2733.071403,2732.066644,2732.481068,-1.0047589999999218,-0.5903349999998682,-0.797546999999895
2021-08-04 16:00:00,2733.074319,2732.067499,2732.487319,-1.0068199999996068,-0.5869999999999891,-0.796909999999798
2021-08-04 16:30:00,2733.071987,2732.066916,2732.48414,-1.0050709999995888,-0.5878469999997833,-0.7964589999996861
2021-08-04 16:45:00,2733.074902,2732.066913,2732.486604,-1.007988999999725,-0.5882979999996678,-0.7981434999996964
2021-08-04 17:00:00,2733.07257,2732.06534,2732.486022,-1.0072299999997085,-0.586547999999766,-0.7968889999997373
2021-08-04 17:15:00,2733.073153,2732.066333,2732.483105,-1.0068199999996068,-0.5900480000000243,-0.7984339999998156
2021-08-04 17:45:00,2733.07257,2732.06602,2732.480936,-1.0065499999996064,-0.5916339999998854,-0.7990919999997459
2021-08-04 18:00:00,2733.074319,2732.0675,2732.482233,-1.006818999999723,-0.5920859999996537,-0.7994524999996884
2021-08-04 18:15:00,2733.071987,2732.066917,2732.481648,-1.005069999999705,-0.5903389999998581,-0.7977044999997815
2021-08-04 19:00:00,2733.076262,2732.067695,2732.484463,-1.0085669999998572,-0.5917990000002646,-0.8001830000000609
2021-08-04 19:15:00,2733.074316,2732.067498,2732.484265,-1.006818000000294,-0.5900510000001304,-0.7984345000002122
2021-08-04 19:30:00,2733.072763,2732.065616,2732.481844,-1.0071470000002591,-0.5909190000002127,-0.7990330000002359
2021-08-04 19:45:00,2733.07315,2732.066324,2732.481811,-1.0068260000002738,-0.5913390000000618,-0.7990825000001678
2021-08-04 20:00:00,2733.075092,2732.067285,2732.482005,-1.007806999999957,-0.593087000000196,-0.8004470000000765
2021-08-04 20:15:00,2733.07198,2732.065922,2732.482391,-1.0060580000003938,-0.58958900000016,-0.7978235000002769
2021-08-04 20:30:00,2733.07198,2732.064932,2732.481364,-1.0070479999999407,-0.5906159999999545,-0.7988319999999476
2021-08-04 20:45:00,2733.075672,2732.068768,2732.481558,-1.0069039999998495,-0.5941139999999905,-0.80050899999992
2021-08-04 21:00:00,2733.077808,2732.065924,2732.475578,-1.011884000000009,-0.6022299999999632,-0.8070569999999861
2021-08-04 21:15:00,2733.073923,2732.064056,2732.478509,-1.0098669999997583,-0.5954139999998915,-0.8026404999998249
2021-08-04 21:30:00,2733.076652,2732.06934,2732.480069,-1.0073120000001836,-0.5965830000000096,-0.8019475000000966
2021-08-04 21:45:00,2733.075679,2732.068365,2732.479096,-1.0073139999999512,-0.5965830000000096,-0.8019484999999804
2021-08-04 22:00:00,2733.074899,2732.070246,2732.477018,-1.004652999999962,-0.5978810000001431,-0.8012670000000526
2021-08-04 22:30:00,2733.074899,2732.065534,2732.476008,-1.0093650000003436,-0.5988910000000942,-0.8041280000002189
2021-08-04 23:15:00,2733.075482,2732.0676,2732.476593,-1.0078820000003361,-0.5988890000003266,-0.8033855000003314
2021-08-04 23:30:00,2733.077815,2732.071415,2732.48152,-1.0064000000002125,-0.596295000000282,-0.8013475000002472
2021-08-04 23:45:00,2733.076648,2732.071998,2732.47776,-1.0046500000003107,-0.5988879999999881,-0.8017690000001494
2021-08-05 00:00:00,2733.075482,2732.072583,2732.476592,-1.0028990000000704,-0.5988900000002104,-0.8008945000001404
2021-08-05 00:15:00,2733.077231,2732.070833,2732.479639,-1.0063979999999901,-0.597592000000077,-0.8019950000000335
2021-08-05 01:00:00,2733.077815,2732.071416,2732.477175,-1.006398999999874,-0.6006400000001122,-0.8035194999999931
2021-08-05 01:15:00,2733.077815,2732.071417,2732.475877,-1.0063979999999901,-0.6019380000002457,-0.8041680000001179
2021-08-05 01:30:00,2733.077231,2732.070333,2732.477044,-1.006898000000092,-0.6001870000000054,-0.8035425000000487
2021-08-05 01:45:00,2733.076648,2732.072,2732.476462,-1.0046480000000884,-0.6001860000001216,-0.802417000000105
2021-08-05 02:15:00,2733.076455,2732.068576,2732.480613,-1.0078789999997753,-0.5958419999997204,-0.8018604999997478
2021-08-05 02:30:00,2733.076652,2732.069755,2732.48081,-1.0068970000002082,-0.5958420000001752,-0.8013695000001917
2021-08-05 02:45:00,2733.079567,2732.072672,2732.478929,-1.0068950000004406,-0.6006380000003446,-0.8037665000003926
2021-08-05 03:00:00,2733.077235,2732.07532,2732.484441,-1.001915000000281,-0.5927940000001399,-0.7973545000002105
2021-08-05 03:15:00,2733.074512,2732.072596,2732.481717,-1.0019160000001648,-0.5927950000000237,-0.7973555000000943
2021-08-05 03:30:00,2733.076455,2732.076021,2732.48191,-1.0004340000000411,-0.5945449999999255,-0.7974894999999833
2021-08-05 03:45:00,2733.076069,2732.075634,2732.480227,-1.0004350000003797,-0.5958420000001752,-0.7981385000002774
2021-08-05 04:00:00,2733.076652,2732.071506,2732.477023,-1.005145999999968,-0.5996290000002773,-0.8023875000001226
2021-08-05 04:15:00,2733.075485,2732.07357,2732.478903,-1.0019149999998263,-0.5965819999996711,-0.7992484999997487
2021-08-05 04:30:00,2733.076069,2732.072671,2732.47819,-1.0033980000002884,-0.5978790000003755,-0.800638500000332
2021-08-05 05:00:00,2733.077428,2732.073763,2732.482885,-1.0036650000001828,-0.5945430000001579,-0.7991040000001703
2021-08-05 05:15:00,2733.077621,2732.070724,2732.480031,-1.0068969999997535,-0.5975899999998546,-0.802243499999804
2021-08-05 05:30:00,2733.078011,2732.074347,2732.480421,-1.0036639999998442,-0.5975899999998546,-0.8006269999998494
2021-08-05 05:45:00,2733.077231,2732.073567,2732.482688,-1.003664000000299,-0.5945430000001579,-0.7991035000002285
2021-08-05 06:00:00,2733.078398,2732.072982,2732.47776,-1.0054159999999683,-0.6006379999998899,-0.8030269999999291
2021-08-05 06:15:00,2733.077231,2732.072585,2732.476595,-1.0046460000003208,-0.6006360000001223,-0.8026410000002215
2021-08-05 07:00:00,2733.078398,2732.073751,2732.480808,-1.0046470000002046,-0.5975900000003094,-0.801118500000257
2021-08-05 07:15:00,2733.075675,2732.073169,2732.476789,-1.0025060000002668,-0.5988860000002205,-0.8006960000002437
2021-08-05 07:30:00,2733.076645,2732.07288,2732.47296,-1.0037649999999303,-0.6036850000000413,-0.8037249999999858
2021-08-05 07:45:00,2733.077228,2732.075213,2732.478629,-1.0020150000000285,-0.5985989999999219,-0.8003069999999752
2021-08-05 08:00:00,2733.075675,2732.070429,2732.477076,-1.0052460000001702,-0.5985989999999219,-0.8019225000000461
2021-08-05 08:15:00,2733.077038,2732.073273,2732.478439,-1.0037649999999303,-0.5985989999999219,-0.8011819999999261
2021-08-05 08:30:00,2733.077231,2732.074045,2732.479213,-1.003186000000369,-0.5980180000001383,-0.8006020000002536
2021-08-05 08:45:00,2733.076648,2732.073463,2732.479927,-1.0031850000000304,-0.5967210000003433,-0.7999530000001869
2021-08-05 09:00:00,2733.074896,2732.07463,2732.476296,-1.0002660000000105,-0.5986000000002605,-0.7994330000001355
2021-08-05 09:15:00,2733.075479,2732.073462,2732.476879,-1.0020170000002508,-0.5986000000002605,-0.8003085000002557
2021-08-05 09:30:00,2733.076062,2732.072295,2732.474415,-1.0037670000001526,-0.6016469999999572,-0.8027070000000549
2021-08-05 09:45:00,2733.074312,2732.075526,2732.475426,-0.9987860000001092,-0.5988860000002205,-0.7988360000001649
2021-08-05 10:00:00,2733.075675,2732.075139,2732.475039,-1.000536000000011,-0.6006360000001223,-0.8005860000000666
2021-08-05 10:15:00,2733.074902,2732.072885,2732.476303,-1.002016999999796,-0.5985989999999219,-0.800307999999859
2021-08-05 10:45:00,2733.074706,2732.072687,2732.474069,-1.0020190000000184,-0.6006370000000061,-0.8013280000000123
2021-08-05 11:00:00,2733.072563,2732.072292,2732.475713,-1.000271000000339,-0.5968500000003587,-0.7985605000003488
2021-08-05 11:15:00,2733.072563,2732.070543,2732.47701,-1.002020000000357,-0.595553000000109,-0.798786500000233
2021-08-05 11:30:00,2733.073146,2732.071125,2732.475843,-1.0020210000002407,-0.5973030000000108,-0.7996620000001258
2021-08-05 11:45:00,2733.075479,2732.069468,2732.478177,-1.006010999999944,-0.597302000000127,-0.8016565000000355
2021-08-05 12:00:00,2733.070231,2732.068478,2732.47513,-1.0017530000000079,-0.5951010000003407,-0.7984270000001743
2021-08-05 12:30:00,2733.070037,2732.069275,2732.474196,-1.0007620000001225,-0.5958409999998366,-0.7983014999999796
2021-08-05 12:45:00,2733.072566,2732.072625,2732.476273,-0.9999410000000353,-0.596292999999605,-0.7981169999998201
2021-08-05 13:00:00,2733.070817,2732.067913,2732.474976,-1.002903999999944,-0.5958409999998366,-0.7993724999998904
2021-08-05 13:15:00,2733.071983,2732.07006,2732.47744,-1.001922999999806,-0.5945429999997032,-0.7982329999997546
2021-08-05 13:30:00,2733.071787,2732.072515,2732.475368,-0.999272000000019,-0.596418999999969,-0.797845499999994
2021-08-05 13:45:00,2733.073343,2732.07084,2732.47822,-1.0025030000001607,-0.5951230000000578,-0.7988130000001092
2021-08-05 14:00:00,2733.074123,2732.07045,2732.476535,-1.0036729999997078,-0.597588000000087,-0.8006304999998974
2021-08-05 14:15:00,2733.071983,2732.07123,2732.475276,-1.0007529999998042,-0.5967069999996966,-0.7987299999997504
2021-08-05 14:30:00,2733.071983,2732.071229,2732.476573,-1.000753999999688,-0.5954099999999016,-0.7980819999997948
2021-08-05 14:45:00,2733.0714,2732.070645,2732.475991,-1.0007550000000265,-0.5954090000000178,-0.7980820000000222
2021-08-05 15:00:00,2733.071983,2732.07446,2732.47962,-0.997523000000001,-0.5923629999997502,-0.7949429999998756
2021-08-05 15:15:00,2733.075869,2732.073366,2732.47871,-1.002502999999706,-0.5971589999999196,-0.7998309999998128
2021-08-05 15:30:00,2733.073143,2732.07346,2732.477733,-0.9996830000000045,-0.5954099999999016,-0.7975464999999531
2021-08-05 15:45:00,2733.069061,2732.070635,2732.475399,-0.9984260000001086,-0.5936620000002222,-0.7960440000001654
2021-08-05 16:00:00,2733.073533,2732.070128,2732.473056,-1.0034050000003845,-0.60047700000041,-0.8019410000003973
2021-08-05 16:15:00,2733.070424,2732.069756,2732.477791,-1.0006680000001325,-0.5926330000002054,-0.7966505000001689
2021-08-05 16:30:00,2733.072366,2732.068961,2732.471889,-1.0034049999999297,-0.6004769999999553,-0.8019409999999425
2021-08-05 16:45:00,2733.071397,2732.07248,2732.478765,-0.9989170000003469,-0.5926320000003216,-0.7957745000003342
2021-08-05 17:00:00,2733.07198,2732.073065,2732.47805,-0.9989150000001246,-0.5939300000000003,-0.7964225000000624
2021-08-05 17:15:00,2733.070814,2732.071898,2732.475134,-0.9989160000000084,-0.5956800000003568,-0.7972980000001826
2021-08-05 18:00:00,2733.070237,2732.071802,2732.477014,-0.9984349999999722,-0.5932229999998526,-0.7958289999999124
2021-08-05 18:15:00,2733.07198,2732.073867,2732.476301,-0.9981130000001031,-0.5956790000000183,-0.7968960000000607
2021-08-05 18:30:00,2733.070814,2732.0727,2732.473384,-0.9981139999999868,-0.5974300000002586,-0.7977720000001227
2021-08-05 18:45:00,2733.07198,2732.072118,2732.472799,-0.999862000000121,-0.5991810000000442,-0.7995215000000826
2021-08-05 19:00:00,2733.070814,2732.071629,2732.471345,-0.999185000000125,-0.5994690000002265,-0.7993270000001758
2021-08-05 19:45:00,2733.071397,2732.072214,2732.472669,-0.9991830000003574,-0.5987279999999373,-0.7989555000001474
2021-08-05 20:00:00,2733.07198,2732.072796,2732.472512,-0.9991840000002412,-0.5994680000003427,-0.799326000000292
2021-08-05 20:30:00,2733.072173,2732.072991,2732.471695,-0.9991820000000189,-0.6004779999998391,-0.799829999999929
2021-08-05 20:45:00,2733.071393,2732.074452,2732.469618,-0.9969410000003336,-0.6017750000000888,-0.7993580000002112
2021-08-05 21:00:00,2733.071393,2732.072971,2732.473962,-0.9984220000001187,-0.5974310000001424,-0.7979265000001305
2021-08-05 21:15:00,2733.073143,2732.076203,2732.472665,-0.996939999999995,-0.6004780000002938,-0.7987090000001444
2021-08-05 21:30:00,2733.07256,2732.078851,2732.470785,-0.9937089999998534,-0.6017750000000888,-0.7977419999999711
2021-08-05 21:45:00,2733.074892,2732.077684,2732.471368,-0.9972080000002279,-0.6035240000001068,-0.8003660000001673
2021-08-05 22:00:00,2733.072173,2732.075233,2732.470398,-0.996939999999995,-0.6017750000000888,-0.7993575000000419
2021-08-05 22:15:00,2733.0714,2732.07487,2732.469625,-0.9965299999998933,-0.601774999999634,-0.7991524999997637
2021-08-05 22:30:00,2733.071983,2732.074463,2732.467161,-0.9975199999998949,-0.6048219999997855,-0.8011709999998402
2021-08-05 23:00:00,2733.070817,2732.075048,2732.467744,-0.9957689999996546,-0.6030729999997675,-0.7994209999997111
2021-08-05 23:15:00,2733.07237,2732.07337,2732.467546,-0.9989999999997963,-0.6048240000000078,-0.801911999999902
2021-08-05 23:30:00,2733.074892,2732.074144,2732.467023,-1.0007479999999305,-0.6078689999999369,-0.8043084999999337
2021-08-05 23:45:00,2733.073339,2732.075331,2732.468518,-0.9980080000000271,-0.6048209999999017,-0.8014144999999644
2021-08-06 00:00:00,2733.073733,2732.075724,2732.465864,-0.9980090000003656,-0.6078690000003917,-0.8029390000003787
2021-08-06 00:15:00,2733.074899,2732.077382,2732.471375,-0.9975170000002436,-0.6035240000001068,-0.8005205000001752
2021-08-06 00:30:00,2733.073733,2732.077205,2732.473255,-0.9965280000001258,-0.6004780000002938,-0.7985030000002098
2021-08-06 00:45:00,2733.074316,2732.07779,2732.47079,-0.9965260000003582,-0.6035260000003291,-0.8000260000003436
2021-08-06 01:00:00,2733.073536,2732.077769,2732.471762,-0.995766999999887,-0.6017739999997502,-0.7987704999998186
2021-08-06 01:15:00,2733.073143,2732.078367,2732.46832,-0.9947760000000017,-0.604823000000124,-0.7997995000000628
2021-08-06 01:45:00,2733.073726,2732.075718,2732.4702,-0.9980080000000271,-0.6035259999998743,-0.8007669999999507
2021-08-06 02:00:00,2733.073143,2732.076207,2732.473388,-0.9969360000000052,-0.5997550000001866,-0.7983455000000959
2021-08-06 02:45:00,2733.071393,2732.074457,2732.471369,-0.9969360000000052,-0.6000240000003032,-0.7984800000001542
2021-08-06 03:00:00,2733.072366,2732.080143,2732.470592,-0.9922229999997398,-0.6017739999997502,-0.796998499999745
2021-08-06 03:15:00,2733.072563,2732.075626,2732.470789,-0.9969370000003437,-0.601774000000205,-0.7993555000002743
2021-08-06 03:30:00,2733.072563,2732.076616,2732.469492,-0.9959470000003421,-0.6030709999999999,-0.799509000000171
2021-08-06 03:45:00,2733.072563,2732.079847,2732.46774,-0.9927160000002004,-0.604823000000124,-0.7987695000001622
2021-08-06 04:15:00,2733.073146,2732.076209,2732.471371,-0.9969370000003437,-0.6017750000000888,-0.7993560000002162
2021-08-06 04:45:00,2733.073146,2732.077199,2732.468037,-0.9959470000003421,-0.605109000000084,-0.8005280000002131
2021-08-06 05:00:00,2733.074312,2732.078366,2732.467455,-0.9959460000000036,-0.6068570000002182,-0.8014015000001109
2021-08-06 05:30:00,2733.072953,2732.077006,2732.467844,-0.9959469999998873,-0.605109000000084,-0.8005279999999857
2021-08-06 05:45:00,2733.070824,2732.079267,2732.47297,-0.9915569999998297,-0.5978540000000976,-0.7947054999999636
2021-08-06 06:00:00,2733.071593,2732.077396,2732.470829,-0.9941969999999856,-0.6007640000002539,-0.7974805000001197
2021-08-06 06:15:00,2733.07198,2732.079264,2732.469919,-0.9927160000002004,-0.6020610000000488,-0.7973885000001246
2021-08-06 06:45:00,2733.071397,2732.080161,2732.469336,-0.9912360000002991,-0.6020610000000488,-0.796648500000174
2021-08-06 07:00:00,2733.073729,2732.082495,2732.473254,-0.9912340000000768,-0.6004750000001877,-0.7958545000001322
2021-08-06 07:30:00,2733.072563,2732.081059,2732.468753,-0.9915040000000772,-0.6038100000000668,-0.797657000000072
2021-08-06 08:00:00,2733.072563,2732.082809,2732.467456,-0.9897540000001754,-0.6051070000003165,-0.797430500000246
2021-08-06 08:30:00,2733.074312,2732.082807,2732.465705,-0.9915050000004157,-0.60860700000012,-0.8000560000002679
2021-08-06 08:45:00,2733.072563,2732.086039,2732.464407,-0.9865240000003723,-0.6081560000002355,-0.7973400000003039
2021-08-06 09:00:00,2733.073729,2732.085454,2732.466873,-0.9882750000001579,-0.6068560000003345,-0.7975655000002462
2021-08-06 09:15:00,2733.073146,2732.080158,2732.467586,-0.9929879999999685,-0.6055599999999686,-0.7992739999999685
2021-08-06 09:30:00,2733.073146,2732.08191,2732.466289,-0.9912360000002991,-0.6068570000002182,-0.7990465000002587
2021-08-06 10:00:00,2733.073729,2732.083203,2732.46817,-0.9905260000000453,-0.6055590000000848,-0.798042500000065
2021-08-06 10:15:00,2733.073729,2732.081453,2732.465122,-0.9922760000004018,-0.60860700000012,-0.8004415000002609
2021-08-06 10:30:00,2733.069064,2732.081767,2732.462205,-0.9872969999996712,-0.6068589999999858,-0.7970779999998285
2021-08-06 10:45:00,2733.070814,2732.083517,2732.470337,-0.987297000000126,-0.6004769999999553,-0.7938870000000406
2021-08-06 11:00:00,2733.072563,2732.078805,2732.467003,-0.9937580000000708,-0.6055599999999686,-0.7996590000000197
2021-08-06 11:15:00,2733.070231,2732.078223,2732.46642,-0.992008000000169,-0.6038109999999506,-0.7979095000000598
2021-08-06 11:30:00,2733.069064,2732.078535,2732.465253,-0.9905289999996967,-0.6038109999999506,-0.7971699999998236
2021-08-06 11:45:00,2733.07062,2732.080092,2732.468108,-0.9905279999998129,-0.6025119999999333,-0.7965199999998731
2021-08-06 12:00:00,2733.071593,2732.083534,2732.472129,-0.9880590000002485,-0.5994639999998981,-0.7937615000000733
2021-08-06 12:15:00,2733.069654,2732.082755,2732.4683,-0.986898999999994,-0.6013539999999011,-0.7941264999999476
2021-08-06 12:30:00,2733.068295,2732.082466,2732.466941,-0.9858290000001944,-0.6013539999999011,-0.7935915000000477
2021-08-06 12:45:00,2733.068878,2732.082557,2732.465774,-0.9863209999998617,-0.6031040000002577,-0.7947125000000597
2021-08-06 13:00:00,2733.069847,2732.083529,2732.466458,-0.9863180000002103,-0.6033890000003339,-0.7948535000002721
2021-08-06 13:15:00,2733.069461,2732.07991,2732.466938,-0.9895510000001195,-0.6025230000000192,-0.7960370000000694
2021-08-06 13:30:00,2733.069651,2732.078618,2732.467126,-0.9910329999997884,-0.6025249999997868,-0.7967789999997876
2021-08-06 13:45:00,2733.070234,2732.079203,2732.467711,-0.9910310000000209,-0.6025230000000192,-0.79677700000002
2021-08-06 14:15:00,2733.067125,2732.080411,2732.466351,-0.98671400000012,-0.6007740000000013,-0.7937440000000606
2021-08-06 14:30:00,2733.064986,2732.07796,2732.46336,-0.987025999999787,-0.6016259999996691,-0.7943259999997281
2021-08-06 14:45:00,2733.066928,2732.076673,2732.465304,-0.9902550000001611,-0.6016240000003563,-0.7959395000002587
2021-08-06 15:00:00,2733.070234,2732.08029,2732.466988,-0.9899439999999231,-0.6032459999996718,-0.7965949999997974
2021-08-06 15:15:00,2733.068288,2732.078034,2732.464914,-0.9902539999998226,-0.6033739999998033,-0.796813999999813
2021-08-06 15:30:00,2733.070817,2732.082045,2732.467444,-0.9887719999996989,-0.6033729999999196,-0.7960724999998092
2021-08-06 15:45:00,2733.067125,2732.07812,2732.468548,-0.9890049999999064,-0.5985770000002049,-0.7937910000000556
2021-08-06 16:00:00,2733.067905,2732.078631,2732.466838,-0.9892740000000231,-0.6010670000000573,-0.7951705000000402
2021-08-06 16:15:00,2733.066738,2732.079216,2732.463077,-0.987521999999899,-0.6036610000001019,-0.7955915000000005
2021-08-06 16:30:00,2733.067125,2732.080672,2732.465214,-0.9864529999999831,-0.6019110000002001,-0.7941820000000916
2021-08-06 16:45:00,2733.070814,2732.080371,2732.465404,-0.9904430000001412,-0.6054100000001199,-0.7979265000001305
2021-08-06 17:15:00,2733.068288,2732.079596,2732.465924,-0.9886919999999009,-0.6023639999998522,-0.7955279999998766
2021-08-06 17:30:00,2733.066928,2732.079986,2732.465017,-0.9869419999999991,-0.6019110000002001,-0.7944265000000996
2021-08-06 17:45:00,2733.069454,2732.087224,2732.465794,-0.9822300000000723,-0.6036599999997634,-0.7929449999999179
2021-08-06 18:00:00,2733.069844,2732.084384,2732.466184,-0.9854600000003302,-0.6036600000002181,-0.7945600000002742
2021-08-06 18:15:00,2733.069454,2732.081753,2732.465054,-0.9877010000000155,-0.6044000000001688,-0.7960505000000921
2021-08-06 18:30:00,2733.068484,2732.079302,2732.467131,-0.9891819999998006,-0.6013530000000173,-0.795267499999909
2021-08-06 18:45:00,2733.066149,2732.081368,2732.466417,-0.9847810000001118,-0.5997320000001309,-0.7922565000001214
2021-08-06 19:00:00,2733.069064,2732.081052,2732.465834,-0.9880119999997987,-0.6032299999997122,-0.7956209999997554
2021-08-06 19:30:00,2733.067315,2732.082535,2732.462785,-0.9847799999997733,-0.6045299999996132,-0.7946549999996932
2021-08-06 19:45:00,2733.068481,2732.079479,2732.468298,-0.9890019999998003,-0.6001830000000155,-0.7945924999999079
2021-08-06 20:00:00,2733.068095,2732.084385,2732.465444,-0.9837099999999737,-0.6026510000001508,-0.7931805000000622
2021-08-06 20:15:00,2733.067315,2732.080374,2732.464664,-0.9869409999996606,-0.6026509999996961,-0.7947959999996783
2021-08-06 20:45:00,2733.069064,2732.085357,2732.462068,-0.9837069999998675,-0.606995999999981,-0.7953514999999243
2021-08-06 21:00:00,2733.070231,2732.084774,2732.464532,-0.9854570000002241,-0.6056990000001861,-0.7955780000002051
2021-08-06 21:30:00,2733.068678,2732.082231,2732.461681,-0.9864470000002257,-0.6069969999998648,-0.7967220000000452
2021-08-06 21:45:00,2733.069654,2732.082138,2732.461648,-0.9875159999996868,-0.6080059999999321,-0.7977609999998094
2021-08-06 22:00:00,2733.07082,2732.084786,2732.464113,-0.9860340000000178,-0.6067069999999148,-0.7963704999999663
2021-08-06 22:30:00,2733.070237,2732.084201,2732.460481,-0.9860359999997854,-0.6097559999998339,-0.7978959999998096
2021-08-06 23:00:00,2733.066738,2732.084203,2732.46353,-0.9825350000000981,-0.6032079999999951,-0.7928715000000466
2021-08-06 23:15:00,2733.067322,2732.083036,2732.462363,-0.9842859999998836,-0.6049589999997806,-0.7946224999998321
2021-08-06 23:30:00,2733.069654,2732.083211,2732.462947,-0.986442999999781,-0.6067069999999148,-0.7965749999998479
2021-08-07 00:15:00,2733.073153,2732.085373,2732.464697,-0.9877799999999297,-0.6084559999999328,-0.7981179999999313
2021-08-07 00:30:00,2733.07179,2732.087239,2732.462035,-0.9845510000000104,-0.6097549999999501,-0.7971529999999802
2021-08-07 00:45:00,2733.070814,2732.089004,2732.464107,-0.9818100000002232,-0.6067070000003696,-0.7942585000002964
2021-08-07 01:00:00,2733.070814,2732.083613,2732.459308,-0.9872010000003684,-0.6115060000001904,-0.7993535000002794
2021-08-07 01:15:00,2733.067898,2732.085676,2732.459893,-0.9822219999996378,-0.6080049999995936,-0.7951134999996157
2021-08-07 02:15:00,2733.069647,2732.087428,2732.457855,-0.9822189999999864,-0.6117919999996957,-0.797005499999841
2021-08-07 02:30:00,2733.071204,2732.087236,2732.459412,-0.9839680000000044,-0.6117919999996957,-0.79787999999985
2021-08-07 02:45:00,2733.066735,2732.084785,2732.458442,-0.9819499999998698,-0.6082929999997759,-0.7951214999998228
2021-08-07 03:00:00,2733.066735,2732.081554,2732.459739,-0.9851810000000114,-0.606995999999981,-0.7960884999999962
2021-08-07 03:15:00,2733.067318,2732.083126,2732.46337,-0.9841919999998936,-0.6039479999999458,-0.7940699999999197
2021-08-07 03:30:00,2733.070234,2732.084293,2732.46149,-0.9859409999999116,-0.6087439999996604,-0.797342499999786
2021-08-07 03:45:00,2733.070817,2732.086357,2732.460776,-0.9844599999996717,-0.6100409999999101,-0.7972504999997909
2021-08-07 04:00:00,2733.0714,2732.08546,2732.458312,-0.9859400000000278,-0.6130879999996068,-0.7995139999998173
2021-08-07 04:30:00,2733.068484,2732.084784,2732.459471,-0.9836999999997715,-0.6090129999997771,-0.7963564999997743
2021-08-07 05:30:00,2733.069068,2732.088599,2732.459026,-0.9804689999996299,-0.6100419999997939,-0.7952554999997119
2021-08-07 05:45:00,2733.069064,2732.084374,2732.461492,-0.9846899999997731,-0.607571999999891,-0.7961309999998321
2021-08-07 06:15:00,2733.070234,2732.087524,2732.458443,-0.9827099999997699,-0.6117909999998119,-0.7972504999997909
2021-08-07 06:30:00,2733.067901,2732.088691,2732.459612,-0.9792099999999664,-0.608288999999786,-0.7937494999998762
2021-08-07 06:45:00,2733.068484,2732.089766,2732.458445,-0.9787179999998443,-0.6100389999996878,-0.7943784999997661
2021-08-07 07:00:00,2733.068484,2732.083302,2732.458444,-0.9851819999998952,-0.6100400000000263,-0.7976109999999608
2021-08-07 07:15:00,2733.070234,2732.088285,2732.461491,-0.981948999999986,-0.6087429999997767,-0.7953459999998813
2021-08-07 07:30:00,2733.068095,2732.087893,2732.458055,-0.9802020000001903,-0.6100400000000263,-0.7951210000001083
2021-08-07 07:45:00,2733.069064,2732.083882,2732.457275,-0.9851819999998952,-0.6117889999995896,-0.7984854999997424
2021-08-07 08:00:00,2733.069064,2732.086123,2732.455978,-0.9829409999997551,-0.6130859999998393,-0.7980134999997972
2021-08-07 08:15:00,2733.069064,2732.087113,2732.463371,-0.9819509999997535,-0.6056929999999738,-0.7938219999998637
2021-08-07 08:30:00,2733.068481,2732.08653,2732.461489,-0.9819509999997535,-0.6069919999999911,-0.7944714999998723
2021-08-07 08:45:00,2733.069064,2732.086844,2732.460322,-0.9822199999998702,-0.6087419999998929,-0.7954809999998815
2021-08-07 09:15:00,2733.067898,2732.084955,2732.462204,-0.9829429999999775,-0.6056939999998576,-0.7943184999999175
2021-08-07 09:30:00,2733.068481,2732.087697,2732.459739,-0.9807839999998578,-0.6087419999998929,-0.7947629999998753
2021-08-07 10:00:00,2733.067315,2732.086841,2732.458572,-0.9804739999999583,-0.6087429999997767,-0.7946084999998675
2021-08-07 10:15:00,2733.068678,2732.085464,2732.458185,-0.9832140000003164,-0.6104930000001332,-0.7968535000002248
2021-08-07 10:30:00,2733.065572,2732.085099,2732.456828,-0.9804730000000745,-0.6087440000001152,-0.7946085000000949
2021-08-07 10:45:00,2733.066155,2732.086172,2732.457412,-0.9799830000001748,-0.6087429999997767,-0.7943629999999757
2021-08-07 11:00:00,2733.067322,2732.083036,2732.45683,-0.9842859999998836,-0.6104919999997946,-0.7973889999998391
2021-08-07 11:15:00,2733.063626,2732.08284,2732.45793,-0.9807860000000801,-0.60569600000008,-0.79324100000008
2021-08-07 11:30:00,2733.068678,2732.082643,2732.461521,-0.9860349999999016,-0.6071569999999156,-0.7965959999999086
2021-08-07 11:45:00,2733.066155,2732.085099,2732.460749,-0.9810560000000805,-0.60540600000013,-0.7932310000001053
2021-08-07 12:00:00,2733.064406,2732.08658,2732.4577,-0.9778259999998227,-0.606706000000031,-0.7922659999999269
2021-08-07 12:15:00,2733.066542,2732.082256,2732.458087,-0.9842859999998836,-0.608455000000049,-0.7963704999999663
2021-08-07 12:30:00,2733.063233,2732.082034,2732.45624,-0.9811989999998332,-0.6069929999998749,-0.794095999999854
2021-08-07 12:45:00,2733.066535,2732.083998,2732.463308,-0.9825369999998657,-0.6032270000000608,-0.7928819999999632
2021-08-07 13:00:00,2733.067318,2732.085361,2732.458577,-0.9819569999999658,-0.6087410000000091,-0.7953489999999874
2021-08-07 13:30:00,2733.068481,2732.088416,2732.458437,-0.9800649999997404,-0.6100440000000162,-0.7950544999998783
2021-08-07 13:45:00,2733.067898,2732.084601,2732.459874,-0.9832969999997658,-0.6080239999996593,-0.7956604999997126
2021-08-07 14:15:00,2733.063623,2732.083143,2732.458374,-0.9804800000001705,-0.6052490000001853,-0.7928645000001779
2021-08-07 14:30:00,2733.064986,2732.084776,2732.460191,-0.9802099999997154,-0.60479499999974,-0.7925024999997277
2021-08-07 14:45:00,2733.069068,2732.086841,2732.460322,-0.9822269999999662,-0.6087459999998828,-0.7954864999999245
2021-08-07 15:00:00,2733.066152,2732.084193,2732.460906,-0.9819589999997334,-0.6052460000000792,-0.7936024999999063
2021-08-07 15:15:00,2733.067318,2732.08509,2732.459024,-0.98222799999985,-0.6082939999996597,-0.7952609999997549
2021-08-07 15:30:00,2733.066735,2732.086257,2732.461489,-0.9804779999999482,-0.6052460000000792,-0.7928620000000137
2021-08-07 16:30:00,2733.068484,2732.084775,2732.457145,-0.9837090000000899,-0.6113390000000436,-0.7975240000000667
2021-08-07 16:45:00,2733.064986,2732.082527,2732.459739,-0.9824589999998352,-0.605246999999963,-0.7938529999998991
2021-08-07 17:00:00,2733.065372,2732.082914,2732.458088,-0.9824579999999514,-0.6072840000001634,-0.7948710000000574
2021-08-07 17:15:00,2733.065759,2732.083299,2732.455426,-0.9824600000001737,-0.6103330000000824,-0.7963965000001281
2021-08-07 17:30:00,2733.064206,2732.083496,2732.455186,-0.9807099999998172,-0.6090199999998731,-0.7948649999998452
2021-08-07 17:45:00,2733.060321,2732.087501,2732.457256,-0.972819999999956,-0.6030649999997877,-0.7879424999998719
2021-08-07 18:00:00,2733.059737,2732.086918,2732.456386,-0.9728190000000723,-0.6033510000002025,-0.7880850000001374
2021-08-07 18:15:00,2733.058378,2732.085557,2732.455026,-0.9728210000002946,-0.6033520000000863,-0.7880865000001904
2021-08-07 18:30:00,2733.060907,2732.086338,2732.455806,-0.974568999999974,-0.6051010000001042,-0.7898350000000391
2021-08-07 19:00:00,2733.059158,2732.088418,2732.454055,-0.9707400000002053,-0.6051029999998718,-0.7879215000000386
2021-08-07 19:15:00,2733.060517,2732.087038,2732.455416,-0.9734789999997702,-0.6051010000001042,-0.7892899999999372
2021-08-07 19:30:00,2733.058378,2732.08879,2732.45937,-0.9695880000003854,-0.5990080000001399,-0.7842980000002626
2021-08-07 20:00:00,2733.057408,2732.08634,2732.45914,-0.9710680000002867,-0.5982680000001892,-0.784668000000238
2021-08-07 20:45:00,2733.060517,2732.088789,2732.459203,-0.9717279999999846,-0.6013140000000021,-0.7865209999999934
2021-08-07 21:00:00,2733.059154,2732.086338,2732.456978,-0.9728159999999662,-0.6021759999998721,-0.7874959999999191
2021-08-07 21:15:00,2733.057988,2732.086922,2732.453774,-0.9710660000000644,-0.6042139999999563,-0.7876400000000103
2021-08-07 21:30:00,2733.059737,2732.090153,2732.455811,-0.9695839999999407,-0.6039260000002287,-0.7867550000000847
2021-08-07 22:00:00,2733.059154,2732.08809,2732.458275,-0.971063999999842,-0.6008790000000772,-0.7859714999999596
2021-08-07 22:15:00,2733.057602,2732.088786,2732.454127,-0.9688160000000607,-0.6034749999998894,-0.7861454999999751
2021-08-07 22:30:00,2733.057215,2732.088399,2732.455037,-0.968815999999606,-0.6021779999996397,-0.7854969999996229
2021-08-07 22:45:00,2733.057988,2732.086924,2732.452764,-0.971063999999842,-0.6052239999999074,-0.7881439999998747
2021-08-07 23:15:00,2733.058964,2732.091632,2732.455491,-0.9673319999997148,-0.6034729999996671,-0.7854024999996909
2021-08-07 23:30:00,2733.0611,2732.092019,2732.457175,-0.9690809999997327,-0.6039249999998901,-0.7865029999998114
2021-08-07 23:45:00,2733.057798,2732.087502,2732.453027,-0.9702959999999621,-0.6047709999998006,-0.7875334999998813
2021-08-08 00:00:00,2733.059154,2732.096036,2732.454384,-0.9631180000001223,-0.6047699999999168,-0.7839440000000195
2021-08-08 00:15:00,2733.0611,2732.094481,2732.45283,-0.9666189999998096,-0.6082699999997203,-0.787444499999765
2021-08-08 00:30:00,2733.062653,2732.093805,2732.453224,-0.96884799999998,-0.609429000000091,-0.7891385000000355
2021-08-08 00:45:00,2733.061487,2732.094119,2732.455104,-0.9673680000000786,-0.6063829999998234,-0.786875499999951
2021-08-08 01:00:00,2733.060904,2732.095286,2732.456558,-0.9656179999997221,-0.6043460000000778,-0.7849819999998999
2021-08-08 01:15:00,2733.058571,2732.092952,2732.455975,-0.9656190000000606,-0.602596000000176,-0.7841075000001183
2021-08-08 01:30:00,2733.059737,2732.09735,2732.455846,-0.9623870000000352,-0.6038910000002033,-0.7831390000001193
2021-08-08 01:45:00,2733.059161,2732.097254,2732.454678,-0.9619070000003376,-0.6044830000000729,-0.7831950000002053
2021-08-08 02:00:00,2733.059737,2732.098422,2732.452057,-0.9613150000000132,-0.607680000000073,-0.7844975000000431
2021-08-08 02:30:00,2733.058964,2732.097057,2732.452444,-0.9619069999998828,-0.6065199999998185,-0.7842134999998507
2021-08-08 02:45:00,2733.0611,2732.095964,2732.452831,-0.9651359999998022,-0.6082689999998365,-0.7867024999998193
2021-08-08 03:00:00,2733.058964,2732.095577,2732.451147,-0.9633869999997842,-0.6078169999996135,-0.7856019999996988
2021-08-08 03:15:00,2733.060517,2732.097131,2732.453998,-0.9633859999999004,-0.6065189999999347,-0.7849524999999176
2021-08-08 03:30:00,2733.059548,2732.096161,2732.454325,-0.9633870000002389,-0.6052230000000236,-0.7843050000001313
2021-08-08 03:45:00,2733.061487,2732.098101,2732.458303,-0.9633859999999004,-0.6031840000000557,-0.783284999999978
2021-08-08 04:00:00,2733.061487,2732.100261,2732.457007,-0.9612259999998969,-0.6044799999999668,-0.7828529999999319
2021-08-08 04:15:00,2733.061487,2732.099581,2732.454969,-0.961905999999999,-0.606518000000051,-0.784212000000025
2021-08-08 05:00:00,2733.0611,2732.097713,2732.454583,-0.9633869999997842,-0.6065169999997124,-0.7849519999997483
2021-08-08 05:15:00,2733.060714,2732.100967,2732.451148,-0.9597470000003341,-0.6095660000000862,-0.7846565000002101
2021-08-08 05:30:00,2733.06226,2732.096642,2732.453286,-0.9656180000001768,-0.6089740000002166,-0.7872960000001967
2021-08-08 05:45:00,2733.061873,2732.096255,2732.454196,-0.9656180000001768,-0.6076769999999669,-0.7866475000000719
2021-08-08 06:00:00,2733.06226,2732.099873,2732.451535,-0.9623870000000352,-0.6107250000000022,-0.7865560000000187
2021-08-08 06:15:00,2733.063236,2732.100848,2732.452512,-0.962387999999919,-0.6107240000001184,-0.7865560000000187
2021-08-08 06:30:00,2733.06207,2732.099683,2732.453384,-0.9623870000000352,-0.6086860000000343,-0.7855365000000347
2021-08-08 06:45:00,2733.061487,2732.10058,2732.452801,-0.9609070000001338,-0.6086860000000343,-0.784796500000084
2021-08-08 07:00:00,2733.061487,2732.100579,2732.454098,-0.9609080000000176,-0.6073889999997846,-0.7841484999999011
2021-08-08 07:15:00,2733.063236,2732.099597,2732.450764,-0.9636390000000574,-0.6124719999997978,-0.7880554999999276
2021-08-08 07:30:00,2733.062263,2732.098623,2732.452836,-0.9636399999999412,-0.6094269999998687,-0.786533499999905
2021-08-08 07:45:00,2733.060317,2732.095195,2732.452928,-0.9651220000000649,-0.6073889999997846,-0.7862554999999247
2021-08-08 08:00:00,2733.059734,2732.097842,2732.447713,-0.961891999999807,-0.6120209999999133,-0.7869564999998602
2021-08-08 08:15:00,2733.059927,2732.096555,2732.448193,-0.9633719999997084,-0.6117339999996148,-0.7875529999996616
2021-08-08 08:30:00,2733.062646,2732.095775,2732.453508,-0.9668710000000829,-0.6091379999998026,-0.7880044999999427
2021-08-08 08:45:00,2733.062063,2732.09735,2732.449877,-0.9647129999998469,-0.6121859999998378,-0.7884494999998424
2021-08-08 09:00:00,2733.062646,2732.096183,2732.450461,-0.9664629999997487,-0.612184999999954,-0.7893239999998514
2021-08-08 09:15:00,2733.060897,2732.095193,2732.452481,-0.9657039999997323,-0.6084160000000338,-0.7870599999998831
2021-08-08 09:30:00,2733.063816,2732.098424,2732.45553,-0.9653920000000653,-0.6082859999996799,-0.7868389999998726
2021-08-08 09:45:00,2733.062063,2732.101071,2732.450602,-0.9609919999998056,-0.611460999999963,-0.7862264999998843
2021-08-08 10:15:00,2733.06148,2732.097256,2732.449294,-0.964223999999831,-0.6121859999998378,-0.7882049999998344
2021-08-08 10:45:00,2733.060317,2732.098152,2732.447415,-0.9621649999999136,-0.6129019999998491,-0.7875334999998813
2021-08-08 11:15:00,2733.059148,2732.093439,2732.44696,-0.965708999999606,-0.6121879999996054,-0.7889484999996057
2021-08-08 11:30:00,2733.06148,2732.095013,2732.446248,-0.9664669999997386,-0.6152319999996507,-0.7908494999996947
2021-08-08 11:45:00,2733.062646,2732.099409,2732.450462,-0.9632369999999355,-0.6121840000000702,-0.7877105000000029
2021-08-08 12:00:00,2733.059731,2732.096761,2732.449295,-0.9629700000000412,-0.610435999999936,-0.7867029999999886
2021-08-08 12:15:00,2733.062063,2732.095593,2732.449879,-0.9664699999998447,-0.6121840000000702,-0.7893269999999575
2021-08-08 12:30:00,2733.058371,2732.095401,2732.446638,-0.9629700000000412,-0.6117330000001857,-0.7873515000001134
2021-08-08 12:45:00,2733.0609,2732.099412,2732.450467,-0.9614879999999175,-0.6104329999998299,-0.7859604999998737
2021-08-08 13:00:00,2733.060511,2732.099022,2732.450077,-0.961489000000256,-0.6104340000001685,-0.7859615000002123
2021-08-08 13:15:00,2733.056232,2732.09474,2732.448843,-0.9614919999999074,-0.6073889999997846,-0.784440499999846
2021-08-08 13:30:00,2733.057788,2732.100509,2732.449102,-0.9572790000001987,-0.6086860000000343,-0.7829825000001165
2021-08-08 13:45:00,2733.058178,2732.096685,2732.449493,-0.961493000000246,-0.6086850000001505,-0.7850890000001982
2021-08-08 14:00:00,2733.054872,2732.097862,2732.450982,-0.9570100000000821,-0.6038900000003196,-0.7804500000002008
2021-08-08 14:15:00,2733.059734,2732.097064,2732.453644,-0.9626699999998891,-0.6060899999997673,-0.7843799999998282
2021-08-08 14:30:00,2733.055069,2732.097378,2732.444342,-0.957691000000068,-0.6107270000002245,-0.7842090000001463
2021-08-08 14:45:00,2733.055652,2732.097961,2732.449271,-0.957691000000068,-0.6063810000000558,-0.7820360000000619
2021-08-08 15:00:00,2733.056235,2732.098544,2732.448558,-0.957691000000068,-0.6076769999999669,-0.7826840000000175
2021-08-08 15:15:00,2733.057798,2732.102748,2732.446936,-0.9550500000000284,-0.6108619999999974,-0.7829560000000129
2021-08-08 15:30:00,2733.057412,2732.09864,2732.4448,-0.9587719999999536,-0.6126119999998991,-0.7856919999999263
2021-08-08 15:45:00,2733.058578,2732.099807,2732.447264,-0.9587710000000698,-0.6113140000002204,-0.7850425000001451
2021-08-08 16:15:00,2733.056828,2732.095895,2732.451171,-0.9609330000002956,-0.6056570000000647,-0.7832950000001802
2021-08-08 16:45:00,2733.055079,2732.097376,2732.44782,-0.9577030000000377,-0.6072590000003402,-0.7824810000001889
2021-08-08 17:45:00,2733.057412,2732.09648,2732.449142,-0.960931999999957,-0.6082700000001751,-0.784601000000066
2021-08-08 18:00:00,2733.056245,2732.099223,2732.449725,-0.9570220000000518,-0.6065200000002733,-0.7817710000001625
2021-08-08 18:30:00,2733.055466,2732.099514,2732.447648,-0.9559519999997974,-0.607817999999952,-0.7818849999998747
2021-08-08 18:45:00,2733.057602,2732.099901,2732.449333,-0.9577009999998154,-0.6082689999998365,-0.782984999999826
2021-08-08 19:00:00,2733.056828,2732.102278,2732.446519,-0.9545500000003813,-0.610309000000143,-0.7824295000002621
2021-08-08 19:15:00,2733.056245,2732.100705,2732.444639,-0.9555400000003829,-0.6116060000003927,-0.7835730000003878
2021-08-08 19:30:00,2733.055662,2732.100121,2732.445352,-0.9555410000002666,-0.6103100000000268,-0.7829255000001467
2021-08-08 19:45:00,2733.056245,2732.102455,2732.446389,-0.9537900000000263,-0.6098560000000361,-0.7818230000000312
2021-08-08 20:00:00,2733.058578,2732.101288,2732.445222,-0.9572900000002846,-0.6133560000002944,-0.7853230000002895
2021-08-08 20:15:00,2733.059154,2732.102946,2732.446676,-0.9562080000000606,-0.6124780000000101,-0.7843430000000353
2021-08-08 20:30:00,2733.057988,2732.101781,2732.445508,-0.9562070000001768,-0.6124800000002324,-0.7843435000002046
2021-08-08 20:45:00,2733.057988,2732.105012,2732.444211,-0.9529760000000351,-0.6137770000000273,-0.7833765000000312
2021-08-08 21:00:00,2733.056439,2732.103141,2732.443821,-0.9532979999999043,-0.6126180000001114,-0.7829580000000078
2021-08-08 21:15:00,2733.056235,2732.103528,2732.447255,-0.9527069999999185,-0.6089799999999741,-0.7808434999999463
2021-08-08 21:45:00,2733.056818,2732.10129,2732.444791,-0.9555279999999584,-0.6120270000001256,-0.783777500000042
2021-08-08 22:00:00,2733.056429,2732.1009,2732.445698,-0.955529000000297,-0.6107310000002144,-0.7831300000002557
2021-08-08 22:15:00,2733.057398,2732.102371,2732.446955,-0.9550269999999728,-0.610443000000032,-0.7827350000000024
2021-08-08 22:30:00,2733.059148,2732.100891,2732.447408,-0.9582569999997759,-0.611739999999827,-0.7849984999998014
2021-08-08 22:45:00,2733.055066,2732.100307,2732.446825,-0.9547589999997399,-0.6082409999999072,-0.7814999999998236
2021-08-08 23:00:00,2733.055066,2732.101789,2732.446371,-0.953277000000071,-0.6086949999998978,-0.7809859999999844
2021-08-08 23:15:00,2733.054483,2732.101204,2732.448835,-0.9532789999998386,-0.6056479999997464,-0.7794634999997925
2021-08-08 23:30:00,2733.059731,2732.102956,2732.44624,-0.9567749999996522,-0.6134909999996125,-0.7851329999996324
2021-08-08 23:45:00,2733.058565,2732.103539,2732.449872,-0.9550259999996342,-0.6086929999996755,-0.7818594999996549
2021-08-09 00:00:00,2733.059148,2732.102374,2732.445658,-0.9567739999997684,-0.6134899999997288,-0.7851319999997486
2021-08-09 00:15:00,2733.059148,2732.104123,2732.448705,-0.9550249999997504,-0.610443000000032,-0.7827339999998912
2021-08-09 00:30:00,2733.057398,2732.104124,2732.445656,-0.9532739999999649,-0.6117420000000493,-0.7825080000000071
2021-08-09 00:45:00,2733.058565,2732.103541,2732.443776,-0.9550239999998666,-0.614788999999746,-0.7849064999998063
2021-08-09 01:30:00,2733.056232,2732.104438,2732.441154,-0.9517940000000635,-0.6150779999998122,-0.7834359999999378
2021-08-09 02:00:00,2733.059148,2732.108837,2732.445655,-0.9503109999996013,-0.6134929999998349,-0.7819019999997181
2021-08-09 02:30:00,2733.059148,2732.105106,2732.447963,-0.9540419999998448,-0.6111849999997503,-0.7826134999997976
2021-08-09 02:45:00,2733.057788,2732.102265,2732.444008,-0.9555230000000847,-0.6137800000001334,-0.7846515000001091
2021-08-09 03:00:00,2733.057402,2732.10686,2732.445373,-0.9505420000000413,-0.6120289999998931,-0.7812854999999672
2021-08-09 03:15:00,2733.060317,2732.104797,2732.449874,-0.9555199999999786,-0.610443000000032,-0.7829815000000053
2021-08-09 03:30:00,2733.060317,2732.106277,2732.444788,-0.9540400000000773,-0.6155290000001514,-0.7847845000001143
2021-08-09 05:00:00,2733.057985,2732.107443,2732.444205,-0.9505420000000413,-0.6137800000001334,-0.7821610000000874
2021-08-09 05:30:00,2733.058568,2732.103813,2732.445529,-0.95475499999975,-0.6130389999998442,-0.7838969999997971
2021-08-09 05:45:00,2733.057985,2732.106461,2732.447994,-0.9515240000000631,-0.609990999999809,-0.780757499999936
2021-08-09 06:00:00,2733.0609,2732.105878,2732.445374,-0.9550220000000991,-0.6155260000000453,-0.7852740000000722
2021-08-09 06:15:00,2733.06265,2732.107628,2732.444077,-0.9550219999996443,-0.618572999999742,-0.7867974999996932
2021-08-09 06:30:00,2733.0609,2732.110859,2732.44278,-0.9500410000000556,-0.6181200000000899,-0.7840805000000728
2021-08-09 06:45:00,2733.061094,2732.107821,2732.445567,-0.9532730000000811,-0.6155269999999291,-0.7844000000000051
2021-08-09 07:00:00,2733.059148,2732.104392,2732.44436,-0.9547559999996338,-0.6147879999998622,-0.784771999999748
2021-08-09 07:15:00,2733.062063,2732.105952,2732.44248,-0.9561109999999644,-0.6195829999996931,-0.7878469999998288
2021-08-09 07:30:00,2733.060511,2732.105879,2732.442223,-0.9546319999999469,-0.6182880000001205,-0.7864600000000337
2021-08-09 07:45:00,2733.060907,2732.102632,2732.4432,-0.9582749999999578,-0.6177069999998821,-0.78799099999992
2021-08-09 08:00:00,2733.059737,2732.105866,2732.443654,-0.9538710000001629,-0.6160829999998896,-0.7849770000000262
2021-08-09 08:15:00,2733.060324,2732.10205,2732.444367,-0.958274000000074,-0.6159569999999803,-0.7871155000000272
2021-08-09 08:30:00,2733.060324,2732.106762,2732.447686,-0.9535620000001472,-0.6126380000000609,-0.783100000000104
2021-08-09 08:45:00,2733.059158,2732.104114,2732.446519,-0.9550439999998162,-0.6126389999999446,-0.7838414999998804
2021-08-09 09:00:00,2733.057408,2732.105595,2732.444768,-0.9518130000001293,-0.6126400000002832,-0.7822265000002062
2021-08-09 09:15:00,2733.057991,2732.104696,2732.445082,-0.9532950000002529,-0.6129089999999451,-0.783102000000099
2021-08-09 09:30:00,2733.058575,2732.108512,2732.444369,-0.9500630000002275,-0.6142060000001948,-0.7821345000002111
2021-08-09 09:45:00,2733.057408,2732.112056,2732.443202,-0.9453520000001845,-0.6142060000001948,-0.7797790000001896
2021-08-09 10:15:00,2733.057602,2732.105786,2732.442942,-0.9518159999997806,-0.6146599999997306,-0.7832379999997556
2021-08-09 10:30:00,2733.057212,2732.102656,2732.442822,-0.9545560000001387,-0.614390000000185,-0.7844730000001618
2021-08-09 10:45:00,2733.057018,2732.104213,2732.441063,-0.9528049999998984,-0.615954999999758,-0.7843799999998282
2021-08-09 11:00:00,2733.056239,2732.103431,2732.440281,-0.9528080000000045,-0.6159579999998641,-0.7843829999999343
2021-08-09 11:15:00,2733.058961,2732.105395,2732.441255,-0.9535660000001371,-0.6177059999999983,-0.7856360000000677
2021-08-09 11:30:00,2733.060324,2732.106758,2732.443917,-0.9535660000001371,-0.616406999999981,-0.7849865000000591
2021-08-09 11:45:00,2733.056239,2732.105591,2732.44275,-0.950648000000001,-0.613488999999845,-0.782068499999923
2021-08-09 12:15:00,2733.056822,2732.104423,2732.441583,-0.9523989999997866,-0.6152390000002015,-0.783818999999994
2021-08-09 12:45:00,2733.056239,2732.102358,2732.439701,-0.9538809999999103,-0.6165380000002187,-0.7852095000000645
2021-08-09 13:00:00,2733.056239,2732.100217,2732.437664,-0.956021999999848,-0.6185749999999643,-0.7872984999999062
2021-08-09 13:30:00,2733.054876,2732.101592,2732.439349,-0.953284000000167,-0.6155269999999291,-0.784405500000048
2021-08-09 13:45:00,2733.055649,2732.102367,2732.440122,-0.9532819999999447,-0.6155269999999291,-0.7844044999999369
2021-08-09 14:00:00,2733.053899,2732.103846,2732.43837,-0.9500530000000253,-0.6155290000001514,-0.7827910000000884
2021-08-09 14:15:00,2733.052733,2732.100929,2732.437205,-0.9518039999998109,-0.6155279999998129,-0.7836659999998119
2021-08-09 14:30:00,2733.056622,2732.10307,2732.441382,-0.9535519999999451,-0.6152400000000853,-0.7843960000000152
2021-08-09 14:45:00,2733.055069,2732.100303,2732.442588,-0.9547659999998359,-0.6124810000001162,-0.783623499999976
2021-08-09 15:00:00,2733.055652,2732.099136,2732.440125,-0.9565160000001924,-0.6155269999999291,-0.7860215000000608
2021-08-09 15:15:00,2733.054679,2732.104126,2732.440902,-0.9505529999996725,-0.6137770000000273,-0.7821649999998499
2021-08-09 15:30:00,2733.054289,2732.100506,2732.43876,-0.9537829999999303,-0.6155290000001514,-0.7846560000000409
2021-08-09 15:45:00,2733.055076,2732.101773,2732.435621,-0.9533030000002327,-0.6194550000000163,-0.7863790000001245
2021-08-09 16:00:00,2733.056825,2732.105004,2732.43867,-0.951821000000109,-0.6181550000001153,-0.7849880000001122
2021-08-09 16:15:00,2733.056049,2732.104227,2732.437893,-0.9518219999999928,-0.618155999999999,-0.7849889999999959
2021-08-09 16:30:00,2733.053523,2732.101969,2732.435819,-0.9515540000002147,-0.6177040000002307,-0.7846290000002227
2021-08-09 16:45:00,2733.055076,2732.101772,2732.439967,-0.9533040000001165,-0.6151090000003023,-0.7842065000002094
2021-08-09 17:00:00,2733.053909,2732.100606,2732.4388,-0.9533030000002327,-0.6151090000003023,-0.7842060000002675
2021-08-09 17:15:00,2733.054882,2732.10306,2732.439773,-0.9518219999999928,-0.6151089999998476,-0.7834654999999202
2021-08-09 17:30:00,2733.056828,2732.105007,2732.44172,-0.951821000000109,-0.6151080000004185,-0.7834645000002638
2021-08-09 17:45:00,2733.056828,2732.100296,2732.443017,-0.956532000000152,-0.6138110000001689,-0.7851715000001604
2021-08-09 18:00:00,2733.054689,2732.101386,2732.44133,-0.9533030000002327,-0.6133589999999458,-0.7833310000000893
2021-08-09 18:15:00,2733.053909,2732.103346,2732.441846,-0.9505630000003293,-0.6120630000000347,-0.781313000000182
2021-08-09 18:30:00,2733.053133,2732.09786,2732.439773,-0.9552730000000338,-0.6133599999998296,-0.7843164999999317
2021-08-09 18:45:00,2733.056245,2732.102453,2732.438087,-0.9537920000002487,-0.6181580000002214,-0.785975000000235
2021-08-09 19:00:00,2733.05333,2732.101287,2732.43692,-0.9520430000002307,-0.6164100000000872,-0.7842265000001589
2021-08-09 19:15:00,2733.055079,2732.103528,2732.435623,-0.9515510000001086,-0.6194560000003548,-0.7855035000002317
2021-08-09 19:30:00,2733.054689,2732.103138,2732.438282,-0.9515510000001086,-0.616406999999981,-0.7839790000000448
2021-08-09 19:45:00,2733.055076,2732.105007,2732.439964,-0.950068999999985,-0.6151119999999537,-0.7825904999999693
2021-08-09 20:00:00,2733.053326,2732.101776,2732.436917,-0.9515500000002248,-0.6164090000002034,-0.7839795000002141
2021-08-09 20:15:00,2733.05332,2732.100609,2732.439539,-0.9527109999999084,-0.6137810000000172,-0.7832459999999628
2021-08-09 20:30:00,2733.056429,2732.102381,2732.43785,-0.9540480000000571,-0.618579000000409,-0.786313500000233
2021-08-09 20:45:00,2733.056815,2732.105999,2732.43519,-0.9508160000000316,-0.6216249999997672,-0.7862204999998994
2021-08-09 21:00:00,2733.055066,2732.101786,2732.438237,-0.9532799999997223,-0.6168290000000525,-0.7850544999998874
2021-08-09 21:15:00,2733.055262,2732.106696,2732.438722,-0.948566000000028,-0.6165399999999863,-0.7825530000000072
2021-08-09 21:30:00,2733.055656,2732.105339,2732.436067,-0.9503169999998136,-0.6195889999999054,-0.7849529999998595
2021-08-09 22:00:00,2733.054099,2732.103454,2732.434221,-0.9506449999998949,-0.6198779999999715,-0.7852614999999332
2021-08-09 22:15:00,2733.05196,2732.100822,2732.430784,-0.9511379999999008,-0.6211759999996502,-0.7861569999997755
2021-08-09 22:30:00,2733.053323,2732.104427,2732.436492,-0.948895999999877,-0.6168310000002748,-0.7828635000000759
2021-08-09 22:45:00,2733.056239,2732.105594,2732.434611,-0.9506449999998949,-0.6216279999998733,-0.7861364999998841
2021-08-09 23:15:00,2733.057405,2732.107751,2732.434028,-0.9496540000000095,-0.6233769999998913,-0.7865154999999504
2021-08-09 23:30:00,2733.056239,2732.105595,2732.439697,-0.9506440000000111,-0.6165420000002086,-0.7835930000001099
2021-08-10 00:00:00,2733.055656,2732.108244,2732.437815,-0.9474119999999857,-0.6178410000002259,-0.7826265000001058
2021-08-10 00:15:00,2733.056239,2732.107077,2732.442743,-0.9491619999998875,-0.613495999999941,-0.7813289999999142
2021-08-10 01:15:00,2733.057408,2732.105598,2732.437945,-0.9518100000000231,-0.6194629999999961,-0.7856365000000096
2021-08-10 01:30:00,2733.055072,2732.106181,2732.440279,-0.9488910000000033,-0.6147930000001907,-0.781842000000097
2021-08-10 02:30:00,2733.058958,2732.107167,2732.437332,-0.9517909999999574,-0.6216260000001057,-0.7867085000000316
2021-08-10 02:45:00,2733.058178,2732.110278,2732.439599,-0.9479000000001179,-0.618579000000409,-0.7832395000002634
2021-08-10 03:00:00,2733.058575,2732.106765,2732.435778,-0.9518100000000231,-0.6227969999999914,-0.7873035000000073
2021-08-10 03:30:00,2733.059158,2732.110581,2732.435353,-0.9485770000001139,-0.6238050000001749,-0.7861910000001444
2021-08-10 03:45:00,2733.058768,2732.10871,2732.438009,-0.950057999999899,-0.6207589999999072,-0.7854084999999031
2021-08-10 04:00:00,2733.057988,2732.107928,2732.437229,-0.9500600000001214,-0.6207589999999072,-0.7854095000000143
2021-08-10 04:15:00,2733.058378,2732.111551,2732.43937,-0.9468270000002121,-0.6190080000001217,-0.7829175000001669
2021-08-10 04:30:00,2733.058768,2732.111941,2732.43976,-0.9468269999997574,-0.6190079999996669,-0.7829174999997122
2021-08-10 05:15:00,2733.061487,2732.112331,2732.43898,-0.94915600000013,-0.6225070000000414,-0.7858315000000857
2021-08-10 05:30:00,2733.058571,2732.111164,2732.438536,-0.947407000000112,-0.6200349999999162,-0.7837210000000141
2021-08-10 05:45:00,2733.056822,2732.109414,2732.438083,-0.9474079999999958,-0.618739000000005,-0.7830735000000004
2021-08-10 06:00:00,2733.055656,2732.108827,2732.436646,-0.9468289999999797,-0.6190099999998893,-0.7829194999999345
2021-08-10 06:15:00,2733.056239,2732.112061,2732.434183,-0.9441780000001927,-0.6220560000001569,-0.7831170000001748
2021-08-10 06:30:00,2733.058764,2732.112837,2732.436979,-0.9459269999997559,-0.621784999999818,-0.783855999999787
2021-08-10 06:45:00,2733.056818,2732.11089,2732.431715,-0.9459280000000945,-0.6251029999998536,-0.785515499999974
2021-08-10 07:15:00,2733.057985,2732.112057,2732.431855,-0.9459280000000945,-0.6261300000001029,-0.7860290000000987
2021-08-10 07:30:00,2733.057985,2732.113807,2732.433605,-0.944177999999738,-0.6243799999997464,-0.7842789999997422
2021-08-10 07:45:00,2733.057985,2732.110576,2732.437951,-0.9474089999998796,-0.6200340000000324,-0.783721499999956
2021-08-10 08:00:00,2733.058568,2732.111658,2732.436783,-0.9469100000001163,-0.621784999999818,-0.7843474999999671
2021-08-10 08:15:00,2733.057598,2732.110688,2732.435814,-0.9469099999996615,-0.6217839999999342,-0.7843469999997978
2021-08-10 08:30:00,2733.057991,2732.11001,2732.435196,-0.9479810000002544,-0.6227950000002238,-0.7853880000002391
2021-08-10 08:45:00,2733.057408,2732.11148,2732.434326,-0.9459280000000945,-0.6230820000000676,-0.784505000000081
2021-08-10 09:00:00,2733.060907,2732.112658,2732.439412,-0.9482490000000325,-0.621494999999868,-0.7848719999999503
2021-08-10 09:15:00,2733.058575,2732.110592,2732.43753,-0.947983000000022,-0.6210449999998673,-0.7845139999999446
2021-08-10 10:30:00,2733.057991,2732.107848,2732.433161,-0.9501430000000255,-0.6248300000002018,-0.7874865000001137
2021-08-10 10:45:00,2733.058961,2732.105587,2732.432834,-0.9533740000001671,-0.6261269999999968,-0.789750500000082
2021-08-10 11:00:00,2733.0611,2732.111949,2732.435101,-0.9491509999998016,-0.6259989999998652,-0.7875749999998334
2021-08-10 11:15:00,2733.056825,2732.112073,2732.43883,-0.9447520000003351,-0.6179950000000645,-0.7813735000001998
2021-08-10 11:45:00,2733.060907,2732.111977,2732.434328,-0.9489300000000185,-0.6265790000002198,-0.7877545000001192
2021-08-10 12:00:00,2733.057408,2732.108744,2732.435626,-0.948664000000008,-0.6217820000001666,-0.7852230000000873
2021-08-10 12:15:00,2733.058378,2732.109714,2732.433549,-0.948664000000008,-0.624829000000318,-0.786746500000163
2021-08-10 12:30:00,2733.059734,2732.109591,2732.431859,-0.9501430000000255,-0.627875000000131,-0.7890090000000782
2021-08-10 12:45:00,2733.058568,2732.108424,2732.435036,-0.9501439999999093,-0.6235320000000684,-0.7868379999999888
2021-08-10 13:15:00,2733.057402,2732.109987,2732.432301,-0.9474150000000918,-0.6251010000000861,-0.7862580000000889
2021-08-10 13:30:00,2733.057402,2732.109718,2732.430552,-0.9476839999997537,-0.626850000000104,-0.7872669999999289
2021-08-10 13:45:00,2733.058958,2732.109794,2732.433406,-0.9491640000001098,-0.6255519999999706,-0.7873580000000402
2021-08-10 14:00:00,2733.058181,2732.105787,2732.429582,-0.9523939999999129,-0.6285989999996673,-0.7904964999997901
2021-08-10 14:15:00,2733.058568,2732.110886,2732.431719,-0.9476819999999861,-0.6268489999997655,-0.7872654999998758
2021-08-10 14:30:00,2733.056042,2732.110108,2732.427895,-0.9459340000003067,-0.6281470000003537,-0.7870405000003302
2021-08-10 14:45:00,2733.055656,2732.110301,2732.430556,-0.9453549999998359,-0.6251000000002023,-0.7852275000000191
2021-08-10 15:00:00,2733.054489,2732.109134,2732.428648,-0.9453550000002906,-0.6258410000000367,-0.7855980000001637
2021-08-10 15:15:00,2733.054489,2732.110615,2732.430687,-0.9438740000000507,-0.6238020000000688,-0.7838380000000598
2021-08-10 15:45:00,2733.055072,2732.111198,2732.427935,-0.9438740000000507,-0.6271369999999479,-0.7855054999999993
2021-08-10 16:00:00,2733.059154,2732.113942,2732.430555,-0.9452120000000832,-0.628599000000122,-0.7869055000001026
2021-08-10 16:15:00,2733.057598,2732.110904,2732.430749,-0.9466939999997521,-0.6268489999997655,-0.7867714999997588
2021-08-10 16:30:00,2733.057402,2732.111466,2732.432302,-0.9459360000000743,-0.6250999999997475,-0.7855179999999109
2021-08-10 16:45:00,2733.055849,2732.111395,2732.4277,-0.9444539999999506,-0.6281489999996666,-0.7863014999998086
2021-08-10 17:00:00,2733.055076,2732.111798,2732.428948,-0.9432780000001912,-0.6261279999998806,-0.7847030000000359
2021-08-10 17:15:00,2733.057991,2732.111216,2732.428363,-0.9467750000003434,-0.6296280000001389,-0.7882015000002411
2021-08-10 17:30:00,2733.056242,2732.110805,2732.427066,-0.945437000000311,-0.6291759999999158,-0.7873065000001134
2021-08-10 17:45:00,2733.057795,2732.11159,2732.427898,-0.9462050000001909,-0.6298970000002555,-0.7880510000002232
2021-08-10 18:00:00,2733.057402,2732.109716,2732.429523,-0.947685999999976,-0.6278790000001209,-0.7877825000000485
2021-08-10 18:15:00,2733.055652,2732.112947,2732.432572,-0.9427049999999326,-0.6230799999998453,-0.782892499999889
2021-08-10 18:30:00,2733.055069,2732.113355,2732.429968,-0.9417140000000472,-0.6251010000000861,-0.7834075000000666
2021-08-10 18:45:00,2733.055459,2732.110514,2732.431655,-0.9449450000001889,-0.6238040000002911,-0.78437450000024
2021-08-10 19:00:00,2733.055072,2732.111877,2732.42997,-0.9431950000002871,-0.6251019999999698,-0.7841485000001285
2021-08-10 19:15:00,2733.056239,2732.112365,2732.431138,-0.9438740000000507,-0.6251010000000861,-0.7844875000000684
2021-08-10 19:45:00,2733.056822,2732.113358,2732.43302,-0.943463999999949,-0.6238020000000688,-0.7836330000000089
2021-08-10 20:00:00,2733.059154,2732.111471,2732.431852,-0.9476829999998699,-0.6273019999998724,-0.7874924999998711
2021-08-10 20:15:00,2733.059737,2732.114525,2732.427349,-0.9452120000000832,-0.6323879999999917,-0.7888000000000375
2021-08-10 20:30:00,2733.056239,2732.111294,2732.428646,-0.9449450000001889,-0.6275930000001608,-0.7862690000001749
2021-08-10 21:15:00,2733.059348,2732.114135,2732.425662,-0.9452130000004217,-0.6336860000001252,-0.7894495000002735
2021-08-10 21:30:00,2733.057402,2732.112948,2732.428801,-0.9444539999999506,-0.6286009999998896,-0.7865274999999201
2021-08-10 21:45:00,2733.058568,2732.115596,2732.426919,-0.942971999999827,-0.6316489999999249,-0.7873104999998759
2021-08-10 22:00:00,2733.058181,2732.112247,2732.429581,-0.945933999999852,-0.6286000000000058,-0.7872669999999289
2021-08-10 22:15:00,2733.057408,2732.115115,2732.427509,-0.9422930000000633,-0.6298990000000231,-0.7860960000000432
2021-08-10 22:30:00,2733.055659,2732.112955,2732.428806,-0.9427040000000488,-0.6268530000002102,-0.7847785000001295
2021-08-10 22:45:00,2733.057795,2732.113343,2732.426147,-0.944452000000183,-0.6316480000000411,-0.788050000000112
2021-08-10 23:00:00,2733.057402,2732.11295,2732.427504,-0.9444519999997283,-0.6298979999996845,-0.7871749999997064
2021-08-10 23:30:00,2733.057985,2732.113533,2732.423288,-0.9444519999997283,-0.6346969999999601,-0.7895744999998442
2021-08-10 23:45:00,2733.056818,2732.114116,2732.428216,-0.9427019999998265,-0.6286020000002281,-0.7856520000000273
2021-08-11 00:15:00,2733.058568,2732.116276,2732.423872,-0.9422919999997248,-0.6346960000000763,-0.7884939999999006
2021-08-11 00:30:00,2733.058181,2732.115211,2732.427829,-0.9429700000000594,-0.6303519999996752,-0.7866609999998673
2021-08-11 00:45:00,2733.056629,2732.115104,2732.428479,-0.9415250000001834,-0.6281500000000051,-0.7848375000000942
2021-08-11 01:15:00,2733.059734,2732.116763,2732.429383,-0.9429709999999432,-0.6303509999997914,-0.7866609999998673
2021-08-11 02:15:00,2733.059151,2732.112951,2732.424455,-0.9461999999998625,-0.6346960000000763,-0.7904479999999694
2021-08-11 02:30:00,2733.058958,2732.112756,2732.426569,-0.9462020000000848,-0.6323889999998755,-0.7892954999999802
2021-08-11 02:45:00,2733.056822,2732.115111,2732.424885,-0.9417109999999411,-0.6319370000001072,-0.7868240000000242
2021-08-11 03:00:00,2733.057405,2732.114703,2732.425469,-0.9427019999998265,-0.6319360000002234,-0.787319000000025
2021-08-11 03:15:00,2733.056822,2732.113359,2732.426182,-0.9434630000000652,-0.6306399999998575,-0.7870514999999614
2021-08-11 03:45:00,2733.059737,2732.118028,2732.429101,-0.9417090000001735,-0.6306359999998676,-0.7861725000000206
2021-08-11 04:00:00,2733.059154,2732.117443,2732.428516,-0.9417109999999411,-0.63063800000009,-0.7861745000000155
2021-08-11 05:45:00,2733.060904,2732.119684,2732.427219,-0.9412200000001576,-0.6336849999997867,-0.7874524999999721
2021-08-11 07:00:00,2733.057598,2732.118127,2732.433797,-0.9394709999996849,-0.6238009999997303,-0.7816359999997076
2021-08-11 07:15:00,2733.060707,2732.119487,2732.434129,-0.9412200000001576,-0.6265779999998813,-0.7838990000000194
2021-08-11 07:30:00,2733.058764,2732.117542,2732.43451,-0.9412219999999252,-0.6242539999998371,-0.7827379999998811
2021-08-11 07:45:00,2733.056818,2732.118828,2732.428219,-0.9379899999998997,-0.628599000000122,-0.7832945000000109
2021-08-11 08:00:00,2733.057985,2732.116762,2732.430109,-0.941222999999809,-0.6278760000000148,-0.7845494999999119
2021-08-11 08:15:00,2733.059151,2732.122561,2732.431276,-0.9365899999997964,-0.627875000000131,-0.7822324999999637
2021-08-11 08:30:00,2733.060317,2732.119816,2732.431988,-0.9405010000000402,-0.6283290000001216,-0.7844150000000809
2021-08-11 08:45:00,2733.059734,2732.119912,2732.434452,-0.9398219999998219,-0.6252819999999701,-0.782551999999896
2021-08-11 09:30:00,2733.062067,2732.120986,2732.428671,-0.9410809999999401,-0.6333959999997205,-0.7872384999998303
2021-08-11 09:45:00,2733.058181,2732.121591,2732.428286,-0.9365899999997964,-0.6298950000000332,-0.7832424999999148
2021-08-11 10:00:00,2733.058575,2732.117763,2732.428949,-0.9408119999998235,-0.6296259999999165,-0.78521899999987
2021-08-11 10:15:00,2733.058578,2732.118345,2732.426484,-0.9402330000002621,-0.6320940000000519,-0.786163500000157
2021-08-11 10:30:00,2733.059158,2732.116596,2732.427782,-0.94256200000018,-0.6313759999998183,-0.7869689999999991
2021-08-11 11:15:00,2733.057795,2732.115231,2732.426149,-0.9425639999999476,-0.6316460000002735,-0.7871050000001105
2021-08-11 11:30:00,2733.055652,2732.116588,2732.427052,-0.939064000000144,-0.6286000000000058,-0.7838320000000749
2021-08-11 11:45:00,2733.055652,2732.117657,2732.425754,-0.9379950000002282,-0.6298980000001393,-0.7839465000001837
2021-08-11 12:00:00,2733.058568,2732.116584,2732.426922,-0.9419840000000477,-0.6316459999998187,-0.7868149999999332
2021-08-11 12:15:00,2733.055459,2732.116974,2732.426859,-0.9384850000001279,-0.6286000000000058,-0.7835425000000669
2021-08-11 12:30:00,2733.053323,2732.118067,2732.426185,-0.9352560000002086,-0.6271380000002864,-0.7811970000002475
2021-08-11 12:45:00,2733.054489,2732.112774,2732.425602,-0.941714999999931,-0.6288870000003044,-0.7853010000001177
2021-08-11 13:00:00,2733.054293,2732.116217,2732.424825,-0.9380760000003647,-0.6294680000000881,-0.7837720000002264
2021-08-11 13:15:00,2733.057018,2732.112382,2732.425929,-0.9446360000001732,-0.6310889999999745,-0.7878625000000739
2021-08-11 13:30:00,2733.055459,2732.113473,2732.421193,-0.94198600000027,-0.6342660000000251,-0.7881260000001475
2021-08-11 14:00:00,2733.056625,2732.118853,2732.422361,-0.9377720000002228,-0.6342640000002575,-0.7860180000002401
2021-08-11 14:15:00,2733.053906,2732.116402,2732.425448,-0.9375039999999899,-0.628458000000137,-0.7829810000000634
2021-08-11 14:30:00,2733.052157,2732.117883,2732.422401,-0.9342740000001868,-0.6297560000002704,-0.7820150000002286
2021-08-11 14:45:00,2733.054489,2732.116984,2732.428069,-0.9375050000003284,-0.6264200000000528,-0.7819625000001906
2021-08-11 15:00:00,2733.056239,2732.118465,2732.42603,-0.9377739999999903,-0.6302089999999225,-0.7839914999999564
2021-08-11 15:30:00,2733.054489,2732.116003,2732.425021,-0.9384860000000117,-0.6294680000000881,-0.7839770000000499
2021-08-11 15:45:00,2733.055459,2732.116204,2732.422202,-0.9392550000002302,-0.6332569999999578,-0.786256000000094
2021-08-11 16:00:00,2733.055649,2732.116394,2732.422392,-0.9392549999997755,-0.6332569999999578,-0.7862559999998666
2021-08-11 16:15:00,2733.055066,2732.115812,2732.422836,-0.9392539999998917,-0.6322299999997085,-0.7857419999998001
2021-08-11 16:30:00,2733.055649,2732.117483,2732.427765,-0.9381659999999101,-0.6278839999999946,-0.7830249999999523
2021-08-11 16:45:00,2733.053123,2732.12093,2732.425691,-0.9321930000000975,-0.6274320000002263,-0.7798125000001619
2021-08-11 17:00:00,2733.053909,2732.119646,2732.425886,-0.9342630000001009,-0.628023000000212,-0.7811430000001565
2021-08-11 17:15:00,2733.053133,2732.116628,2732.425111,-0.93650499999967,-0.6280219999998735,-0.7822634999997717
2021-08-11 17:30:00,2733.056828,2732.120816,2732.427058,-0.9360120000001189,-0.6297700000000077,-0.7828910000000633
2021-08-11 17:45:00,2733.05333,2732.118575,2732.425019,-0.9347550000002229,-0.6283110000003944,-0.7815330000003087
2021-08-11 18:00:00,2733.055079,2732.120056,2732.427056,-0.935023000000001,-0.628023000000212,-0.7815230000001065
2021-08-11 18:15:00,2733.057412,2732.120639,2732.425452,-0.9367729999999028,-0.6319600000001628,-0.7843665000000328
2021-08-11 18:30:00,2733.057412,2732.11916,2732.426343,-0.9382519999999204,-0.631069000000025,-0.7846604999999727
2021-08-11 18:45:00,2733.056245,2732.119742,2732.427786,-0.9365030000003571,-0.6284590000000208,-0.7824810000001889
2021-08-11 19:00:00,2733.054496,2732.118262,2732.425176,-0.9362340000002405,-0.629320000000007,-0.7827770000001237
2021-08-11 19:15:00,2733.056439,2732.118947,2732.429715,-0.9374920000000202,-0.62672399999974,-0.7821079999998801
2021-08-11 19:30:00,2733.055652,2732.11875,2732.42822,-0.9369019999999182,-0.6274320000002263,-0.7821670000000722
2021-08-11 19:45:00,2733.05293,2732.12074,2732.424199,-0.9321899999999914,-0.6287309999997888,-0.7804604999998901
2021-08-11 20:00:00,2733.055649,2732.119139,2732.431534,-0.9365099999999984,-0.6241150000000744,-0.7803125000000364
2021-08-11 20:15:00,2733.053899,2732.118151,2732.427189,-0.9357479999998759,-0.6267100000000028,-0.7812289999999393
2021-08-11 20:30:00,2733.055066,2732.116085,2732.423557,-0.9389809999997851,-0.6315089999998236,-0.7852449999998043
2021-08-11 20:45:00,2733.055649,2732.119141,2732.424142,-0.9365079999997761,-0.631507000000056,-0.784007499999916
2021-08-11 21:00:00,2733.056429,2732.120412,2732.421873,-0.9360169999999925,-0.6345560000004298,-0.7852865000002112
2021-08-11 21:15:00,2733.057405,2732.119639,2732.424147,-0.9377660000000105,-0.6332579999998416,-0.785511999999926
2021-08-11 21:45:00,2733.055849,2732.118851,2732.42259,-0.9369979999996758,-0.6332589999997253,-0.7851284999997006
2021-08-11 22:00:00,2733.056239,2732.118752,2732.42255,-0.9374870000001465,-0.6336890000002313,-0.7855880000001889
2021-08-11 22:15:00,2733.054683,2732.117194,2732.420993,-0.9374889999999141,-0.6336899999996604,-0.7855894999997872
2021-08-11 22:30:00,2733.055069,2732.119822,2732.420083,-0.9352469999998902,-0.6349860000000263,-0.7851164999999583
2021-08-11 22:45:00,2733.055652,2732.120405,2732.423714,-0.9352469999998902,-0.631937999999991,-0.7835924999999406
2021-08-11 23:30:00,2733.056825,2732.12248,2732.425897,-0.9343450000001212,-0.6309280000000399,-0.7826365000000806
2021-08-11 23:45:00,2733.057991,2732.118667,2732.424591,-0.9393239999999423,-0.6334000000001652,-0.7863620000000537
2021-08-12 00:00:00,2733.056045,2732.119459,2732.424394,-0.9365859999998065,-0.6316509999996924,-0.7841184999997495
2021-08-12 00:15:00,2733.057985,2732.120411,2732.427631,-0.9375740000000405,-0.6303539999998975,-0.783963999999969
2021-08-12 00:30:00,2733.058375,2732.119631,2732.424974,-0.9387440000000424,-0.633401000000049,-0.7860725000000457
2021-08-12 00:45:00,2733.055656,2732.121401,2732.428061,-0.9342550000001211,-0.6275949999999284,-0.7809250000000247
2021-08-12 01:00:00,2733.056239,2732.119244,2732.419503,-0.9369950000000244,-0.636735999999928,-0.7868654999999762
2021-08-12 01:15:00,2733.055656,2732.118662,2732.417621,-0.9369940000001407,-0.6380349999999453,-0.787514500000043
2021-08-12 01:30:00,2733.056822,2732.12131,2732.420086,-0.935512000000017,-0.636735999999928,-0.7861239999999725
2021-08-12 01:45:00,2733.057212,2732.120219,2732.426571,-0.9369930000002569,-0.6306410000001961,-0.7838170000002265
2021-08-12 02:00:00,2733.057991,2732.121989,2732.422266,-0.9360019999999167,-0.6357250000000931,-0.7858635000000049
2021-08-12 02:15:00,2733.058571,2732.12522,2732.423564,-0.9333510000001297,-0.6350069999998595,-0.7841789999999946
2021-08-12 02:30:00,2733.057988,2732.122477,2732.419932,-0.9355110000001332,-0.6380560000002333,-0.7867835000001833
2021-08-12 02:45:00,2733.059737,2732.120996,2732.424731,-0.9387409999999363,-0.6350059999999758,-0.786873499999956
2021-08-12 03:00:00,2733.061294,2732.126096,2732.423366,-0.9351980000001276,-0.6379280000001017,-0.7865630000001147
2021-08-12 03:15:00,2733.059148,2732.120406,2732.427188,-0.9387419999998201,-0.6319599999997081,-0.7853509999997641
2021-08-12 04:00:00,2733.057398,2732.123637,2732.424593,-0.9337609999997767,-0.6328049999997347,-0.7832829999997557
2021-08-12 05:00:00,2733.058761,2732.121771,2732.425505,-0.936989999999696,-0.6332559999996192,-0.7851229999996576
2021-08-12 05:15:00,2733.058375,2732.122864,2732.422071,-0.9355110000001332,-0.6363040000001092,-0.7859075000001212
2021-08-12 05:30:00,2733.060897,2732.120677,2732.425892,-0.9402199999999539,-0.6350049999996372,-0.7876124999997955
2021-08-12 05:45:00,2733.060511,2732.125002,2732.427542,-0.9355089999999109,-0.6329690000002302,-0.7842390000000705
2021-08-12 06:00:00,2733.060907,2732.122748,2732.425472,-0.9381590000002689,-0.6354350000001432,-0.786797000000206
2021-08-12 06:15:00,2733.059737,2732.124229,2732.423435,-0.9355080000000271,-0.6363019999998869,-0.785904999999957
2021-08-12 06:30:00,2733.058571,2732.123741,2732.420971,-0.9348300000001473,-0.6376000000000204,-0.7862150000000838
2021-08-12 06:45:00,2733.057408,2732.119925,2732.420386,-0.9374830000001566,-0.6370220000003428,-0.7872525000002497
2021-08-12 07:00:00,2733.059158,2732.125399,2732.422424,-0.9337590000000091,-0.6367340000001604,-0.7852465000000848
2021-08-12 07:15:00,2733.058768,2732.122766,2732.421293,-0.9360019999999167,-0.6374749999999949,-0.7867384999999558
2021-08-12 07:30:00,2733.060904,2732.125394,2732.423718,-0.9355099999997947,-0.6371859999999288,-0.7863479999998617
2021-08-12 07:45:00,2733.059154,2732.118932,2732.421968,-0.9402220000001762,-0.6371859999999288,-0.7887040000000525
2021-08-12 08:00:00,2733.056822,2732.12158,2732.421385,-0.9352420000000166,-0.6354369999999108,-0.7853394999999637
2021-08-12 08:15:00,2733.057405,2732.119692,2732.420671,-0.9377129999998033,-0.6367340000001604,-0.7872234999999819
2021-08-12 08:30:00,2733.055849,2732.119885,2732.420864,-0.9359639999997853,-0.6349849999996877,-0.7854744999997365
2021-08-12 08:45:00,2733.057208,2732.123136,2732.422512,-0.9340720000000147,-0.6346960000000763,-0.7843840000000455
2021-08-12 09:00:00,2733.058571,2732.1245,2732.425174,-0.9340710000001309,-0.633397000000059,-0.783734000000095
2021-08-12 09:15:00,2733.057015,2732.123523,2732.425367,-0.93349199999966,-0.6316480000000411,-0.7825699999998506
2021-08-12 09:30:00,2733.058568,2732.121265,2732.425169,-0.9373029999997016,-0.6333989999998266,-0.7853509999997641
2021-08-12 09:45:00,2733.059734,2732.123913,2732.42255,-0.9358210000000327,-0.6371840000001612,-0.7865025000000969
2021-08-12 10:00:00,2733.056818,2732.117353,2732.421382,-0.9394649999999274,-0.635436000000027,-0.7874504999999772
2021-08-12 10:30:00,2733.057208,2732.118424,2732.420475,-0.9387840000003962,-0.6367330000002767,-0.7877585000003364
2021-08-12 10:45:00,2733.055266,2732.119711,2732.420283,-0.9355550000000221,-0.6349829999999201,-0.7852689999999711
2021-08-12 11:30:00,2733.052543,2732.117566,2732.423654,-0.9349769999998898,-0.6288889999996172,-0.7819329999997535
2021-08-12 12:00:00,2733.054876,,2732.42119,,-0.6336860000001252,-0.6336860000001252
2021-08-12 12:15:00,2733.055656,2732.118928,2732.424009,-0.9367280000001301,-0.6316470000001573,-0.7841875000001437
2021-08-12 12:30:00,2733.054489,2732.116773,2732.422842,-0.9377159999999094,-0.6316470000001573,-0.7846815000000333
2021-08-12 12:45:00,2733.055656,2732.115697,2732.42197,-0.939958999999817,-0.6336860000001252,-0.7868224999999711
2021-08-12 13:00:00,2733.056239,2732.114799,2732.422554,-0.9414400000000569,-0.6336849999997867,-0.7875624999999218
2021-08-12 13:15:00,2733.055069,2732.11628,2732.419505,-0.9387889999998151,-0.6355640000001586,-0.7871764999999868
2021-08-12 13:30:00,2733.053903,2732.118346,2732.421387,-0.9355569999997897,-0.6325160000001233,-0.7840364999999565
2021-08-12 14:00:00,2733.056818,2732.12126,2732.425601,-0.9355580000001282,-0.631217000000106,-0.7833875000001171
2021-08-12 14:30:00,2733.055459,2732.119901,2732.422944,-0.9355580000001282,-0.6325150000002395,-0.7840365000001839
2021-08-12 14:45:00,2733.054489,2732.119199,2732.423724,-0.9352899999998954,-0.630764999999883,-0.7830274999998892
2021-08-12 15:00:00,2733.056822,2732.121265,2732.422557,-0.9355569999997897,-0.6342650000001413,-0.7849109999999655
2021-08-12 15:15:00,2733.056239,2732.119511,2732.422985,-0.9367280000001301,-0.6332539999998517,-0.7849909999999909
2021-08-12 15:30:00,2733.055072,2732.122255,2732.42052,-0.9328169999998863,-0.6345519999999851,-0.7836844999999357
2021-08-12 16:30:00,2733.05274,2732.120681,2732.420678,-0.9320590000002085,-0.6320620000001327,-0.7820605000001706
2021-08-12 16:45:00,2733.054099,2732.11805,2732.420286,-0.9360489999999118,-0.6338129999999182,-0.784930999999915
2021-08-12 17:15:00,2733.05371,2732.12165,2732.421647,-0.9320600000000923,-0.6320630000000165,-0.7820615000000544
2021-08-12 17:30:00,2733.056239,2732.11844,2732.418639,-0.9377989999998135,-0.6376000000000204,-0.787699499999917
2021-08-12 17:45:00,2733.055072,2732.116864,2732.42126,-0.9382080000000315,-0.6338120000000345,-0.786010000000033
2021-08-12 18:00:00,2733.055459,2732.11725,2732.419608,-0.93820900000037,-0.6358510000000024,-0.7870300000001862
2021-08-12 18:15:00,2733.054483,2732.119505,2732.417336,-0.9349779999997736,-0.6371469999999135,-0.7860624999998436
2021-08-12 18:30:00,2733.056815,2732.117839,2732.418493,-0.9389759999999114,-0.6383219999997891,-0.7886489999998503
2021-08-12 19:00:00,2733.055649,2732.118423,2732.419076,-0.9372260000000097,-0.6365729999997711,-0.7868994999998904
2021-08-12 19:15:00,2733.056429,2732.119703,2732.415058,-0.9367260000003625,-0.6413710000001629,-0.7890485000002627
2021-08-12 19:30:00,2733.055656,2732.12068,2732.417331,-0.934976000000006,-0.6383249999998952,-0.7866504999999506
2021-08-12 20:00:00,2733.057015,2732.12245,2732.417664,-0.9345650000000205,-0.6393509999998059,-0.7869579999999132
2021-08-12 20:15:00,2733.055652,2732.120097,2732.416754,-0.9355550000000221,-0.6388980000001538,-0.787226500000088
2021-08-12 20:30:00,2733.055849,2732.121365,2732.416067,-0.934483999999884,-0.639781999999741,-0.7871329999998125
2021-08-12 20:45:00,2733.057402,2732.118616,2732.418919,-0.938785999999709,-0.6384829999997237,-0.7886344999997164
2021-08-12 21:00:00,2733.055849,2732.119313,2732.417819,-0.9365359999997054,-0.6380300000000716,-0.7872829999998885
2021-08-12 21:15:00,2733.058575,2732.121771,2732.416035,-0.9368039999999382,-0.6425399999998263,-0.7896719999998822
2021-08-12 21:30:00,2733.055269,2732.118464,2732.414478,-0.936804999999822,-0.6407909999998083,-0.7887979999998151
2021-08-12 21:45:00,2733.056242,2732.123909,2732.417782,-0.9323330000001988,-0.6384600000001228,-0.7853965000001608
2021-08-12 22:00:00,2733.055076,2732.119512,2732.414865,-0.9355639999998857,-0.6402109999999084,-0.787887499999897
2021-08-12 22:15:00,2733.058575,2732.124492,2732.419663,-0.9340830000001006,-0.6389119999998911,-0.7864974999999959
2021-08-12 22:30:00,2733.060907,2732.125077,2732.419219,-0.9358299999998962,-0.6416880000001584,-0.7887590000000273
2021-08-12 22:45:00,2733.056242,2732.12391,2732.418211,-0.932332000000315,-0.6380309999999554,-0.7851815000001352
2021-08-12 23:00:00,2733.056239,2732.120096,2732.415877,-0.9361429999999018,-0.6403620000000956,-0.7882524999999987
2021-08-12 23:15:00,2733.056239,2732.122936,2732.41458,-0.9333029999997962,-0.6416589999998905,-0.7874809999998433
2021-08-12 23:30:00,2733.055656,2732.124494,2732.415747,-0.9311619999998584,-0.6399089999999887,-0.7855354999999236
2021-08-12 23:45:00,2733.057408,2732.123327,2732.417629,-0.934081000000333,-0.6397790000000896,-0.7869300000002113
2021-08-13 00:00:00,2733.055076,2732.124226,2732.417911,-0.9308500000001914,-0.6371650000000955,-0.7840075000001434
2021-08-13 00:15:00,2733.057991,2732.125393,2732.416032,-0.9325980000003256,-0.6419590000000426,-0.7872785000001841
2021-08-13 01:00:00,2733.057408,2732.124808,2732.416602,-0.9326000000000931,-0.6408060000003388,-0.786703000000216
2021-08-13 01:45:00,2733.060517,2732.12518,2732.422307,-0.9353369999998904,-0.6382100000000719,-0.7867734999999811
2021-08-13 02:00:00,2733.058571,2732.121752,2732.41993,-0.9368190000000141,-0.6386410000000069,-0.7877300000000105
2021-08-13 02:15:00,2733.059737,2732.12615,2732.417181,-0.9335869999999886,-0.6425560000002406,-0.7880715000001146
2021-08-13 02:30:00,2733.058378,2732.124299,2732.42062,-0.9340790000001107,-0.6377580000003036,-0.7859185000002071
2021-08-13 02:45:00,2733.057991,2732.123912,2732.419803,-0.9340790000001107,-0.6381880000003548,-0.7861335000002327
2021-08-13 03:15:00,2733.059158,2732.131271,2732.422267,-0.9278869999998278,-0.6368910000001051,-0.7823889999999665
2021-08-13 03:30:00,2733.059158,2732.12481,2732.420517,-0.9343480000002273,-0.6386410000000069,-0.7864945000001171
2021-08-13 04:30:00,2733.060907,2732.125079,2732.425316,-0.9358280000001287,-0.6355910000002041,-0.7857095000001664
2021-08-13 04:45:00,2733.059548,2732.12695,2732.41961,-0.9325980000003256,-0.6399380000002566,-0.7862680000002911
2021-08-13 05:00:00,2733.058188,2732.125859,2732.41798,-0.9323289999997542,-0.6402079999998023,-0.7862684999997782
2021-08-13 05:30:00,2733.059548,2732.125469,2732.41759,-0.9340790000001107,-0.6419580000001588,-0.7880185000001347
2021-08-13 06:00:00,2733.060907,2732.125078,2732.41895,-0.9358290000000125,-0.6419569999998203,-0.7888929999999164
2021-08-13 06:30:00,2733.060324,2732.126737,2732.418367,-0.9335869999999886,-0.6419569999998203,-0.7877719999999044
2021-08-13 06:45:00,2733.059351,2732.127243,2732.414776,-0.9321079999999711,-0.6445749999998043,-0.7883414999998877
2021-08-13 07:00:00,2733.056239,2732.124398,2732.415433,-0.9318410000000767,-0.6408059999998841,-0.7863234999999804
2021-08-13 07:30:00,2733.057988,2732.127629,2732.417183,-0.9303589999999531,-0.6408050000000003,-0.7855819999999767
2021-08-13 08:00:00,2733.060904,2732.128796,2732.421686,-0.9321079999999711,-0.6392179999998007,-0.7856629999998859
2021-08-13 08:15:00,2733.057602,2732.12617,2732.420132,-0.9314319999998588,-0.6374699999996665,-0.7844509999997626
2021-08-13 08:30:00,2733.060327,2732.125397,2732.421109,-0.9349300000003495,-0.6392180000002554,-0.7870740000003025
2021-08-13 08:45:00,2733.059744,2732.124813,2732.420524,-0.9349310000002333,-0.639220000000023,-0.7870755000001282
2021-08-13 09:00:00,2733.059737,2732.130109,2732.423703,-0.929627999999866,-0.6360340000001088,-0.7828309999999874
2021-08-13 09:15:00,2733.057605,2732.131375,2732.423183,-0.9262300000000323,-0.634422000000086,-0.7803260000000591
2021-08-13 09:30:00,2733.057208,2732.129818,2732.418577,-0.9273900000002868,-0.6386310000002595,-0.7830105000002732
2021-08-13 09:45:00,2733.057598,2732.130208,2732.418969,-0.9273899999998321,-0.6386290000000372,-0.7830094999999346
2021-08-13 10:00:00,2733.057408,2732.126965,2732.418187,-0.9304430000001958,-0.6392209999999068,-0.7848320000000513
2021-08-13 10:15:00,2733.055659,2732.124716,2732.41689,-0.9309430000002976,-0.6387690000001385,-0.784856000000218
2021-08-13 10:30:00,2733.056625,2732.126771,2732.416698,-0.9298539999999775,-0.6399270000001707,-0.7848905000000741
2021-08-13 10:45:00,2733.054689,2732.123744,2732.41592,-0.9309450000000652,-0.6387690000001385,-0.7848570000001018
2021-08-13 11:00:00,2733.053909,2732.121983,2732.416438,-0.9319260000002032,-0.637471000000005,-0.7846985000001041
2021-08-13 11:15:00,2733.053909,2732.125213,2732.418189,-0.9286960000004001,-0.6357200000002194,-0.7822080000003098
2021-08-13 11:30:00,2733.053326,2732.125613,2732.414558,-0.9277130000000398,-0.6387680000002547,-0.7832405000001472
2021-08-13 11:45:00,2733.053133,2732.125418,2732.414363,-0.9277149999998073,-0.6387700000000223,-0.7832424999999148
2021-08-13 12:00:00,2733.055079,2732.124134,2732.417608,-0.9309450000000652,-0.637471000000005,-0.7842080000000351
2021-08-13 12:15:00,2733.055662,2732.124717,2732.415143,-0.9309450000000652,-0.6405190000000403,-0.7857320000000527
2021-08-13 12:30:00,2733.055079,2732.125884,2732.414273,-0.9291950000001634,-0.6408060000003388,-0.7850005000002511
2021-08-13 12:45:00,2733.053913,2732.123235,2732.416895,-0.9306780000001709,-0.6370180000003529,-0.7838480000002619
2021-08-13 13:00:00,2733.053716,2732.125509,2732.415958,-0.9282069999999294,-0.6377579999998488,-0.7829824999998891
2021-08-13 13:15:00,2733.054103,2732.125895,2732.416345,-0.9282079999998132,-0.6377579999998488,-0.782982999999831
2021-08-13 13:30:00,2733.055466,2732.124027,2732.412909,-0.9314389999999548,-0.6425569999996696,-0.7869979999998122
2021-08-13 13:45:00,2733.053323,2732.126865,2732.417315,-0.9264579999999114,-0.6360079999999471,-0.7812329999999292
2021-08-13 14:00:00,2733.053906,2732.124219,2732.414851,-0.9296870000002855,-0.6390550000000985,-0.784371000000192
2021-08-13 14:15:00,2733.053323,2732.122955,2732.412517,-0.9303680000002714,-0.6408059999998841,-0.7855870000000778
2021-08-13 14:30:00,2733.055072,2732.127855,2732.414266,-0.9272169999999278,-0.6408059999998841,-0.7840114999999059
2021-08-13 14:45:00,2733.055656,2732.125287,2732.419194,-0.9303690000001552,-0.6364619999999377,-0.7834155000000464
2021-08-13 15:00:00,2733.055072,2732.125695,2732.415564,-0.9293769999999313,-0.6395080000002054,-0.7844425000000683
2021-08-13 15:15:00,2733.053323,2732.124215,2732.419479,-0.9291080000002694,-0.6338439999999537,-0.7814760000001115
2021-08-13 15:30:00,2733.05332,2732.12363,2732.412531,-0.9296899999999368,-0.6407890000000407,-0.7852394999999888
2021-08-13 15:45:00,2733.05371,2732.131964,2732.412921,-0.9217459999999846,-0.6407890000000407,-0.7812675000000127
2021-08-13 16:00:00,2733.05274,2732.132744,2732.412834,-0.9199960000000829,-0.6399059999998826,-0.7799509999999827
2021-08-13 16:15:00,2733.052157,2732.133911,2732.415298,-0.9182460000001811,-0.6368590000001859,-0.7775525000001835
2021-08-13 16:30:00,2733.053323,2732.136558,2732.414284,-0.9167649999999412,-0.6390390000001389,-0.7779020000000401
2021-08-13 16:45:00,2733.050017,2732.132448,2732.414478,-0.917569000000185,-0.6355389999998806,-0.7765540000000328
2021-08-13 17:00:00,2733.05099,2732.131263,2732.414981,-0.9197269999999662,-0.6360090000002856,-0.7778680000001259
2021-08-13 17:15:00,2733.05157,2732.129022,2732.414257,-0.9225480000000061,-0.6373130000001765,-0.7799305000000913
2021-08-13 17:30:00,2733.05274,2732.134494,2732.415848,-0.9182460000001811,-0.6368919999999889,-0.777569000000085
2021-08-13 17:45:00,2733.049238,2732.13068,2732.415264,-0.9185579999998481,-0.6339739999998528,-0.7762659999998505
2021-08-13 18:00:00,2733.05099,2732.129513,2732.4128,-0.9214770000003227,-0.6381900000001224,-0.7798335000002226
2021-08-13 18:15:00,2733.05274,2732.132746,2732.414097,-0.9199939999998605,-0.6386430000002292,-0.7793185000000449
2021-08-13 18:45:00,2733.052353,2732.135589,2732.412412,-0.9167640000000574,-0.639940999999908,-0.7783524999999827
2021-08-13 19:00:00,2733.054496,2732.135983,2732.418321,-0.9185130000000754,-0.6361750000000939,-0.7773440000000846
2021-08-13 19:15:00,2733.052747,2732.134913,2732.415274,-0.9178340000003118,-0.6374730000002273,-0.7776535000002696
2021-08-13 19:30:00,2733.05158,2732.133746,2732.414107,-0.917833999999857,-0.6374729999997726,-0.7776534999998148
2021-08-13 19:45:00,2733.054106,2732.133804,2732.420979,-0.9203019999999924,-0.6331270000000586,-0.7767145000000255
2021-08-13 20:00:00,2733.052936,2732.134115,2732.415464,-0.9188210000002073,-0.6374719999998888,-0.778146500000048
2021-08-13 20:15:00,2733.05274,2732.131454,2732.417305,-0.9212860000002365,-0.6354350000001432,-0.7783605000001899
2021-08-13 20:30:00,2733.053316,2732.130542,2732.414684,-0.9227740000001177,-0.6386320000001433,-0.7807030000001305
2021-08-13 20:45:00,2733.051764,2732.13222,2732.413582,-0.9195439999998598,-0.6381819999996878,-0.7788629999997738
2021-08-13 21:00:00,2733.055072,2732.130549,2732.412382,-0.9245230000001357,-0.6426900000001297,-0.7836065000001327
2021-08-13 21:15:00,2733.053516,2732.128772,2732.415624,-0.9247439999999187,-0.6378919999997379,-0.7813179999998283
2021-08-13 21:30:00,2733.055069,2732.128575,2732.416724,-0.9264939999998205,-0.6383449999998447,-0.7824194999998326
2021-08-13 21:45:00,2733.055266,2732.129762,2732.416473,-0.9255039999998189,-0.6387929999996231,-0.782148499999721
2021-08-13 22:00:00,2733.05371,2732.129546,2732.416666,-0.9241640000000189,-0.6370440000000599,-0.7806040000000394
2021-08-13 22:15:00,2733.054099,2732.127116,2732.414009,-0.9269829999998365,-0.6400899999998728,-0.7835364999998546
2021-08-13 22:30:00,2733.05254,2732.126046,2732.412895,-0.9264940000002753,-0.6396450000002005,-0.7830695000002379
2021-08-13 23:00:00,2733.05254,2732.128206,2732.414916,-0.9243340000002718,-0.6376239999999598,-0.7809790000001158
2021-08-13 23:30:00,2733.05332,2732.132799,2732.416276,-0.9205210000000079,-0.6370440000000599,-0.7787825000000339
2021-08-14 00:00:00,2733.057985,2732.130735,2732.414396,-0.9272499999997308,-0.6435889999997926,-0.7854194999997617
2021-08-14 00:15:00,2733.05332,2732.129568,2732.413229,-0.9237520000001496,-0.6400910000002114,-0.7819215000001805
2021-08-14 00:30:00,2733.053903,2732.130151,2732.415109,-0.9237520000001496,-0.6387939999999617,-0.7812730000000556
2021-08-14 01:00:00,2733.055652,2732.132394,2732.41686,-0.9232579999998052,-0.6387920000001941,-0.7810249999999996
2021-08-14 01:15:00,2733.055459,2732.13171,2732.416666,-0.9237490000000435,-0.6387930000000779,-0.7812710000000607
2021-08-14 01:30:00,2733.055069,2732.13074,2732.414399,-0.9243289999999433,-0.6406700000002274,-0.7824995000000854
2021-08-14 01:45:00,2733.055656,2732.127996,2732.414843,-0.9276599999998325,-0.6408129999999801,-0.7842364999999063
2021-08-14 02:00:00,2733.057208,2732.132201,2732.417568,-0.9250070000002779,-0.6396400000003268,-0.7823235000003024
2021-08-14 02:15:00,2733.058571,2732.134547,2732.41718,-0.9240239999999176,-0.6413910000001124,-0.782707500000015
2021-08-14 02:30:00,2733.059737,2732.132482,2732.416596,-0.9272550000000592,-0.6431410000000142,-0.7851980000000367
2021-08-14 02:45:00,2733.057405,2732.135129,2732.418034,-0.9222760000002381,-0.6393710000002102,-0.7808235000002242
2021-08-14 03:00:00,2733.056822,2732.131317,2732.415428,-0.9255050000001575,-0.6413940000002185,-0.783449500000188
2021-08-14 03:30:00,2733.056239,2732.130732,2732.419914,-0.925506999999925,-0.6363249999999425,-0.7809159999999338
2021-08-14 04:00:00,2733.059154,2732.131899,2732.417765,-0.9272550000000592,-0.6413889999998901,-0.7843219999999747
2021-08-14 04:15:00,2733.057405,2732.13338,2732.416013,-0.9240249999998014,-0.6413919999999962,-0.7827084999998988
2021-08-14 04:30:00,2733.057988,2732.133964,2732.416867,-0.9240239999999176,-0.641121000000112,-0.7825725000000148
2021-08-14 04:45:00,2733.057988,2732.132983,2732.41355,-0.9250050000000556,-0.6444379999998091,-0.7847214999999323
2021-08-14 05:30:00,2733.058571,2732.133565,2732.414133,-0.9250059999999394,-0.6444379999998091,-0.7847219999998742
2021-08-14 05:45:00,2733.058764,2732.133758,2732.415623,-0.9250059999999394,-0.6431410000000142,-0.7840734999999768
2021-08-14 06:00:00,2733.058378,2732.134363,2732.415817,-0.924015000000054,-0.6425610000001143,-0.7832880000000841
2021-08-14 06:30:00,2733.058185,2732.134168,2732.417374,-0.9240169999998216,-0.6408109999997578,-0.7824139999997897
2021-08-14 06:45:00,2733.057212,2732.134266,2732.413353,-0.9229460000001382,-0.6438590000002478,-0.783402500000193
2021-08-14 07:00:00,2733.059351,2732.137886,2732.416792,-0.9214649999998983,-0.642558999999892,-0.7820119999998951
2021-08-14 07:15:00,2733.057988,2732.13397,2732.417448,-0.9240180000001601,-0.6405399999998735,-0.7822790000000168
2021-08-14 07:45:00,2733.059348,2732.135821,2732.417058,-0.9235270000003766,-0.6422900000002301,-0.7829085000003033
2021-08-14 08:00:00,2733.056235,2732.134459,2732.417732,-0.9217760000001363,-0.6385030000001279,-0.7801395000001321
2021-08-14 08:30:00,2733.058181,2732.136816,2732.416632,-0.921364999999696,-0.6415489999999409,-0.7814569999998184
2021-08-14 08:45:00,2733.055659,2732.131329,2732.417155,-0.9243300000002819,-0.6385040000000117,-0.7814170000001468
2021-08-14 09:00:00,2733.058575,2732.130744,2732.419619,-0.9278309999999692,-0.6389560000002348,-0.783393500000102
2021-08-14 09:15:00,2733.056242,2732.131911,2732.412653,-0.9243310000001657,-0.6435890000002473,-0.7839600000002065
2021-08-14 09:30:00,2733.057408,2732.13456,2732.415859,-0.9228480000001582,-0.6415489999999409,-0.7821985000000495
2021-08-14 09:45:00,2733.058961,2732.134362,2732.415662,-0.9245990000003985,-0.6432990000002974,-0.783949000000348
2021-08-14 10:00:00,2733.056818,2732.133967,2732.415267,-0.9228509999998096,-0.6415510000001632,-0.7822009999999864
2021-08-14 10:15:00,2733.054683,2732.133172,2732.413585,-0.9215110000000095,-0.6410980000000563,-0.7813045000000329
2021-08-14 10:30:00,2733.054296,2732.132516,2732.414495,-0.9217799999996714,-0.6398009999998067,-0.780790499999739
2021-08-14 10:45:00,2733.055069,2732.132217,2732.415269,-0.9228520000001481,-0.6397999999999229,-0.7813260000000355
2021-08-14 11:00:00,2733.056818,2732.130737,2732.41323,-0.9260810000000674,-0.6435879999999088,-0.7848344999999881
2021-08-14 11:15:00,2733.055652,2732.13132,2732.413815,-0.9243320000000494,-0.6418370000001232,-0.7830845000000863
2021-08-14 11:30:00,2733.056235,2732.133383,2732.414398,-0.9228520000001481,-0.6418370000001232,-0.7823445000001357
2021-08-14 11:45:00,2733.057402,2732.1328,2732.414102,-0.9246020000000499,-0.6432999999997264,-0.7839509999998882
2021-08-14 12:00:00,2733.054486,2732.134863,2732.414686,-0.919622999999774,-0.6397999999999229,-0.7797114999998485
2021-08-14 12:15:00,2733.055652,2732.132798,2732.411055,-0.9228539999999157,-0.6445969999999761,-0.7837254999999459
2021-08-14 12:30:00,2733.056042,2732.137491,2732.413195,-0.9185510000002068,-0.6428470000000743,-0.7806990000001406
2021-08-14 12:45:00,2733.057988,2732.136205,2732.415142,-0.9217830000002323,-0.6428460000001905,-0.7823145000002114
2021-08-14 13:30:00,2733.056822,2732.134548,2732.416283,-0.9222740000000158,-0.6405389999999898,-0.7814065000000028
2021-08-14 14:00:00,2733.055069,2732.130732,2732.411355,-0.9243369999999231,-0.643713999999818,-0.7840254999998706
2021-08-14 14:15:00,2733.055069,2732.128982,2732.412652,-0.9260869999998249,-0.6424170000000231,-0.784251999999924
2021-08-14 14:30:00,2733.05371,2732.130854,2732.409995,-0.922856000000138,-0.6437150000001566,-0.7832855000001473
2021-08-14 14:45:00,2733.055072,2732.132218,2732.412655,-0.9228539999999157,-0.6424170000000231,-0.7826354999999694
2021-08-14 15:00:00,2733.056822,2732.131808,2732.412385,-0.9250139999999192,-0.6444369999999253,-0.7847254999999222
2021-08-14 15:15:00,2733.056822,2732.133558,2732.415434,-0.9232640000000174,-0.6413880000000063,-0.7823260000000118
2021-08-14 15:30:00,2733.056239,2732.130724,2732.41485,-0.9255149999999048,-0.6413889999998901,-0.7834519999998975
2021-08-14 15:45:00,2733.054876,2732.134073,2732.41219,-0.9208029999999781,-0.6426860000001398,-0.7817445000000589
2021-08-14 16:00:00,2733.056622,2732.135821,2732.412185,-0.9208010000002105,-0.6444369999999253,-0.7826190000000679
2021-08-14 16:15:00,2733.054679,2732.134146,2732.413002,-0.9205329999999776,-0.6416770000000724,-0.781105000000025
2021-08-14 16:30:00,2733.054483,2732.130228,2732.411055,-0.9242549999999028,-0.643427999999858,-0.7838414999998804
2021-08-14 16:45:00,2733.05313,2732.130032,2732.409565,-0.9230979999997544,-0.6435649999998532,-0.7833314999998038
2021-08-14 17:00:00,2733.053909,2732.131903,2732.410345,-0.9220060000002377,-0.6435640000004241,-0.7827850000003309
2021-08-14 18:00:00,2733.051577,2732.13132,2732.409761,-0.9202570000002197,-0.6418160000002899,-0.7810365000002548
2021-08-14 18:15:00,2733.055076,2732.134551,2732.412809,-0.9205249999999978,-0.6422670000001744,-0.7813960000000861
2021-08-14 18:30:00,2733.056242,2732.133969,2732.415274,-0.922273000000132,-0.6409680000001572,-0.7816205000001446
2021-08-14 18:45:00,2733.055076,2732.134554,2732.414105,-0.9205219999998917,-0.6409710000002633,-0.7807465000000775
2021-08-14 19:00:00,2733.055076,2732.132804,2732.412808,-0.9222720000002482,-0.6422680000000582,-0.7822700000001532
2021-08-14 19:15:00,2733.052743,2732.132881,2732.410474,-0.9198620000001938,-0.6422690000003968,-0.7810655000002953
2021-08-14 19:45:00,2733.05332,2732.132298,2732.411641,-0.9210219999999936,-0.64167899999984,-0.7813504999999168
2021-08-14 20:15:00,2733.052936,2732.134165,2732.412418,-0.9187710000001061,-0.6405180000001565,-0.7796445000001313
2021-08-14 20:30:00,2733.053899,2732.132881,2732.412222,-0.9210180000000037,-0.6416770000000724,-0.781347500000038
2021-08-14 20:45:00,2733.055262,2732.134734,2732.410538,-0.9205279999996492,-0.6447239999997691,-0.7826259999997092
2021-08-14 21:00:00,2733.055072,2732.132794,2732.413683,-0.9222780000000057,-0.6413889999998901,-0.7818334999999479
2021-08-14 21:15:00,2733.055849,2732.135053,2732.411411,-0.920795999999882,-0.6444379999998091,-0.7826169999998456
2021-08-14 21:30:00,2733.05332,2732.138184,2732.412383,-0.915136000000075,-0.6409370000001218,-0.7780365000000984
2021-08-14 21:45:00,2733.056235,2732.135139,2732.412522,-0.9210960000000341,-0.6437129999999343,-0.7824044999999842
2021-08-14 22:00:00,2733.055652,2732.134554,2732.411938,-0.9210979999998017,-0.643713999999818,-0.7824059999998099
2021-08-14 22:30:00,2733.056042,2732.136428,2732.411606,-0.9196140000003652,-0.6444360000000415,-0.7820250000002034
2021-08-14 22:45:00,2733.055849,2732.135735,2732.413163,-0.9201140000000123,-0.642685999999685,-0.7813999999998487
2021-08-14 23:15:00,2733.055069,2732.139667,2732.411355,-0.9154020000000855,-0.643713999999818,-0.7795579999999518
2021-08-14 23:30:00,2733.055069,2732.138685,2732.410058,-0.9163840000001073,-0.6450110000000677,-0.7806975000000875
2021-08-14 23:45:00,2733.057988,2732.138686,2732.413105,-0.9193020000002434,-0.6448829999999361,-0.7820925000000898
2021-08-15 00:00:00,2733.057212,2732.1375,2732.412328,-0.9197120000003451,-0.6448840000002747,-0.7822980000003099
2021-08-15 00:15:00,2733.058764,2732.139954,2732.413302,-0.9188099999996666,-0.6454619999999522,-0.7821359999998094
2021-08-15 00:45:00,2733.056818,2732.136439,2732.409333,-0.9203790000001391,-0.6474849999999606,-0.7839320000000498
2021-08-15 01:00:00,2733.056818,2732.13967,2732.408036,-0.9171479999999974,-0.6487820000002102,-0.7829650000001038
2021-08-15 01:15:00,2733.054293,2732.13643,2732.410308,-0.9178630000001249,-0.643985000000157,-0.780924000000141
2021-08-15 01:30:00,2733.056239,2732.13693,2732.411802,-0.9193089999998847,-0.6444369999999253,-0.781872999999905
2021-08-15 01:45:00,2733.055459,2732.13889,2732.409723,-0.9165689999999813,-0.6457359999999426,-0.781152499999962
2021-08-15 02:00:00,2733.058761,2732.136221,2732.412575,-0.9225399999995716,-0.6461859999999433,-0.7843629999997574
2021-08-15 02:15:00,2733.053126,2732.136826,2732.410151,-0.9162999999998647,-0.6429749999997512,-0.7796374999998079
2021-08-15 02:30:00,2733.055456,2732.137406,2732.41073,-0.9180500000002212,-0.6447259999999915,-0.7813880000001063
2021-08-15 02:45:00,2733.056818,2732.138771,2732.412095,-0.9180470000001151,-0.6447229999998854,-0.7813850000000002
2021-08-15 03:00:00,2733.054679,2732.138379,2732.413002,-0.9162999999998647,-0.6416770000000724,-0.7789884999999686
2021-08-15 03:15:00,2733.056622,2732.138573,2732.414946,-0.9180489999998827,-0.6416760000001887,-0.7798625000000357
2021-08-15 03:45:00,2733.055652,2732.138201,2732.410927,-0.9174509999998008,-0.6447250000001077,-0.7810879999999543
2021-08-15 04:00:00,2733.057985,2732.138784,2732.409475,-0.9192009999997026,-0.6485099999999875,-0.783855499999845
2021-08-15 04:15:00,2733.057402,2732.139353,2732.40889,-0.9180489999998827,-0.6485119999997551,-0.7832804999998189
2021-08-15 04:30:00,2733.056632,2732.138591,2732.404936,-0.9180409999999029,-0.6516959999999017,-0.7848684999999023
2021-08-15 04:45:00,2733.056828,2732.135556,2732.40818,-0.9212720000000445,-0.6486480000003212,-0.7849600000001828
2021-08-15 05:30:00,2733.055662,2732.13712,2732.40804,-0.9185420000003433,-0.6476220000004105,-0.7830820000003769
2021-08-15 05:45:00,2733.054496,2732.137704,2732.409922,-0.9167919999999867,-0.6445740000003752,-0.780683000000181
2021-08-15 06:00:00,2733.056828,2732.138787,2732.409477,-0.9180410000003576,-0.6473510000000715,-0.7826960000002146
2021-08-15 06:45:00,2733.059154,2732.139954,2732.411942,-0.9191999999998188,-0.647211999999854,-0.7832059999998364
2021-08-15 07:00:00,2733.056439,2732.136647,2732.410386,-0.9197920000001432,-0.646052999999938,-0.7829225000000406
2021-08-15 07:15:00,2733.056818,2732.137617,2732.413393,-0.9192010000001574,-0.6434250000002066,-0.781313000000182
2021-08-15 07:45:00,2733.055659,2732.137616,2732.411356,-0.9180430000001252,-0.6443030000000363,-0.7811730000000807
2021-08-15 08:00:00,2733.056825,2732.138781,2732.411513,-0.918044000000009,-0.6453120000001036,-0.7816780000000563
2021-08-15 08:15:00,2733.056632,2732.138589,2732.410579,-0.9180429999996704,-0.646052999999938,-0.7820479999998042
2021-08-15 08:30:00,2733.054689,2732.135163,2732.409089,-0.9195260000001326,-0.6455999999998312,-0.7825629999999819
2021-08-15 08:45:00,2733.055659,2732.134383,2732.405261,-0.9212760000000344,-0.650398000000223,-0.7858370000001287
2021-08-15 09:00:00,2733.058381,2732.136837,2732.407532,-0.9215439999998125,-0.6508489999996527,-0.7861964999997326
2021-08-15 09:15:00,2733.056049,2732.138004,2732.407545,-0.9180449999998928,-0.6485039999997753,-0.783274499999834
2021-08-15 09:30:00,2733.057018,2732.138205,2732.409814,-0.9188129999997727,-0.6472039999998742,-0.7830084999998235
2021-08-15 10:00:00,2733.056239,2732.138763,2732.406439,-0.9174760000000788,-0.6498000000001412,-0.78363800000011
2021-08-15 10:15:00,2733.056239,2732.137013,2732.404688,-0.9192259999999806,-0.6515509999999267,-0.7853884999999536
2021-08-15 11:00:00,2733.054879,2732.136644,2732.404338,-0.9182349999996404,-0.6505409999999756,-0.784387999999808
2021-08-15 11:15:00,2733.05216,2732.134191,2732.406415,-0.9179690000000846,-0.6457450000002609,-0.7818570000001728
2021-08-15 11:30:00,2733.053326,2732.136839,2732.407869,-0.9164870000004157,-0.6454570000000786,-0.7809720000002471
2021-08-15 12:00:00,2733.054493,2732.136254,2732.40525,-0.9182390000000851,-0.6492430000002969,-0.783741000000191
2021-08-15 12:15:00,2733.05313,2732.13557,2732.406807,-0.9175599999998667,-0.6463229999999385,-0.7819414999999026
2021-08-15 12:30:00,2733.05216,2732.135672,2732.408884,-0.9164880000002995,-0.6432760000002418,-0.7798820000002706
2021-08-15 12:45:00,2733.052353,2732.132631,2732.40603,-0.9197220000000925,-0.6463229999999385,-0.7830225000000155
2021-08-15 13:00:00,2733.05138,2732.133408,2732.405055,-0.917971999999736,-0.646324999999706,-0.782148499999721
2021-08-15 13:15:00,2733.053326,2732.136837,2732.407002,-0.9164890000001833,-0.646324000000277,-0.7814065000002302
2021-08-15 13:30:00,2733.054296,2732.134575,2732.407974,-0.919720999999754,-0.6463219999995999,-0.783021499999677
2021-08-15 13:45:00,2733.052737,2732.137497,2732.406125,-0.9152399999998124,-0.6466120000000046,-0.7809259999999085
2021-08-15 14:00:00,2733.05371,2732.135239,2732.4071,-0.9184709999999541,-0.646610000000237,-0.7825405000000956
2021-08-15 14:15:00,2733.055072,2732.137422,2732.408009,-0.9176500000003216,-0.6470629999998891,-0.7823565000001054
2021-08-15 14:30:00,2733.055069,2732.137829,2732.407157,-0.9172400000002199,-0.6479119999999057,-0.7825760000000628
2021-08-15 14:45:00,2733.053903,2732.135181,2732.407287,-0.9187219999998888,-0.6466159999999945,-0.7826689999999417
2021-08-15 15:00:00,2733.053126,2732.132923,2732.410011,-0.9202029999996739,-0.6431149999998524,-0.7816589999997632
2021-08-15 15:15:00,2733.051377,2732.134983,2732.40752,-0.9163939999998547,-0.6438569999995707,-0.7801254999997127
2021-08-15 15:30:00,2733.052733,2732.13634,2732.404533,-0.9163929999999709,-0.648200000000088,-0.7822965000000295
2021-08-15 15:45:00,2733.053316,2732.135444,2732.408164,-0.9178719999999885,-0.6451520000000528,-0.7815120000000206
2021-08-15 16:00:00,2733.05215,2732.132525,2732.405246,-0.9196249999999964,-0.6469040000001769,-0.7832645000000866
2021-08-15 16:15:00,2733.050984,2732.131628,2732.40583,-0.9193559999998797,-0.6451539999998204,-0.78225499999985
2021-08-15 16:45:00,2733.05138,2732.133185,2732.407387,-0.9181949999997414,-0.6439929999996821,-0.7810939999997117
2021-08-15 17:00:00,2733.052347,2732.134473,2732.402107,-0.917873999999756,-0.6502399999999398,-0.7840569999998479
2021-08-15 17:15:00,2733.052733,2732.134859,2732.40758,-0.9178740000002108,-0.6451529999999366,-0.7815135000000737
2021-08-15 17:30:00,2733.054483,2732.130146,2732.404531,-0.9243369999999231,-0.6499519999997574,-0.7871444999998403
2021-08-15 17:45:00,2733.053123,2732.127796,2732.403171,-0.9253269999999247,-0.6499520000002121,-0.7876395000000684
2021-08-15 18:00:00,2733.053713,2732.131617,2732.401582,-0.9220959999997831,-0.6521309999998266,-0.7871134999998048
2021-08-15 18:15:00,2733.055852,2732.13366,2732.404446,-0.9221919999999955,-0.6514059999999517,-0.7867989999999736
2021-08-15 18:30:00,2733.056242,2732.13329,2732.400904,-0.9229519999998956,-0.6553380000000288,-0.7891449999999622
2021-08-15 18:45:00,2733.06149,2732.137282,2732.407,-0.9242079999999078,-0.6544899999998961,-0.7893489999999019
2021-08-15 19:00:00,2733.06324,2732.135311,2732.403109,-0.9279289999999492,-0.6601310000000922,-0.7940300000000207
2021-08-15 19:15:00,2733.06207,2732.129748,2732.404239,-0.9323220000001129,-0.6578309999999874,-0.7950765000000501
2021-08-15 19:30:00,2733.059931,2732.130129,2732.404301,-0.9298019999996541,-0.6556299999997464,-0.7927159999997002
2021-08-15 19:45:00,2733.059348,2732.134918,2732.402692,-0.9244300000000294,-0.6566560000001118,-0.7905430000000706
2021-08-15 20:00:00,2733.060324,2732.135625,2732.404964,-0.924699000000146,-0.6553600000002007,-0.7900295000001734
2021-08-15 20:15:00,2733.059158,2732.133469,2732.4025,-0.9256890000001476,-0.6566579999998794,-0.7911735000000135
2021-08-15 20:45:00,2733.059354,2732.135727,2732.403277,-0.9236270000001241,-0.6560770000000957,-0.7898520000001099
2021-08-15 21:00:00,2733.060324,2732.134947,2732.404534,-0.9253770000000259,-0.6557900000002519,-0.7905835000001389
2021-08-15 21:15:00,2733.062656,2732.1367,2732.405118,-0.925956000000042,-0.6575379999999313,-0.7917469999999867
2021-08-15 21:30:00,2733.067322,2732.132476,2732.403237,-0.9348459999996521,-0.6640849999998863,-0.7994654999997692
2021-08-15 21:45:00,2733.062463,2732.130046,2732.401877,-0.9324169999999867,-0.6605860000004213,-0.796501500000204
2021-08-15 22:00:00,2733.064602,2732.133936,2732.405768,-0.9306659999997464,-0.6588339999998425,-0.7947499999997945
2021-08-15 22:15:00,2733.062656,2732.130239,2732.406416,-0.9324169999999867,-0.6562400000002526,-0.7943285000001197
2021-08-15 22:30:00,2733.06149,2732.130823,2732.405701,-0.930667000000085,-0.6557889999999134,-0.7932279999999992
2021-08-15 22:45:00,2733.059548,2732.133371,2732.405508,-0.9261770000002798,-0.6540400000003501,-0.790108500000315
2021-08-15 23:00:00,2733.06266,2732.134733,2732.405121,-0.9279270000001816,-0.6575390000002699,-0.7927330000002257
2021-08-15 23:15:00,2733.060327,2732.135221,2732.406288,-0.9251060000001416,-0.6540390000000116,-0.7895725000000766
2021-08-15 23:45:00,2733.062067,2732.134631,2732.403661,-0.9274359999999433,-0.6584060000000136,-0.7929209999999784
2021-08-16 00:00:00,2733.059734,2732.133558,2732.403077,-0.9261759999999413,-0.6566569999999956,-0.7914164999999684
2021-08-16 00:15:00,2733.058958,2732.13387,2732.404051,-0.9250879999999597,-0.6549070000000938,-0.7899975000000268
2021-08-16 00:30:00,2733.058571,2732.135234,2732.406711,-0.9233370000001742,-0.6518599999999424,-0.7875985000000583
2021-08-16 00:45:00,2733.058571,2732.134466,2732.404691,-0.9241050000000541,-0.6538799999998446,-0.7889924999999494
2021-08-16 01:00:00,2733.058378,2732.132791,2732.404498,-0.9255870000001778,-0.6538800000002993,-0.7897335000002386
2021-08-16 01:15:00,2733.058575,2732.136529,2732.404693,-0.9220460000001367,-0.6538820000000669,-0.7879640000001018
2021-08-16 01:30:00,2733.060707,2732.138084,2732.406248,-0.9226229999999305,-0.6544590000003154,-0.788541000000123
2021-08-16 01:45:00,2733.060121,2732.138487,2732.40667,-0.9216339999998127,-0.6534510000001319,-0.7875424999999723
2021-08-16 02:00:00,2733.0609,2732.140748,2732.405415,-0.9201520000001437,-0.6554849999997714,-0.7878184999999576
2021-08-16 02:15:00,2733.058568,2732.141915,2732.408619,-0.9166529999997692,-0.649949000000106,-0.7833009999999376
2021-08-16 02:30:00,2733.058568,2732.141147,2732.402644,-0.917421000000104,-0.655924000000141,-0.7866725000001225
2021-08-16 02:45:00,2733.0609,2732.141729,2732.406273,-0.9191710000000057,-0.6546269999998913,-0.7868989999999485
2021-08-16 03:00:00,2733.059734,2732.139851,2732.405998,-0.9198830000000271,-0.6537359999997534,-0.7868094999998902
2021-08-16 03:15:00,2733.059734,2732.139081,2732.401199,-0.9206530000001294,-0.658535000000029,-0.7895940000000792
2021-08-16 03:30:00,2733.058568,2732.140166,2732.403081,-0.9184019999997872,-0.6554869999999937,-0.7869444999998905
2021-08-16 04:15:00,2733.058568,2732.142897,2732.40483,-0.9156709999997474,-0.6537379999999757,-0.7847044999998616
2021-08-16 04:30:00,2733.058568,2732.139666,2732.403533,-0.9189019999998891,-0.6550349999997707,-0.7869684999998299
2021-08-16 05:00:00,2733.059151,2732.143211,2732.399319,-0.9159399999998641,-0.6598319999998239,-0.787885999999844
2021-08-16 05:15:00,2733.057985,2732.142312,2732.404248,-0.9156729999999698,-0.6537370000000919,-0.7847050000000309
2021-08-16 05:30:00,2733.059734,2732.141331,2732.402951,-0.9184030000001258,-0.6567829999999049,-0.7875930000000153
2021-08-16 05:45:00,2733.060317,2732.141416,2732.405285,-0.9189010000000053,-0.6550320000001193,-0.7869665000000623
2021-08-16 06:00:00,2733.058958,2732.145037,2732.403925,-0.9139210000003004,-0.6550330000000031,-0.7844770000001517
2021-08-16 06:15:00,2733.060514,2732.146323,2732.404591,-0.9141909999998461,-0.6559229999998024,-0.7850569999998243
2021-08-16 06:30:00,2733.058568,2732.144379,2732.405572,-0.9141890000000785,-0.6529959999998027,-0.7835924999999406
2021-08-16 06:45:00,2733.059151,2732.14173,2732.406275,-0.917421000000104,-0.6528760000001057,-0.7851485000001048
2021-08-16 07:00:00,2733.059734,2732.143794,2732.408037,-0.9159399999998641,-0.6516969999997855,-0.7838184999998248
2021-08-16 07:30:00,2733.056818,2732.142627,2732.406869,-0.9141909999998461,-0.649949000000106,-0.7820699999999761
2021-08-16 07:45:00,2733.060317,2732.140877,2732.408167,-0.9194400000001224,-0.6521499999998923,-0.7857950000000073
2021-08-16 08:00:00,2733.057595,2732.143404,2732.404598,-0.9141910000003008,-0.6529970000001413,-0.7835940000002211
2021-08-16 08:15:00,2733.056622,2732.147141,2732.403625,-0.9094810000001416,-0.6529970000001413,-0.7812390000001415
2021-08-16 08:30:00,2733.058178,2732.143987,2732.406479,-0.9141910000003008,-0.6516990000000078,-0.7829450000001543
2021-08-16 08:45:00,2733.056815,2732.142622,2732.405115,-0.9141930000000684,-0.6516999999998916,-0.78294649999998
2021-08-16 09:00:00,2733.053899,2732.141455,2732.406997,-0.9124440000000504,-0.6469019999999546,-0.7796730000000025
2021-08-16 10:00:00,2733.056815,2732.143121,2732.402068,-0.9136939999998503,-0.654747000000043,-0.7842204999999467
2021-08-16 10:15:00,2733.055649,2732.142936,2732.399604,-0.9127129999997123,-0.6560449999997218,-0.784378999999717
2021-08-16 11:00:00,2733.053899,2732.144415,2732.402198,-0.909483999999793,-0.6517009999997754,-0.7805924999997842
2021-08-16 11:15:00,2733.056232,2732.141767,2732.400744,-0.9144649999998364,-0.6554879999998775,-0.784976499999857
2021-08-16 11:30:00,2733.056039,2732.143324,2732.399254,-0.9127149999999347,-0.6567850000001272,-0.7847500000000309
2021-08-16 11:45:00,2733.055652,2732.144418,2732.398867,-0.9112340000001495,-0.6567850000001272,-0.7840095000001384
2021-08-16 12:00:00,2733.055652,2732.143927,2732.397569,-0.9117249999999331,-0.6580829999998059,-0.7849039999998695
2021-08-16 12:15:00,2733.056818,2732.141863,2732.400894,-0.9149550000001909,-0.655924000000141,-0.7854395000001659
2021-08-16 12:30:00,2733.056042,2732.143906,2732.399847,-0.9121360000003733,-0.6561950000000252,-0.7841655000001992
2021-08-16 12:45:00,2733.056828,2732.142622,2732.398747,-0.9142060000003767,-0.6580810000000383,-0.7861435000002075
2021-08-16 13:00:00,2733.055079,2732.140871,2732.396997,-0.9142080000001442,-0.6580820000003769,-0.7861450000002606
2021-08-16 13:15:00,2733.056439,2732.145872,2732.398357,-0.9105669999999009,-0.6580819999999221,-0.7843244999999115
2021-08-16 13:30:00,2733.055659,2732.143611,2732.401348,-0.9120480000001407,-0.6543110000002343,-0.7831795000001875
2021-08-16 13:45:00,2733.060707,2732.146242,2732.404785,-0.9144650000002912,-0.6559219999999186,-0.7851935000001049
2021-08-16 14:00:00,2733.066735,2732.14231,2732.408614,-0.924424999999701,-0.6581209999999373,-0.7912729999998191
2021-08-16 14:15:00,2733.066735,2732.140829,2732.39947,-0.9259059999999408,-0.6672650000000431,-0.796585499999992
2021-08-16 14:30:00,2733.065569,2732.139252,2732.403101,-0.9263169999999263,-0.6624679999999898,-0.7943924999999581
2021-08-16 15:00:00,2733.064979,2732.142883,2732.403539,-0.9220960000002378,-0.6614400000003116,-0.7917680000002747
2021-08-16 15:15:00,2733.063819,2732.141731,2732.403086,-0.9220879999998033,-0.6607330000001639,-0.7914104999999836
2021-08-16 15:30:00,2733.065376,2732.144769,2732.404643,-0.9206070000000182,-0.6607330000001639,-0.790670000000091
2021-08-16 15:45:00,2733.064406,2732.1438,2732.403671,-0.9206060000001344,-0.6607349999999315,-0.7906705000000329
2021-08-16 16:00:00,2733.06324,2732.141151,2732.402218,-0.9220890000001418,-0.6610219999997753,-0.7915554999999586
2021-08-16 16:15:00,2733.063823,2732.143215,2732.404839,-0.920607999999902,-0.6589840000001459,-0.7897960000000239
2021-08-16 16:30:00,2733.062267,2732.143408,2732.401984,-0.918858999999884,-0.6602829999997084,-0.7895709999997962
2021-08-16 16:45:00,2733.064209,2732.142121,2732.403476,-0.922088000000258,-0.6607330000001639,-0.791410500000211
2021-08-16 17:00:00,2733.06188,2732.144772,2732.404358,-0.9171080000000984,-0.6575220000004265,-0.7873150000002624
2021-08-16 17:15:00,2733.065575,2732.145238,2732.403258,-0.9203370000000177,-0.6623170000002574,-0.7913270000001376
2021-08-16 17:30:00,2733.061687,2732.141617,2732.401117,-0.9200699999996687,-0.660570000000007,-0.7903199999998378
2021-08-16 17:45:00,2733.06324,2732.143562,2732.403968,-0.9196779999997489,-0.6592719999998735,-0.7894749999998112
2021-08-16 18:00:00,2733.062267,2732.142588,2732.399947,-0.9196789999996327,-0.6623199999999088,-0.7909994999997707
2021-08-16 18:15:00,2733.063236,2732.1458,2732.402954,-0.9174360000001798,-0.6602819999998246,-0.7888590000000022
2021-08-16 18:30:00,2733.06071,2732.142782,2732.40014,-0.9179280000003018,-0.660570000000007,-0.7892490000001544
2021-08-16 18:45:00,2733.060907,2732.144729,2732.402087,-0.9161779999999453,-0.6588200000001052,-0.7874990000000253
2021-08-16 19:00:00,2733.06149,2732.145312,2732.402671,-0.9161779999999453,-0.6588190000002214,-0.7874985000000834
2021-08-16 19:15:00,2733.059548,2732.142208,2732.402024,-0.9173399999999674,-0.6575240000001941,-0.7874320000000807
2021-08-16 19:30:00,2733.062077,2732.145239,2732.401507,-0.916838000000098,-0.660570000000007,-0.7887040000000525
2021-08-16 19:45:00,2733.06091,2732.141823,2732.403387,-0.9190870000002178,-0.6575230000003103,-0.788305000000264
2021-08-16 20:00:00,2733.061104,2732.146014,2732.402284,-0.9150899999999638,-0.6588200000001052,-0.7869550000000345
2021-08-16 20:15:00,2733.06285,2732.143173,2732.40228,-0.9196769999998651,-0.660570000000007,-0.790123499999936
2021-08-16 20:30:00,2733.060127,2732.143948,2732.403345,-0.9161790000002838,-0.6567820000000211,-0.7864805000001525
2021-08-16 20:45:00,2733.060517,2732.145821,2732.401697,-0.9146959999998217,-0.6588200000001052,-0.7867579999999634
2021-08-16 21:00:00,2733.058571,2732.142393,2732.40049,-0.9161779999999453,-0.6580810000000383,-0.7871294999999918
2021-08-16 21:15:00,2733.058768,2732.144831,2732.400688,-0.9139369999998053,-0.6580799999996998,-0.7860084999997525
2021-08-16 21:30:00,2733.058578,2732.142578,2732.40122,-0.9160000000001673,-0.657357999999931,-0.7866790000000492
2021-08-16 21:45:00,2733.059154,2732.145226,2732.403684,-0.9139279999999417,-0.6554700000001503,-0.784699000000046
2021-08-16 22:00:00,2733.057988,2732.144059,2732.403814,-0.9139289999998255,-0.6541740000002392,-0.7840515000000323
2021-08-16 22:15:00,2733.058571,2732.143163,2732.406148,-0.915407999999843,-0.6524229999999989,-0.7839154999999209
2021-08-16 23:00:00,2733.057412,2732.141003,2732.4031,-0.9164089999999305,-0.6543120000001181,-0.7853605000000243
2021-08-16 23:15:00,2733.057995,2732.143067,2732.401663,-0.9149280000001454,-0.6563320000000203,-0.7856300000000829
2021-08-16 23:30:00,2733.056245,2732.141996,2732.399913,-0.9142490000003818,-0.6563320000000203,-0.7852905000002011
2021-08-16 23:45:00,2733.057412,2732.142894,2732.402377,-0.9145180000000437,-0.6550350000002254,-0.7847765000001345
2021-08-17 00:30:00,2733.058578,2732.14406,2732.403545,-0.9145180000000437,-0.6550330000000031,-0.7847755000000234
2021-08-17 00:45:00,2733.059161,2732.146125,2732.40108,-0.91303599999992,-0.6580810000000383,-0.7855584999999792
2021-08-17 01:00:00,2733.061873,2732.144037,2732.402633,-0.9178360000000794,-0.6592399999999543,-0.7885380000000168
2021-08-17 01:15:00,2733.057988,2732.148452,2732.403407,-0.9095360000001165,-0.6545810000002348,-0.7820585000001756
2021-08-17 01:30:00,2733.057988,2732.146292,2732.399906,-0.91169600000012,-0.6580819999999221,-0.784889000000021
2021-08-17 01:45:00,2733.056822,2732.144634,2732.400488,-0.9121879999997873,-0.6563339999997879,-0.7842609999997876
2021-08-17 02:00:00,2733.060321,2732.147865,2732.400943,-0.9124560000000201,-0.6593779999998333,-0.7859169999999267
2021-08-17 02:15:00,2733.059154,2732.145217,2732.402823,-0.91393700000026,-0.6563310000001366,-0.7851340000001983
2021-08-17 02:30:00,2733.06071,2732.146505,2732.400878,-0.9142050000000381,-0.6598320000002786,-0.7870185000001584
2021-08-17 02:45:00,2733.057018,2732.14483,2732.403733,-0.9121879999997873,-0.6532849999998689,-0.7827364999998281
2021-08-17 03:00:00,2733.055656,2732.146698,2732.400331,-0.9089579999999842,-0.6553250000001754,-0.7821415000000798
2021-08-17 03:15:00,2733.055462,2732.147495,2732.402176,-0.907966999999644,-0.6532859999997527,-0.7806264999996984
2021-08-17 03:45:00,2733.058378,2732.14543,2732.401306,-0.9129480000001422,-0.657071999999971,-0.7850100000000566
2021-08-17 04:00:00,2733.056242,2732.141813,2732.405264,-0.9144289999999273,-0.6509780000001228,-0.7827035000000251
2021-08-17 04:15:00,2733.059158,2732.14446,2732.40468,-0.914698000000044,-0.6544779999999264,-0.7845879999999852
2021-08-17 04:30:00,2733.062463,2732.147767,2732.403643,-0.9146960000002764,-0.6588200000001052,-0.7867580000001908
2021-08-17 04:45:00,2733.060521,2732.148662,2732.406497,-0.9118589999998221,-0.6540239999999358,-0.7829414999998789
2021-08-17 05:00:00,2733.057991,2732.147882,2732.40267,-0.9101089999999203,-0.6553210000001854,-0.7827150000000529
2021-08-17 05:15:00,2733.059158,2732.14905,2732.405875,-0.9101080000000366,-0.6532830000001013,-0.7816955000000689
2021-08-17 05:30:00,2733.058575,2732.144145,2732.40455,-0.9144299999998111,-0.6540249999998196,-0.7842274999998153
2021-08-17 05:45:00,2733.059158,2732.146209,2732.407172,-0.912949000000026,-0.6519859999998516,-0.7824674999999388
2021-08-17 06:15:00,2733.059158,2732.147959,2732.410219,-0.9111990000001242,-0.6489390000001549,-0.7800690000001396
2021-08-17 06:30:00,2733.058185,2732.148736,2732.40665,-0.9094489999997677,-0.6515349999999671,-0.7804919999998674
2021-08-17 06:45:00,2733.057405,2732.145214,2732.40587,-0.9121909999998934,-0.6515349999999671,-0.7818629999999303
2021-08-17 07:00:00,2733.056822,2732.147862,2732.405287,-0.9089600000002065,-0.6515349999999671,-0.7802475000000868
2021-08-17 07:15:00,2733.057988,2732.146789,2732.406455,-0.9111990000001242,-0.6515330000001995,-0.7813660000001619
2021-08-17 07:30:00,2733.059737,2732.150779,2732.405157,-0.9089579999999842,-0.6545799999998962,-0.7817689999999402
2021-08-17 07:45:00,2733.057988,2732.15226,2732.407752,-0.905728000000181,-0.6502359999999499,-0.7779820000000655
2021-08-17 08:00:00,2733.058571,2732.151093,2732.406585,-0.9074780000000828,-0.6519859999998516,-0.7797319999999672
2021-08-17 08:15:00,2733.055852,2732.14689,2732.404586,-0.9089619999999741,-0.6512659999998505,-0.7801139999999123
2021-08-17 08:30:00,2733.056828,2732.146118,2732.402514,-0.9107100000001083,-0.6543140000003405,-0.7825120000002244
2021-08-17 08:45:00,2733.058964,2732.147984,2732.402901,-0.910979999999654,-0.6560629999999037,-0.7835214999997788
2021-08-17 09:00:00,2733.057988,2732.150238,2732.402951,-0.9077499999998508,-0.655036999999993,-0.7813934999999219
2021-08-17 09:15:00,2733.056239,2732.147007,2732.404249,-0.9092319999999745,-0.6519899999998415,-0.780610999999908
2021-08-17 09:30:00,2733.056822,2732.145349,2732.40613,-0.9114730000001146,-0.6506920000001628,-0.7810825000001387
2021-08-17 10:15:00,2733.057405,2732.149163,2732.39932,-0.9082419999999729,-0.6580850000000282,-0.7831635000000006
2021-08-17 10:30:00,2733.055852,2732.149851,2732.399517,-0.9060009999998329,-0.6563350000001265,-0.7811679999999797
2021-08-17 10:45:00,2733.053716,2732.146233,2732.39738,-0.9074829999999565,-0.6563360000000102,-0.7819094999999834
2021-08-17 11:00:00,2733.054489,2732.144765,2732.401202,-0.9097240000000966,-0.6532870000000912,-0.7815055000000939
2021-08-17 11:15:00,2733.055072,2732.146828,2732.403082,-0.9082440000001952,-0.6519900000002963,-0.7801170000002458
2021-08-17 11:30:00,2733.053906,2732.147411,2732.400617,-0.9064950000001772,-0.6532890000003135,-0.7798920000002454
2021-08-17 11:45:00,2733.053713,2732.143988,2732.399683,-0.9097249999999804,-0.6540299999996932,-0.7818774999998368
2021-08-17 12:00:00,2733.053909,2732.144184,2732.39988,-0.9097249999999804,-0.6540290000002642,-0.7818770000001223
2021-08-17 12:15:00,2733.054493,2732.143285,2732.400463,-0.9112079999999878,-0.654030000000148,-0.7826190000000679
2021-08-17 12:30:00,2733.056632,2732.143675,2732.402605,-0.9129570000000058,-0.6540269999995871,-0.7834919999997965
2021-08-17 12:45:00,2733.055269,2732.145552,2732.403707,-0.9097170000000006,-0.6515620000000126,-0.7806395000000066
2021-08-17 13:00:00,2733.05313,2732.140949,2732.403317,-0.9121809999996913,-0.6498129999999946,-0.780996999999843
2021-08-17 13:15:00,2733.053909,2732.142442,2732.397262,-0.9114670000003571,-0.6566470000002482,-0.7840570000003027
2021-08-17 13:30:00,2733.051963,2732.139282,2732.40316,-0.9126809999997931,-0.6488030000000435,-0.7807419999999183
2021-08-17 13:45:00,2733.055069,2732.145352,2732.401471,-0.9097170000000006,-0.6535979999998744,-0.7816574999999375
2021-08-17 14:00:00,2733.05332,2732.14387,2732.401469,-0.9094500000001062,-0.6518510000000788,-0.7806505000000925
2021-08-17 14:15:00,2733.055652,2732.143693,2732.397707,-0.9119590000000244,-0.657944999999927,-0.7849519999999757
2021-08-17 14:45:00,2733.055652,2732.143283,2732.403351,-0.9123690000001261,-0.6523010000000795,-0.7823350000001028
2021-08-17 15:00:00,2733.052543,2732.143673,2732.402444,-0.9088699999997516,-0.6500989999999547,-0.7794844999998531
2021-08-17 15:15:00,2733.053323,2732.143962,2732.402499,-0.9093609999999899,-0.6508240000002843,-0.7800925000001371
2021-08-17 15:30:00,2733.055069,2732.141898,2732.400619,-0.9131710000001476,-0.6544499999999971,-0.7838105000000724
2021-08-17 15:45:00,2733.056822,2732.14073,2732.397413,-0.9160919999999351,-0.6594089999998687,-0.7877504999999019
2021-08-17 16:00:00,2733.05371,2732.143768,2732.401009,-0.9099420000002283,-0.6527009999999791,-0.7813215000001037
2021-08-17 16:15:00,2733.053323,2732.142973,2732.399882,-0.9103500000001077,-0.6534409999999298,-0.7818955000000187
2021-08-17 16:30:00,2733.05274,2732.143372,2732.406133,-0.9093680000000859,-0.6466070000001309,-0.7779875000001084
2021-08-17 16:45:00,2733.05274,2732.140139,2732.401047,-0.9126009999999951,-0.6516930000002503,-0.7821470000001227
2021-08-17 17:00:00,2733.05371,2732.142592,2732.399837,-0.9111179999999877,-0.6538730000002033,-0.7824955000000955
2021-08-17 17:15:00,2733.054679,2732.138848,2732.400807,-0.9158309999997982,-0.6538719999998648,-0.7848514999998315
2021-08-17 17:30:00,2733.051574,2732.142205,2732.396402,-0.9093689999999697,-0.6551720000002206,-0.7822705000000951
2021-08-17 17:45:00,2733.051377,2732.14524,2732.398386,-0.9061369999999442,-0.652990999999929,-0.7795639999999366
2021-08-17 18:00:00,2733.054483,2732.141884,2732.397706,-0.9125989999997728,-0.6567769999996926,-0.7846879999997327
2021-08-17 18:15:00,2733.053316,2732.14395,2732.399156,-0.9093659999998636,-0.6541600000000471,-0.7817629999999554
2021-08-17 18:30:00,2733.050984,2732.138385,2732.398119,-0.9125989999997728,-0.6528650000000198,-0.7827319999998963
2021-08-17 18:45:00,2733.05215,2732.143773,2732.401323,-0.9083770000002005,-0.6508269999999357,-0.7796020000000681
2021-08-17 19:00:00,2733.053899,2732.142783,2732.400026,-0.9111160000002201,-0.6538730000002033,-0.7824945000002117
2021-08-17 19:15:00,2733.055649,2732.146015,2732.401776,-0.9096340000000964,-0.6538729999997486,-0.7817534999999225
2021-08-17 19:30:00,2733.056815,2732.143952,2732.399896,-0.9128630000000157,-0.6569190000000162,-0.784891000000016
2021-08-17 19:45:00,2733.051764,2732.144147,2732.401389,-0.9076169999998456,-0.6503749999997126,-0.7789959999997791
2021-08-17 20:00:00,2733.053906,2732.147504,2732.400032,-0.906402000000071,-0.6538740000000871,-0.780138000000079
2021-08-17 20:15:00,2733.052157,2732.144273,2732.400461,-0.9078840000001946,-0.6516959999999017,-0.7797900000000482
2021-08-17 20:30:00,2733.05235,2732.145646,2732.399645,-0.9067039999999906,-0.652704999999969,-0.7797044999999798
2021-08-17 20:45:00,2733.050987,2732.146032,2732.403079,-0.9049549999999726,-0.6479079999999158,-0.7764314999999442
2021-08-17 21:00:00,2733.052153,2732.143969,2732.402496,-0.908183999999892,-0.6496569999999338,-0.7789204999999129
2021-08-17 21:15:00,2733.054099,2732.146717,2732.402244,-0.9073819999998705,-0.6518550000000687,-0.7796184999999696
2021-08-17 21:30:00,2733.054486,2732.144553,2732.401334,-0.90993299999991,-0.6531519999998636,-0.7815424999998868
2021-08-17 21:45:00,2733.051184,2732.144481,2732.402828,-0.9067030000001068,-0.6483559999996942,-0.7775294999999005
2021-08-17 22:00:00,2733.051577,2732.148107,2732.400173,-0.9034700000001976,-0.6514040000001842,-0.7774370000001909
2021-08-17 22:15:00,2733.050411,2732.144469,2732.395959,-0.9059420000003229,-0.6544520000002194,-0.7801970000002711
2021-08-17 22:45:00,2733.05216,2732.14595,2732.399006,-0.906210000000101,-0.6531540000000859,-0.7796820000000935
2021-08-17 23:00:00,2733.051577,2732.145636,2732.405258,-0.9059409999999843,-0.6463190000004033,-0.7761300000001938
2021-08-17 23:15:00,2733.05352,2732.145562,2732.403701,-0.9079579999997804,-0.6498189999997521,-0.7788884999997663
2021-08-17 23:30:00,2733.05138,2732.148402,2732.40331,-0.9029780000000756,-0.6480699999997341,-0.7755239999999048
2021-08-18 00:00:00,2733.05313,2732.145173,2732.400715,-0.9079569999998967,-0.6524149999995643,-0.7801859999997305
2021-08-18 00:15:00,2733.050411,2732.145953,2732.401495,-0.9044579999999769,-0.6489160000000993,-0.7766870000000381
2021-08-18 00:30:00,2733.05177,2732.148795,2732.399355,-0.9029749999999694,-0.6524150000000191,-0.7776949999999943
2021-08-18 00:45:00,2733.05274,2732.148676,2732.403374,-0.9040640000002895,-0.6493660000001,-0.7767150000001948
2021-08-18 01:00:00,2733.05099,2732.145054,2732.404671,-0.9059360000001107,-0.6463190000004033,-0.776127500000257
2021-08-18 01:15:00,2733.05313,2732.147585,2732.403764,-0.9055449999996199,-0.6493659999996453,-0.7774554999996326
2021-08-18 01:30:00,2733.052743,2732.148288,2732.404674,-0.9044550000003255,-0.6480690000003051,-0.7762620000003153
2021-08-18 01:45:00,2733.05216,2732.146944,2732.399003,-0.9052160000001095,-0.6531570000001921,-0.7791865000001508
2021-08-18 02:15:00,2733.052743,2732.14901,2732.399588,-0.903733000000102,-0.6531549999999697,-0.7784440000000359
2021-08-18 02:30:00,2733.054296,2732.150562,2732.40244,-0.9037339999999858,-0.6518559999999525,-0.7777949999999691
2021-08-18 02:45:00,2733.055069,2732.152818,2732.400165,-0.9022509999999784,-0.6549039999999877,-0.778577499999983
2021-08-18 03:00:00,2733.052933,2732.147719,2732.398481,-0.9052139999998872,-0.6544519999997647,-0.7798329999998259
2021-08-18 03:15:00,2733.05313,2732.149666,2732.398678,-0.9034639999999854,-0.6544519999997647,-0.778957999999875
2021-08-18 03:30:00,2733.056818,2732.147696,2732.399895,-0.9091220000000249,-0.6569230000000061,-0.7830225000000155
2021-08-18 03:45:00,2733.055459,2732.150246,2732.400285,-0.9052130000000034,-0.6551739999999882,-0.7801934999999958
2021-08-18 04:00:00,2733.054489,2732.150347,2732.403659,-0.90414200000032,-0.6508300000000418,-0.7774860000001809
2021-08-18 04:30:00,2733.053323,2732.15192,2732.401194,-0.9014030000003004,-0.652129000000059,-0.7767660000001797
2021-08-18 04:45:00,2733.053906,2732.151514,2732.397434,-0.9023919999999634,-0.6564720000001216,-0.7794320000000425
2021-08-18 05:15:00,2733.055849,2732.149957,2732.401972,-0.905891999999767,-0.6538769999997385,-0.7798844999997527
2021-08-18 05:30:00,2733.05196,2732.152798,2732.399257,-0.8991619999997056,-0.6527029999997467,-0.7759324999997261
2021-08-18 06:00:00,2733.055069,2732.154568,2732.399894,-0.9005010000000766,-0.6551749999998719,-0.7778379999999743
2021-08-18 06:15:00,2733.056818,2732.153087,2732.401914,-0.9037309999998797,-0.6549039999999877,-0.7793174999999337
2021-08-18 06:30:00,2733.056235,2732.154254,2732.398737,-0.9019809999999779,-0.6574980000000323,-0.7797395000000051
2021-08-18 06:45:00,2733.056818,2732.152097,2732.403666,-0.9047209999998813,-0.6531519999998636,-0.7789364999998725
2021-08-18 07:00:00,2733.054099,2732.152117,2732.404733,-0.9019819999998617,-0.6493660000001,-0.7756739999999809
2021-08-18 07:15:00,2733.053909,2732.151927,2732.399457,-0.9019820000003165,-0.6544520000002194,-0.7782170000002679
2021-08-18 07:30:00,2733.057991,2732.153991,2732.402079,-0.9039999999999964,-0.6559120000001712,-0.7799560000000838
2021-08-18 07:45:00,2733.057991,2732.154652,2732.403829,-0.9033389999999599,-0.6541620000002695,-0.7787505000001147
2021-08-18 08:00:00,2733.053909,2732.149185,2732.402792,-0.9047239999999874,-0.6511170000003403,-0.7779205000001639
2021-08-18 08:15:00,2733.05352,2732.149785,2732.401104,-0.9037349999998696,-0.6524159999999029,-0.7780754999998862
2021-08-18 08:45:00,2733.055659,2732.150426,2732.400324,-0.9052329999999529,-0.6553349999999227,-0.7802839999999378
2021-08-18 09:30:00,2733.053906,2732.149841,2732.402789,-0.9040650000001733,-0.6511169999998856,-0.7775910000000295
2021-08-18 10:00:00,2733.05274,2732.149173,2732.402919,-0.9035670000002938,-0.6498209999999744,-0.7766940000001341
2021-08-18 10:15:00,2733.05352,2732.152014,2732.403269,-0.901506000000154,-0.6502510000000257,-0.7758785000000898
2021-08-18 10:30:00,2733.054879,2732.146912,2732.402879,-0.907966999999644,-0.6519999999995889,-0.7799834999996165
2021-08-18 10:45:00,2733.05235,2732.152013,2732.403271,-0.9003370000000359,-0.6490789999998015,-0.7747079999999187
2021-08-18 11:00:00,2733.05157,2732.151233,2732.403786,-0.9003370000000359,-0.6477840000002288,-0.7740605000001324
2021-08-18 11:15:00,2733.053906,2732.151631,2732.401165,-0.9022749999999178,-0.6527409999998781,-0.777507999999898
2021-08-18 11:30:00,2733.050794,2732.148205,2732.403011,-0.9025890000002619,-0.647783000000345,-0.7751860000003035
2021-08-18 12:00:00,2733.053909,2732.149171,2732.404216,-0.9047380000001795,-0.6496930000002976,-0.7772155000002385
2021-08-18 12:15:00,2733.05099,2732.14594,2732.399872,-0.9050500000003012,-0.6511180000002241,-0.7780840000002627
2021-08-18 12:30:00,2733.05099,2732.147421,2732.401169,-0.9035690000000614,-0.6498209999999744,-0.7766950000000179
2021-08-18 13:00:00,2733.048075,2732.144773,2732.400002,-0.903302000000167,-0.648073000000295,-0.775687500000231
2021-08-18 13:15:00,2733.050214,2732.145753,2732.399095,-0.904461000000083,-0.6511189999996532,-0.7777899999998681
2021-08-18 13:30:00,2733.050411,2732.149179,2732.399005,-0.9012320000001637,-0.6514059999999517,-0.7763190000000577
2021-08-18 13:45:00,2733.049244,2732.144781,2732.397838,-0.9044629999998506,-0.6514059999999517,-0.7779344999999012
2021-08-18 14:00:00,2733.050797,2732.144585,2732.396343,-0.9062119999998686,-0.654453999999987,-0.7803329999999278
2021-08-18 14:15:00,2733.051184,2732.144971,2732.399325,-0.9062129999997524,-0.6518590000000586,-0.7790359999999055
2021-08-18 14:30:00,2733.050214,2732.145751,2732.401402,-0.9044629999998506,-0.6488119999999071,-0.7766374999998789
2021-08-18 14:45:00,2733.050401,2732.145938,2732.399713,-0.9044629999998506,-0.6506880000001729,-0.7775755000000117
2021-08-18 15:00:00,2733.047875,2732.14691,2732.400685,-0.9009650000002694,-0.6471900000001369,-0.7740775000002031
2021-08-18 15:15:00,2733.049238,2732.146525,2732.402624,-0.9027129999999488,-0.646614000000227,-0.7746635000000879
2021-08-18 15:45:00,2733.052153,2732.147201,2732.402492,-0.9049519999998665,-0.6496609999999237,-0.7773064999998951
2021-08-18 16:00:00,2733.05157,2732.143386,2732.40191,-0.908183999999892,-0.6496600000000399,-0.7789219999999659
2021-08-18 16:15:00,2733.049238,2732.147515,2732.401327,-0.9017229999999472,-0.6479110000000219,-0.7748169999999845
2021-08-18 16:30:00,2733.050404,2732.145449,2732.398148,-0.9049549999999726,-0.6522559999998521,-0.7786054999999124
2021-08-18 16:45:00,2733.052153,2732.146211,2732.401195,-0.9059419999998681,-0.6509580000001733,-0.7784500000000207
2021-08-18 17:00:00,2733.048071,2732.144867,2732.397566,-0.9032040000001871,-0.6505050000000665,-0.7768545000001268
2021-08-18 17:15:00,2733.049821,2732.145627,2732.398863,-0.9041940000001887,-0.6509580000001733,-0.777576000000181
2021-08-18 17:30:00,2733.048071,2732.14711,2732.400158,-0.9009610000002795,-0.6479130000002442,-0.7744370000002618
2021-08-18 18:00:00,2733.046515,2732.147302,2732.397304,-0.8992130000001453,-0.6492109999999229,-0.7742120000000341
2021-08-18 18:15:00,2733.051184,2732.147713,2732.396007,-0.9034710000000814,-0.6551770000000943,-0.7793240000000878
2021-08-18 18:30:00,2733.050411,2732.149181,2732.398281,-0.9012299999999414,-0.6521299999999428,-0.7766799999999421
2021-08-18 18:45:00,2733.049244,2732.149765,2732.397837,-0.899478999999701,-0.6514069999998355,-0.7754429999997683
2021-08-18 19:15:00,2733.054296,2732.148089,2732.401428,-0.9062069999999949,-0.6528679999996712,-0.779537499999833
2021-08-18 19:30:00,2733.05216,2732.149182,2732.399004,-0.9029780000000756,-0.6531560000003083,-0.7780670000001919
2021-08-18 19:45:00,2733.053326,2732.148599,2732.398421,-0.9047270000000935,-0.6549050000003263,-0.7798160000002099
2021-08-18 20:00:00,2733.051577,2732.143888,2732.399718,-0.9076890000001185,-0.6518590000000586,-0.7797740000000886
2021-08-18 20:15:00,2733.050411,2732.147432,2732.400301,-0.9029789999999593,-0.6501100000000406,-0.7765445
2021-08-18 20:30:00,2733.052743,2732.149767,2732.400886,-0.902976000000308,-0.651857000000291,-0.7774165000002995
2021-08-18 20:45:00,2733.054686,2732.152103,2732.398029,-0.9025830000000497,-0.6566569999999956,-0.7796200000000226
2021-08-18 21:00:00,2733.054489,2732.148675,2732.398574,-0.9058140000001913,-0.6559150000002774,-0.7808645000002343
2021-08-18 21:30:00,2733.055659,2732.152015,2732.401621,-0.9036439999999857,-0.6540380000001278,-0.7788410000000567
2021-08-18 22:00:00,2733.053906,2732.152806,2732.397989,-0.9011000000000422,-0.6559170000000449,-0.7785085000000436
2021-08-18 22:30:00,2733.05274,2732.15339,2732.402918,-0.8993500000001404,-0.6498219999998582,-0.7745859999999993
2021-08-18 22:45:00,2733.053323,2732.152493,2732.403502,-0.9008300000000418,-0.6498209999999744,-0.7753255000000081
2021-08-18 23:00:00,2733.054489,2732.15366,2732.402075,-0.900829000000158,-0.6524140000001353,-0.7766215000001466
2021-08-18 23:15:00,2733.056825,2732.153077,2732.40454,-0.9037480000001779,-0.6522850000001199,-0.7780165000001489
2021-08-18 23:30:00,2733.056825,2732.153577,2732.40223,-0.903248000000076,-0.6545949999999721,-0.778921500000024
2021-08-18 23:45:00,2733.057408,2732.152409,2732.40162,-0.9049990000003163,-0.6557880000000296,-0.7803935000001729
2021-08-19 00:00:00,2733.05352,2732.152019,2732.401231,-0.9015009999998256,-0.6522890000001098,-0.7768949999999677
2021-08-19 00:15:00,2733.054879,2732.151629,2732.40158,-0.9032499999998436,-0.6532989999996062,-0.7782744999997249
2021-08-19 01:15:00,2733.055072,2732.151513,2732.400907,-0.903559000000314,-0.6541649999999208,-0.7788620000001174
2021-08-19 02:00:00,2733.051963,2732.152225,2732.400843,-0.8997380000000703,-0.6511199999999917,-0.775429000000031
2021-08-19 02:30:00,2733.055659,2732.154172,2732.401494,-0.9014870000000883,-0.6541649999999208,-0.7778260000000046
2021-08-19 02:45:00,2733.054493,2732.151525,2732.402634,-0.9029679999998734,-0.6518590000000586,-0.777413499999966
2021-08-19 03:00:00,2733.055659,2732.154442,2732.402504,-0.9012170000000879,-0.6531549999999697,-0.7771860000000288
2021-08-19 03:15:00,2733.057408,2732.152692,2732.403801,-0.9047160000000076,-0.6536070000001928,-0.7791615000001002
2021-08-19 03:30:00,2733.057602,2732.155133,2732.401687,-0.9024689999996554,-0.6559149999998226,-0.779191999999739
2021-08-19 03:45:00,2733.056239,2732.151201,2732.403371,-0.9050379999998768,-0.6528680000001259,-0.7789530000000013
2021-08-19 04:00:00,2733.054879,2732.150928,2732.405058,-0.903950999999779,-0.6498209999999744,-0.7768859999998767
2021-08-19 04:15:00,2733.053909,2732.15094,2732.40104,-0.902969000000212,-0.6528690000000097,-0.7779190000001108
2021-08-19 04:30:00,2733.056242,2732.149062,2732.404671,-0.9071800000001531,-0.651571000000331,-0.779375500000242
2021-08-19 04:45:00,2733.053909,2732.15171,2732.402051,-0.9021990000001097,-0.6518580000001748,-0.7770285000001422
2021-08-19 05:00:00,2733.055076,2732.151125,2732.403504,-0.9039510000002338,-0.6515720000002148,-0.7777615000002243
2021-08-19 05:15:00,2733.054493,2732.152292,2732.399587,-0.9022009999998772,-0.65490600000021,-0.7785535000000436
2021-08-19 05:30:00,2733.057995,2732.152875,2732.400169,-0.9051199999998971,-0.6578260000001137,-0.7814730000000054
2021-08-19 05:45:00,2733.055659,2732.152691,2732.399002,-0.9029680000003282,-0.6566569999999956,-0.7798125000001619
2021-08-19 06:00:00,2733.055269,2732.152299,2732.403698,-0.9029700000000958,-0.6515709999998762,-0.777270499999986
2021-08-19 06:15:00,2733.055656,2732.154828,2732.39974,-0.9008279999998194,-0.6559160000001611,-0.7783719999999903
2021-08-19 06:30:00,2733.055076,2732.153078,2732.401037,-0.9019980000002761,-0.6540390000000116,-0.7780185000001438
2021-08-19 06:45:00,2733.053909,2732.152679,2732.39987,-0.9012300000003961,-0.6540390000000116,-0.7776345000002038
2021-08-19 07:30:00,2733.055269,2732.150808,2732.401971,-0.904461000000083,-0.6532980000001771,-0.7788795000001301
2021-08-19 07:45:00,2733.057405,2732.151686,2732.403655,-0.9057189999998627,-0.6537499999999454,-0.7797344999999041
2021-08-19 08:00:00,2733.056239,2732.149717,2732.40424,-0.9065220000002228,-0.6519990000001599,-0.7792605000001913
2021-08-19 08:15:00,2733.053906,2732.150613,2732.406704,-0.9032930000003034,-0.6472020000001066,-0.775247500000205
2021-08-19 08:45:00,2733.054103,2732.152291,2732.403853,-0.9018120000000636,-0.6502500000001419,-0.7760310000001027
2021-08-19 09:00:00,2733.052747,2732.149453,2732.402496,-0.9032940000001872,-0.6502510000000257,-0.7767725000001064
2021-08-19 09:15:00,2733.052163,2732.147879,2732.401911,-0.9042839999997341,-0.6502519999999095,-0.7772679999998218
2021-08-19 09:30:00,2733.055466,2732.149433,2732.400418,-0.9060329999997521,-0.6550479999996242,-0.7805404999996881
2021-08-19 09:45:00,2733.054103,2732.149818,2732.400806,-0.9042850000000726,-0.6532969999998386,-0.7787909999999556
2021-08-19 10:00:00,2733.055079,2732.149046,2732.40308,-0.9060330000002068,-0.6519990000001599,-0.7790160000001833
2021-08-19 10:30:00,2733.051967,2732.14719,2732.401716,-0.9047769999997399,-0.6502510000000257,-0.7775139999998828
2021-08-19 10:45:00,2733.055852,2732.150808,2732.40515,-0.905044000000089,-0.6507019999999102,-0.7778729999999996
2021-08-19 11:00:00,2733.055079,2732.150034,2732.404378,-0.9050450000004275,-0.6507010000000264,-0.777873000000227
2021-08-19 11:15:00,2733.053716,2732.149431,2732.403466,-0.9042850000000726,-0.6502499999996871,-0.7772674999998799
2021-08-19 11:30:00,2733.056239,2732.150203,2732.401191,-0.9060359999998582,-0.6550480000000789,-0.7805419999999685
2021-08-19 12:00:00,2733.052353,2732.148066,2732.402103,-0.9042869999998402,-0.6502500000001419,-0.777268499999991
2021-08-19 12:15:00,2733.051967,2732.148669,2732.399966,-0.9032979999997224,-0.6520009999999274,-0.7776494999998249
2021-08-19 12:30:00,2733.051574,2732.147866,2732.400582,-0.9037080000002788,-0.6509919999998601,-0.7773500000000695
2021-08-19 12:45:00,2733.05099,2732.150512,2732.400452,-0.900478000000021,-0.6505380000003242,-0.7755080000001726
2021-08-19 13:00:00,2733.049821,2732.147281,2732.398702,-0.9025400000000445,-0.6511190000001079,-0.7768295000000762
2021-08-19 13:30:00,2733.053323,2732.149614,2732.402333,-0.9037090000001626,-0.6509900000000926,-0.7773495000001276
2021-08-19 14:00:00,2733.05196,2732.130696,2732.40397,-0.92126399999961,-0.6479899999999361,-0.784626999999773
2021-08-19 14:15:00,2733.054493,2732.139664,2732.400924,-0.9148290000002817,-0.6535690000000614,-0.7841990000001715
2021-08-19 14:30:00,2733.056825,2732.141225,2732.398451,-0.9156000000002678,-0.6583740000000944,-0.7869870000001811
2021-08-19 14:45:00,2733.054296,2732.138112,2732.395051,-0.9161839999997028,-0.659244999999828,-0.7877144999997654
2021-08-19 15:00:00,2733.05352,2732.142316,2732.397319,-0.9112039999999979,-0.6562009999997827,-0.7837024999998903
2021-08-19 15:15:00,2733.05313,2732.137215,2732.399976,-0.9159149999995861,-0.6531539999996312,-0.7845344999996087
2021-08-19 15:30:00,2733.053909,2732.137995,2732.401044,-0.9159140000001571,-0.6528650000000198,-0.7843895000000884
2021-08-19 15:45:00,2733.052743,2732.143289,2732.402081,-0.9094540000000961,-0.6506620000000112,-0.7800580000000537
2021-08-19 16:00:00,2733.052743,2732.140657,2732.401339,-0.9120860000002722,-0.6514040000001842,-0.7817450000002282
2021-08-19 16:15:00,2733.055076,2732.142721,2732.401924,-0.9123549999999341,-0.6531520000003184,-0.7827535000001262
2021-08-19 16:30:00,2733.056242,2732.143618,2732.398292,-0.9126240000000507,-0.6579500000002554,-0.7852870000001531
2021-08-19 16:45:00,2733.057408,2732.144784,2732.399459,-0.9126240000000507,-0.6579489999999169,-0.7852864999999838
2021-08-19 17:00:00,2733.053909,2732.141553,2732.397708,-0.9123560000002726,-0.6562010000002374,-0.784278500000255
2021-08-19 17:30:00,2733.052547,2732.145892,2732.398095,-0.9066549999997733,-0.6544519999997647,-0.780553499999769
2021-08-19 17:45:00,2733.052933,2732.146279,2732.398482,-0.9066539999998895,-0.6544509999998809,-0.7805524999998852
2021-08-19 18:00:00,2733.056629,2732.143513,2732.399975,-0.9131160000001728,-0.6566540000003442,-0.7848850000002585
2021-08-19 18:15:00,2733.054486,2732.146351,2732.398738,-0.9081350000001294,-0.6557480000001306,-0.78194150000013
2021-08-19 18:30:00,2733.053903,2732.139305,2732.396403,-0.9145979999998417,-0.6574999999997999,-0.7860489999998208
2021-08-19 18:45:00,2733.055069,2732.143703,2732.397571,-0.9113659999998163,-0.6574980000000323,-0.7844319999999243
2021-08-19 19:00:00,2733.056042,2732.141447,2732.398091,-0.9145950000001903,-0.6579510000001392,-0.7862730000001648
2021-08-19 19:15:00,2733.055656,2732.145771,2732.399455,-0.9098850000000311,-0.6562009999997827,-0.7830429999999069
2021-08-19 19:30:00,2733.05235,2732.144214,2732.400945,-0.9081360000000132,-0.651405000000068,-0.7797705000000406
2021-08-19 19:45:00,2733.05332,2732.149128,2732.395821,-0.9041919999999664,-0.6574989999999161,-0.7808454999999412
2021-08-19 20:00:00,2733.055459,2732.146287,2732.396211,-0.909172000000126,-0.6592479999999341,-0.78421000000003
2021-08-19 20:15:00,2733.056239,2732.148548,2732.400038,-0.9076909999998861,-0.6562009999997827,-0.7819459999998344
2021-08-19 20:45:00,2733.05332,2732.147378,2732.398868,-0.9059419999998681,-0.6544519999997647,-0.7801969999998164
2021-08-19 21:00:00,2733.054486,2732.150026,2732.398285,-0.9044600000001992,-0.6562009999997827,-0.7803304999999909
2021-08-19 21:15:00,2733.054683,2732.146991,2732.395434,-0.9076919999997699,-0.6592489999998179,-0.7834704999997939
2021-08-19 21:30:00,2733.055659,2732.149448,2732.396411,-0.9062109999999848,-0.6592479999999341,-0.7827294999999594
2021-08-19 21:45:00,2733.053326,2732.150616,2732.393807,-0.9027100000002974,-0.6595190000002731,-0.7811145000002853
2021-08-19 22:00:00,2733.052743,2732.150694,2732.393223,-0.902049000000261,-0.6595200000001569,-0.7807845000002089
2021-08-19 22:15:00,2733.055659,2732.152682,2732.39439,-0.9029770000001918,-0.6612690000001749,-0.7821230000001833
2021-08-19 23:00:00,2733.056825,2732.152758,2732.394529,-0.9040669999999409,-0.6622959999999694,-0.7831814999999551
2021-08-19 23:15:00,2733.054493,2732.150033,2732.393945,-0.9044600000001992,-0.6605480000002899,-0.7825040000002446
2021-08-19 23:30:00,2733.057408,2732.153342,2732.396409,-0.9040660000000571,-0.6609990000001744,-0.7825325000001158
2021-08-19 23:45:00,2733.056045,2732.151586,2732.396796,-0.9044589999998607,-0.6592489999998179,-0.7818539999998393
2021-08-20 00:00:00,2733.054683,2732.151973,2732.40023,-0.9027099999998427,-0.6544529999996485,-0.7785814999997456
2021-08-20 00:30:00,2733.055069,2732.154503,2732.398866,-0.9005659999997988,-0.656203000000005,-0.7783844999999019
2021-08-20 00:45:00,2733.054683,2732.154115,2732.395432,-0.9005680000000211,-0.6592510000000402,-0.7799095000000307
2021-08-20 01:00:00,2733.052547,2732.153067,2732.398093,-0.8994799999995848,-0.654453999999987,-0.7769669999997859
2021-08-20 02:00:00,2733.055076,2732.151277,2732.397576,-0.9037990000001628,-0.6575000000002547,-0.7806495000002087
2021-08-20 02:15:00,2733.05216,2732.151593,2732.397706,-0.9005670000001373,-0.654453999999987,-0.7775105000000622
2021-08-20 02:30:00,2733.056242,2732.155405,2732.40004,-0.9008370000001378,-0.6562020000001212,-0.7785195000001295
2021-08-20 02:45:00,2733.057408,2732.154823,2732.401208,-0.902585000000272,-0.6561999999998989,-0.7793925000000854
2021-08-20 03:15:00,2733.056818,2732.152092,2732.395819,-0.9047260000002098,-0.6609990000001744,-0.7828625000001921
2021-08-20 03:30:00,2733.053903,2732.149442,2732.394652,-0.904461000000083,-0.6592510000000402,-0.7818560000000616
2021-08-20 03:45:00,2733.055069,2732.151599,2732.394522,-0.9034700000001976,-0.6605469999999514,-0.7820085000000745
2021-08-20 04:00:00,2733.057208,2732.151989,2732.396209,-0.9052190000002156,-0.6609990000001744,-0.783109000000195
2021-08-20 04:15:00,2733.054489,2732.15425,2732.39497,-0.900239000000056,-0.6595190000002731,-0.7798790000001645
2021-08-20 04:45:00,2733.054489,2732.153759,2732.401065,-0.9007300000002942,-0.6534240000000864,-0.7770770000001903
2021-08-20 05:15:00,2733.055072,2732.155825,2732.39685,-0.8992470000002868,-0.6582220000000234,-0.7787345000001551
2021-08-20 05:30:00,2733.057988,2732.153349,2732.399768,-0.904638999999861,-0.6582199999998011,-0.781429499999831
2021-08-20 06:15:00,2733.056822,2732.153352,2732.398601,-0.9034700000001976,-0.6582210000001396,-0.7808455000001686
2021-08-20 06:30:00,2733.055656,2732.153666,2732.394385,-0.9019899999998415,-0.6612709999999424,-0.781630499999892
2021-08-20 06:45:00,2733.054489,2732.152499,2732.396267,-0.9019900000002963,-0.6582220000000234,-0.7801060000001598
2021-08-20 07:00:00,2733.057598,2732.152868,2732.395302,-0.9047299999997449,-0.6622959999999694,-0.7835129999998571
2021-08-20 07:15:00,2733.058958,2732.155711,2732.399256,-0.9032470000001922,-0.6597019999999247,-0.7814745000000585
2021-08-20 07:30:00,2733.059348,2732.154618,2732.398351,-0.9047300000001997,-0.6609970000004068,-0.7828635000003032
2021-08-20 08:45:00,2733.056825,2732.155716,2732.394075,-0.9011089999999058,-0.66274999999996,-0.7819294999999329
2021-08-20 09:00:00,2733.054879,2732.155521,2732.395629,-0.8993579999996655,-0.6592499999997017,-0.7793039999996836
2021-08-20 09:30:00,2733.053909,2732.154158,2732.394659,-0.8997510000003786,-0.6592500000001564,-0.7795005000002675
2021-08-20 09:45:00,2733.053326,2732.157197,2732.397124,-0.8961290000002009,-0.6562020000001212,-0.776165500000161
2021-08-20 10:00:00,2733.055659,2732.15778,2732.393361,-0.8978790000001027,-0.6622980000001917,-0.7800885000001472
2021-08-20 10:15:00,2733.054686,2732.156805,2732.394138,-0.8978809999998703,-0.6605479999998352,-0.7792144999998527
2021-08-20 10:30:00,2733.05313,2732.153769,2732.393878,-0.8993609999997716,-0.659251999999924,-0.7793064999998478
2021-08-20 11:00:00,2733.056242,2732.155132,2732.395242,-0.9011100000002443,-0.6610000000000582,-0.7810550000001513
2021-08-20 11:15:00,2733.055076,2732.157195,2732.395825,-0.897881000000325,-0.6592510000000402,-0.7785660000001826
2021-08-20 11:45:00,2733.053909,2732.157018,2732.394658,-0.8968910000003234,-0.6592510000000402,-0.7780710000001818
2021-08-20 12:15:00,2733.050994,2732.155851,2732.393491,-0.8951430000001892,-0.6575030000003608,-0.776323000000275
2021-08-20 12:30:00,2733.051577,2732.154292,2732.391027,-0.8972850000000108,-0.6605500000000575,-0.7789175000000341
2021-08-20 12:45:00,2733.049631,2732.154095,2732.392128,-0.8955359999999928,-0.657502999999906,-0.7765194999999494
2021-08-20 13:00:00,2733.05157,2732.154285,2732.397117,-0.8972850000000108,-0.6544530000001032,-0.775869000000057
2021-08-20 13:45:00,2733.05332,2732.157516,2732.393799,-0.8958039999997709,-0.6595210000000407,-0.7776624999999058
2021-08-20 14:00:00,2733.050404,2732.153118,2732.392632,-0.8972859999998946,-0.6577720000000227,-0.7775289999999586
2021-08-20 14:15:00,2733.05157,2732.156757,2732.392049,-0.8948129999998855,-0.6595210000000407,-0.7771669999999631
2021-08-20 14:30:00,2733.049234,2732.152627,2732.389585,-0.8966070000001309,-0.6596490000001722,-0.7781280000001516
2021-08-20 14:45:00,2733.049041,2732.158625,2732.38939,-0.8904160000001866,-0.6596510000003946,-0.7750335000002906
2021-08-20 15:00:00,2733.049431,2732.153625,2732.38904,-0.8958059999999932,-0.6603909999998905,-0.7780984999999419
2021-08-20 15:15:00,2733.050791,2732.155395,2732.38865,-0.8953959999998915,-0.662141000000247,-0.7787685000000693
2021-08-20 15:30:00,2733.049238,2732.156163,2732.390597,-0.8930749999999534,-0.6586409999999887,-0.7758579999999711
2021-08-20 15:45:00,2733.050987,2732.159394,2732.393644,-0.8915930000002845,-0.6573429999998552,-0.7744680000000699
2021-08-20 16:00:00,2733.048655,2732.154099,2732.390013,-0.8945560000001933,-0.6586419999998725,-0.7765990000000329
2021-08-20 16:15:00,2733.047488,2732.157644,2732.390597,-0.8898440000002665,-0.6568910000000869,-0.7733675000001767
2021-08-20 16:30:00,2733.049821,2732.154996,2732.392477,-0.8948249999998552,-0.6573440000001938,-0.7760845000000245
2021-08-20 16:45:00,2733.050404,2732.155581,2732.393061,-0.8948230000000876,-0.6573429999998552,-0.7760829999999714
2021-08-20 17:00:00,2733.050404,2732.160972,2732.395099,-0.8894319999999425,-0.6553050000002258,-0.7723685000000842
2021-08-20 17:15:00,2733.045932,2732.156768,2732.391077,-0.8891640000001644,-0.6548549999997704,-0.7720094999999674
2021-08-20 17:30:00,2733.047875,2732.155482,2732.39127,-0.8923930000000837,-0.6566050000001269,-0.7744990000001053
2021-08-20 17:45:00,2733.050987,2732.157344,2732.395682,-0.8936429999998836,-0.6553050000002258,-0.7744740000000547
2021-08-20 18:00:00,2733.048071,2732.156177,2732.393217,-0.8918940000003204,-0.6548540000003413,-0.7733740000003309
2021-08-20 18:15:00,2733.048848,2732.152242,2732.392243,-0.8966059999997924,-0.6566050000001269,-0.7766054999999596
2021-08-20 18:30:00,2733.045736,2732.155591,2732.389583,-0.8901449999998476,-0.6561529999999038,-0.7731489999998757
2021-08-20 18:45:00,2733.050211,2732.155668,2732.392438,-0.8945430000003398,-0.6577730000003612,-0.7761580000003505
2021-08-20 19:15:00,2733.048655,2732.155593,2732.387831,-0.8930620000000999,-0.6608240000000478,-0.7769430000000739
2021-08-20 19:30:00,2733.049238,2732.159407,2732.387119,-0.8898309999999583,-0.6621190000000752,-0.7759750000000167
2021-08-20 19:45:00,2733.046902,2732.15676,2732.388999,-0.8901420000001963,-0.6579030000002604,-0.7740225000002283
2021-08-20 20:00:00,2733.05157,2732.155279,2732.388998,-0.8962910000000193,-0.662572000000182,-0.7794315000001006
2021-08-20 20:30:00,2733.051184,2732.159875,2732.389066,-0.891309000000092,-0.6621179999997366,-0.7767134999999143
2021-08-20 20:45:00,2733.049828,2732.158518,2732.392776,-0.8913099999999758,-0.6570520000000215,-0.7741809999999987
2021-08-20 21:00:00,2733.049828,2732.161152,2732.389729,-0.8886760000000322,-0.660099000000173,-0.7743875000001026
2021-08-20 21:15:00,2733.050411,2732.159985,2732.390311,-0.8904260000003887,-0.6601000000000568,-0.7752630000002227
2021-08-20 21:30:00,2733.048271,2732.161345,2732.389921,-0.8869260000001304,-0.658350000000155,-0.7726380000001427
2021-08-20 21:45:00,2733.05099,2732.158094,2732.392643,-0.8928960000002917,-0.6583470000000489,-0.7756215000001703
2021-08-20 22:00:00,2733.052157,2732.160744,2732.392058,-0.8914130000002842,-0.660099000000173,-0.7757560000002286
2021-08-20 22:15:00,2733.049241,2732.157336,2732.389141,-0.8919049999999515,-0.6601000000000568,-0.7760025000000041
2021-08-20 22:30:00,2733.050407,2732.159982,2732.391605,-0.8904250000000502,-0.658802000000378,-0.7746135000002141
2021-08-20 22:45:00,2733.049824,2732.1594,2732.387974,-0.8904240000001664,-0.6618499999999585,-0.7761370000000625
2021-08-20 23:00:00,2733.05274,2732.158096,2732.390891,-0.8946439999999711,-0.6618490000000747,-0.7782465000000229
2021-08-20 23:15:00,2733.051574,2732.161911,2732.393512,-0.8896629999999277,-0.6580619999999726,-0.7738624999999502
2021-08-20 23:30:00,2733.052157,2732.159263,2732.394095,-0.8928940000000694,-0.6580619999999726,-0.775478000000021
2021-08-20 23:45:00,2733.051574,2732.160161,2732.39277,-0.8914130000002842,-0.6588040000001456,-0.7751085000002149
2021-08-21 00:00:00,2733.05274,2732.161329,2732.393938,-0.8914110000000619,-0.6588019999999233,-0.7751064999999926
2021-08-21 00:15:00,2733.05313,2732.158488,2732.39433,-0.8946419999997488,-0.658799999999701,-0.7767209999997249
2021-08-21 00:30:00,2733.05216,2732.156037,2732.39206,-0.8961229999999887,-0.6601000000000568,-0.7781115000000227
2021-08-21 00:45:00,2733.053909,2732.162499,2732.390763,-0.8914100000001781,-0.6631460000003244,-0.7772780000002513
2021-08-21 01:00:00,2733.05352,2732.159868,2732.39167,-0.8936519999997472,-0.6618499999999585,-0.7777509999998529
2021-08-21 01:15:00,2733.05313,2732.162709,2732.392578,-0.8904209999996056,-0.6605519999998251,-0.7754864999997153
2021-08-21 01:30:00,2733.048661,2732.161739,2732.393357,-0.8869219999996858,-0.6553039999998873,-0.7711129999997866
2021-08-21 01:45:00,2733.05216,2732.158508,2732.39031,-0.893652000000202,-0.6618499999999585,-0.7777510000000802
2021-08-21 02:00:00,2733.053326,2732.158194,2732.391478,-0.8951320000001033,-0.661848000000191,-0.7784900000001471
2021-08-21 04:00:00,2733.052743,2732.155141,2732.390893,-0.8976020000000062,-0.6618500000004133,-0.7797260000002098
2021-08-21 04:45:00,2733.054493,2732.161602,2732.392644,-0.8928909999999632,-0.6618490000000747,-0.777370000000019
2021-08-21 05:00:00,2733.05177,2732.158387,2732.38992,-0.8933830000000853,-0.6618499999999585,-0.7776165000000219
2021-08-21 05:15:00,2733.05274,2732.156617,2732.39089,-0.8961229999999887,-0.6618499999999585,-0.7789864999999736
2021-08-21 05:30:00,2733.05313,2732.160237,2732.39128,-0.8928929999997308,-0.6618499999999585,-0.7773714999998447
2021-08-21 06:00:00,2733.055269,2732.155916,2732.391672,-0.8993529999997918,-0.6635969999997542,-0.781474999999773
2021-08-21 06:15:00,2733.055076,2732.156301,2732.38901,-0.8987750000001142,-0.6660660000002281,-0.7824205000001712
2021-08-21 06:45:00,2733.055076,2732.1568,2732.392344,-0.8982759999998962,-0.6627320000002328,-0.7805040000000645
2021-08-21 07:00:00,2733.055659,2732.154152,2732.38988,-0.9015070000000378,-0.6657789999999295,-0.7836429999999837
2021-08-21 07:15:00,2733.054686,2732.160051,2732.38936,-0.8946350000001075,-0.6653259999998227,-0.7799804999999651
2021-08-21 07:30:00,2733.054489,2732.158372,2732.39046,-0.8961170000002312,-0.6640290000000277,-0.7800730000001295
2021-08-21 07:45:00,2733.053906,2732.156038,2732.388126,-0.8978680000000168,-0.665780000000268,-0.7818240000001424
2021-08-21 08:00:00,2733.05274,2732.159853,2732.387413,-0.8928869999999733,-0.6653270000001612,-0.7791070000000673
2021-08-21 09:00:00,2733.054103,2732.155243,2732.388323,-0.8988599999997859,-0.6657799999998133,-0.7823199999997996
2021-08-21 09:15:00,2733.055079,2732.157701,2732.38755,-0.897378000000117,-0.667529000000286,-0.7824535000002015
2021-08-21 09:45:00,2733.050997,2732.157116,2732.388718,-0.8938809999999648,-0.6622789999996712,-0.778079999999818
2021-08-21 10:00:00,2733.05158,2732.158689,2732.381455,-0.8928909999999632,-0.6701249999996435,-0.7815079999998034
2021-08-21 10:30:00,2733.049248,2732.156846,2732.38131,-0.8924019999999473,-0.6679379999995945,-0.7801699999997709
2021-08-21 10:45:00,2733.048665,2732.156263,2732.383772,-0.8924019999999473,-0.6648929999996653,-0.7786474999998063
2021-08-21 11:00:00,2733.05158,2732.159178,2732.386976,-0.8924019999999473,-0.6646040000000539,-0.7785030000000006
2021-08-21 11:30:00,2733.050414,2732.154781,2732.386671,-0.8956329999996342,-0.663742999999613,-0.7796879999996236
2021-08-21 11:45:00,2733.049831,2732.155948,2732.385799,-0.8938829999997324,-0.6640319999996791,-0.7789574999997058
2021-08-21 12:00:00,2733.050801,2732.156917,2732.386769,-0.893884000000071,-0.6640319999996791,-0.778957999999875
2021-08-21 12:15:00,2733.05352,2732.156135,2732.385989,-0.8973849999997583,-0.6675310000000536,-0.782457999999906
2021-08-21 12:30:00,2733.049634,2732.153507,2732.385602,-0.8961269999999786,-0.6640320000001338,-0.7800795000000562
2021-08-21 13:00:00,2733.05099,2732.156614,2732.390008,-0.894376000000193,-0.660982000000331,-0.777679000000262
2021-08-21 13:15:00,2733.048855,2732.156226,2732.383525,-0.8926289999999426,-0.6653299999998126,-0.7789794999998776
2021-08-21 13:30:00,2733.051967,2732.154849,2732.381842,-0.897117999999864,-0.6701250000000982,-0.7836214999999811
2021-08-21 13:45:00,2733.053323,2732.150815,2732.384497,-0.9025080000001253,-0.668826000000081,-0.7856670000001031
2021-08-21 14:00:00,2733.048655,2732.153555,2732.387544,-0.8951000000001841,-0.6611109999998916,-0.7781055000000379
2021-08-21 14:15:00,2733.050987,2732.157778,2732.386089,-0.8932090000002972,-0.6648979999999938,-0.7790535000001455
2021-08-21 14:30:00,2733.049821,2732.154453,2732.384922,-0.8953679999999622,-0.6648989999998776,-0.7801334999999199
2021-08-21 14:45:00,2733.050794,2732.156907,2732.385895,-0.8938870000001771,-0.6648990000003323,-0.7793930000002547
2021-08-21 15:00:00,2733.051574,2732.156206,2732.387129,-0.8953679999999622,-0.6644449999998869,-0.7799064999999246
2021-08-21 15:15:00,2733.052157,2732.15602,2732.388557,-0.8961370000001807,-0.6635999999998603,-0.7798685000000205
2021-08-21 15:30:00,2733.050407,2732.157502,2732.386807,-0.8929050000001553,-0.663600000000315,-0.7782525000002352
2021-08-21 15:45:00,2733.05274,2732.158084,2732.38739,-0.8946559999999408,-0.6653500000002168,-0.7800030000000788
2021-08-21 16:00:00,2733.05274,2732.161317,2732.387119,-0.8914230000000316,-0.665621000000101,-0.7785220000000663
2021-08-21 16:15:00,2733.049241,2732.159565,2732.382321,-0.889676000000236,-0.6669200000001183,-0.7782980000001771
2021-08-21 16:30:00,2733.047882,2732.162427,2732.379665,-0.885454999999638,-0.6682169999999132,-0.7768359999997756
2021-08-21 16:45:00,2733.049244,2732.159079,2732.382324,-0.8901649999997971,-0.6669199999996636,-0.7785424999997304
2021-08-21 17:00:00,2733.050411,2732.161725,2732.382194,-0.8886860000002343,-0.668217000000368,-0.7784515000003012
2021-08-21 17:30:00,2733.049828,2732.161142,2732.387707,-0.8886860000002343,-0.6621210000002975,-0.7754035000002659
2021-08-21 17:45:00,2733.049244,2732.157598,2732.385373,-0.891646000000037,-0.6638709999997445,-0.7777584999998908
2021-08-21 18:00:00,2733.049048,2732.159151,2732.386925,-0.889897000000019,-0.6621230000000651,-0.776010000000042
2021-08-21 18:15:00,2733.047685,2732.158877,2732.38861,-0.8888080000001537,-0.6590750000000298,-0.7739415000000918
2021-08-21 18:30:00,2733.046912,2732.154871,2732.384788,-0.8920409999996082,-0.6621239999999489,-0.7770824999997785
2021-08-21 18:45:00,2733.047298,2732.159971,2732.388222,-0.8873269999999138,-0.6590759999999136,-0.7732014999999137
2021-08-21 19:00:00,2733.049434,2732.157127,2732.385561,-0.8923070000000735,-0.6638729999999669,-0.7780900000000202
2021-08-21 19:30:00,2733.050797,2732.158492,2732.383878,-0.8923049999998511,-0.6669189999997798,-0.7796119999998155
2021-08-21 19:45:00,2733.050601,2732.156813,2732.382385,-0.8937879999998586,-0.6682160000000295,-0.781001999999944
2021-08-21 20:00:00,2733.049828,2732.155443,2732.382907,-0.8943850000000566,-0.6669210000000021,-0.7806530000000294
2021-08-21 20:30:00,2733.050021,2732.157385,2732.384851,-0.8926360000000386,-0.6651700000002165,-0.7789030000001276
2021-08-21 20:45:00,2733.05099,2732.155124,2732.384071,-0.8958660000002965,-0.6669190000002345,-0.7813925000002655
2021-08-21 21:00:00,2733.050407,2732.161003,2732.385237,-0.8894040000000132,-0.6651700000002165,-0.7772870000001149
2021-08-21 21:15:00,2733.050017,2732.158863,2732.383819,-0.891153999999915,-0.6661979999998948,-0.7786759999999049
2021-08-21 21:30:00,2733.049238,2732.158583,2732.384336,-0.8906550000001516,-0.6649019999999837,-0.7777785000000677
2021-08-21 22:00:00,2733.048071,2732.157827,2732.381872,-0.8902440000001661,-0.6661990000002334,-0.7782215000001997
2021-08-21 22:15:00,2733.049241,2732.159577,2732.382613,-0.8896640000002662,-0.666627999999946,-0.7781460000001061
2021-08-21 22:30:00,2733.048855,2732.165652,2732.385274,-0.8832029999998667,-0.6635809999997946,-0.7733919999998307
2021-08-21 22:45:00,2733.050217,2732.163785,2732.384887,-0.8864319999997861,-0.6653299999998126,-0.7758809999997993
2021-08-21 23:15:00,2733.050604,2732.16094,2732.385274,-0.8896639999998115,-0.6653299999998126,-0.777496999999812
2021-08-22 00:00:00,2733.049831,2732.163398,2732.381453,-0.8864329999996698,-0.6683779999998478,-0.7774054999997588
2021-08-22 00:30:00,2733.05274,2732.164558,2732.38566,-0.8881820000001426,-0.6670800000001691,-0.7776310000001558
2021-08-22 00:45:00,2733.05177,2732.163588,2732.38469,-0.8881820000001426,-0.6670800000001691,-0.7776310000001558
2021-08-22 01:00:00,2733.049831,2732.160167,2732.381451,-0.8896639999998115,-0.6683799999996154,-0.7790219999997134
2021-08-22 01:15:00,2733.048665,2732.162233,2732.382035,-0.8864319999997861,-0.6666299999997136,-0.7765309999997498
2021-08-22 02:00:00,2733.05333,2732.161919,2732.382342,-0.8914110000000619,-0.6709880000003068,-0.7811995000001843
2021-08-22 03:00:00,2733.052747,2732.164297,2732.380868,-0.8884500000003754,-0.6718789999999899,-0.7801645000001827
2021-08-22 03:30:00,2733.052163,2732.159,2732.383332,-0.8931629999997313,-0.6688309999999547,-0.780996999999843
2021-08-22 03:45:00,2733.051967,2732.160286,2732.383135,-0.8916810000000623,-0.6688319999998384,-0.7802564999999504
2021-08-22 04:00:00,2733.053323,2732.163393,2732.383195,-0.8899300000002768,-0.6701280000002043,-0.7800290000002406
2021-08-22 04:15:00,2733.053906,2732.161727,2732.383038,-0.8921789999999419,-0.670868000000155,-0.7815235000000484
2021-08-22 04:30:00,2733.05274,2732.167021,2732.383909,-0.8857189999998809,-0.6688309999999547,-0.7772749999999178
2021-08-22 04:45:00,2733.05274,2732.162809,2732.382612,-0.8899310000001606,-0.6701280000002043,-0.7800295000001825
2021-08-22 05:00:00,2733.052353,2732.16094,2732.383522,-0.8914129999998295,-0.6688309999999547,-0.7801219999998921
2021-08-22 05:15:00,2733.053716,2732.163786,2732.381838,-0.889929999999822,-0.6718780000001061,-0.7809039999999641
2021-08-22 06:00:00,2733.056245,2732.164566,2732.384369,-0.8916790000002948,-0.6718760000003385,-0.7817775000003166
2021-08-22 06:15:00,2733.055662,2732.166141,2732.385537,-0.8895210000000588,-0.6701250000000982,-0.7798230000000785
2021-08-22 06:45:00,2733.057605,2732.165344,2732.385156,-0.8922609999999622,-0.6724490000001424,-0.7823550000000523
2021-08-22 07:00:00,2733.056818,2732.165148,2732.383209,-0.8916699999999764,-0.6736089999999422,-0.7826394999999593
2021-08-22 07:15:00,2733.056235,2732.166314,2732.381328,-0.8899209999999584,-0.6749070000000756,-0.782414000000017
2021-08-22 07:30:00,2733.052936,2732.163184,2732.382235,-0.8897520000000441,-0.6707010000000082,-0.7802265000000261
2021-08-22 07:45:00,2733.05215,2732.161237,2732.378991,-0.8909130000001824,-0.6731589999999414,-0.7820360000000619
2021-08-22 08:00:00,2733.055649,2732.165128,2732.385086,-0.8905209999998078,-0.6705630000001293,-0.7805419999999685
2021-08-22 08:15:00,2733.055066,2732.166027,2732.384504,-0.8890389999996842,-0.6705619999997907,-0.7798004999997374
2021-08-22 08:30:00,2733.055066,2732.162133,2732.378408,-0.8929330000000846,-0.6766579999998612,-0.7847954999999729
2021-08-22 08:45:00,2733.05215,2732.163108,2732.381585,-0.8890419999997903,-0.6705649999998968,-0.7798034999998436
2021-08-22 09:00:00,2733.052733,2732.163692,2732.382169,-0.8890409999999065,-0.670564000000013,-0.7798024999999598
2021-08-22 09:15:00,2733.053316,2732.162794,2732.382752,-0.8905220000001464,-0.670564000000013,-0.7805430000000797
2021-08-22 09:30:00,2733.052733,2732.164681,2732.377825,-0.8880519999997887,-0.6749079999999594,-0.781479999999874
2021-08-22 09:45:00,2733.05215,2732.168088,2732.383337,-0.8840620000000854,-0.6688129999997727,-0.7764374999999291
2021-08-22 10:45:00,2733.05118,2732.163617,2732.382637,-0.8875629999997727,-0.6685429999997723,-0.7780529999997725
2021-08-22 11:00:00,2733.05196,2732.162647,2732.378348,-0.8893129999996745,-0.6736119999995935,-0.781462499999634
2021-08-22 11:15:00,2733.050401,2732.167059,2732.383607,-0.8833420000000842,-0.6667939999997543,-0.7750679999999193
2021-08-22 11:30:00,2733.050984,2732.168631,2732.38042,-0.8823529999999664,-0.670564000000013,-0.7764584999999897
2021-08-22 11:45:00,2733.05215,2732.167657,2732.380288,-0.8844930000000204,-0.6718620000001465,-0.7781775000000835
2021-08-22 12:00:00,2733.05254,2732.169528,2732.381977,-0.8830120000002353,-0.6705630000001293,-0.7767875000001823
2021-08-22 12:15:00,2733.051764,2732.165518,2732.378151,-0.8862460000000283,-0.6736129999999321,-0.7799294999999802
2021-08-22 12:30:00,2733.05254,2732.164546,2732.381085,-0.8879940000001625,-0.6714550000001509,-0.7797245000001567
2021-08-22 12:45:00,2733.048661,2732.166307,2732.379828,-0.8823539999998502,-0.6688329999997222,-0.7755934999997862
2021-08-22 13:00:00,2733.047495,2732.163659,2732.38171,-0.8838359999999739,-0.665784999999687,-0.7748104999998304
2021-08-22 13:15:00,2733.050801,2732.164234,2732.380218,-0.8865670000000136,-0.6705830000000788,-0.7785750000000462
2021-08-22 13:30:00,2733.05294,2732.166105,2732.380608,-0.8868350000002465,-0.6723320000000967,-0.7795835000001716
2021-08-22 13:45:00,2733.048661,2732.163844,2732.376781,-0.8848169999996571,-0.6718799999998737,-0.7783484999997654
2021-08-22 14:00:00,2733.047495,2732.164427,2732.380413,-0.8830679999996391,-0.6670819999999367,-0.7750749999997879
2021-08-22 14:15:00,2733.05216,2732.167344,2732.384507,-0.8848160000002281,-0.667652999999973,-0.7762345000001005
2021-08-22 14:30:00,2733.050411,2732.168825,2732.383767,-0.8815859999999702,-0.6666440000003604,-0.7741150000001653
2021-08-22 14:45:00,2733.047302,2732.163824,2732.381968,-0.8834779999997409,-0.6653339999998025,-0.7744059999997717
2021-08-22 15:00:00,2733.048665,2732.166668,2732.378534,-0.8819969999999557,-0.6701309999998557,-0.7760639999999057
2021-08-22 15:15:00,2733.049051,2732.163325,2732.379931,-0.8857259999999769,-0.6691200000000208,-0.7774229999999989
2021-08-22 15:30:00,2733.050604,2732.166359,2732.378437,-0.8842450000001918,-0.6721670000001723,-0.778206000000182
2021-08-22 15:45:00,2733.049831,2732.165586,2732.380711,-0.884244999999737,-0.6691200000000208,-0.7766824999998789
2021-08-22 16:00:00,2733.048468,2732.165213,2732.378052,-0.8832549999997354,-0.670415999999932,-0.7768354999998337
2021-08-22 16:15:00,2733.048071,2732.165986,2732.381418,-0.8820850000001883,-0.666653000000224,-0.7743690000002061
2021-08-22 16:45:00,2733.047685,2732.162368,2732.377984,-0.8853170000002137,-0.6697009999998045,-0.7775090000000091
2021-08-22 17:00:00,2733.046912,2732.164826,2732.374616,-0.8820859999996173,-0.6722959999997329,-0.7771909999996751
2021-08-22 17:15:00,2733.048081,2732.163836,2732.376365,-0.884244999999737,-0.671715999999833,-0.777980499999785
2021-08-22 17:30:00,2733.047882,2732.164808,2732.378635,-0.8830739999998514,-0.6692469999998139,-0.7761604999998326
2021-08-22 17:45:00,2733.049238,2732.165403,2732.37622,-0.8838350000000901,-0.6730179999999564,-0.7784265000000232
2021-08-22 18:00:00,2733.049824,2732.168052,2732.37636,-0.8817720000001827,-0.6734639999999672,-0.777618000000075
2021-08-22 18:15:00,2733.048071,2732.1663,2732.375053,-0.881771000000299,-0.6730179999999564,-0.7773945000001277
2021-08-22 18:45:00,2733.047295,2732.166284,2732.378047,-0.881010999999944,-0.6692479999996976,-0.7751294999998208
2021-08-22 19:00:00,2733.049241,2732.165989,2732.378243,-0.8832520000000841,-0.6709980000000542,-0.7771250000000691
2021-08-22 19:15:00,2733.050601,2732.165601,2732.377853,-0.8849999999997635,-0.6727479999999559,-0.7788739999998597
2021-08-22 19:30:00,2733.049821,2732.169533,2732.378823,-0.8802880000002915,-0.6709980000000542,-0.7756430000001728
2021-08-22 19:45:00,2733.048071,2732.168052,2732.374478,-0.8800190000001749,-0.6735929999999826,-0.7768060000000787
2021-08-22 20:30:00,2733.048858,2732.1661,2732.375393,-0.8827580000001944,-0.6734650000003057,-0.7781115000002501
2021-08-22 20:45:00,2733.045552,2732.167775,2732.375873,-0.877777000000151,-0.6696790000000874,-0.7737280000001192
2021-08-22 21:00:00,2733.048275,2732.166697,2732.373798,-0.8815779999999904,-0.6744770000000244,-0.7780275000000074
2021-08-22 21:15:00,2733.046522,2732.169155,2732.37814,-0.8773670000000493,-0.6683820000002925,-0.7728745000001709
2021-08-22 21:30:00,2733.05099,2732.169146,2732.37724,-0.881844000000001,-0.673750000000382,-0.7777970000001915
2021-08-22 21:45:00,2733.050407,2732.170311,2732.376656,-0.8800960000003215,-0.6737510000002658,-0.7769235000002936
2021-08-22 22:00:00,2733.049241,2732.167665,2732.37899,-0.8815760000002228,-0.6702510000000075,-0.7759135000001152
2021-08-22 22:30:00,2733.051567,2732.169223,2732.376655,-0.8823440000001028,-0.6749119999999493,-0.7786280000000261
2021-08-22 22:45:00,2733.050014,2732.167671,2732.37815,-0.8823429999997643,-0.6718639999999141,-0.7771034999998392
2021-08-22 23:00:00,2733.047492,2732.169139,2732.379127,-0.878353000000061,-0.6683649999999943,-0.7733590000000277
2021-08-22 23:15:00,2733.049628,2732.168045,2732.378217,-0.8815830000003189,-0.671411000000262,-0.7764970000002904
2021-08-23 00:00:00,2733.048651,2732.168058,2732.378537,-0.8805929999998625,-0.6701140000000123,-0.7753534999999374
2021-08-23 00:15:00,2733.049818,2732.170707,2732.375358,-0.8791109999997389,-0.674460000000181,-0.7767854999999599
2021-08-23 00:30:00,2733.051567,2732.171796,2732.378407,-0.8797709999998915,-0.6731599999998252,-0.7764654999998584
2021-08-23 00:45:00,2733.047492,2732.16838,2732.374191,-0.8791120000000774,-0.673301000000265,-0.7762065000001712
2021-08-23 01:00:00,2733.045742,2732.169861,2732.373451,-0.8758809999999357,-0.6722909999998592,-0.7740859999998975
2021-08-23 01:15:00,2733.051374,2732.168372,2732.378212,-0.8830020000000331,-0.6731620000000476,-0.7780820000000404
2021-08-23 01:30:00,2733.052743,2732.171884,2732.380291,-0.8808590000003278,-0.6724520000002485,-0.7766555000002882
2021-08-23 01:45:00,2733.05216,2732.171301,2732.376372,-0.8808590000003278,-0.6757880000000114,-0.7783235000001696
2021-08-23 02:00:00,2733.049828,2732.169737,2732.375788,-0.8800909999999931,-0.6740400000003319,-0.7770655000001625
2021-08-23 02:15:00,2733.050994,2732.172385,2732.373908,-0.8786090000003242,-0.6770860000001448,-0.7778475000002345
2021-08-23 02:30:00,2733.050994,2732.170904,2732.372611,-0.8800900000001093,-0.6783830000003945,-0.7792365000002519
2021-08-23 02:45:00,2733.049051,2732.171692,2732.374574,-0.8773590000000695,-0.6744770000000244,-0.775918000000047
2021-08-23 03:00:00,2733.05119,2732.167369,2732.376714,-0.8838210000003528,-0.6744760000001406,-0.7791485000002467
2021-08-23 03:15:00,2733.05216,2732.168838,2732.378123,-0.8833220000001347,-0.6740370000002258,-0.7786795000001803
2021-08-23 03:30:00,2733.051577,2732.168256,2732.377539,-0.8833210000002509,-0.6740380000001096,-0.7786795000001803
2021-08-23 04:15:00,2733.048078,2732.167488,2732.370703,-0.8805899999997564,-0.6773749999997563,-0.7789824999997563
2021-08-23 04:30:00,2733.047495,2732.166903,2732.370121,-0.8805919999999787,-0.6773739999998725,-0.7789829999999256
2021-08-23 04:45:00,2733.049828,2732.170719,2732.372742,-0.8791089999999713,-0.6770860000001448,-0.7780975000000581
2021-08-23 05:00:00,2733.051187,2732.169347,2732.372352,-0.8818400000000111,-0.6788350000001628,-0.780337500000087
2021-08-23 05:15:00,2733.050984,2732.169734,2732.370988,-0.881249999999909,-0.6799959999998464,-0.7806229999998777
2021-08-23 05:30:00,2733.049631,2732.168058,2732.371248,-0.881572999999662,-0.6783829999999398,-0.7799779999998009
2021-08-23 06:00:00,2733.048658,2732.168567,2732.372312,-0.8800909999999931,-0.6763460000001942,-0.7782185000000936
2021-08-23 06:15:00,2733.050014,2732.167675,2732.36946,-0.8823389999997744,-0.6805540000000292,-0.7814464999999018
2021-08-23 06:30:00,2733.048658,2732.168559,2732.374199,-0.8800989999999729,-0.6744590000002972,-0.7772790000001351
2021-08-23 06:45:00,2733.049241,2732.16766,2732.371735,-0.8815810000000965,-0.677505999999994,-0.7795435000000452
2021-08-23 07:15:00,2733.05099,2732.169142,2732.373756,-0.8818479999999909,-0.6772340000002259,-0.7795410000001084
2021-08-23 07:30:00,2733.050017,2732.168169,2732.374532,-0.8818479999999909,-0.675485000000208,-0.7786665000000994
2021-08-23 07:45:00,2733.049238,2732.170619,2732.373752,-0.8786190000000715,-0.6754860000000917,-0.7770525000000816
2021-08-23 08:00:00,2733.049821,2732.169452,2732.372585,-0.8803689999999733,-0.6772359999999935,-0.7788024999999834
2021-08-23 08:15:00,2733.049821,2732.171612,2732.370565,-0.8782089999999698,-0.6792559999998957,-0.7787324999999328
2021-08-23 08:45:00,2733.05157,2732.169141,2732.372586,-0.8824290000002293,-0.6789840000001277,-0.7807065000001785
2021-08-23 09:15:00,2733.049431,2732.168072,2732.372196,-0.8813589999999749,-0.6772350000001097,-0.7792970000000423
2021-08-23 09:30:00,2733.051374,2732.170425,2732.372389,-0.8809490000003279,-0.6789850000000115,-0.7799670000001697
2021-08-23 09:45:00,2733.050987,2732.170306,2732.373753,-0.8806810000000951,-0.6772340000002259,-0.7789575000001605
2021-08-23 10:15:00,2733.05196,2732.168359,2732.371806,-0.8836009999999987,-0.6801539999996749,-0.7818774999998368
2021-08-23 10:45:00,2733.048848,2732.168164,2732.37466,-0.8806839999997464,-0.6741879999999583,-0.7774359999998524
2021-08-23 11:00:00,2733.048651,2732.167969,2732.371416,-0.8806819999999789,-0.6772350000001097,-0.7789585000000443
2021-08-23 11:15:00,2733.046902,2732.170929,2732.37576,-0.8759730000001582,-0.6711420000001453,-0.7735575000001518
2021-08-23 11:45:00,2733.049624,2732.167192,2732.373688,-0.8824320000003354,-0.6759360000000925,-0.7791840000002139
2021-08-23 12:00:00,2733.052737,2732.170035,2732.37505,-0.8827019999998811,-0.677686999999878,-0.7801944999998796
2021-08-23 12:15:00,2733.050987,2732.171516,2732.376347,-0.8794710000001942,-0.6746400000001813,-0.7770555000001877
2021-08-23 12:30:00,2733.049821,2732.169939,2732.373883,-0.8798820000001797,-0.67593799999986,-0.7779100000000199
2021-08-23 12:45:00,2733.049238,2732.169354,2732.372003,-0.8798839999999473,-0.6772350000001097,-0.7785595000000285
2021-08-23 13:00:00,2733.047295,2732.16768,2732.373108,-0.8796149999998306,-0.6741870000000745,-0.7769009999999525
2021-08-23 13:15:00,2733.052157,2732.169045,2732.374925,-0.8831119999999828,-0.6772320000000036,-0.7801719999999932
2021-08-23 13:30:00,2733.05099,2732.173848,2732.374785,-0.8771420000002763,-0.6762050000002091,-0.7766735000002427
2021-08-23 13:45:00,2733.049628,2732.167772,2732.373421,-0.8818560000004254,-0.6762070000004314,-0.7790315000004284
2021-08-23 14:00:00,2733.046522,2732.165825,2732.371474,-0.8806970000000547,-0.6750480000000607,-0.7778725000000577
2021-08-23 14:15:00,2733.046325,2732.1677,2732.370117,-0.878624999999829,-0.6762079999998605,-0.7774164999998447
2021-08-23 14:30:00,2733.046908,2732.169273,2732.369404,-0.8776349999998274,-0.6775039999997716,-0.7775694999997995
2021-08-23 15:00:00,2733.048075,2732.17044,2732.370571,-0.8776350000002822,-0.6775040000002264,-0.7775695000002543
2021-08-23 15:15:00,2733.048658,2732.166042,2732.373748,-0.8826160000003256,-0.6749100000001818,-0.7787630000002537
2021-08-23 15:30:00,2733.050211,2732.172577,2732.371968,-0.8776340000003984,-0.6782430000002933,-0.7779385000003458
2021-08-23 15:45:00,2733.047492,2732.171607,2732.373455,-0.8758849999999256,-0.6740370000002258,-0.7749610000000757
2021-08-23 16:00:00,2733.047298,2732.172896,2732.370214,-0.8744019999999182,-0.6770839999999225,-0.7757429999999204
2021-08-23 16:15:00,2733.048078,2732.173676,2732.372864,-0.8744019999999182,-0.675213999999869,-0.7748079999998936
2021-08-23 16:30:00,2733.045162,2732.167527,2732.368649,-0.8776349999998274,-0.6765129999998862,-0.7770739999998568
2021-08-23 16:45:00,2733.043023,2732.165656,2732.365211,-0.8773670000000493,-0.6778120000003582,-0.7775895000002038
2021-08-23 17:00:00,2733.044966,2732.165849,2732.368452,-0.8791169999999511,-0.67651399999977,-0.7778154999998605
2021-08-23 17:15:00,2733.045746,2732.168381,2732.367935,-0.877364999999827,-0.677810999999565,-0.777587999999696
2021-08-23 17:30:00,2733.048661,2732.171027,2732.370399,-0.8776339999999436,-0.6782619999999042,-0.7779479999999239
2021-08-23 17:45:00,2733.049634,2732.169842,2732.371374,-0.8797920000001795,-0.6782600000001366,-0.7790260000001581
2021-08-23 18:00:00,2733.049248,2732.168963,2732.370986,-0.8802849999997306,-0.6782619999999042,-0.7792734999998174
2021-08-23 18:15:00,2733.045942,2732.170639,2732.369429,-0.8753030000002582,-0.676513000000341,-0.7759080000002996
2021-08-23 18:30:00,2733.048078,2732.168965,2732.369817,-0.8791129999999612,-0.6782610000000204,-0.7786869999999908
2021-08-23 18:45:00,2733.046912,2732.169548,2732.371696,-0.8773639999999432,-0.6752159999996366,-0.7762899999997899
2021-08-23 19:00:00,2733.047688,2732.168575,2732.369427,-0.8791129999999612,-0.6782610000000204,-0.7786869999999908
2021-08-23 19:15:00,2733.045742,2732.166628,2732.366182,-0.879113999999845,-0.6795599999995829,-0.779336999999714
2021-08-23 19:30:00,2733.046908,2732.169277,2732.367787,-0.8776309999998375,-0.6791209999996681,-0.7783759999997528
2021-08-23 19:45:00,2733.047492,2732.165648,2732.365322,-0.881844000000001,-0.6821700000000419,-0.7820070000000214
2021-08-23 20:00:00,2733.046908,2732.168297,2732.365478,-0.878610999999637,-0.6814299999996365,-0.7800204999996367
2021-08-23 20:15:00,2733.048651,2732.169542,2732.370407,-0.8791089999999713,-0.678244000000177,-0.7786765000000742
2021-08-23 20:30:00,2733.047105,2732.167012,2732.370021,-0.8800930000002154,-0.6770839999999225,-0.778588500000069
2021-08-23 20:45:00,2733.046908,2732.169549,2732.367367,-0.8773589999996148,-0.679540999999972,-0.7784499999997934
2021-08-23 21:00:00,2733.048658,2732.166809,2732.369404,-0.8818490000003294,-0.6792540000001281,-0.7805515000002288
2021-08-23 21:15:00,2733.047102,2732.167002,2732.367847,-0.8800999999998567,-0.6792550000000119,-0.7796774999999343
2021-08-23 21:30:00,2733.046322,2732.170933,2732.370114,-0.8753890000002684,-0.6762080000003152,-0.7757985000002918
2021-08-23 21:45:00,2733.049821,2732.169454,2732.36752,-0.8803670000002057,-0.6823010000002796,-0.7813340000002427
2021-08-23 22:00:00,2733.048655,2732.169047,2732.368104,-0.8796080000001893,-0.6805509999999231,-0.7800795000000562
2021-08-23 22:15:00,2733.046322,2732.168464,2732.366492,-0.8778580000002876,-0.6798300000000381,-0.7788440000001629
2021-08-23 22:30:00,2733.045932,2732.171715,2732.367853,-0.8742170000000442,-0.6780789999997978,-0.776147999999921
2021-08-23 22:45:00,2733.046902,2732.172685,2732.37012,-0.8742170000000442,-0.6767820000000029,-0.7754995000000235
2021-08-23 23:00:00,2733.047292,2732.171596,2732.37051,-0.8756960000000618,-0.6767820000000029,-0.7762390000000323
2021-08-23 23:15:00,2733.048848,2732.171401,2732.370316,-0.8774469999998473,-0.6785319999999047,-0.777989499999876
2021-08-23 23:30:00,2733.046125,2732.168679,2732.366295,-0.8774459999999635,-0.6798300000000381,-0.7786380000000008
2021-08-23 23:45:00,2733.047488,2732.171114,2732.367659,-0.8763739999999416,-0.6798290000001543,-0.778101500000048
2021-08-24 00:00:00,2733.048071,2732.172687,2732.370568,-0.87538399999994,-0.6775030000003426,-0.7764435000001413
2021-08-24 00:15:00,2733.048655,2732.174753,2732.369401,-0.8739020000002711,-0.6792540000001281,-0.7765780000001996
2021-08-24 00:30:00,2733.047878,2732.172494,2732.367326,-0.87538399999994,-0.6805519999998069,-0.7779679999998734
2021-08-24 00:45:00,2733.048268,2732.174636,2732.369466,-0.8736319999998159,-0.6788019999999051,-0.7762169999998605
2021-08-24 01:15:00,2733.049044,2732.173661,2732.371542,-0.8753830000000562,-0.677502000000004,-0.7764425000000301
2021-08-24 01:30:00,2733.050407,2732.170043,2732.371155,-0.8803640000000996,-0.6792520000003606,-0.7798080000002301
2021-08-24 01:45:00,2733.049824,2732.172692,2732.369273,-0.8771320000000742,-0.6805510000003778,-0.778841500000226
2021-08-24 02:00:00,2733.052157,2732.173276,2732.374202,-0.8788810000000922,-0.6779550000001109,-0.7784180000001015
2021-08-24 02:30:00,2733.049241,2732.174849,2732.36869,-0.8743920000001708,-0.6805510000003778,-0.7774715000002743
2021-08-24 02:45:00,2733.05099,2732.171618,2732.366653,-0.8793720000003304,-0.6843370000001414,-0.7818545000002359
2021-08-24 03:00:00,2733.050017,2732.173876,2732.365679,-0.8761410000001888,-0.6843380000000252,-0.780239500000107
2021-08-24 03:15:00,2733.048461,2732.174069,2732.363566,-0.8743919999997161,-0.6848949999998695,-0.7796434999997928
2021-08-24 03:30:00,2733.048851,2732.17594,2732.363956,-0.8729109999999309,-0.6848949999998695,-0.7789029999999002
2021-08-24 03:45:00,2733.048071,2732.172688,2732.36752,-0.8753830000000562,-0.6805510000003778,-0.777967000000217
2021-08-24 04:00:00,2733.048071,2732.170217,2732.366223,-0.8778540000002977,-0.6818480000001728,-0.7798510000002352
2021-08-24 04:15:00,2733.050211,2732.170607,2732.366613,-0.8796040000001994,-0.6835980000000745,-0.781601000000137
2021-08-24 04:30:00,2733.05235,2732.17423,2732.370774,-0.8781199999998535,-0.68157599999995,-0.7798479999999017
2021-08-24 04:45:00,2733.05371,2732.17559,2732.368365,-0.8781200000003082,-0.6853450000003249,-0.7817325000003166
2021-08-24 05:00:00,2733.054099,2732.17598,2732.372071,-0.8781189999999697,-0.682028000000173,-0.7800735000000714
2021-08-24 05:15:00,2733.052737,2732.173544,2732.36739,-0.8791929999997592,-0.6853470000000925,-0.7822699999999259
2021-08-24 05:45:00,2733.049821,2732.177859,2732.368697,-0.8719620000001669,-0.6811240000001817,-0.7765430000001743
2021-08-24 06:00:00,2733.05235,2732.17522,2732.366287,-0.8771299999998519,-0.6860630000001038,-0.7815964999999778
2021-08-24 06:15:00,2733.05157,2732.172957,2732.365507,-0.8786129999998593,-0.6860630000001038,-0.7823379999999815
2021-08-24 06:30:00,2733.05332,2732.171975,2732.36421,-0.8813449999997829,-0.6891099999998005,-0.7852274999997917
2021-08-24 06:45:00,2733.052737,2732.174623,2732.363626,-0.878114000000096,-0.689111000000139,-0.7836125000001175
2021-08-24 07:00:00,2733.05332,2732.175207,2732.36448,-0.8781130000002122,-0.6888399999998001,-0.7834765000000061
2021-08-24 07:15:00,2733.052737,2732.171392,2732.363898,-0.8813449999997829,-0.6888389999999163,-0.7850919999998496
2021-08-24 07:30:00,2733.051184,2732.170598,2732.364093,-0.8805859999997665,-0.6870909999997821,-0.7838384999997743
2021-08-24 07:45:00,2733.053326,2732.172393,2732.362736,-0.8809330000003683,-0.6905900000001566,-0.7857615000002625
2021-08-24 08:00:00,2733.050411,2732.169744,2732.363321,-0.8806670000003578,-0.687090000000353,-0.7838785000003554
2021-08-24 08:15:00,2733.05216,2732.171985,2732.368406,-0.8801750000002357,-0.6837540000001354,-0.7819645000001856
2021-08-24 08:30:00,2733.049828,2732.17239,2732.364775,-0.8774379999999837,-0.6850530000001527,-0.7812455000000682
2021-08-24 08:45:00,2733.048661,2732.171225,2732.363608,-0.8774359999997614,-0.6850529999996979,-0.7812444999997297
2021-08-24 09:00:00,2733.050411,2732.173466,2732.366655,-0.8769449999999779,-0.6837560000003577,-0.7803505000001678
2021-08-24 09:15:00,2733.046912,2732.171304,2732.367952,-0.8756079999998292,-0.6789599999997336,-0.7772839999997814
2021-08-24 09:30:00,2733.048271,2732.173074,2732.366265,-0.8751970000002984,-0.6820060000000012,-0.7786015000001498
2021-08-24 09:45:00,2733.050407,2732.17023,2732.366652,-0.8801770000000033,-0.6837550000000192,-0.7819660000000113
2021-08-24 10:00:00,2733.050017,2732.176693,2732.366262,-0.8733240000001388,-0.6837550000000192,-0.778539500000079
2021-08-24 10:15:00,2733.047878,2732.172412,2732.366159,-0.8754659999999603,-0.6817189999997026,-0.7785924999998315
2021-08-24 10:30:00,2733.049824,2732.174748,2732.365489,-0.8750760000002629,-0.6843350000003738,-0.7797055000003184
2021-08-24 10:45:00,2733.049434,2732.173368,2732.363062,-0.8760659999998097,-0.6863720000001194,-0.7812189999999646
2021-08-24 11:00:00,2733.046905,2732.170838,2732.360531,-0.8760670000001483,-0.6863740000003418,-0.781220500000245
2021-08-24 11:15:00,2733.047295,2732.174728,2732.362671,-0.87256699999989,-0.6846239999999852,-0.7785954999999376
2021-08-24 11:30:00,2733.047492,2732.173774,2732.366783,-0.8737180000002809,-0.6807090000002063,-0.7772135000002436
2021-08-24 11:45:00,2733.048658,2732.173189,2732.363152,-0.8754690000000664,-0.6855060000002595,-0.780487500000163
2021-08-24 12:00:00,2733.046325,2732.170855,2732.365616,-0.8754699999999502,-0.6807089999997515,-0.7780894999998509
2021-08-24 12:15:00,2733.046908,2732.171437,2732.367496,-0.875470999999834,-0.6794119999999566,-0.7774414999998953
2021-08-24 12:45:00,2733.045742,2732.169779,2732.366329,-0.8759629999999561,-0.6794129999998404,-0.7776879999998982
2021-08-24 13:00:00,2733.047882,2732.17165,2732.363672,-0.876231999999618,-0.6842099999998936,-0.7802209999997558
2021-08-24 13:15:00,2733.048661,2732.169199,2732.364452,-0.8794619999998758,-0.6842090000000098,-0.7818354999999428
2021-08-24 13:30:00,2733.045746,2732.172244,2732.365594,-0.8735019999999167,-0.6801519999999073,-0.776826999999912
2021-08-24 13:45:00,2733.043993,2732.167038,2732.363712,-0.8769549999997253,-0.6802809999999226,-0.778617999999824
2021-08-24 14:00:00,2733.044962,2732.171239,2732.364682,-0.8737230000001546,-0.6802800000000389,-0.7770015000000967
2021-08-24 14:15:00,2733.048071,2732.17466,2732.366624,-0.8734110000000328,-0.6814470000003894,-0.7774290000002111
2021-08-24 14:30:00,2733.0436,2732.169375,2732.365069,-0.874225000000024,-0.6785310000000209,-0.7763780000000224
2021-08-24 14:45:00,2733.044379,2732.170157,2732.362802,-0.8742219999999179,-0.6815769999998338,-0.7778994999998758
2021-08-24 15:00:00,2733.043986,2732.172994,2732.36241,-0.8709920000001148,-0.68157599999995,-0.7762840000000324
2021-08-24 15:15:00,2733.045152,2732.172411,2732.363577,-0.8727410000001328,-0.6815750000000662,-0.7771580000000995
2021-08-24 15:30:00,2733.046125,2732.171634,2732.363827,-0.8744910000000345,-0.6822979999997187,-0.7783944999998766
2021-08-24 15:45:00,2733.042433,2732.172021,2732.360586,-0.8704120000002149,-0.681847000000289,-0.7761295000002519
2021-08-24 16:00:00,2733.043403,2732.171241,2732.359806,-0.8721620000001167,-0.6835970000001907,-0.7778795000001537
2021-08-24 16:15:00,2733.043793,2732.171631,2732.358899,-0.8721619999996619,-0.6848939999999857,-0.7785279999998238
2021-08-24 16:30:00,2733.043989,2732.170838,2732.359096,-0.8731509999997797,-0.6848929999996471,-0.7790219999997134
2021-08-24 16:45:00,2733.041267,2732.172334,2732.363762,-0.8689330000001974,-0.6775050000001102,-0.7732190000001538
2021-08-24 17:00:00,2733.044376,2732.172215,2732.36078,-0.8721609999997781,-0.6835959999998522,-0.7778784999998152
2021-08-24 17:15:00,2733.04224,2732.175058,2732.360105,-0.8671820000004118,-0.6821350000000166,-0.7746585000002142
2021-08-24 17:30:00,2733.041074,2732.169181,2732.358938,-0.871893,-0.6821360000003551,-0.7770145000001776
2021-08-24 17:45:00,2733.041657,2732.171245,2732.359523,-0.8704120000002149,-0.6821340000001328,-0.7762730000001739
2021-08-24 18:00:00,2733.044573,2732.172412,2732.364024,-0.8721610000002329,-0.6805490000001555,-0.7763550000001942
2021-08-24 18:30:00,2733.044573,2732.175644,2732.362727,-0.8689290000002075,-0.6818459999999504,-0.7753875000000789
2021-08-24 19:00:00,2733.045739,2732.178292,2732.362143,-0.8674470000000838,-0.683596000000307,-0.7755215000001954
2021-08-24 20:00:00,2733.045932,2732.177416,2732.365384,-0.8685159999999996,-0.680547999999817,-0.7745319999999083
2021-08-24 20:15:00,2733.045736,2732.178702,2732.362863,-0.867033999999876,-0.6828730000001997,-0.7749535000000378
2021-08-24 20:45:00,2733.046515,2732.175261,2732.363642,-0.8712540000001354,-0.6828730000001997,-0.7770635000001676
2021-08-24 21:00:00,2733.045746,2732.175071,2732.362155,-0.8706749999996646,-0.6835909999999785,-0.7771329999998215
2021-08-24 21:15:00,2733.043413,2732.173417,2732.359821,-0.869995999999901,-0.6835919999998623,-0.7767939999998816
2021-08-24 21:30:00,2733.044189,2732.177927,2732.365684,-0.8662620000000061,-0.6785050000003139,-0.77238350000016
2021-08-24 21:45:00,2733.045742,2732.177729,2732.365487,-0.8680129999997916,-0.6802549999997609,-0.7741339999997763
2021-08-24 22:00:00,2733.045159,2732.175666,2732.364904,-0.869492999999693,-0.6802549999997609,-0.774873999999727
2021-08-24 22:15:00,2733.047492,2732.177731,2732.36244,-0.8697609999999258,-0.6850520000002689,-0.7774065000000974
2021-08-24 22:30:00,2733.043993,2732.179212,2732.366784,-0.8647809999997662,-0.677208999999948,-0.7709949999998571
2021-08-24 22:45:00,2733.042827,2732.176564,2732.364319,-0.8662630000003446,-0.67850800000042,-0.7723855000003823
2021-08-25 00:15:00,2733.051574,2732.183688,2732.361725,-0.8678859999999986,-0.6898489999998674,-0.778867499999933
2021-08-25 00:30:00,2733.048075,2732.180066,2732.363022,-0.8680090000002565,-0.6850530000001527,-0.7765310000002046
2021-08-25 00:45:00,2733.045742,2732.182444,2732.360689,-0.8632979999997588,-0.6850529999996979,-0.7741754999997283
2021-08-25 01:00:00,2733.049241,2732.179214,2732.359392,-0.8700270000003911,-0.6898490000003221,-0.7799380000003566
2021-08-25 01:15:00,2733.048658,2732.180381,2732.361855,-0.8682770000000346,-0.6868030000000545,-0.7775400000000445
2021-08-25 01:45:00,2733.048075,2732.179797,2732.361272,-0.8682780000003731,-0.6868030000000545,-0.7775405000002138
2021-08-25 02:00:00,2733.047882,2732.182335,2732.361532,-0.8655469999998786,-0.6863499999999476,-0.7759484999999131
2021-08-25 02:15:00,2733.046522,2732.182725,2732.359885,-0.8637969999999768,-0.6866370000002462,-0.7752170000001115
2021-08-25 02:30:00,2733.050214,2732.181936,2732.363413,-0.8682779999999184,-0.6868009999998321,-0.7775394999998753
2021-08-25 02:45:00,2733.051187,2732.182911,2732.364386,-0.8682760000001508,-0.6868009999998321,-0.7775384999999915
2021-08-25 03:00:00,2733.049631,2732.182834,2732.362831,-0.8667969999996785,-0.6867999999999483,-0.7767984999998134
2021-08-25 03:15:00,2733.048271,2732.181743,2732.361923,-0.8665280000000166,-0.68634800000018,-0.7764380000000983
2021-08-25 03:30:00,2733.049241,2732.180963,2732.362441,-0.8682780000003731,-0.6867999999999483,-0.7775390000001607
2021-08-25 04:00:00,2733.048075,2732.181546,2732.359976,-0.8665290000003552,-0.6880989999999656,-0.7773140000001604
2021-08-25 04:30:00,2733.050407,2732.182128,2732.361569,-0.8682790000002569,-0.6888380000000325,-0.7785585000001447
2021-08-25 04:45:00,2733.047492,2732.179482,2732.359105,-0.8680100000001403,-0.688387000000148,-0.7781985000001441
2021-08-25 05:00:00,2733.046908,2732.178897,2732.358522,-0.8680110000000241,-0.6883859999998094,-0.7781984999999167
2021-08-25 05:15:00,2733.048075,2732.180064,2732.360986,-0.8680110000000241,-0.6870890000000145,-0.7775500000000193
2021-08-25 05:30:00,2733.048658,2732.184269,2732.360273,-0.8643890000003012,-0.6883850000003804,-0.7763870000003408
2021-08-25 05:45:00,2733.047492,2732.183104,2732.361143,-0.8643879999999626,-0.6863490000000638,-0.7753685000000132
2021-08-25 06:00:00,2733.048851,2732.182712,2732.359886,-0.8661390000002029,-0.6889649999998255,-0.7775520000000142
2021-08-25 06:15:00,2733.050987,2732.183099,2732.361571,-0.8678880000002209,-0.6894160000001648,-0.7786520000001929
2021-08-25 06:30:00,2733.049821,2732.179461,2732.362153,-0.8703599999998914,-0.6876680000000306,-0.779013999999961
2021-08-25 07:00:00,2733.050407,2732.183859,2732.36231,-0.8665479999999661,-0.688097000000198,-0.7773225000000821
2021-08-25 07:15:00,2733.05177,2732.18172,2732.361925,-0.870049999999992,-0.6898449999998775,-0.7799474999999347
2021-08-25 07:30:00,2733.047498,2732.179957,2732.358104,-0.8675410000000738,-0.689393999999993,-0.7784675000000334
2021-08-25 07:45:00,2733.048081,2732.17879,2732.358687,-0.8692909999999756,-0.689393999999993,-0.7793424999999843
2021-08-25 08:00:00,2733.045942,2732.18015,2732.357556,-0.8657920000000559,-0.6883860000002642,-0.77708900000016
2021-08-25 08:15:00,2733.048078,2732.180266,2732.356934,-0.8678119999999581,-0.6911439999998947,-0.7794779999999264
2021-08-25 08:30:00,2733.045162,2732.179778,2732.35447,-0.8653839999997217,-0.6906919999996717,-0.7780379999996967
2021-08-25 08:45:00,2733.047302,2732.178008,2732.354118,-0.8692940000000817,-0.6931839999997464,-0.7812389999999141
2021-08-25 09:00:00,2733.047692,2732.180558,2732.355807,-0.8671340000000782,-0.6918850000001839,-0.7795095000001311
2021-08-25 09:15:00,2733.048078,2732.183496,2732.358231,-0.8645819999997002,-0.689846999999645,-0.7772144999996726
2021-08-25 09:30:00,2733.048661,2732.181257,2732.357064,-0.8674039999996239,-0.6915970000000016,-0.7795004999998127
2021-08-25 09:45:00,2733.048661,2732.184489,2732.358361,-0.8641719999995985,-0.6902999999997519,-0.7772359999996752
2021-08-25 10:00:00,2733.048078,2732.182424,2732.359528,-0.8656539999997221,-0.6885499999998501,-0.7771019999997861
2021-08-25 10:15:00,2733.046329,2732.178922,2732.357777,-0.86740699999973,-0.6885519999996177,-0.7779794999996739
2021-08-25 10:30:00,2733.045746,2732.181571,2732.359214,-0.8641749999997046,-0.6865319999997155,-0.77535349999971
2021-08-25 10:45:00,2733.046912,2732.181255,2732.36343,-0.8656569999998283,-0.6834819999999127,-0.7745694999998705
2021-08-25 11:00:00,2733.045939,2732.178801,2732.361159,-0.8671380000000681,-0.6847800000000461,-0.7759590000000571
2021-08-25 11:15:00,2733.044966,2732.179308,2732.358434,-0.865657999999712,-0.6865319999997155,-0.7760949999997138
2021-08-25 11:30:00,2733.041664,2732.177753,2732.360956,-0.8639109999999164,-0.6807079999998678,-0.7723094999998921
2021-08-25 11:45:00,2733.042247,2732.180809,2732.359359,-0.8614379999999073,-0.6828879999998207,-0.772162999999864
2021-08-25 12:00:00,2733.043803,2732.182364,2732.360049,-0.8614390000002459,-0.6837540000001354,-0.7725965000001906
2021-08-25 12:15:00,2733.045749,2732.182151,2732.360246,-0.8635979999999108,-0.6855029999996987,-0.7745504999998047
2021-08-25 12:45:00,2733.043216,2732.179305,2732.356415,-0.8639109999999164,-0.6868009999998321,-0.7753559999998743
2021-08-25 13:00:00,2733.046322,2732.17842,2732.360819,-0.8679019999999582,-0.6855030000001534,-0.7767025000000558
2021-08-25 13:15:00,2733.045739,2732.176847,2732.361533,-0.8688919999999598,-0.6842060000003585,-0.7765490000001591
2021-08-25 13:30:00,2733.043989,2732.177837,2732.358485,-0.8661519999996017,-0.6855039999995824,-0.7758279999995921
2021-08-25 14:00:00,2733.042047,2732.176161,2732.358292,-0.8658860000000459,-0.6837550000000192,-0.7748205000000326
2021-08-25 14:15:00,2733.042243,2732.178929,2732.358489,-0.8633139999997184,-0.6837539999996807,-0.7735339999996995
2021-08-25 14:30:00,2733.044576,2732.180493,2732.360369,-0.8640829999999369,-0.6842069999997875,-0.7741449999998622
2021-08-25 14:45:00,2733.042047,2732.180883,2732.357425,-0.861163999999917,-0.6846219999997629,-0.77289299999984
2021-08-25 15:00:00,2733.042243,2732.18108,2732.357622,-0.8611630000000332,-0.6846209999998791,-0.7728919999999562
2021-08-25 15:15:00,2733.043606,2732.176561,2732.36216,-0.8670449999999619,-0.6814460000000508,-0.7742455000000064
2021-08-25 15:30:00,2733.044383,2732.175586,2732.352496,-0.868797000000086,-0.6918869999999515,-0.7803420000000187
2021-08-25 15:45:00,2733.043213,2732.178819,2732.356842,-0.8643939999997201,-0.6863709999997809,-0.7753824999997505
2021-08-25 16:00:00,2733.043986,2732.181342,2732.356892,-0.8626440000002731,-0.6870940000003429,-0.774869000000308
2021-08-25 16:15:00,2733.045152,2732.179589,2732.359357,-0.865563000000293,-0.6857950000003257,-0.7756790000003093
2021-08-25 16:30:00,2733.043403,2732.174877,2732.35806,-0.8685260000002017,-0.6853430000001026,-0.7769345000001522
2021-08-25 16:45:00,2733.041267,2732.175971,2732.353884,-0.8652959999999439,-0.6873829999999543,-0.7763394999999491
2021-08-25 17:00:00,2733.040881,2732.175586,2732.357285,-0.8652950000000601,-0.6835959999998522,-0.7744454999999562
2021-08-25 17:15:00,2733.043403,2732.176358,2732.354271,-0.8670449999999619,-0.6891319999999723,-0.7780884999999671
2021-08-25 17:30:00,2733.04107,2732.177525,2732.355438,-0.8635450000001583,-0.6856320000001688,-0.7745885000001635
2021-08-25 17:45:00,2733.043403,2732.181341,2732.356021,-0.8620620000001509,-0.6873820000000705,-0.7747220000001107
2021-08-25 18:00:00,2733.045152,2732.1791,2732.354724,-0.8660520000003089,-0.6904280000003382,-0.7782400000003236
2021-08-25 18:30:00,2733.043793,2732.179981,2732.356411,-0.8638119999995979,-0.6873819999996158,-0.7755969999996069
2021-08-25 18:45:00,2733.046322,2732.176048,2732.357193,-0.870274000000336,-0.689129000000321,-0.7797015000003285
2021-08-25 19:00:00,2733.046322,2732.180271,2732.354144,-0.8660509999999704,-0.69217800000024,-0.7791145000001052
2021-08-25 19:15:00,2733.044183,2732.17566,2732.355504,-0.8685230000000956,-0.6886789999998655,-0.7786009999999806
2021-08-25 19:30:00,2733.043403,2732.175951,2732.352974,-0.8674519999999575,-0.690429000000222,-0.7789405000000897
2021-08-25 19:45:00,2733.044569,2732.178288,2732.355891,-0.8662810000000718,-0.6886779999999817,-0.7774795000000267
2021-08-25 20:00:00,2733.045152,2732.177123,2732.356761,-0.868029000000206,-0.6883910000001379,-0.7782100000001719
2021-08-25 20:15:00,2733.044569,2732.17753,2732.354139,-0.8670390000002044,-0.6904300000001058,-0.7787345000001551
2021-08-25 20:30:00,2733.044183,2732.176153,2732.355791,-0.8680300000000898,-0.6883920000000217,-0.7782110000000557
2021-08-25 20:45:00,2733.042243,2732.179195,2732.356324,-0.8630479999997078,-0.6859190000000126,-0.7744834999998602
2021-08-25 21:00:00,2733.044579,2732.176059,2732.355741,-0.8685199999999895,-0.6888380000000325,-0.778679000000011
2021-08-25 21:15:00,2733.044773,2732.177735,2732.355934,-0.8670379999998659,-0.6888389999999163,-0.7779384999998911
2021-08-25 21:30:00,2733.043993,2732.176955,2732.359498,-0.8670379999998659,-0.6844949999999699,-0.7757664999999179
2021-08-25 21:45:00,2733.043213,2732.174882,2732.355543,-0.8683310000001256,-0.6876699999997982,-0.7780004999999619
2021-08-25 22:00:00,2733.044773,2732.177023,2732.355933,-0.8677499999998872,-0.6888400000002548,-0.778295000000071
2021-08-25 22:15:00,2733.044383,2732.178115,2732.352225,-0.8662679999997636,-0.6921579999998357,-0.7792129999997996
2021-08-25 22:30:00,2733.045162,2732.179876,2732.356323,-0.8652859999997418,-0.6888389999999163,-0.777062499999829
2021-08-25 22:45:00,2733.044773,2732.176256,2732.35696,-0.8685169999998834,-0.6878130000000056,-0.7781649999999445
2021-08-25 23:00:00,2733.045935,2732.1794,2732.355346,-0.8665350000001126,-0.6905890000002728,-0.7785620000001927
2021-08-25 23:15:00,2733.044573,2732.177217,2732.354436,-0.8673560000001999,-0.6901370000000497,-0.7787465000001248
2021-08-25 23:30:00,2733.043213,2732.179088,2732.353074,-0.8641250000000582,-0.6901389999998173,-0.7771319999999378
2021-08-25 23:45:00,2733.043603,2732.177337,2732.356513,-0.866265999999996,-0.6870899999998983,-0.7766779999999471
2021-08-26 00:00:00,2733.042823,2732.177708,2732.352684,-0.8651150000000598,-0.6901390000002721,-0.7776270000001659
2021-08-26 00:15:00,2733.045739,2732.179865,2732.350804,-0.8658740000000762,-0.6949349999999868,-0.7804045000000315
2021-08-26 00:45:00,2733.045935,2732.180553,2732.355345,-0.8653819999999541,-0.6905900000001566,-0.7779860000000554
2021-08-26 01:00:00,2733.045549,2732.176935,2732.3557,-0.8686139999999796,-0.6898489999998674,-0.7792314999999235
2021-08-26 01:15:00,2733.048071,2732.177318,2732.355605,-0.8707530000001498,-0.6924659999999676,-0.7816095000000587
2021-08-26 01:30:00,2733.046322,2732.177319,2732.356472,-0.869003000000248,-0.6898500000002059,-0.779426500000227
2021-08-26 01:45:00,2733.045156,2732.180372,2732.354009,-0.8647840000003271,-0.6911470000000008,-0.777965500000164
2021-08-26 02:00:00,2733.046322,2732.181539,2732.354435,-0.8647829999999885,-0.6918869999999515,-0.77833499999997
2021-08-26 02:30:00,2733.045546,2732.179771,2732.355408,-0.8657749999997577,-0.6901379999999335,-0.7779564999998456
2021-08-26 02:45:00,2733.048658,2732.177906,2732.358069,-0.870752000000266,-0.6905890000002728,-0.7806705000002694
2021-08-26 03:00:00,2733.049824,2732.180551,2732.350094,-0.8692730000002484,-0.6997300000002724,-0.7845015000002604
2021-08-26 03:15:00,2733.047492,2732.179478,2732.352558,-0.8680140000001302,-0.694934000000103,-0.7814740000001166
2021-08-26 03:45:00,2733.047492,2732.176247,2732.351836,-0.8712450000002718,-0.6956560000003265,-0.7834505000002991
2021-08-26 04:00:00,2733.048851,2732.180568,2732.353465,-0.8682829999997921,-0.6953859999998713,-0.7818344999998317
2021-08-26 04:15:00,2733.046712,2732.178698,2732.351778,-0.8680139999996754,-0.6949339999996482,-0.7814739999996618
2021-08-26 04:30:00,2733.050214,2732.182913,2732.354829,-0.8673009999997703,-0.6953849999999875,-0.7813429999998789
2021-08-26 04:45:00,2733.05177,2732.18447,2732.351318,-0.8672999999998865,-0.7004520000000412,-0.7838759999999638
2021-08-26 05:00:00,2733.048658,2732.183108,2732.349954,-0.8655499999999847,-0.6987040000003617,-0.7821270000001732
2021-08-26 05:15:00,2733.049824,2732.182523,2732.352418,-0.867301000000225,-0.6974060000002282,-0.7823535000002266
2021-08-26 05:30:00,2733.046908,2732.184587,2732.353003,-0.8623209999996106,-0.6939049999996314,-0.778112999999621
2021-08-26 05:45:00,2733.043993,2732.18194,2732.353857,-0.8620529999998325,-0.6901359999997112,-0.7760944999997719
2021-08-26 06:00:00,2733.049241,2732.1831,2732.355606,-0.8661409999999705,-0.6936350000000857,-0.7798880000000281
2021-08-26 06:15:00,2733.048851,2732.180567,2732.355216,-0.8682840000001306,-0.6936350000000857,-0.7809595000001082
2021-08-26 06:30:00,2733.049238,2732.183095,2732.356901,-0.8661430000001928,-0.6923369999999522,-0.7792400000000725
2021-08-26 06:45:00,2733.048071,2732.179457,2732.354436,-0.8686139999999796,-0.6936350000000857,-0.7811245000000326
2021-08-26 07:15:00,2733.046322,2732.182687,2732.353139,-0.8636350000001585,-0.6931830000003174,-0.7784090000002379
2021-08-26 07:30:00,2733.049238,2732.180624,2732.354594,-0.8686139999999796,-0.694644000000153,-0.7816290000000663
2021-08-26 07:45:00,2733.048071,2732.177975,2732.353427,-0.8700960000001032,-0.694644000000153,-0.7823700000001281
2021-08-26 08:00:00,2733.046905,2732.178558,2732.351972,-0.8683470000000852,-0.6949330000002192,-0.7816400000001522
2021-08-26 08:15:00,2733.050407,2732.17914,2732.352557,-0.8712669999999889,-0.6978500000000167,-0.7845585000000028
2021-08-26 08:30:00,2733.049241,2732.182686,2732.354437,-0.8665550000000621,-0.6948040000002038,-0.780679500000133
2021-08-26 08:45:00,2733.047488,2732.179631,2732.353854,-0.8678570000001855,-0.6936340000002019,-0.7807455000001937
2021-08-26 09:30:00,2733.046905,2732.178286,2732.350222,-0.868619000000308,-0.696683000000121,-0.7826510000002145
2021-08-26 09:45:00,2733.048071,2732.179451,2732.352687,-0.8686200000001918,-0.6953840000001037,-0.7820020000001477
2021-08-26 10:30:00,2733.046905,2732.177294,2732.350223,-0.8696110000000772,-0.6966820000002372,-0.7831465000001572
2021-08-26 10:45:00,2733.048655,2732.179043,2732.354569,-0.869611999999961,-0.6940859999999702,-0.7818489999999656
2021-08-26 11:00:00,2733.045156,2732.179765,2732.34977,-0.8653910000002725,-0.695386000000326,-0.7803885000002992
2021-08-26 11:15:00,2733.046905,2732.178284,2732.357903,-0.8686210000000756,-0.6890020000000732,-0.7788115000000744
2021-08-26 11:45:00,2733.045546,2732.177191,2732.350613,-0.8683549999996103,-0.6949329999997644,-0.7816439999996874
2021-08-26 12:00:00,2733.046908,2732.176804,2732.353274,-0.8701039999996283,-0.6936339999997472,-0.7818689999996877
2021-08-26 12:15:00,2733.04341,2732.175652,2732.352822,-0.8677580000003218,-0.690588000000389,-0.7791730000003554
2021-08-26 12:30:00,2733.047882,2732.179858,2732.352497,-0.8680239999998776,-0.6953849999999875,-0.7817044999999325
2021-08-26 12:45:00,2733.045746,2732.176239,2732.35009,-0.869506999999885,-0.6956559999998717,-0.7825814999998784
2021-08-26 13:00:00,2733.045162,2732.180635,2732.349508,-0.8645269999997254,-0.6956540000001041,-0.7800904999999148
2021-08-26 13:15:00,2733.044576,2732.177219,2732.349638,-0.8673569999996289,-0.6949379999996381,-0.7811474999996335
2021-08-26 13:30:00,2733.046129,2732.175543,2732.349153,-0.870586000000003,-0.6969759999997223,-0.7837809999998626
2021-08-26 13:45:00,2733.046319,2732.178284,2732.351095,-0.8680349999999635,-0.6952240000000529,-0.7816295000000082
2021-08-26 14:00:00,2733.045542,2732.174545,2732.349021,-0.8709969999999885,-0.6965209999998478,-0.7837589999999182
2021-08-26 14:15:00,2733.044183,2732.174176,2732.346919,-0.8700069999999869,-0.6972639999999046,-0.7836354999999458
2021-08-26 14:30:00,2733.042627,2732.17733,2732.348411,-0.8652969999998277,-0.6942159999998694,-0.7797564999998485
2021-08-26 14:45:00,2733.040684,2732.174485,2732.345169,-0.8661990000000515,-0.6955149999998866,-0.780856999999969
2021-08-26 15:00:00,2733.0436,2732.177812,2732.346337,-0.865788000000066,-0.6972630000000208,-0.7815255000000434
2021-08-26 15:15:00,2733.044583,2732.176047,2732.349778,-0.8685359999999491,-0.6948050000000876,-0.7816705000000184
2021-08-26 15:30:00,2733.043803,2732.177998,2732.346976,-0.8658049999999093,-0.6968270000002121,-0.7813160000000607
2021-08-26 16:00:00,2733.040691,2732.176635,2732.34388,-0.8640560000003461,-0.6968110000002525,-0.7804335000002993
2021-08-26 16:15:00,2733.04322,2732.178504,2732.347707,-0.864716000000044,-0.6955130000001191,-0.7801145000000815
2021-08-26 16:30:00,2733.041857,2732.180373,2732.348094,-0.8614840000000186,-0.6937630000002173,-0.7776235000001179
2021-08-26 17:00:00,2733.038745,2732.176708,2732.345432,-0.8620369999998729,-0.6933129999997618,-0.7776749999998174
2021-08-26 17:15:00,2733.040494,2732.179671,2732.351798,-0.8608229999999821,-0.6886959999997089,-0.7747594999998455
2021-08-26 17:30:00,2733.041857,2732.178073,2732.353162,-0.8637840000001233,-0.6886950000002798,-0.7762395000002016
2021-08-26 17:45:00,2733.04225,2732.174253,2732.350946,-0.867996999999832,-0.6913039999999455,-0.7796504999998888
2021-08-26 18:00:00,2733.041667,2732.178383,2732.349064,-0.8632840000000215,-0.6926029999999628,-0.7779434999999921
2021-08-26 18:30:00,2733.043803,2732.175539,2732.3477,-0.8682640000001811,-0.6961030000002211,-0.7821835000002011
2021-08-26 18:45:00,2733.043993,2732.17457,2732.348481,-0.8694229999996423,-0.6955119999997805,-0.7824674999997114
2021-08-26 19:00:00,2733.042827,2732.177295,2732.350361,-0.8655320000002575,-0.6924660000004224,-0.77899900000034
2021-08-26 19:15:00,2733.0438,2732.175537,2732.352496,-0.8682629999998426,-0.6913039999999455,-0.779783499999894
2021-08-26 19:30:00,2733.043406,2732.177214,2732.351681,-0.8661919999999554,-0.6917249999996784,-0.7789584999998169
2021-08-26 19:45:00,2733.042823,2732.177804,2732.346012,-0.8650190000003022,-0.6968110000002525,-0.7809150000002774
2021-08-26 20:00:00,2733.048265,2732.177006,2732.348244,-0.8712590000000091,-0.7000210000001061,-0.7856400000000576
2021-08-26 20:15:00,2733.046902,2732.178875,2732.348629,-0.8680269999999837,-0.6982729999999719,-0.7831499999999778
2021-08-26 20:45:00,2733.04341,2732.179292,2732.34559,-0.8641180000004169,-0.6978200000003199,-0.7809690000003684
2021-08-26 21:00:00,2733.043993,2732.177717,2732.349506,-0.8662759999997434,-0.6944869999997536,-0.7803814999997485
2021-08-26 21:15:00,2733.044579,2732.176831,2732.347627,-0.8677479999996649,-0.6969519999997829,-0.7823499999997239
2021-08-26 21:30:00,2733.045356,2732.174378,2732.346652,-0.8709779999999228,-0.698703999999907,-0.7848409999999149
2021-08-26 21:45:00,2733.045159,2732.174671,2732.342111,-0.8704879999995683,-0.7030479999998533,-0.7867679999997108
2021-08-26 22:00:00,2733.045742,2732.177727,2732.347039,-0.868015000000014,-0.6987029999995684,-0.7833589999997912
2021-08-26 22:15:00,2733.044966,2732.177219,2732.348014,-0.8677469999997811,-0.6969519999997829,-0.782349499999782
2021-08-26 22:30:00,2733.047495,2732.175752,2732.346757,-0.8717429999996966,-0.7007380000000012,-0.7862404999998489
2021-08-26 22:45:00,2733.046712,2732.178689,2732.345845,-0.8680229999999938,-0.7008670000000166,-0.7844450000000052
2021-08-26 23:15:00,2733.046319,2732.180048,2732.346749,-0.8662709999998697,-0.6995700000002216,-0.7829205000000456
2021-08-26 23:30:00,2733.048071,2732.177097,2732.344285,-0.8709740000003876,-0.7037860000000364,-0.787380000000212
2021-08-26 23:45:00,2733.048071,2732.179651,2732.347332,-0.868420000000242,-0.7007390000003397,-0.7845795000002909
2021-08-27 00:00:00,2733.047685,2732.177014,2732.348983,-0.8706710000001294,-0.6987020000001394,-0.7846865000001344
2021-08-27 00:15:00,2733.047882,2732.179372,2732.345846,-0.8685099999997874,-0.7020359999996799,-0.7852729999997337
2021-08-27 00:30:00,2733.048651,2732.179151,2732.347333,-0.8695000000002437,-0.7013179999999011,-0.7854090000000724
2021-08-27 00:45:00,2733.047485,2732.178974,2732.349213,-0.8685110000001259,-0.6982720000000882,-0.783391500000107
2021-08-27 01:15:00,2733.046902,2732.179152,2732.349083,-0.8677499999998872,-0.6978189999999813,-0.7827844999999343
2021-08-27 01:30:00,2733.049624,2732.179367,2732.349603,-0.8702570000000378,-0.7000210000001061,-0.785139000000072
2021-08-27 01:45:00,2733.049821,2732.181314,2732.345909,-0.868507000000136,-0.7039119999999457,-0.7862095000000409
2021-08-27 02:00:00,2733.048071,2732.179153,2732.3498,-0.8689180000001215,-0.6982710000002044,-0.783594500000163
2021-08-27 02:15:00,2733.048655,2732.175746,2732.343549,-0.8729090000001634,-0.705105999999887,-0.7890075000000252
2021-08-27 02:30:00,2733.046712,2732.180534,2732.345106,-0.8661779999997634,-0.7016059999996287,-0.783891999999696
2021-08-27 02:45:00,2733.05099,2732.181724,2732.345886,-0.8692660000001524,-0.7051040000001194,-0.7871850000001359
2021-08-27 03:00:00,2733.046325,2732.176916,2732.344449,-0.8694089999999051,-0.7018759999996291,-0.7856424999997671
2021-08-27 03:15:00,2733.048658,2732.182212,2732.34633,-0.8664459999999963,-0.7023280000003069,-0.7843870000001516
2021-08-27 03:30:00,2733.048075,2732.181628,2732.342699,-0.8664470000003348,-0.7053760000003422,-0.7859115000003385
2021-08-27 04:00:00,2733.049628,2732.179951,2732.346273,-0.8696770000001379,-0.7033550000001014,-0.7865160000001197
2021-08-27 04:15:00,2733.050014,2732.180337,2732.344639,-0.8696770000001379,-0.7053750000000036,-0.7875260000000708
2021-08-27 04:30:00,2733.049628,2732.17672,2732.34555,-0.8729080000002796,-0.7040780000002087,-0.7884930000002441
2021-08-27 04:45:00,2733.049234,2732.178078,2732.348927,-0.8711560000001555,-0.7003070000000662,-0.7857315000001108
2021-08-27 05:00:00,2733.053123,2732.18493,2732.350346,-0.8681930000002467,-0.7027769999999691,-0.7854850000001079
2021-08-27 05:15:00,2733.05177,2732.180023,2732.349714,-0.8717470000001413,-0.7020560000000842,-0.7869015000001127
2021-08-27 05:30:00,2733.05099,2732.179243,2732.348934,-0.8717470000001413,-0.7020560000000842,-0.7869015000001127
2021-08-27 06:15:00,2733.050407,2732.17866,2732.344443,-0.8717470000001413,-0.7059640000002219,-0.7888555000001816
2021-08-27 06:30:00,2733.050984,2732.176595,2732.347767,-0.8743890000000647,-0.7032169999997677,-0.7888029999999162
2021-08-27 06:45:00,2733.05215,2732.182474,2732.348074,-0.8696759999997994,-0.7040759999999864,-0.7868759999998929
2021-08-27 07:00:00,2733.051567,2732.18041,2732.347491,-0.8711570000000393,-0.7040759999999864,-0.7876165000000128
2021-08-27 07:15:00,2733.049818,2732.181891,2732.350809,-0.8679269999997814,-0.6990089999999327,-0.7834679999998571
2021-08-27 07:30:00,2733.05215,2732.180724,2732.348344,-0.8714260000001559,-0.7038059999999859,-0.7876160000000709
2021-08-27 08:15:00,2733.050014,2732.178856,2732.347959,-0.871157999999923,-0.7020549999997456,-0.7866064999998343
2021-08-27 09:00:00,2733.05099,2732.181311,2732.345164,-0.8696790000003602,-0.7058260000003429,-0.7877525000003516
2021-08-27 09:45:00,2733.048658,2732.179738,2732.347629,-0.8689200000003439,-0.7010290000002897,-0.7849745000003168
2021-08-27 10:00:00,2733.048658,2732.180727,2732.344582,-0.867931000000226,-0.7040759999999864,-0.7860035000001062
2021-08-27 10:15:00,2733.049824,2732.181625,2732.343999,-0.8681990000000042,-0.7058250000000044,-0.7870120000000043
2021-08-27 10:30:00,2733.049241,2732.18131,2732.345166,-0.867931000000226,-0.7040750000001026,-0.7860030000001643
2021-08-27 10:45:00,2733.047492,2732.18279,2732.346463,-0.8647020000003067,-0.7010290000002897,-0.7828655000002982
2021-08-27 11:00:00,2733.047492,2732.174848,2732.346734,-0.8726440000000366,-0.7007579999999507,-0.7867009999999937
2021-08-27 11:15:00,2733.046712,2732.177299,2732.346406,-0.869412999999895,-0.7003059999997276,-0.7848594999998113
2021-08-27 11:30:00,2733.047492,2732.179238,2732.344576,-0.868253999999979,-0.7029160000001866,-0.7855850000000828
2021-08-27 11:45:00,2733.045742,2732.177487,2732.345437,-0.8682549999998628,-0.7003049999998439,-0.7842799999998533
2021-08-27 12:00:00,2733.046908,2732.176904,2732.344852,-0.8700039999998808,-0.7020559999996294,-0.7860299999997551
2021-08-27 12:15:00,2733.045159,2732.176243,2732.343102,-0.8689159999998992,-0.702056999999968,-0.7854864999999336
2021-08-27 12:30:00,2733.046132,2732.176127,2732.340741,-0.8700049999997646,-0.7053909999999632,-0.7876979999998639
2021-08-27 12:45:00,2733.044969,2732.178785,2732.345674,-0.8661839999999756,-0.6992949999998928,-0.7827394999999342
2021-08-27 13:00:00,2733.046332,2732.174674,2732.343249,-0.8716580000000249,-0.7030829999998787,-0.7873704999999518
2021-08-27 13:30:00,2733.045359,2732.175942,2732.343015,-0.8694170000003396,-0.7023440000002665,-0.7858805000003031
2021-08-27 13:45:00,2733.043023,2732.178586,2732.339381,-0.86443700000018,-0.7036420000004,-0.78403950000029
2021-08-27 14:00:00,2733.04341,2732.177884,2732.342815,-0.8655260000000453,-0.7005950000002485,-0.7830605000001469
2021-08-27 14:15:00,2733.04205,2732.177613,2732.341455,-0.86443700000018,-0.7005949999997938,-0.7825159999999869
2021-08-27 14:30:00,2733.043413,2732.178976,2732.34282,-0.8644369999997252,-0.7005930000000262,-0.7825149999998757
2021-08-27 14:45:00,2733.046135,2732.17995,2732.343793,-0.8661849999998594,-0.7023420000000442,-0.7842634999999518
2021-08-27 15:00:00,2733.045749,2732.179072,2732.347463,-0.8666769999999815,-0.6982859999998254,-0.7824814999999035
2021-08-27 15:30:00,2733.045549,2732.175641,2732.340588,-0.8699080000001231,-0.704960999999912,-0.7874345000000176
2021-08-27 15:45:00,2733.046322,2732.173183,2732.342658,-0.8731390000002648,-0.7036640000001171,-0.7884015000001909
2021-08-27 16:00:00,2733.047488,2732.175831,2732.341806,-0.8716570000001411,-0.7056820000002517,-0.7886695000001964
2021-08-27 16:15:00,2733.046322,2732.177895,2732.343687,-0.868427000000338,-0.7026350000001003,-0.7855310000002191
2021-08-27 16:30:00,2733.047295,2732.174156,2732.341613,-0.87313899999981,-0.705681999999797,-0.7894104999998035
2021-08-27 16:45:00,2733.046519,2732.179842,2732.342586,-0.8666769999999815,-0.703932999999779,-0.7853049999998802
2021-08-27 17:00:00,2733.046322,2732.177894,2732.339341,-0.8684280000002218,-0.706981000000269,-0.7877045000002454
2021-08-27 17:15:00,2733.050211,2732.180036,2732.34453,-0.8701750000000175,-0.7056810000003679,-0.7879280000001927
2021-08-27 17:30:00,2733.05099,2732.177585,2732.342263,-0.8734050000002753,-0.7087270000001809,-0.7910660000002281
2021-08-27 17:45:00,2733.047102,2732.180426,2732.341873,-0.8666760000000977,-0.7052290000001449,-0.7859525000001213
2021-08-27 18:00:00,2733.048071,2732.179646,2732.339796,-0.8684250000001157,-0.7082749999999578,-0.7883500000000367
2021-08-27 18:15:00,2733.043989,2732.177314,2732.337461,-0.8666749999997592,-0.7065279999997074,-0.7866014999997333
2021-08-27 18:30:00,2733.048071,2732.179648,2732.34239,-0.8684230000003481,-0.7056810000003679,-0.787052000000358
2021-08-27 18:45:00,2733.047488,2732.179064,2732.340509,-0.8684240000002319,-0.7069790000000467,-0.7877015000001393
2021-08-27 19:00:00,2733.047685,2732.179261,2732.339678,-0.8684239999997772,-0.7080070000001797,-0.7882154999999784
2021-08-27 19:15:00,2733.045746,2732.17485,2732.340785,-0.8708959999999024,-0.704960999999912,-0.7879284999999072
2021-08-27 19:30:00,2733.045942,2732.177519,2732.339811,-0.8684230000003481,-0.7061310000003687,-0.7872770000003584
2021-08-27 19:45:00,2733.046912,2732.176017,2732.342532,-0.8708950000000186,-0.7043799999996736,-0.7876374999998461
2021-08-27 20:00:00,2733.051577,2732.180415,2732.347034,-0.8711620000003677,-0.7045430000002852,-0.7878525000003265
2021-08-27 20:30:00,2733.050217,2732.179555,2732.343366,-0.8706619999998111,-0.7068509999999151,-0.7887564999998631
2021-08-27 20:45:00,2733.049241,2732.176599,2732.343417,-0.872642000000269,-0.7058240000001206,-0.7892330000001948
2021-08-27 21:00:00,2733.051184,2732.177283,2732.34563,-0.8739009999999325,-0.7055540000001201,-0.7897275000000263
2021-08-27 21:15:00,2733.049238,2732.176014,2732.339068,-0.8732239999999365,-0.7101699999998345,-0.7916969999998855
2021-08-27 21:30:00,2733.049821,2732.173859,2732.342968,-0.8759620000000723,-0.7068530000001374,-0.7914075000001048
2021-08-27 21:45:00,2733.051377,2732.175416,2732.346277,-0.8759609999997338,-0.7050999999996748,-0.7905304999997043
2021-08-27 22:00:00,2733.049824,2732.176194,2732.344723,-0.8736300000000483,-0.7051010000000133,-0.7893655000000308
2021-08-27 22:15:00,2733.049044,2732.175414,2732.342783,-0.8736300000000483,-0.7062609999998131,-0.7899454999999307
2021-08-27 22:30:00,2733.047882,2732.174918,2732.34379,-0.8729639999996834,-0.704091999999946,-0.7885279999998147
2021-08-27 22:45:00,2733.047495,2732.174142,2732.343403,-0.8733529999999519,-0.704091999999946,-0.7887224999999489
2021-08-27 23:00:00,2733.046719,2732.173364,2732.344375,-0.8733549999997194,-0.7023439999998118,-0.7878494999997656
2021-08-27 23:15:00,2733.048081,2732.1753,2732.344999,-0.8727810000000318,-0.7030819999999949,-0.7879315000000133
2021-08-27 23:30:00,2733.049831,2732.176478,2732.347037,-0.8733529999999519,-0.7027939999998125,-0.7880734999998822
2021-08-28 00:00:00,2733.047498,2732.172665,2732.341368,-0.8748329999998532,-0.7061300000000301,-0.7904814999999417
2021-08-28 00:15:00,2733.050607,2732.176986,2732.339681,-0.8736210000001847,-0.7109260000001996,-0.7922735000001921
2021-08-28 00:30:00,2733.049828,2732.17983,2732.343987,-0.8699980000001233,-0.705840999999964,-0.7879195000000436
2021-08-28 00:45:00,2733.05177,2732.178543,2732.34418,-0.8732270000000426,-0.707589999999982,-0.7904085000000123
2021-08-28 01:00:00,2733.051567,2732.18041,2732.341518,-0.8711570000000393,-0.710048999999799,-0.7906029999999191
2021-08-28 01:15:00,2733.050401,2732.179243,2732.342103,-0.871157999999923,-0.7082980000000134,-0.7897279999999682
2021-08-28 01:30:00,2733.050214,2732.18093,2732.341325,-0.8692839999998796,-0.7088889999999992,-0.7890864999999394
2021-08-28 01:45:00,2733.050994,2732.180228,2732.342105,-0.8707660000000033,-0.7088889999999992,-0.7898275000000012
2021-08-28 02:00:00,2733.050411,2732.177503,2732.341523,-0.8729080000002796,-0.7088880000001154,-0.7908980000001975
2021-08-28 02:30:00,2733.050411,2732.180735,2732.340225,-0.8696760000002541,-0.7101860000002489,-0.7899310000002515
2021-08-28 03:15:00,2733.050801,2732.182115,2732.342922,-0.8686859999997978,-0.7078790000000481,-0.788282499999923
2021-08-28 03:30:00,2733.05294,2732.181515,2732.342015,-0.8714249999998174,-0.710924999999861,-0.7911749999998392
2021-08-28 03:45:00,2733.05216,2732.183966,2732.343274,-0.8681940000001305,-0.7088860000003478,-0.7885400000002392
2021-08-28 04:00:00,2733.049051,2732.182113,2732.344961,-0.8669380000001183,-0.7040900000001784,-0.7855140000001484
2021-08-28 04:15:00,2733.049831,2732.182895,2732.343989,-0.866935999999896,-0.7058419999998478,-0.7863889999998719
2021-08-28 04:30:00,2733.046332,2732.181143,2732.340942,-0.8651890000001004,-0.7053900000000795,-0.7852895000000899
2021-08-28 04:45:00,2733.050414,2732.184959,2732.343277,-0.8654549999996561,-0.7071369999998751,-0.7862959999997656
2021-08-28 05:00:00,2733.052163,2732.183478,2732.346324,-0.868684999999914,-0.7058389999997416,-0.7872619999998278
2021-08-28 05:15:00,2733.055079,2732.184645,2732.343703,-0.8704340000003867,-0.7113760000002003,-0.7909050000002935
2021-08-28 06:15:00,2733.049248,2732.18406,2732.34487,-0.8651879999997618,-0.704377999999906,-0.7847829999998339
2021-08-28 06:30:00,2733.050607,2732.18367,2732.341432,-0.8669370000002345,-0.7091749999999593,-0.7880560000000969
2021-08-28 06:45:00,2733.051577,2732.17867,2732.341949,-0.8729070000003958,-0.7096280000000661,-0.7912675000002309
2021-08-28 07:00:00,2733.05216,2732.182483,2732.341522,-0.8696770000001379,-0.7106380000000172,-0.7901575000000776
2021-08-28 07:30:00,2733.05216,2732.181002,2732.341524,-0.8711580000003778,-0.7106360000002496,-0.7908970000003137
2021-08-28 07:45:00,2733.051577,2732.179328,2732.339642,-0.8722490000000107,-0.7119350000002669,-0.7920920000001388
2021-08-28 08:00:00,2733.050021,2732.182485,2732.338085,-0.8675360000002001,-0.7119360000001507,-0.7897360000001754
2021-08-28 08:15:00,2733.05138,2732.182095,2732.337695,-0.8692849999997634,-0.7136849999997139,-0.7914849999997386
2021-08-28 08:30:00,2733.050021,2732.181002,2732.342884,-0.8690190000002076,-0.7071369999998751,-0.7880780000000414
2021-08-28 08:45:00,2733.049241,2732.182471,2732.342104,-0.8667700000000877,-0.7071370000003299,-0.7869535000002088
2021-08-28 09:00:00,2733.048658,2732.18287,2732.346605,-0.865788000000066,-0.7020529999999781,-0.783920500000022
2021-08-28 09:15:00,2733.047492,2732.184934,2732.345438,-0.8625580000002628,-0.7020540000003166,-0.7823060000002897
2021-08-28 09:30:00,2733.049241,2732.180721,2732.343688,-0.8685199999999895,-0.7055530000002364,-0.7870365000001129
2021-08-28 09:45:00,2733.048658,2732.183369,2732.343558,-0.8652890000003026,-0.7051000000001295,-0.7851945000002161
2021-08-28 10:15:00,2733.047492,2732.182471,2732.342391,-0.8650210000000698,-0.7051010000000133,-0.7850610000000415
2021-08-28 10:30:00,2733.046908,2732.178656,2732.346152,-0.8682519999997567,-0.7007559999997284,-0.7845039999997425
2021-08-28 10:45:00,2733.046325,2732.179553,2732.342521,-0.8667719999998553,-0.7038039999997636,-0.7852879999998095
2021-08-28 11:00:00,2733.048075,2732.178071,2732.344271,-0.8700040000003355,-0.7038040000002184,-0.7869040000002769
2021-08-28 11:30:00,2733.047492,2732.183182,2732.341651,-0.8643099999999322,-0.705840999999964,-0.7850754999999481
2021-08-28 12:00:00,2733.046132,2732.180341,2732.343338,-0.8657909999997173,-0.7027939999998125,-0.7842924999997649
2021-08-28 12:15:00,2733.048271,2732.180731,2732.342431,-0.86754000000019,-0.7058400000000802,-0.7866900000001351
2021-08-28 12:45:00,2733.045162,2732.18019,2732.342368,-0.8649719999998524,-0.7027939999998125,-0.7838829999998325
2021-08-28 13:00:00,2733.043996,2732.180772,2732.339904,-0.8632239999997182,-0.704091999999946,-0.7836579999998321
2021-08-28 13:15:00,2733.044386,2732.179682,2732.340294,-0.8647040000000743,-0.704091999999946,-0.7843980000000101
2021-08-28 13:30:00,2733.043996,2732.179971,2732.342371,-0.8640249999998559,-0.7016249999996944,-0.7828249999997752
2021-08-28 14:00:00,2733.045749,2732.185267,2732.342668,-0.8604820000000473,-0.7030810000001111,-0.7817815000000792
2021-08-28 14:15:00,2733.044579,2732.180553,2732.343965,-0.8640259999997397,-0.7006139999998595,-0.7823199999997996
2021-08-28 14:45:00,2733.043216,2732.178781,2732.341304,-0.8644349999999577,-0.701911999999993,-0.7831734999999753
2021-08-28 15:00:00,2733.042823,2732.179647,2732.341938,-0.8631760000002942,-0.7008850000001985,-0.7820305000002463
2021-08-28 15:30:00,2733.043796,2732.178869,2732.341614,-0.8649270000000797,-0.7021819999999934,-0.7835545000000366
2021-08-28 15:45:00,2733.04127,2732.176611,2732.340837,-0.8646590000003016,-0.7004329999999754,-0.7825460000001385
2021-08-28 16:30:00,2733.041657,2732.17848,2732.344541,-0.8631770000001779,-0.6971160000002783,-0.7801465000002281
2021-08-28 16:45:00,2733.044962,2732.178287,2732.344078,-0.8666749999997592,-0.70088399999986,-0.7837794999998096
2021-08-28 17:00:00,2733.043993,2732.176907,2732.34006,-0.8670859999997447,-0.703932999999779,-0.7855094999997618
2021-08-28 17:15:00,2733.045742,2732.181529,2732.343108,-0.864212999999836,-0.7026339999997617,-0.7834234999997989
2021-08-28 17:45:00,2733.045935,2732.181723,2732.343301,-0.8642119999999522,-0.7026340000002165,-0.7834230000000844
2021-08-28 18:00:00,2733.044186,2732.180431,2732.342274,-0.8637549999998555,-0.701911999999993,-0.7828334999999242
2021-08-28 18:15:00,2733.043996,2732.181722,2732.342084,-0.8622740000000704,-0.701911999999993,-0.7820930000000317
2021-08-28 18:30:00,2733.045749,2732.182306,2732.337026,-0.8634429999997337,-0.7087229999997362,-0.786082999999735
2021-08-28 18:45:00,2733.044966,2732.181524,2732.337986,-0.8634419999998499,-0.7069799999999304,-0.7852109999998902
2021-08-28 19:00:00,2733.047488,2732.182296,2732.341807,-0.8651920000002065,-0.7056810000003679,-0.7854365000002872
2021-08-28 19:15:00,2733.045739,2732.179065,2732.340057,-0.8666740000003301,-0.7056820000002517,-0.7861780000002909
2021-08-28 19:30:00,2733.042823,2732.17965,2732.337593,-0.863173000000188,-0.7052300000000287,-0.7842015000001084
2021-08-28 19:45:00,2733.044573,2732.1779,2732.34064,-0.8666729999999916,-0.7039330000002337,-0.7853030000001127
2021-08-28 20:00:00,2733.044379,2732.178877,2732.33942,-0.8655020000001059,-0.7049590000001444,-0.7852305000001252
2021-08-28 20:15:00,2733.043803,2732.17789,2732.338125,-0.8659130000000914,-0.7056779999998071,-0.7857954999999492
2021-08-28 20:30:00,2733.045942,2732.182502,2732.339812,-0.8634400000000824,-0.7061300000000301,-0.7847850000000562
2021-08-28 20:45:00,2733.045746,2732.179565,2732.339615,-0.8661809999998695,-0.7061309999999139,-0.7861559999998917
2021-08-28 21:00:00,2733.045939,2732.179758,2732.338798,-0.8661809999998695,-0.707140999999865,-0.7866609999998673
2021-08-28 21:15:00,2733.046908,2732.186601,2732.34152,-0.8603069999999207,-0.7053879999998571,-0.7828474999998889
2021-08-28 21:30:00,2733.045742,2732.183186,2732.338603,-0.8625559999995858,-0.7071389999996427,-0.7848474999996142
2021-08-28 21:45:00,2733.045356,2732.1828,2732.339105,-0.8625560000000405,-0.7062510000000657,-0.7844035000000531
2021-08-28 22:00:00,2733.044969,2732.185643,2732.338718,-0.8593260000002374,-0.7062510000000657,-0.7827885000001515
2021-08-28 22:30:00,2733.044583,2732.186739,2732.335284,-0.857843999999659,-0.7092990000001009,-0.78357149999988
2021-08-28 22:45:00,2733.047492,2732.187507,2732.338333,-0.8599850000000515,-0.7091589999999997,-0.7845720000000256
2021-08-28 23:00:00,2733.045749,2732.184676,2732.337748,-0.8610730000000331,-0.7080009999999675,-0.7845370000000003
2021-08-28 23:15:00,2733.043999,2732.186157,2732.335998,-0.8578419999998914,-0.7080009999999675,-0.7829214999999294
2021-08-28 23:30:00,2733.046325,2732.186752,2732.336155,-0.8595729999997275,-0.7101699999998345,-0.784871499999781
2021-08-28 23:45:00,2733.045742,2732.185758,2732.335283,-0.859983999999713,-0.7104589999999007,-0.7852214999998068
2021-08-29 00:00:00,2733.046908,2732.185855,2732.336738,-0.8610529999996288,-0.7101699999998345,-0.7856114999997317
2021-08-29 00:15:00,2733.044576,2732.182801,2732.334858,-0.8617749999998523,-0.7097179999996115,-0.7857464999997319
2021-08-29 00:30:00,2733.046325,2732.18338,2732.337905,-0.8629449999998542,-0.7084199999999328,-0.7856824999998935
2021-08-29 00:45:00,2733.047492,2732.187509,2732.339072,-0.8599830000002839,-0.7084199999999328,-0.7842015000001084
2021-08-29 01:30:00,2733.044583,2732.18526,2732.339192,-0.8593229999996765,-0.7053909999999632,-0.7823569999998199
2021-08-29 01:45:00,2733.047492,2732.181048,2732.338332,-0.8664440000002287,-0.7091600000003382,-0.7878020000002834
2021-08-29 02:15:00,2733.047302,2732.18623,2732.337115,-0.8610720000001493,-0.7101870000001327,-0.785629500000141
2021-08-29 02:30:00,2733.049824,2732.187004,2732.337888,-0.8628200000002835,-0.7119360000001507,-0.7873780000002171
2021-08-29 02:45:00,2733.049241,2732.184939,2732.336008,-0.8643019999999524,-0.7132329999999456,-0.788767499999949
2021-08-29 03:00:00,2733.048658,2732.189068,2732.335423,-0.8595900000000256,-0.7132350000001679,-0.7864125000000968
2021-08-29 03:15:00,2733.048075,2732.191716,2732.337887,-0.8563590000003387,-0.7101880000000165,-0.7832735000001776
2021-08-29 03:30:00,2733.049241,2732.18642,2732.339055,-0.8628210000001673,-0.7101860000002489,-0.7865035000002081
2021-08-29 03:45:00,2733.05099,2732.183458,2732.339054,-0.8675320000002102,-0.7119360000001507,-0.7897340000001805
2021-08-29 04:00:00,2733.049631,2732.18533,2732.336397,-0.8643010000000686,-0.7132339999998294,-0.788767499999949
2021-08-29 04:15:00,2733.048661,2732.183967,2732.344571,-0.8646939999998722,-0.7040899999997237,-0.7843919999997979
2021-08-29 04:30:00,2733.050021,2732.18572,2732.339836,-0.8643010000000686,-0.7101849999999104,-0.7872429999999895
2021-08-29 04:45:00,2733.047492,2732.184938,2732.339056,-0.8625540000002729,-0.7084360000003471,-0.78549500000031
2021-08-29 05:15:00,2733.047495,2732.186424,2732.339059,-0.8610709999998107,-0.7084359999998924,-0.7847534999998516
2021-08-29 05:45:00,2733.050994,2732.189924,2732.342108,-0.8610700000003817,-0.7088860000003478,-0.7849780000003648
2021-08-29 06:00:00,2733.051577,2732.185795,2732.341393,-0.8657820000003085,-0.7101840000000266,-0.7879830000001675
2021-08-29 06:15:00,2733.050411,2732.187858,2732.343275,-0.8625530000003891,-0.7071359999999913,-0.7848445000001902
2021-08-29 06:30:00,2733.048271,2732.190701,2732.342885,-0.8575700000001234,-0.7053860000000896,-0.7814780000001065
2021-08-29 06:45:00,2733.048658,2732.188355,2732.345309,-0.8603030000003855,-0.703349000000344,-0.7818260000003647
2021-08-29 07:00:00,2733.051567,2732.186604,2732.341521,-0.8649629999999888,-0.7100460000001476,-0.7875045000000682
2021-08-29 07:15:00,2733.050401,2732.185707,2732.340233,-0.8646939999998722,-0.710168000000067,-0.7874309999999696
2021-08-29 07:30:00,2733.048651,2732.182476,2732.340353,-0.866175000000112,-0.7082980000000134,-0.7872365000000627
2021-08-29 08:00:00,2733.048651,2732.187456,2732.34153,-0.8611949999999524,-0.7071209999999155,-0.784157999999934
2021-08-29 08:15:00,2733.05118,2732.186487,2732.339263,-0.8646929999999884,-0.711917000000085,-0.7883050000000367
2021-08-29 08:30:00,2733.049824,2732.187289,2732.340955,-0.8625350000002072,-0.7088690000000497,-0.7857020000001285
2021-08-29 08:45:00,2733.048658,2732.189353,2732.338491,-0.8593049999999494,-0.7101670000001832,-0.7847360000000663
2021-08-29 09:00:00,2733.049241,2732.186705,2732.340371,-0.862536000000091,-0.7088700000003882,-0.7857030000002396
2021-08-29 09:15:00,2733.048658,2732.18437,2732.336739,-0.8642880000002151,-0.7119190000003073,-0.7881035000002612
2021-08-29 09:30:00,2733.045742,2732.183203,2732.338621,-0.8625389999997424,-0.7071209999999155,-0.7848299999998289
2021-08-29 09:45:00,2733.047492,2732.188677,2732.337324,-0.8588150000000496,-0.710168000000067,-0.7844915000000583
2021-08-29 10:15:00,2733.047102,2732.186804,2732.336934,-0.8602980000000571,-0.710168000000067,-0.785233000000062
2021-08-29 10:30:00,2733.045739,2732.183689,2732.336866,-0.8620500000001812,-0.7088730000000396,-0.7854615000001104
2021-08-29 10:45:00,2733.044962,2732.186143,2732.337841,-0.8588190000000395,-0.7071209999999155,-0.7829699999999775
2021-08-29 11:00:00,2733.047492,2732.183692,2732.336869,-0.863800000000083,-0.7106229999999414,-0.7872115000000122
2021-08-29 11:30:00,2733.044576,2732.185265,2732.337454,-0.8593109999997068,-0.7071219999997993,-0.7832164999997531
2021-08-29 11:45:00,2733.048658,2732.18809,2732.339788,-0.8605680000000575,-0.7088699999999335,-0.7847189999999955
2021-08-29 12:30:00,2733.046325,2732.185262,2732.340503,-0.8610629999998309,-0.7058219999998983,-0.7834424999998646
2021-08-29 13:15:00,2733.045166,2732.185263,2732.339206,-0.8599030000000312,-0.7059599999997772,-0.7829314999999042
2021-08-29 13:30:00,2733.046332,2732.189251,2732.344717,-0.8570810000001075,-0.701614999999947,-0.7793480000000272
2021-08-29 14:00:00,2733.046332,2732.184948,2732.34167,-0.8613839999998163,-0.7046620000000985,-0.7830229999999574
2021-08-29 14:15:00,2733.045166,2732.187013,2732.337167,-0.8581529999996746,-0.7079989999997451,-0.7830759999997099
2021-08-29 14:30:00,2733.04322,2732.187886,2732.336533,-0.855333999999857,-0.7066869999998744,-0.7810104999998657
2021-08-29 14:45:00,2733.044576,2732.187494,2732.333091,-0.8570819999999912,-0.7114849999998114,-0.7842834999999013
2021-08-29 15:00:00,2733.044966,2732.188866,2732.335789,-0.8560999999999694,-0.7091769999997268,-0.7826384999998481
2021-08-29 15:15:00,2733.045746,2732.188884,2732.336569,-0.8568619999996372,-0.7091769999997268,-0.783019499999682
2021-08-29 15:30:00,2733.044579,2732.186238,2732.334106,-0.8583410000001095,-0.7104730000000927,-0.7844070000001011
2021-08-29 15:45:00,2733.044579,2732.184094,2732.335402,-0.8604849999996986,-0.7091769999997268,-0.7848309999997127
2021-08-29 16:00:00,2733.045162,2732.185438,2732.334688,-0.8597239999999147,-0.7104739999999765,-0.7850989999999456
2021-08-29 16:15:00,2733.045552,2732.185828,2732.336377,-0.8597239999999147,-0.7091749999999593,-0.784449499999937
2021-08-29 16:30:00,2733.04361,2732.185635,2732.336182,-0.8579750000003514,-0.7074280000001636,-0.7827015000002575
2021-08-29 16:45:00,2733.045746,2732.183782,2732.333521,-0.8619639999997162,-0.7122249999997621,-0.7870944999997391
2021-08-29 17:15:00,2733.041664,2732.182207,2732.334235,-0.8594570000000203,-0.7074290000000474,-0.7834430000000339
2021-08-29 17:45:00,2733.04108,2732.182285,2732.332354,-0.8587950000001001,-0.7087259999998423,-0.7837604999999712
2021-08-29 18:00:00,2733.043413,2732.182206,2732.336273,-0.8612069999999221,-0.7071399999999812,-0.7841734999999517
2021-08-29 18:15:00,2733.04244,2732.179753,2732.335299,-0.8626870000002782,-0.7071410000003198,-0.784914000000299
2021-08-29 18:30:00,2733.04244,2732.180145,2732.33705,-0.8622950000003584,-0.7053900000000795,-0.7838425000002189
2021-08-29 18:45:00,2733.044583,2732.185708,2732.340372,-0.8588749999998981,-0.7042109999997592,-0.7815429999998287
2021-08-29 19:00:00,2733.04225,2732.184366,2732.335849,-0.8578840000000127,-0.7064009999999143,-0.7821424999999635
2021-08-29 19:15:00,2733.050601,2732.18281,2732.339527,-0.8677910000001248,-0.7110739999998259,-0.7894324999999753
2021-08-29 19:30:00,2733.054293,2732.183764,2732.338423,-0.8705290000002606,-0.7158699999999953,-0.793199500000128
2021-08-29 19:45:00,2733.056042,2732.180123,2732.335949,-0.8759190000000672,-0.7200930000003609,-0.798006000000214
2021-08-29 20:00:00,2733.055066,2732.180136,2732.334971,-0.8749299999999494,-0.7200949999996737,-0.7975124999998116
2021-08-29 20:15:00,2733.052733,2732.181303,2732.337436,-0.8714300000001458,-0.7152970000001915,-0.7933635000001686
2021-08-29 20:45:00,2733.051764,2732.182083,2732.335169,-0.8696809999996731,-0.7165949999998702,-0.7931379999997716
2021-08-29 21:00:00,2733.05274,2732.17983,2732.333097,-0.8729100000000471,-0.7196429999999054,-0.7962764999999763
2021-08-29 21:15:00,2733.054099,2732.182361,2732.336933,-0.8717379999998229,-0.7171659999999065,-0.7944519999998647
2021-08-29 21:30:00,2733.052737,2732.176776,2732.335568,-0.8759610000001885,-0.7171690000000126,-0.7965650000001006
2021-08-29 21:45:00,2733.054489,2732.180322,2732.333104,-0.8741669999999431,-0.7213850000002822,-0.7977760000001126
2021-08-29 22:15:00,2733.054099,2732.178452,2732.335761,-0.8756469999998444,-0.7183380000001307,-0.7969924999999876
2021-08-29 22:30:00,2733.054486,2732.181801,2732.33135,-0.8726849999998194,-0.7231360000000677,-0.7979104999999436
2021-08-29 22:45:00,2733.052153,2732.178756,2732.333814,-0.8733970000002955,-0.7183390000000145,-0.795868000000155
2021-08-29 23:00:00,2733.05254,2732.181294,2732.335371,-0.8712460000001556,-0.7171690000000126,-0.7942075000000841
2021-08-29 23:15:00,2733.05157,2732.180325,2732.334401,-0.8712450000002718,-0.7171690000000126,-0.7942070000001422
2021-08-29 23:30:00,2733.052153,2732.180907,2732.333234,-0.8712460000001556,-0.7189189999999144,-0.795082500000035
2021-08-29 23:45:00,2733.05332,2732.185307,2732.336151,-0.8680129999997916,-0.7171690000000126,-0.7925909999999021
2021-08-30 00:00:00,2733.05157,2732.182074,2732.333104,-0.8694960000002538,-0.7184660000002623,-0.7939810000002581
2021-08-30 00:15:00,2733.052153,2732.18414,2732.333687,-0.8680130000002464,-0.7184660000002623,-0.7932395000002543
2021-08-30 00:30:00,2733.050211,2732.185697,2732.336541,-0.8645140000003266,-0.7136700000000928,-0.7890920000002097
2021-08-30 00:45:00,2733.050017,2732.180753,2732.332559,-0.8692639999999301,-0.7174580000000788,-0.7933610000000044
2021-08-30 01:15:00,2733.052153,2732.186612,2732.334984,-0.8655410000001211,-0.7171690000000126,-0.7913550000000669
2021-08-30 01:30:00,2733.050211,2732.185659,2732.332754,-0.8645520000000033,-0.717457000000195,-0.7910045000000991
2021-08-30 01:45:00,2733.052157,2732.184374,2732.336738,-0.867783000000145,-0.7154190000001108,-0.7916010000001279
2021-08-30 02:00:00,2733.051377,2732.187897,2732.333484,-0.8634799999999814,-0.7178929999995489,-0.7906864999997651
2021-08-30 02:15:00,2733.050984,2732.186022,2732.336138,-0.864962000000105,-0.7148459999998522,-0.7899039999999786
2021-08-30 02:30:00,2733.049824,2732.188486,2732.334841,-0.8613380000001598,-0.7149830000003021,-0.788160500000231
2021-08-30 02:45:00,2733.048658,2732.187588,2732.334683,-0.8610700000003817,-0.7139750000001186,-0.7875225000002501
2021-08-30 03:00:00,2733.050214,2732.190626,2732.338278,-0.8595879999998033,-0.7119359999996959,-0.7857619999997496
2021-08-30 03:15:00,2733.05216,2732.190823,2732.338475,-0.861337000000276,-0.7136850000001687,-0.7875110000002223
2021-08-30 03:30:00,2733.05216,2732.189072,2732.337735,-0.8630880000000616,-0.7144250000001193,-0.7887565000000905
2021-08-30 03:45:00,2733.050411,2732.185841,2732.334686,-0.8645700000001852,-0.7157250000000204,-0.7901475000001028
2021-08-30 04:00:00,2733.049244,2732.190646,2732.332222,-0.8585979999998017,-0.7170219999998153,-0.7878099999998085
2021-08-30 05:00:00,2733.050801,2732.187981,2732.335076,-0.8628199999998287,-0.7157250000000204,-0.7892724999999245
2021-08-30 05:15:00,2733.05158,2732.187609,2732.335858,-0.8639709999997649,-0.7157219999999143,-0.7898464999998396
2021-08-30 05:30:00,2733.049831,2732.189752,2732.338905,-0.8600789999995868,-0.7109259999997448,-0.7855024999996658
2021-08-30 05:45:00,2733.048665,2732.191816,2732.337738,-0.8568489999997837,-0.7109269999996286,-0.7838879999997062
2021-08-30 06:00:00,2733.050997,2732.190918,2732.340072,-0.8600790000000416,-0.710924999999861,-0.7855019999999513
2021-08-30 06:15:00,2733.05158,2732.189753,2732.337608,-0.861826999999721,-0.7139720000000125,-0.7878994999998667
2021-08-30 06:30:00,2733.05119,2732.18837,2732.338515,-0.8628200000002835,-0.7126750000002176,-0.7877475000002505
2021-08-30 07:15:00,2733.050994,2732.188175,2732.340357,-0.8628190000003997,-0.7106370000001334,-0.7867280000002665
2021-08-30 07:30:00,2733.049244,2732.189654,2732.33731,-0.8595900000000256,-0.7119339999999283,-0.785761999999977
2021-08-30 07:45:00,2733.049828,2732.191229,2732.339189,-0.8585990000001402,-0.7106390000003557,-0.784619000000248
2021-08-30 08:15:00,2733.048661,2732.193292,2732.338022,-0.8553689999998824,-0.710638999999901,-0.7830039999998917
2021-08-30 08:30:00,2733.049828,2732.189477,2732.336142,-0.8603510000002643,-0.7136860000000524,-0.7870185000001584
2021-08-30 08:45:00,2733.046912,2732.18831,2732.334975,-0.8586019999997916,-0.7119369999995797,-0.7852694999996856
2021-08-30 09:00:00,2733.049244,2732.188894,2732.339904,-0.8603499999999258,-0.7093399999998837,-0.7848449999999048
2021-08-30 09:30:00,2733.048661,2732.189399,2732.33932,-0.8592619999999442,-0.7093409999997675,-0.7843014999998559
2021-08-30 10:00:00,2733.047495,2732.188232,2732.330474,-0.859262999999828,-0.7170209999999315,-0.7881419999998798
2021-08-30 10:30:00,2733.046912,2732.189791,2732.332484,-0.8571210000000065,-0.7144279999997707,-0.7857744999998886
2021-08-30 11:00:00,2733.047885,2732.188523,2732.333458,-0.8593620000001465,-0.7144269999998869,-0.7868945000000167
2021-08-30 11:15:00,2733.046332,2732.188328,2732.335405,-0.8580039999997098,-0.7109270000000834,-0.7844654999998966
2021-08-30 11:30:00,2733.045942,2732.189417,2732.331967,-0.856525000000147,-0.7139750000001186,-0.7852500000001328
2021-08-30 11:45:00,2733.046719,2732.188445,2732.334041,-0.858274000000165,-0.7126779999998689,-0.7854760000000169
2021-08-30 12:00:00,2733.048468,2732.190194,2732.333771,-0.858274000000165,-0.7146969999998873,-0.7864855000000261
2021-08-30 12:15:00,2733.047105,2732.189402,2732.335455,-0.8577030000001287,-0.7116500000001906,-0.7846765000001596
2021-08-30 12:30:00,2733.046715,2732.189913,2732.333188,-0.8568019999997887,-0.7135269999998854,-0.7851644999998371
2021-08-30 12:45:00,2733.045739,2732.192846,2732.333961,-0.852893000000222,-0.7117780000003222,-0.7823355000002721
2021-08-30 13:00:00,2733.045546,2732.190493,2732.335066,-0.8550529999997707,-0.710479999999734,-0.7827664999997523
2021-08-30 13:30:00,2733.045546,2732.193233,2732.336076,-0.8523129999998673,-0.7094699999997829,-0.7808914999998251
2021-08-30 13:45:00,2733.047492,2732.191949,2732.334976,-0.8555430000001252,-0.7125160000000506,-0.7840295000000879
2021-08-30 14:00:00,2733.046908,2732.194595,2732.332641,-0.8523129999998673,-0.7142669999998361,-0.7832899999998517
2021-08-30 14:15:00,2733.0438,2732.192476,2732.334329,-0.8513239999997495,-0.7094710000001214,-0.7803974999999355
2021-08-30 14:30:00,2733.045939,2732.191385,2732.336016,-0.8545540000000074,-0.7099229999998897,-0.7822384999999485
2021-08-30 14:45:00,2733.047492,2732.193428,2732.338023,-0.8540640000001076,-0.7094690000003538,-0.7817665000002307
2021-08-30 15:00:00,2733.046325,2732.192261,2732.332057,-0.8540639999996529,-0.7142679999997199,-0.7841659999996864
2021-08-30 15:15:00,2733.044966,2732.193641,2732.333458,-0.851325000000088,-0.711507999999867,-0.7814164999999775
2021-08-30 15:30:00,2733.046132,2732.191167,2732.336663,-0.8549649999999929,-0.7094689999998991,-0.782216999999946
2021-08-30 15:45:00,2733.049821,2732.194588,2732.336565,-0.8552330000002257,-0.7132560000000012,-0.7842445000001135
2021-08-30 16:00:00,2733.047485,2732.194404,2732.336695,-0.853081000000202,-0.7107900000000882,-0.7819355000001451
2021-08-30 16:15:00,2733.046902,2732.192339,2732.337862,-0.854562999999871,-0.7090400000001864,-0.7818015000000287
2021-08-30 17:00:00,2733.045152,2732.190589,2732.335683,-0.8545630000003257,-0.7094690000003538,-0.7820160000003398
2021-08-30 17:15:00,2733.047875,2732.191563,2732.336656,-0.8563120000003437,-0.7112190000002556,-0.7837655000002997
2021-08-30 17:30:00,2733.049821,2732.194992,2732.335556,-0.8548289999998815,-0.7142650000000685,-0.784546999999975
2021-08-30 17:45:00,2733.045739,2732.192926,2732.33802,-0.8528129999999692,-0.7077189999999973,-0.7802659999999833
2021-08-30 18:00:00,2733.046905,2732.193825,2732.336568,-0.8530800000003183,-0.7103369999999813,-0.7817085000001498
2021-08-30 18:15:00,2733.047488,2732.19764,2732.334972,-0.8498480000002928,-0.7125160000000506,-0.7811820000001717
2021-08-30 19:15:00,2733.049238,2732.194017,2732.334104,-0.855221000000256,-0.7151340000000346,-0.7851775000001453
2021-08-30 19:30:00,2733.047682,2732.194602,2732.335595,-0.8530799999998635,-0.7120869999998831,-0.7825834999998733
2021-08-30 19:45:00,2733.048651,2732.194592,2732.336564,-0.8540590000002339,-0.7120869999998831,-0.7830730000000585
2021-08-30 20:00:00,2733.048068,2732.195757,2732.334684,-0.8523110000000997,-0.7133840000001328,-0.7828475000001163
2021-08-30 20:30:00,2733.048851,2732.193891,2732.335594,-0.8549600000001192,-0.713256999999885,-0.7841085000000021
2021-08-30 20:45:00,2733.048661,2732.191641,2732.332357,-0.8570199999999204,-0.7163040000000365,-0.7866619999999784
2021-08-30 21:00:00,2733.046912,2732.190159,2732.33281,-0.8567529999995713,-0.7141019999999116,-0.7854274999997415
2021-08-30 21:15:00,2733.048078,2732.191326,2732.335561,-0.8567519999996875,-0.7125169999999343,-0.7846344999998109
2021-08-30 21:30:00,2733.050411,2732.18868,2732.336146,-0.8617309999999634,-0.7142650000000685,-0.787998000000016
2021-08-30 21:45:00,2733.05177,2732.191521,2732.334457,-0.8602489999998397,-0.7173130000001038,-0.7887809999999718
2021-08-30 22:00:00,2733.047882,2732.18691,2732.335364,-0.860971999999947,-0.7125179999998181,-0.7867449999998826
2021-08-30 22:30:00,2733.048661,2732.190921,2732.336144,-0.8577399999999216,-0.7125169999999343,-0.785128499999928
2021-08-30 22:45:00,2733.048271,2732.1873,2732.335754,-0.8609710000000632,-0.7125169999999343,-0.7867439999999988
2021-08-30 23:00:00,2733.047492,2732.18652,2732.334974,-0.860971999999947,-0.7125180000002729,-0.7867450000001099
2021-08-30 23:45:00,2733.047492,2732.194465,2732.331925,-0.853027000000111,-0.7155670000001919,-0.7842970000001515
2021-08-31 01:15:00,2733.047882,2732.192614,2732.332317,-0.8552679999997963,-0.7155649999999696,-0.7854164999998829
2021-08-31 01:30:00,2733.047495,2732.190746,2732.331642,-0.8567489999995814,-0.7158529999996972,-0.7863009999996393
2021-08-31 01:45:00,2733.046329,2732.192811,2732.333524,-0.8535179999998945,-0.712804999999662,-0.7831614999997782
2021-08-31 02:00:00,2733.045746,2732.190477,2732.332939,-0.8552689999996801,-0.7128069999998843,-0.7840379999997822
2021-08-31 02:15:00,2733.047495,2732.191548,2732.335988,-0.8559470000000147,-0.7115069999999832,-0.783726999999999
2021-08-31 02:30:00,2733.048661,2732.192715,2732.332355,-0.8559459999996761,-0.716305999999804,-0.7861259999997401
2021-08-31 02:45:00,2733.046912,2732.193705,2732.338452,-0.8532069999996565,-0.7084599999998318,-0.7808334999997442
2021-08-31 03:15:00,2733.047298,2732.195574,2732.335791,-0.8517240000001038,-0.7115069999999832,-0.7816155000000435
2021-08-31 03:30:00,2733.047485,2732.195179,2732.331052,-0.852306000000226,-0.7164330000000518,-0.7843695000001389
2021-08-31 03:45:00,2733.046902,2732.194865,2732.336563,-0.8520370000001094,-0.7103390000002037,-0.7811880000001565
2021-08-31 04:00:00,2733.047292,2732.192024,2732.336955,-0.855268000000251,-0.7103369999999813,-0.7828025000001162
2021-08-31 04:15:00,2733.046905,2732.192619,2732.334548,-0.8542860000002293,-0.7123570000003383,-0.7833215000002838
2021-08-31 04:30:00,2733.048071,2732.193786,2732.335715,-0.8542850000003455,-0.7123559999999998,-0.7833205000001726
2021-08-31 04:45:00,2733.046905,2732.194371,2732.337165,-0.8525340000001052,-0.7097400000002381,-0.7811370000001716
2021-08-31 05:00:00,2733.049821,2732.192305,2732.336582,-0.8575160000000324,-0.7132390000001578,-0.7853775000000951
2021-08-31 05:15:00,2733.050404,2732.195852,2732.335867,-0.8545520000002398,-0.7145370000002913,-0.7845445000002655
2021-08-31 05:30:00,2733.049238,2732.194561,2732.337747,-0.8546770000002653,-0.7114910000000236,-0.7830840000001444
2021-08-31 06:30:00,2733.047488,2732.19222,2732.337152,-0.855268000000251,-0.7103360000000976,-0.7828020000001743
2021-08-31 06:45:00,2733.049431,2732.197126,2732.338642,-0.8523049999998875,-0.7107889999997496,-0.7815469999998186
2021-08-31 07:30:00,2733.048661,2732.195184,2732.335403,-0.853476999999657,-0.7132579999997688,-0.7833674999997129
2021-08-31 07:45:00,2733.049048,2732.195571,2732.337829,-0.853476999999657,-0.7112189999998009,-0.7823479999997289
2021-08-31 08:00:00,2733.049821,2732.196344,2732.338602,-0.8534770000001117,-0.7112190000002556,-0.7823480000001837
2021-08-31 08:15:00,2733.047685,2732.198119,2732.338215,-0.8495659999998679,-0.7094699999997829,-0.7795179999998254
2021-08-31 08:30:00,2733.048661,2732.197344,2732.335405,-0.8513169999996535,-0.7132560000000012,-0.7822864999998274
2021-08-31 09:15:00,2733.048078,2732.198812,2732.334821,-0.8492659999997159,-0.713256999999885,-0.7812614999998004
2021-08-31 09:30:00,2733.048661,2732.196665,2732.335692,-0.8519959999998719,-0.7129689999997026,-0.7824824999997873
2021-08-31 09:45:00,2733.047495,2732.196177,2732.336275,-0.851317999999992,-0.7112199999996847,-0.7812689999998383
2021-08-31 10:00:00,2733.047495,2732.199408,2732.339324,-0.8480869999998504,-0.7081709999997656,-0.778128999999808
2021-08-31 10:15:00,2733.045162,2732.195592,2732.335693,-0.8495699999998578,-0.7094689999998991,-0.7795194999998785
2021-08-31 10:30:00,2733.045746,2732.196174,2732.333228,-0.8495719999996254,-0.7125179999998181,-0.7810449999997218
2021-08-31 10:45:00,2733.048078,2732.195007,2732.33686,-0.8530709999999999,-0.7112179999999171,-0.7821444999999585
2021-08-31 11:15:00,2733.048661,2732.197073,2732.334951,-0.8515879999999925,-0.7137099999999919,-0.7826489999999922
2021-08-31 11:30:00,2733.046132,2732.195881,2732.335921,-0.8502509999998438,-0.7102110000000721,-0.7802309999999579
2021-08-31 11:45:00,2733.045736,2732.200867,2732.335398,-0.844869000000017,-0.7103379999998651,-0.777603499999941
2021-08-31 12:00:00,2733.049041,2732.200673,2732.338252,-0.8483680000003915,-0.7107890000002044,-0.7795785000002979
2021-08-31 12:15:00,2733.048071,2732.196473,2732.336853,-0.8515980000001946,-0.7112180000003718,-0.7814080000002832
2021-08-31 12:30:00,2733.045156,2732.195574,2732.334388,-0.8495820000002823,-0.7107679999999164,-0.7801750000000993
2021-08-31 12:45:00,2733.045156,2732.199795,2732.338732,-0.845361000000139,-0.70642399999997,-0.7758925000000545
2021-08-31 13:00:00,2733.046322,2732.199213,2732.33613,-0.8471090000002732,-0.7101920000000064,-0.7786505000001398
2021-08-31 13:45:00,2733.044962,2732.19894,2732.333471,-0.8460219999997207,-0.7114910000000236,-0.7787564999998722
2021-08-31 14:00:00,2733.045352,2732.19933,2732.333861,-0.8460220000001755,-0.7114910000000236,-0.7787565000000995
2021-08-31 14:15:00,2733.048461,2732.197459,2732.33652,-0.8510019999998804,-0.7119410000000244,-0.7814714999999524
2021-08-31 14:45:00,2733.044573,2732.197069,2732.334831,-0.8475040000002991,-0.7097420000000056,-0.7786230000001524
2021-08-31 15:00:00,2733.045546,2732.197282,2732.334054,-0.8482639999997446,-0.7114919999999074,-0.779877999999826
2021-08-31 15:15:00,2733.048658,2732.198646,2732.335418,-0.8500120000003335,-0.7132400000000416,-0.7816260000001876
2021-08-31 15:30:00,2733.047492,2732.20071,2732.334251,-0.8467820000000756,-0.7132409999999254,-0.7800115000000005
2021-08-31 15:45:00,2733.047492,2732.198239,2732.3373,-0.8492530000003171,-0.7101920000000064,-0.7797225000001617
2021-08-31 16:00:00,2733.045742,2732.195009,2732.332954,-0.8507329999997637,-0.7127879999998186,-0.7817604999997911
2021-08-31 16:15:00,2733.045546,2732.198313,2732.333767,-0.8472329999999602,-0.7117789999997512,-0.7795059999998557
2021-08-31 16:30:00,2733.047105,2732.197531,2732.338073,-0.8495740000003025,-0.7090320000002066,-0.7793030000002545
2021-08-31 16:45:00,2733.047878,2732.194183,2732.334351,-0.8536949999997887,-0.7135269999998854,-0.7836109999998371
2021-08-31 17:00:00,2733.047105,2732.197533,2732.334739,-0.8495720000000802,-0.7123660000002019,-0.780969000000141
2021-08-31 17:15:00,2733.046332,2732.196759,2732.332214,-0.8495729999999639,-0.7141179999998712,-0.7818454999999176
2021-08-31 17:30:00,2733.044969,2732.194986,2732.3326,-0.8499830000000657,-0.7123689999998533,-0.7811759999999595
2021-08-31 17:45:00,2733.046325,2732.1941,2732.332207,-0.8522249999996347,-0.7141179999998712,-0.783171499999753
2021-08-31 18:00:00,2733.043993,2732.192036,2732.332632,-0.8519569999998566,-0.7113609999996697,-0.7816589999997632
2021-08-31 18:15:00,2733.048075,2732.195581,2732.333217,-0.8524940000002061,-0.7148580000002767,-0.7836760000002414
2021-08-31 18:30:00,2733.045742,2732.197732,2732.331335,-0.8480099999997037,-0.7144069999999374,-0.7812084999998206
2021-08-31 18:45:00,2733.046908,2732.196845,2732.3338,-0.8500629999998637,-0.7131079999999201,-0.7815854999998919
2021-08-31 19:00:00,2733.045742,2732.194999,2732.332633,-0.8507429999999658,-0.7131089999998039,-0.7819259999998849
2021-08-31 19:15:00,2733.047492,2732.192038,2732.333372,-0.8554540000000088,-0.7141200000000936,-0.7847870000000512
2021-08-31 19:45:00,2733.048658,2732.193614,2732.33279,-0.8550440000003618,-0.7158680000002278,-0.7854560000002948
2021-08-31 20:00:00,2733.045742,2732.194689,2732.33467,-0.8510529999998653,-0.7110719999996036,-0.7810624999997344
2021-08-31 20:15:00,2733.047105,2732.194302,2732.336034,-0.8528030000002218,-0.7110710000001745,-0.7819370000001982
2021-08-31 20:30:00,2733.046908,2732.196447,2732.339763,-0.8504609999999957,-0.7071449999998549,-0.7788029999999253
2021-08-31 20:45:00,2733.047492,2732.199991,2732.333962,-0.847501000000193,-0.7135299999999916,-0.7805155000000923
2021-08-31 21:15:00,2733.048658,2732.197927,2732.332082,-0.8507309999999961,-0.7165760000002592,-0.7836535000001277
2021-08-31 21:30:00,2733.047492,2732.201474,2732.329164,-0.8460180000001856,-0.7183279999999286,-0.7821730000000571
2021-08-31 21:45:00,2733.047102,2732.19637,2732.330525,-0.8507319999998799,-0.716577000000143,-0.7836545000000115
2021-08-31 22:00:00,2733.045739,2732.195668,2732.329161,-0.8500710000002982,-0.7165780000000268,-0.7833245000001625
2021-08-31 22:15:00,2733.045156,2732.195086,2732.330328,-0.8500699999999597,-0.714828000000125,-0.7824490000000424
2021-08-31 22:30:00,2733.046712,2732.196643,2732.331885,-0.8500689999996212,-0.7148269999997865,-0.7824479999997038
2021-08-31 22:45:00,2733.049241,2732.197423,2732.332665,-0.8518180000000939,-0.7165760000002592,-0.7841970000001766
2021-08-31 23:00:00,2733.048851,2732.197033,2732.333572,-0.8518180000000939,-0.7152790000000095,-0.7835485000000517
2021-08-31 23:30:00,2733.047102,2732.196043,2732.334312,-0.8510590000000775,-0.7127900000000409,-0.7819245000000592
2021-08-31 23:45:00,2733.046322,2732.197013,2732.333532,-0.8493090000001757,-0.7127900000000409,-0.7810495000001083
2021-09-01 00:00:00,2733.046322,2732.195263,2732.332792,-0.8510590000000775,-0.7135299999999916,-0.7822945000000345
2021-09-01 01:00:00,2733.048075,2732.198828,2732.328451,-0.8492470000001049,-0.7196240000002945,-0.7844355000001997
2021-09-01 01:15:00,2733.046325,2732.202059,2732.331498,-0.8442659999996067,-0.7148269999997865,-0.7795464999996966
2021-09-01 01:30:00,2733.047492,2732.203226,2732.335712,-0.8442660000000615,-0.7117800000000898,-0.7780230000000756
2021-09-01 01:45:00,2733.044969,2732.19814,2732.331301,-0.8468290000000707,-0.7136679999998705,-0.7802484999999706
2021-09-01 02:00:00,2733.045356,2732.201758,2732.336033,-0.843597999999929,-0.7093230000000403,-0.7764604999999847
2021-09-01 02:15:00,2733.046719,2732.199621,2732.332598,-0.8470979999997326,-0.7141209999999774,-0.780609499999855
2021-09-01 02:30:00,2733.047492,2732.198915,2732.332075,-0.8485770000002049,-0.7154170000003433,-0.7819970000002741
2021-09-01 03:00:00,2733.045742,2732.201876,2732.330324,-0.8438659999997071,-0.7154179999997723,-0.7796419999997397
2021-09-01 03:15:00,2733.046325,2732.199498,2732.332658,-0.8468269999998483,-0.7136669999999867,-0.7802469999999175
2021-09-01 03:45:00,2733.047492,2732.201466,2732.331333,-0.8460260000001654,-0.7161590000000615,-0.7810925000001134
2021-09-01 04:15:00,2733.048075,2732.202049,2732.331917,-0.8460260000001654,-0.7161580000001777,-0.7810920000001715
2021-09-01 04:30:00,2733.049631,2732.200376,2732.331724,-0.8492550000000847,-0.717906999999741,-0.7835809999999128
2021-09-01 04:45:00,2733.048661,2732.199406,2732.332504,-0.84925499999963,-0.7161569999998392,-0.7827059999997346
2021-09-01 05:00:00,2733.047495,2732.197739,2732.330041,-0.8497559999996156,-0.7174539999996341,-0.7836049999996249
2021-09-01 05:15:00,2733.050411,2732.197925,2732.334254,-0.8524860000002263,-0.7161570000002939,-0.7843215000002601
2021-09-01 05:30:00,2733.048078,2732.200571,2732.330625,-0.8475069999999505,-0.7174529999997503,-0.7824799999998504
2021-09-01 06:00:00,2733.048271,2732.199997,2732.332114,-0.8482739999999467,-0.7161570000002939,-0.7822155000001203
2021-09-01 06:15:00,2733.049241,2732.200396,2732.331334,-0.848844999999983,-0.7179070000001957,-0.7833760000000893
2021-09-01 06:45:00,2733.049241,2732.200663,2732.331788,-0.8485780000000887,-0.7174530000002051,-0.7830155000001469
2021-09-01 07:00:00,2733.049824,2732.201247,2732.331362,-0.8485770000002049,-0.7184620000002724,-0.7835195000002386
2021-09-01 07:15:00,2733.048265,2732.200769,2732.331688,-0.8474959999998646,-0.7165769999996883,-0.7820364999997764
2021-09-01 07:30:00,2733.047492,2732.200984,2732.330915,-0.8465080000000853,-0.716577000000143,-0.7815425000001142
2021-09-01 07:45:00,2733.047492,2732.199994,2732.332665,-0.8474980000000869,-0.7148270000002412,-0.7811625000001641
2021-09-01 08:00:00,2733.048658,2732.203632,2732.332082,-0.8450259999999616,-0.7165760000002592,-0.7808010000001104
2021-09-01 08:30:00,2733.049628,2732.206082,2732.334349,-0.8435460000000603,-0.7152790000000095,-0.7794125000000349
2021-09-01 08:45:00,2733.050401,2732.208605,2732.333826,-0.8417960000001585,-0.7165749999999207,-0.7791855000000396
2021-09-01 09:00:00,2733.049431,2732.204405,2732.334152,-0.8450259999999616,-0.7152790000000095,-0.7801524999999856
2021-09-01 09:15:00,2733.05099,2732.202463,2732.332212,-0.8485270000001037,-0.718778000000384,-0.7836525000002439
2021-09-01 09:30:00,2733.046908,2732.20089,2732.333379,-0.8460179999997308,-0.713528999999653,-0.7797734999996919
2021-09-01 09:45:00,2733.047492,2732.200384,2732.335259,-0.8471079999999347,-0.7122330000001966,-0.7796705000000657
2021-09-01 10:00:00,2733.050601,2732.203224,2732.334312,-0.8473770000000513,-0.7162889999999607,-0.781833000000006
2021-09-01 10:15:00,2733.049821,2732.202714,2732.333532,-0.8471070000000509,-0.7162889999999607,-0.7816980000000058
2021-09-01 10:30:00,2733.049238,2732.206842,2732.332949,-0.8423960000000079,-0.7162889999999607,-0.7793424999999843
2021-09-01 10:45:00,2733.047295,2732.201276,2732.332755,-0.8460190000000694,-0.7145399999999427,-0.780279500000006
2021-09-01 11:15:00,2733.049044,2732.202035,2732.333766,-0.847009000000071,-0.715277999999671,-0.781143499999871
2021-09-01 12:15:00,2733.05099,2732.200651,2732.330915,-0.8503390000000763,-0.720075000000179,-0.7852070000001277
2021-09-01 12:30:00,2733.048461,2732.202441,2732.328838,-0.8460199999999531,-0.7196229999999559,-0.7828214999999545
2021-09-01 13:00:00,2733.046719,2732.204328,2732.329551,-0.8423910000001342,-0.7171680000001288,-0.7797795000001315
2021-09-01 13:15:00,2733.046325,2732.202454,2732.330908,-0.8438709999995808,-0.7154169999998885,-0.7796439999997347
2021-09-01 13:30:00,2733.048075,2732.202044,2732.331918,-0.8460310000000391,-0.7161570000002939,-0.7810940000001665
2021-09-01 13:45:00,2733.047882,2732.20176,2732.331725,-0.846121999999923,-0.7161569999998392,-0.7811394999998811
2021-09-01 14:00:00,2733.047495,2732.200963,2732.331338,-0.8465320000000247,-0.7161569999998392,-0.7813444999999319
2021-09-01 14:15:00,2733.048468,2732.203418,2732.330291,-0.845049999999901,-0.7181769999997414,-0.7816134999998212
2021-09-01 14:30:00,2733.048665,2732.205365,2732.33224,-0.8432999999999993,-0.7164249999996173,-0.7798624999998083
2021-09-01 14:45:00,2733.048081,2732.20254,2732.332952,-0.8455409999996846,-0.7151289999997061,-0.7803349999996954
2021-09-01 15:00:00,2733.046715,2732.204093,2732.332755,-0.8426220000001194,-0.7139600000000428,-0.7782910000000811
2021-09-01 15:15:00,2733.046905,2732.203113,2732.329611,-0.8437920000001213,-0.7172940000000381,-0.7805430000000797
2021-09-01 15:30:00,2733.044573,2732.206171,2732.332362,-0.8384020000003147,-0.7122110000000248,-0.7753065000001698
2021-09-01 15:45:00,2733.045935,2732.202634,2732.331975,-0.8433009999998831,-0.7139600000000428,-0.7786304999999629
2021-09-01 16:00:00,2733.048081,2732.202538,2732.329904,-0.8455429999999069,-0.7181769999997414,-0.7818599999998241
2021-09-01 16:15:00,2733.046915,2732.206084,2732.328737,-0.8408309999999801,-0.7181780000000799,-0.77950450000003
2021-09-01 16:45:00,2733.049441,2732.20291,2732.333285,-0.8465310000001409,-0.7161559999999554,-0.7813435000000482
2021-09-01 17:00:00,2733.053716,2732.209387,2732.33711,-0.8443290000000161,-0.7166059999999561,-0.7804674999999861
2021-09-01 17:15:00,2733.05294,2732.202148,2732.332561,-0.8507920000001832,-0.7203789999998662,-0.7855855000000247
2021-09-01 17:30:00,2733.055845,2732.202637,2732.334578,-0.8532079999999951,-0.721266999999898,-0.7872374999999465
2021-09-01 17:45:00,2733.053123,2732.203414,2732.334345,-0.8497090000000753,-0.7187779999999293,-0.7842435000000023
2021-09-01 18:00:00,2733.055069,2732.205359,2732.332503,-0.8497099999999591,-0.7225659999999152,-0.7861379999999372
2021-09-01 18:30:00,2733.053909,2732.200647,2732.334255,-0.8532620000000861,-0.7196539999999914,-0.7864580000000387
2021-09-01 18:45:00,2733.055652,2732.203481,2732.331791,-0.8521709999999985,-0.7238609999999426,-0.7880159999999705
2021-09-01 19:00:00,2733.056049,2732.199556,2732.334645,-0.856492999999773,-0.7214039999998931,-0.7889484999998331
2021-09-01 19:15:00,2733.056439,2732.203179,2732.333284,-0.8532599999998638,-0.7231550000001334,-0.7882074999999986
2021-09-01 19:30:00,2733.057402,2732.200251,2732.333088,-0.8571509999997033,-0.7243140000000494,-0.7907324999998764
2021-09-01 19:45:00,2733.059927,2732.199276,2732.327768,-0.8606509999999616,-0.7321589999996831,-0.7964049999998224
2021-09-01 20:00:00,2733.061287,2732.202116,2732.330427,-0.8591710000000603,-0.7308600000001206,-0.7950155000000905
2021-09-01 20:15:00,2733.061677,2732.201026,2732.335901,-0.8606509999999616,-0.7257760000002236,-0.7932135000000926
2021-09-01 20:30:00,2733.058565,2732.199664,2732.332787,-0.8589009999996051,-0.7257779999999912,-0.7923394999997981
2021-09-01 20:45:00,2733.060897,2732.201416,2732.335121,-0.8594809999999597,-0.7257759999997688,-0.7926284999998643
2021-09-01 21:00:00,2733.057981,2732.19976,2732.335705,-0.8582209999999577,-0.7222759999999653,-0.7902484999999615
2021-09-01 21:15:00,2733.056815,2732.197193,2732.334537,-0.8596219999999448,-0.7222779999997329,-0.7909499999998388
2021-09-01 21:45:00,2733.054483,2732.197018,2732.333954,-0.8574650000000474,-0.7205289999997149,-0.7889969999998812
2021-09-01 22:00:00,2733.055845,2732.200624,2732.335318,-0.8552209999998013,-0.7205269999999473,-0.7878739999998743
2021-09-01 22:15:00,2733.057208,2732.197996,2732.336968,-0.8592120000002978,-0.7202400000001035,-0.7897260000002007
2021-09-01 22:30:00,2733.058761,2732.201791,2732.334179,-0.8569699999998193,-0.7245819999998275,-0.7907759999998234
2021-09-01 22:45:00,2733.057988,2732.200917,2732.337461,-0.8570709999999053,-0.7205269999999473,-0.7887989999999263
2021-09-01 23:00:00,2733.057988,2732.199927,2732.334414,-0.8580609999999069,-0.7235740000000987,-0.7908175000000028
2021-09-01 23:15:00,2733.059154,2732.200434,2732.336878,-0.8587200000001758,-0.7222759999999653,-0.7904980000000705
2021-09-01 23:30:00,2733.056239,2732.199167,2732.335711,-0.8570719999997891,-0.7205279999998311,-0.7887999999998101
2021-09-01 23:45:00,2733.055266,2732.200435,2732.33344,-0.8548309999996491,-0.7218259999999646,-0.7883284999998068
2021-09-02 00:00:00,2733.05332,2732.198097,2732.331493,-0.8552230000000236,-0.7218269999998483,-0.788524999999936
2021-09-02 00:15:00,2733.05157,2732.200238,2732.332233,-0.851332000000184,-0.7193369999999959,-0.78533450000009
2021-09-02 01:00:00,2733.054486,2732.199656,2732.330783,-0.85483000000022,-0.7237030000001141,-0.7892665000001671
2021-09-02 01:15:00,2733.05332,2732.2032,2732.331366,-0.8501200000000608,-0.7219540000000961,-0.7860370000000785
2021-09-02 01:45:00,2733.054293,2732.202693,2732.33234,-0.8515999999999622,-0.7219530000002123,-0.7867765000000873
2021-09-02 02:00:00,2733.053323,2732.201993,2732.33312,-0.8513299999999617,-0.7202030000003106,-0.7857665000001361
2021-09-02 02:45:00,2733.053906,2732.204057,2732.335127,-0.8498490000001766,-0.7187790000002678,-0.7843140000002222
2021-09-02 03:00:00,2733.054099,2732.2025,2732.333013,-0.8515990000000784,-0.7210860000000139,-0.7863425000000461
2021-09-02 03:15:00,2733.05371,2732.202831,2732.331883,-0.8508790000000772,-0.7218270000003031,-0.7863530000001901
2021-09-02 03:30:00,2733.054099,2732.203491,2732.33431,-0.8506079999997382,-0.7197889999997642,-0.7851984999997512
2021-09-02 04:15:00,2733.050987,2732.204366,2732.334697,-0.8466210000001411,-0.7162900000002992,-0.7814555000002201
2021-09-02 04:30:00,2733.050404,2732.207015,2732.330198,-0.8433890000001156,-0.7202059999999619,-0.7817975000000388
2021-09-02 04:45:00,2733.050404,2732.205533,2732.335864,-0.8448710000002393,-0.7145399999999427,-0.779705500000091
2021-09-02 05:00:00,2733.049821,2732.203199,2732.334827,-0.8466220000000249,-0.7149939999999333,-0.7808079999999791
2021-09-02 05:15:00,2733.05157,2732.204949,2732.335549,-0.8466210000001411,-0.7160210000001825,-0.7813210000001618
2021-09-02 05:30:00,2733.050987,2732.203385,2732.338013,-0.8476020000002791,-0.7129740000000311,-0.7802880000001551
2021-09-02 05:45:00,2733.049821,2732.200737,2732.334682,-0.849083999999948,-0.7151389999999083,-0.7821114999999281
2021-09-02 06:00:00,2733.049431,2732.200347,2732.338638,-0.849083999999948,-0.7107929999997395,-0.7799384999998438
2021-09-02 06:15:00,2733.050211,2732.203099,2732.336949,-0.8471120000003793,-0.7132620000002134,-0.7801870000002964
2021-09-02 06:30:00,2733.050601,2732.205738,2732.339091,-0.8448629999998047,-0.7115100000000893,-0.778186499999947
2021-09-02 06:45:00,2733.050987,2732.205355,2732.337726,-0.8456320000000233,-0.7132609999998749,-0.7794464999999491
2021-09-02 07:00:00,2733.051184,2732.204571,2732.339221,-0.8466129999997065,-0.7119629999997414,-0.779287999999724
2021-09-02 07:15:00,2733.053326,2732.203974,2732.334259,-0.8493520000001809,-0.7190669999999955,-0.7842095000000882
2021-09-02 07:30:00,2733.051187,2732.203584,2732.333128,-0.8476030000001629,-0.7180589999998119,-0.7828309999999874
2021-09-02 07:45:00,2733.049241,2732.202315,2732.334969,-0.8469260000001668,-0.7142720000001646,-0.7805990000001657
2021-09-02 08:30:00,2733.052157,2732.202493,2732.336137,-0.8496640000003026,-0.7160200000002988,-0.7828420000003007
2021-09-02 09:30:00,2733.052157,2732.206712,2732.339184,-0.845444999999927,-0.7129730000001473,-0.7792090000000371
2021-09-02 09:45:00,2733.050601,2732.204886,2732.331531,-0.8457149999999274,-0.7190700000001016,-0.7823925000000145
2021-09-02 10:00:00,2733.048071,2732.202625,2732.333798,-0.8454460000002655,-0.7142730000000483,-0.7798595000001569
2021-09-02 10:30:00,2733.049821,2732.201633,2732.332501,-0.8481879999999364,-0.7173200000001998,-0.7827540000000681
2021-09-02 10:45:00,2733.049238,2732.19957,2732.334965,-0.8496679999998378,-0.7142730000000483,-0.7819704999999431
2021-09-02 11:00:00,2733.048071,2732.200152,2732.33454,-0.8479190000002745,-0.7135310000003301,-0.7807250000003023
2021-09-02 11:15:00,2733.049821,2732.203383,2732.33629,-0.8464380000000347,-0.7135309999998753,-0.779984499999955
2021-09-02 11:30:00,2733.051574,2732.205447,2732.336873,-0.8461270000002514,-0.7147009999998772,-0.7804140000000643
2021-09-02 11:45:00,2733.049238,2732.202799,2732.340051,-0.8464389999999185,-0.709186999999929,-0.7778129999999237
2021-09-02 12:00:00,2733.049821,2732.203113,2732.337587,-0.8467080000000351,-0.7122340000000804,-0.7794710000000578
2021-09-02 13:00:00,2733.05157,2732.203382,2732.335548,-0.8481879999999364,-0.7160220000000663,-0.7821050000000014
2021-09-02 13:15:00,2733.050987,2732.201318,2732.334409,-0.8496690000001763,-0.7165780000000268,-0.7831235000001016
2021-09-02 13:30:00,2733.050794,2732.202605,2732.334216,-0.848189000000275,-0.7165780000000268,-0.7823835000001509
2021-09-02 13:45:00,2733.05235,2732.206633,2732.336328,-0.8457170000001497,-0.7160220000000663,-0.780869500000108
2021-09-02 14:15:00,2733.050211,2732.202022,2732.335938,-0.848189000000275,-0.7142730000000483,-0.7812310000001617
2021-09-02 14:30:00,2733.05099,2732.202802,2732.333671,-0.8481880000003912,-0.717319000000316,-0.7827535000003536
2021-09-02 14:45:00,2733.049824,2732.203385,2732.335551,-0.8464390000003732,-0.7142730000000483,-0.7803560000002108
2021-09-02 15:00:00,2733.05099,2732.207024,2732.338016,-0.8439660000003641,-0.7129740000000311,-0.7784700000001976
2021-09-02 15:15:00,2733.049824,2732.200154,2732.338598,-0.8496700000000601,-0.7112260000003516,-0.7804480000002059
2021-09-02 15:30:00,2733.046908,2732.206439,2732.334837,-0.8404689999997572,-0.7120709999999235,-0.7762699999998404
2021-09-02 15:45:00,2733.048465,2732.203016,2732.335941,-0.8454489999999169,-0.7125240000000304,-0.7789864999999736
2021-09-02 16:00:00,2733.048661,2732.202801,2732.336137,-0.8458599999999024,-0.7125240000000304,-0.7791919999999664
2021-09-02 16:30:00,2733.047495,2732.204867,2732.334971,-0.8426279999998769,-0.7125239999995756,-0.7775759999997263
2021-09-02 16:45:00,2733.048661,2732.204553,2732.3341,-0.8441079999997783,-0.714560999999776,-0.7793344999997771
2021-09-02 17:30:00,2733.046329,2732.205449,2732.335553,-0.8408799999997427,-0.7107759999998962,-0.7758279999998194
2021-09-02 17:45:00,2733.045162,2732.204282,2732.334387,-0.8408799999997427,-0.7107750000000124,-0.7758274999998775
2021-09-02 18:00:00,2733.044773,2732.203892,2732.338341,-0.8408810000000813,-0.7064319999999498,-0.7736565000000155
2021-09-02 18:15:00,2733.047492,2732.203793,2732.333669,-0.8436990000000151,-0.7138230000000476,-0.7787610000000313
2021-09-02 18:45:00,2733.047492,2732.203794,2732.336717,-0.8436980000001313,-0.7107750000000124,-0.7772365000000718
2021-09-02 19:00:00,2733.047882,2732.202702,2732.33581,-0.8451799999998002,-0.7120719999998073,-0.7786259999998038
2021-09-02 19:15:00,2733.045939,2732.203989,2732.332569,-0.8419499999999971,-0.7133699999999408,-0.7776599999999689
2021-09-02 19:30:00,2733.045742,2732.205275,2732.334966,-0.8404669999999896,-0.7107759999998962,-0.7756214999999429
2021-09-02 20:00:00,2733.046908,2732.206442,2732.336133,-0.8404659999996511,-0.7107750000000124,-0.7756204999998317
2021-09-02 20:15:00,2733.045352,2732.203895,2732.333279,-0.8414569999999912,-0.7120730000001458,-0.7767650000000685
2021-09-02 20:30:00,2733.048071,2732.204865,2732.334249,-0.8432060000000092,-0.7138220000001638,-0.7785140000000865
2021-09-02 20:45:00,2733.048655,2732.203969,2732.33687,-0.8446859999999106,-0.7117849999999635,-0.778235499999937
2021-09-02 21:00:00,2733.047685,2732.20339,2732.334149,-0.8442949999998746,-0.7135360000002038,-0.7789155000000392
2021-09-02 21:15:00,2733.044579,2732.204283,2732.336563,-0.8402959999998529,-0.7080160000000433,-0.7741559999999481
2021-09-02 21:45:00,2733.046915,2732.206931,2732.334681,-0.8399839999997312,-0.7122340000000804,-0.7761089999999058
2021-09-02 22:15:00,2733.047498,2732.207515,2732.331947,-0.8399829999998474,-0.7155509999997776,-0.7777669999998125
2021-09-02 22:30:00,2733.045162,2732.206348,2732.334097,-0.8388139999997293,-0.7110649999999623,-0.7749394999998458
2021-09-02 22:45:00,2733.048081,2732.20908,2732.332077,-0.8390009999998256,-0.7160039999998844,-0.777502499999855
2021-09-03 00:15:00,2733.047498,2732.202804,2732.333512,-0.8446939999998904,-0.7139859999997498,-0.7793399999998201
2021-09-03 00:30:00,2733.046915,2732.205452,2732.334679,-0.8414629999997487,-0.712235999999848,-0.7768494999997984
2021-09-03 01:15:00,2733.049831,2732.202667,2732.337144,-0.8471639999997933,-0.7126869999997325,-0.7799254999997629
2021-09-03 01:30:00,2733.048665,2732.204731,2732.337728,-0.8439339999999902,-0.7109369999998307,-0.7774354999999105
2021-09-03 01:45:00,2733.047498,2732.203835,2732.335264,-0.843663000000106,-0.7122340000000804,-0.7779485000000932
2021-09-03 02:00:00,2733.048665,2732.20424,2732.333382,-0.8444249999997737,-0.7152829999999994,-0.7798539999998866
2021-09-03 02:15:00,2733.046912,2732.205407,2732.334549,-0.84150499999987,-0.712362999999641,-0.7769339999997555
2021-09-03 02:45:00,2733.048468,2732.200092,2732.337983,-0.8483759999999165,-0.7104850000000624,-0.7794304999999895
2021-09-03 03:00:00,2733.049241,2732.205577,2732.335709,-0.8436639999999898,-0.7135320000002139,-0.7785980000001018
2021-09-03 03:15:00,2733.048271,2732.201376,2732.336036,-0.8468950000001314,-0.7122349999999642,-0.7795650000000478
2021-09-03 03:45:00,2733.045749,2732.198852,2732.336561,-0.846896999999899,-0.7091879999998127,-0.7780424999998559
2021-09-03 04:00:00,2733.047498,2732.202353,2732.338311,-0.8451449999997749,-0.709186999999929,-0.7771659999998519
2021-09-03 04:15:00,2733.048081,2732.201186,2732.337143,-0.8468950000001314,-0.7109379999997145,-0.778916499999923
2021-09-03 04:30:00,2733.048081,2732.202665,2732.338441,-0.8454160000001139,-0.7096400000000358,-0.7775280000000748
2021-09-03 05:15:00,2733.049831,2732.202666,2732.334096,-0.8471649999996771,-0.7157349999997678,-0.7814499999997224
2021-09-03 05:30:00,2733.045942,2732.202276,2732.335002,-0.8436660000002121,-0.7109400000003916,-0.7773030000003018
2021-09-03 05:45:00,2733.048661,2732.204727,2732.331627,-0.8439339999999902,-0.717033999999785,-0.7804839999998876
2021-09-03 06:15:00,2733.048078,2732.202663,2732.334092,-0.8454149999997753,-0.7139859999997498,-0.7797004999997625
2021-09-03 06:30:00,2733.046912,2732.202977,2732.332924,-0.843934999999874,-0.7139879999999721,-0.778961499999923
2021-09-03 07:00:00,2733.049438,2732.204924,2732.332404,-0.8445139999998901,-0.717033999999785,-0.7807739999998375
2021-09-03 07:15:00,2733.049631,2732.205117,2732.333894,-0.8445139999998901,-0.7157369999999901,-0.7801254999999401
2021-09-03 07:30:00,2733.049438,2732.201691,2732.336749,-0.8477469999997993,-0.7126889999999548,-0.7802179999998771
2021-09-03 07:45:00,2733.047492,2732.201494,2732.333504,-0.8459980000002361,-0.7139879999999721,-0.7799930000001041
2021-09-03 08:30:00,2733.045742,2732.202975,2732.331348,-0.8427669999996397,-0.7143939999996292,-0.7785804999996344
2021-09-03 08:45:00,2733.048271,2732.202274,2732.332415,-0.8459969999998975,-0.7158560000002581,-0.7809265000000778
2021-09-03 09:00:00,2733.049241,2732.203565,2732.330476,-0.8456760000003669,-0.7187650000000758,-0.7822205000002214
2021-09-03 09:15:00,2733.046719,2732.20395,2732.331721,-0.842768999999862,-0.7149979999999232,-0.7788834999998926
2021-09-03 09:30:00,2733.048265,2732.204338,2732.330811,-0.8439269999998942,-0.7174540000000889,-0.7806904999999915
2021-09-03 09:45:00,2733.046908,2732.20514,2732.329454,-0.8417679999997745,-0.7174539999996341,-0.7796109999997043
2021-09-03 10:00:00,2733.045742,2732.203973,2732.331335,-0.8417689999996583,-0.7144069999999374,-0.7780879999997978
2021-09-03 10:30:00,2733.045159,2732.202407,2732.335097,-0.8427519999995638,-0.7100619999996525,-0.7764069999996082
2021-09-03 10:45:00,2733.046325,2732.202804,2732.331465,-0.8435209999997824,-0.7148599999995895,-0.7791904999996859
2021-09-03 11:00:00,2733.045749,2732.203389,2732.331188,-0.8423600000000988,-0.714560999999776,-0.7784604999999374
2021-09-03 11:15:00,2733.044962,2732.204673,2732.330993,-0.8402889999997569,-0.7139689999999064,-0.7771289999998316
2021-09-03 11:30:00,2733.045939,2732.204379,2732.331378,-0.8415600000002996,-0.7145610000002307,-0.7780605000002652
2021-09-03 12:00:00,2733.046712,2732.207224,2732.331852,-0.8394879999996192,-0.7148600000000442,-0.7771739999998317
2021-09-03 12:15:00,2733.047492,2732.205932,2732.335089,-0.8415600000002996,-0.7124029999999948,-0.7769815000001472
2021-09-03 12:30:00,2733.043606,2732.202314,2732.333405,-0.8412920000000668,-0.7102010000003247,-0.7757465000001957
2021-09-03 12:45:00,2733.04322,2732.205159,2732.333018,-0.8380609999999251,-0.7102020000002085,-0.7741315000000668
2021-09-03 13:00:00,2733.046325,2732.206514,2732.335672,-0.8398109999998269,-0.7106529999996383,-0.7752319999997326
2021-09-03 13:30:00,2733.047492,2732.20122,2732.332495,-0.8462720000002264,-0.7149970000000394,-0.7806345000001329
2021-09-03 13:45:00,2733.046908,2732.203866,2732.333208,-0.8430419999999685,-0.7136999999997897,-0.7783709999998791
2021-09-03 14:00:00,2733.044576,2732.201802,2732.333923,-0.8427739999997357,-0.7106529999996383,-0.776713499999687
2021-09-03 14:15:00,2733.045742,2732.202967,2732.33509,-0.8427749999996195,-0.7106519999997545,-0.776713499999687
2021-09-03 14:30:00,2733.046715,2732.200711,2732.333015,-0.8460039999999935,-0.7136999999997897,-0.7798519999998916
2021-09-03 14:45:00,2733.046912,2732.199737,2732.33552,-0.8471749999998792,-0.7113919999997051,-0.7792834999997922
2021-09-03 15:00:00,2733.043996,2732.199329,2732.336103,-0.8446669999998448,-0.7078929999997854,-0.7762799999998151
2021-09-03 15:15:00,2733.044386,2732.199228,2732.332149,-0.8451580000000831,-0.7122370000001865,-0.7786975000001348
2021-09-03 15:30:00,2733.045166,2732.200008,2732.333955,-0.8451580000000831,-0.7112109999998211,-0.7781844999999521
2021-09-03 15:45:00,2733.045749,2732.200593,2732.32974,-0.8451559999998608,-0.7160089999997581,-0.7805824999998094
2021-09-03 16:15:00,2733.043413,2732.202657,2732.331621,-0.8407560000000558,-0.7117920000000595,-0.7762740000000576
2021-09-03 16:30:00,2733.045162,2732.201175,2732.333371,-0.8439869999997427,-0.711790999999721,-0.7778889999997318
2021-09-03 17:00:00,2733.044383,2732.198155,2732.330553,-0.8462279999998827,-0.7138300000001436,-0.7800290000000132
2021-09-03 17:15:00,2733.045352,2732.197643,2732.334858,-0.8477090000001226,-0.710493999999926,-0.7791015000000243
2021-09-03 17:30:00,2733.046715,2732.198739,2732.336221,-0.8479760000000169,-0.710493999999926,-0.7792349999999715
2021-09-03 17:45:00,2733.043406,2732.20041,2732.331614,-0.8429959999998573,-0.7117919999996047,-0.777393999999731
2021-09-03 18:00:00,2733.042823,2732.198345,2732.334078,-0.8444780000004357,-0.7087450000003628,-0.7766115000003992
2021-09-03 18:15:00,2733.042823,2732.199826,2732.335374,-0.8429970000001958,-0.7074490000004516,-0.7752230000003237
2021-09-03 18:30:00,2733.046322,2732.199828,2732.334077,-0.846494000000348,-0.7122450000001663,-0.7793695000002572
2021-09-03 19:15:00,2733.044186,2732.20195,2732.332393,-0.8422359999999571,-0.7117929999999433,-0.7770144999999502
2021-09-03 19:30:00,2733.045162,2732.199697,2732.33162,-0.8454649999998765,-0.7135419999999613,-0.7795034999999189
2021-09-03 19:45:00,2733.044579,2732.199114,2732.332787,-0.8454649999998765,-0.7117920000000595,-0.778628499999968
2021-09-03 20:00:00,2733.04283,2732.199605,2732.334083,-0.8432250000000749,-0.7087469999996756,-0.7759859999998753
2021-09-03 20:15:00,2733.043023,2732.199798,2732.334999,-0.8432250000000749,-0.7080240000000231,-0.775624500000049
2021-09-03 20:30:00,2733.046912,2732.20077,2732.335969,-0.8461419999998725,-0.7109429999995882,-0.7785424999997304
2021-09-03 20:45:00,2733.046329,2732.199884,2732.337136,-0.8464449999996759,-0.7091929999996864,-0.7778189999996812
2021-09-03 21:00:00,2733.046329,2732.198132,2732.335387,-0.8481969999998,-0.7109419999997044,-0.7795694999997522
2021-09-03 21:15:00,2733.045939,2732.199494,2732.332688,-0.8464450000001307,-0.7132510000001275,-0.7798480000001291
2021-09-03 21:30:00,2733.044576,2732.199611,2732.333076,-0.8449649999997746,-0.7114999999998872,-0.7782324999998309
2021-09-03 21:45:00,2733.045159,2732.198714,2732.33366,-0.8464449999996759,-0.7114990000000034,-0.7789719999998397
2021-09-03 22:00:00,2733.045742,2732.198307,2732.332643,-0.8474349999996775,-0.7130989999996018,-0.7802669999996397
2021-09-03 22:15:00,2733.045159,2732.201946,2732.329871,-0.8432129999996505,-0.7152879999998731,-0.7792504999997618
2021-09-03 22:30:00,2733.043993,2732.197548,2732.331751,-0.8464449999996759,-0.7122419999996055,-0.7793434999996407
2021-09-03 23:00:00,2733.042243,2732.202261,2732.330741,-0.8399819999999636,-0.7115019999996548,-0.7757419999998092
2021-09-03 23:15:00,2733.042243,2732.200511,2732.328989,-0.8417319999998654,-0.7132539999997789,-0.7774929999998221
2021-09-03 23:30:00,2733.042827,2732.202846,2732.334372,-0.8399810000000798,-0.7084550000004128,-0.7742180000002463
2021-09-03 23:45:00,2733.045159,2732.201948,2732.334955,-0.8432109999998829,-0.7102039999999761,-0.7767074999999295
2021-09-04 00:00:00,2733.045159,2732.198717,2732.331908,-0.8464419999995698,-0.7132509999996728,-0.7798464999996213
2021-09-04 00:15:00,2733.045742,2732.204011,2732.334243,-0.8417309999999816,-0.7114990000000034,-0.7766149999999925
2021-09-04 00:45:00,2733.044383,2732.201171,2732.331583,-0.8432119999997667,-0.7127999999997883,-0.7780059999997775
2021-09-04 01:00:00,2733.044773,2732.201563,2732.333271,-0.8432099999999991,-0.7115020000001095,-0.7773560000000543
2021-09-04 01:15:00,2733.042633,2732.201173,2732.332881,-0.8414600000000974,-0.7097520000002078,-0.7756060000001526
2021-09-04 01:30:00,2733.046522,2732.200082,2732.331973,-0.846440000000257,-0.714549000000261,-0.780494500000259
2021-09-04 01:45:00,2733.045742,2732.200783,2732.335538,-0.8449590000000171,-0.7102039999999761,-0.7775814999999966
2021-09-04 03:00:00,2733.047882,2732.204403,2732.33463,-0.843478999999661,-0.7132520000000113,-0.7783654999998362
2021-09-04 03:15:00,2733.048271,2732.203044,2732.33327,-0.84522700000025,-0.7150010000000293,-0.7801140000001396
2021-09-04 03:30:00,2733.049241,2732.205495,2732.33424,-0.8437460000000101,-0.7150010000000293,-0.7793735000000197
2021-09-04 03:45:00,2733.046132,2732.202654,2732.330723,-0.8434779999997772,-0.7154089999999087,-0.779443499999843
2021-09-04 04:00:00,2733.045939,2732.204211,2732.334437,-0.8417279999998755,-0.7115020000001095,-0.7766149999999925
2021-09-04 04:30:00,2733.048658,2732.203431,2732.332797,-0.84522700000025,-0.7158610000001318,-0.7805440000001909
2021-09-04 05:45:00,2733.047105,2732.202556,2732.333855,-0.8445489999999154,-0.7132500000002437,-0.7788995000000796
2021-09-04 06:00:00,2733.046719,2732.205401,2732.333467,-0.8413179999997737,-0.7132520000000113,-0.7772849999998925
2021-09-04 07:00:00,2733.046908,2732.20295,2732.332497,-0.8439579999999296,-0.7144109999999273,-0.7791844999999284
2021-09-04 07:15:00,2733.047492,2732.204023,2732.334257,-0.8434690000003684,-0.7132350000001679,-0.7783520000002682
2021-09-04 07:30:00,2733.048268,2732.206279,2732.331987,-0.8419890000000123,-0.7162809999999808,-0.7791349999999966
2021-09-04 07:45:00,2733.048071,2732.206084,2732.334384,-0.8419870000002447,-0.713687000000391,-0.7778370000003179
2021-09-04 08:00:00,2733.046322,2732.202851,2732.333087,-0.843471000000136,-0.7132350000001679,-0.778353000000152
2021-09-04 08:15:00,2733.045739,2732.204018,2732.334254,-0.8417210000002342,-0.7114850000002662,-0.7766030000002502
2021-09-04 08:30:00,2733.045739,2732.202268,2732.332504,-0.843471000000136,-0.7132350000001679,-0.778353000000152
2021-09-04 08:45:00,2733.045932,2732.201863,2732.332697,-0.8440690000002178,-0.7132350000001679,-0.7786520000001929
2021-09-04 09:00:00,2733.046319,2732.20225,2732.333355,-0.8440690000002178,-0.712963999999829,-0.7785165000000234
2021-09-04 09:15:00,2733.044569,2732.202248,2732.332057,-0.8423210000000836,-0.7125120000000607,-0.7774165000000721
2021-09-04 09:30:00,2733.044766,2732.200696,2732.334849,-0.8440700000001016,-0.7099170000001322,-0.7769935000001169
2021-09-04 09:45:00,2733.046912,2732.201671,2732.332777,-0.8452409999999873,-0.7141349999997146,-0.779687999999851
2021-09-04 10:00:00,2733.045159,2732.204319,2732.333945,-0.8408399999998437,-0.7112139999999272,-0.7760269999998854
2021-09-04 10:15:00,2733.04341,2732.203068,2732.333492,-0.8403420000004189,-0.709918000000016,-0.7751300000002175
2021-09-04 10:30:00,2733.043996,2732.199253,2732.332907,-0.844742999999653,-0.7110889999999017,-0.7779159999997773
2021-09-04 10:45:00,2733.046129,2732.200807,2732.334462,-0.8453219999996691,-0.711667000000034,-0.7784944999998515
2021-09-04 11:00:00,2733.045152,2732.202562,2732.335234,-0.8425900000002002,-0.709918000000016,-0.7762540000001081
2021-09-04 11:15:00,2733.045736,2732.206376,2732.33277,-0.8393599999999424,-0.7129660000000513,-0.7761629999999968
2021-09-04 11:45:00,2733.045736,2732.201663,2732.334067,-0.8440730000002077,-0.7116690000002563,-0.777871000000232
2021-09-04 12:15:00,2733.045152,2732.20355,2732.335235,-0.8416019999999662,-0.7099170000001322,-0.7757595000000492
2021-09-04 12:30:00,2733.045542,2732.201469,2732.333605,-0.8440729999997529,-0.7119370000000345,-0.7780049999998937
2021-09-04 12:45:00,2733.046322,2732.201588,2732.335682,-0.8447340000002441,-0.7106400000002395,-0.7776870000002418
2021-09-04 13:00:00,2733.045546,2732.204702,2732.336656,-0.8408439999998336,-0.708889999999883,-0.7748669999998583
2021-09-04 13:15:00,2733.047102,2732.203359,2732.336462,-0.843742999999904,-0.7106399999997848,-0.7771914999998444
2021-09-04 13:30:00,2733.045546,2732.201801,2732.329821,-0.8437449999996716,-0.7157250000000204,-0.779734999999846
2021-09-04 13:45:00,2733.045166,2732.20209,2732.334508,-0.8430759999996553,-0.7106579999999667,-0.776866999999811
2021-09-04 14:00:00,2733.045742,2732.202267,2732.336417,-0.8434749999996711,-0.7093249999998079,-0.7763999999997395
2021-09-04 14:15:00,2733.042833,2732.201506,2732.330471,-0.8413270000000921,-0.7123619999997572,-0.7768444999999247
2021-09-04 14:30:00,2733.045166,2732.203571,2732.333648,-0.8415949999998702,-0.7115180000000692,-0.7765564999999697
2021-09-04 14:45:00,2733.045552,2732.205027,2732.331441,-0.8405250000000706,-0.71411100000023,-0.7773180000001503
2021-09-04 15:00:00,2733.044576,2732.203553,2732.331324,-0.8410229999999501,-0.7132519999995566,-0.7771374999997533
2021-09-04 15:15:00,2733.046132,2732.203358,2732.332141,-0.8427739999997357,-0.7139910000000782,-0.7783824999999069
2021-09-04 15:30:00,2733.04283,2732.204545,2732.336682,-0.8382849999998143,-0.7061479999997573,-0.7722164999997858
2021-09-04 15:45:00,2733.042247,2732.207194,2732.331754,-0.8350529999997889,-0.7104930000000422,-0.7727729999999156
2021-09-04 16:00:00,2733.040497,2732.200051,2732.330004,-0.8404460000001563,-0.7104930000000422,-0.7754695000000993
2021-09-04 16:15:00,2733.045162,2732.20593,2732.332466,-0.8392319999998108,-0.7126960000000508,-0.7759639999999308
2021-09-04 16:30:00,2733.04283,2732.203867,2732.333634,-0.8389629999996941,-0.7091959999997925,-0.7740794999997433
2021-09-04 16:45:00,2733.040497,2732.206923,2732.328707,-0.8335739999997713,-0.7117899999998372,-0.7726819999998042
2021-09-04 17:00:00,2733.04166,2732.207508,2732.327267,-0.8341519999999036,-0.7143929999997454,-0.7742724999998245
2021-09-04 17:15:00,2733.042247,2732.207914,2732.326685,-0.8343329999997877,-0.7155619999998635,-0.7749474999998256
2021-09-04 17:30:00,2733.043413,2732.209081,2732.330447,-0.8343319999999039,-0.7129660000000513,-0.7736489999999776
2021-09-04 17:45:00,2733.04283,2732.209979,2732.328565,-0.832850999999664,-0.7142650000000685,-0.7735579999998663
2021-09-04 18:00:00,2733.040497,2732.209394,2732.330002,-0.8311029999999846,-0.7104949999998098,-0.7707989999998972
2021-09-04 18:15:00,2733.042247,2732.210467,2732.331029,-0.8317799999999806,-0.7112179999999171,-0.7714989999999489
2021-09-04 18:45:00,2733.039914,2732.208812,2732.327398,-0.8311020000001008,-0.7125160000000506,-0.7718090000000757
2021-09-04 19:00:00,2733.041274,2732.211653,2732.329028,-0.8296210000003157,-0.7122460000000501,-0.7709335000001829
2021-09-04 19:15:00,2733.041077,2732.210468,2732.330582,-0.8306089999996402,-0.7104949999998098,-0.770551999999725
2021-09-04 19:30:00,2733.043993,2732.211635,2732.333047,-0.8323579999996582,-0.7109459999996943,-0.7716519999996763
2021-09-04 19:45:00,2733.04244,2732.211252,2732.332232,-0.8311880000001111,-0.710207999999966,-0.7706980000000385
2021-09-04 20:00:00,2733.039334,2732.209895,2732.32653,-0.8294390000000931,-0.7128040000002329,-0.771121500000163
2021-09-04 20:15:00,2733.04302,2732.210672,2732.330792,-0.8323479999999108,-0.7122279999998682,-0.7722879999998895
2021-09-04 20:30:00,2733.041074,2732.215187,2732.329585,-0.8258870000004208,-0.711489000000256,-0.7686880000003384
2021-09-04 20:45:00,2733.045349,2732.213394,2732.329065,-0.8319550000001072,-0.716284000000087,-0.7741195000000971
2021-09-04 21:00:00,2733.04282,2732.213113,2732.331332,-0.8297070000003259,-0.7114879999999175,-0.7705975000001217
2021-09-04 21:15:00,2733.046319,2732.216344,2732.333354,-0.829975000000104,-0.7129650000001675,-0.7714700000001358
2021-09-04 21:30:00,2733.043403,2732.208984,2732.329138,-0.8344190000002527,-0.7142650000000685,-0.7743420000001606
2021-09-04 21:45:00,2733.043016,2732.21008,2732.328752,-0.8329360000002453,-0.7142640000001848,-0.773600000000215
2021-09-04 22:00:00,2733.043993,2732.212537,2732.331025,-0.8314559999998892,-0.7129679999998189,-0.772211999999854
2021-09-04 22:15:00,2733.042243,2732.211817,2732.329727,-0.8304259999999886,-0.7125160000000506,-0.7714710000000196
2021-09-04 22:30:00,2733.04341,2732.209485,2732.329145,-0.8339250000003631,-0.7142650000000685,-0.7740950000002158
2021-09-04 22:45:00,2733.044576,2732.210652,2732.334656,-0.8339239999995698,-0.7099199999997836,-0.7719219999996767
2021-09-04 23:00:00,2733.046329,2732.211235,2732.333944,-0.8350939999995717,-0.7123849999998129,-0.7737394999996923
2021-09-04 23:15:00,2733.043993,2732.211548,2732.332776,-0.8324449999995522,-0.7112169999995785,-0.7718309999995654
2021-09-04 23:30:00,2733.045746,2732.212132,2732.330312,-0.8336139999996703,-0.7154339999997319,-0.7745239999997011
2021-09-05 00:15:00,2733.044576,2732.209171,2732.333359,-0.8354049999998097,-0.7112169999995785,-0.7733109999996941
2021-09-05 00:30:00,2733.044379,2732.213956,2732.327251,-0.8304229999998824,-0.7171279999997751,-0.7737754999998288
2021-09-05 00:45:00,2733.045152,2732.212979,2732.332639,-0.832173000000239,-0.7125129999999444,-0.7723430000000917
2021-09-05 01:15:00,2733.045736,2732.215044,2732.328155,-0.8306919999999991,-0.7175809999998819,-0.7741364999999405
2021-09-05 01:30:00,2733.046902,2732.213969,2732.330618,-0.8329330000001391,-0.716284000000087,-0.774608500000113
2021-09-05 01:45:00,2733.045736,2732.216034,2732.331472,-0.8297019999999975,-0.7142640000001848,-0.7719830000000911
2021-09-05 02:00:00,2733.045542,2732.212878,2732.326211,-0.8326640000000225,-0.7193309999997837,-0.7759974999999031
2021-09-05 02:15:00,2733.046905,2732.215454,2732.328871,-0.8314510000000155,-0.7180339999999887,-0.7747425000000021
2021-09-05 02:30:00,2733.048071,2732.213389,2732.330038,-0.8346820000001571,-0.718033000000105,-0.776357500000131
2021-09-05 02:45:00,2733.046322,2732.21339,2732.328001,-0.8329320000002554,-0.7183210000002873,-0.7756265000002713
2021-09-05 03:15:00,2733.046322,2732.211908,2732.333086,-0.8344139999999243,-0.7132360000000517,-0.773824999999988
2021-09-05 03:45:00,2733.049238,2732.211326,2732.333799,-0.8379119999999602,-0.7154390000000603,-0.7766755000000103
2021-09-05 04:15:00,2733.046322,2732.210158,2732.328288,-0.8361640000002808,-0.7180339999999887,-0.7770990000001348
2021-09-05 04:30:00,2733.045932,2732.211518,2732.330945,-0.8344139999999243,-0.7149869999998373,-0.7747004999998808
2021-09-05 04:45:00,2733.043403,2732.212219,2732.330165,-0.8311840000001212,-0.713238000000274,-0.7722110000001976
2021-09-05 05:00:00,2733.047292,2732.212609,2732.327961,-0.8346830000000409,-0.7193310000002384,-0.7770070000001397
2021-09-05 05:30:00,2733.047682,2732.214749,2732.331399,-0.8329329999996844,-0.7162829999997484,-0.7746079999997164
2021-09-05 06:00:00,2733.047098,2732.212686,2732.329518,-0.8344120000001567,-0.7175799999999981,-0.7759960000000774
2021-09-05 06:15:00,2733.045152,2732.211229,2732.327571,-0.8339230000001407,-0.7175810000003366,-0.7757520000002387
2021-09-05 06:30:00,2733.046902,2732.21769,2732.331341,-0.8292120000000978,-0.7155609999999797,-0.7723865000000387
2021-09-05 06:45:00,2733.047682,2732.213759,2732.331669,-0.833922999999686,-0.716012999999748,-0.774967999999717
2021-09-05 07:00:00,2733.045159,2732.214467,2732.329597,-0.8306919999999991,-0.7155619999998635,-0.7731269999999313
2021-09-05 07:15:00,2733.047882,2732.216429,2732.330699,-0.8314529999997831,-0.7171829999997499,-0.7743179999997665
2021-09-05 07:30:00,2733.046712,2732.214849,2732.329981,-0.8318629999998848,-0.7167309999999816,-0.7742969999999332
2021-09-05 08:00:00,2733.045939,2732.209855,2732.332256,-0.836084000000028,-0.7136829999999463,-0.7748834999999872
2021-09-05 08:30:00,2733.046715,2732.211309,2732.33332,-0.8354060000001482,-0.713394999999764,-0.7744004999999561
2021-09-05 08:45:00,2733.045939,2732.212015,2732.33559,-0.8339240000000245,-0.710348999999951,-0.7721364999999878
2021-09-05 09:00:00,2733.046908,2732.212713,2732.331762,-0.8341949999999088,-0.7151460000000043,-0.7746704999999565
2021-09-05 09:15:00,2733.044576,2732.21213,2732.327844,-0.8324459999998908,-0.7167319999998654,-0.7745889999998781
2021-09-05 09:30:00,2733.045159,2732.211232,2732.330465,-0.8339269999996759,-0.7146939999997812,-0.7743104999997286
2021-09-05 09:45:00,2733.043993,2732.214776,2732.322917,-0.8292169999999714,-0.7210759999998118,-0.7751464999998916
2021-09-05 10:00:00,2733.04302,2732.213804,2732.327028,-0.8292160000000877,-0.7159919999999147,-0.7726040000000012
2021-09-05 10:15:00,2733.04263,2732.213414,2732.325897,-0.8292160000000877,-0.7167329999997492,-0.7729744999999184
2021-09-05 10:30:00,2733.042827,2732.213609,2732.328132,-0.82921800000031,-0.7146950000001198,-0.7719565000002149
2021-09-05 10:45:00,2733.042243,2732.216258,2732.332346,-0.825984999999946,-0.709896999999728,-0.767940999999837
2021-09-05 11:00:00,2733.042243,2732.213296,2732.32551,-0.828946999999971,-0.7167329999997492,-0.7728399999998601
2021-09-05 11:15:00,2733.042243,2732.213025,2732.331893,-0.8292179999998552,-0.7103499999998348,-0.769783999999845
2021-09-05 11:30:00,2733.042827,2732.21509,2732.324343,-0.8277370000000701,-0.7184839999999895,-0.7731105000000298
2021-09-05 11:45:00,2733.04166,2732.212442,2732.326225,-0.8292179999998552,-0.7154350000000704,-0.7723264999999628
2021-09-05 12:00:00,2733.042827,2732.212848,2732.326937,-0.829979000000094,-0.7158900000003996,-0.7729345000002468
2021-09-05 12:15:00,2733.042633,2732.214405,2732.325448,-0.8282279999998536,-0.7171849999999722,-0.7727064999999129
2021-09-05 12:30:00,2733.043996,2732.214018,2732.329859,-0.8299779999997554,-0.714136999999937,-0.7720574999998462
2021-09-05 12:45:00,2733.042827,2732.213608,2732.327839,-0.8292190000001938,-0.7149880000001758,-0.7721035000001848
2021-09-05 13:00:00,2733.043993,2732.216253,2732.325958,-0.8277399999997215,-0.7180349999998725,-0.772887499999797
2021-09-05 13:15:00,2733.042243,2732.210782,2732.327255,-0.8314609999997629,-0.7149879999997211,-0.773224499999742
2021-09-05 13:30:00,2733.039911,2732.210198,2732.322327,-0.8297129999996287,-0.717583999999988,-0.7736484999998083
2021-09-05 14:00:00,2733.041654,2732.211942,2732.327388,-0.8297120000001996,-0.7142659999999523,-0.771989000000076
2021-09-05 14:15:00,2733.043016,2732.213036,2732.326278,-0.8299799999999777,-0.7167380000000776,-0.7733590000000277
2021-09-05 14:30:00,2733.042047,2732.212066,2732.326605,-0.8299809999998615,-0.7154419999997117,-0.7727114999997866
2021-09-05 14:45:00,2733.042627,2732.215377,2732.327638,-0.8272499999998217,-0.7149889999996049,-0.7711194999997133
2021-09-05 15:00:00,2733.044183,2732.216934,2732.330492,-0.827248999999938,-0.7136909999999261,-0.770469999999932
2021-09-05 15:15:00,2733.042043,2732.214792,2732.327055,-0.8272509999997055,-0.7149879999997211,-0.7711194999997133
2021-09-05 15:30:00,2733.041657,2732.214016,2732.327678,-0.8276410000003125,-0.7139790000001085,-0.7708100000002105
2021-09-05 15:45:00,2733.042823,2732.215183,2732.328845,-0.8276400000004287,-0.7139780000002247,-0.7708090000003267
2021-09-05 16:00:00,2733.039914,2732.213433,2732.325797,-0.826481000000058,-0.7141169999999875,-0.7702990000000227
2021-09-05 16:15:00,2733.040497,2732.210785,2732.323333,-0.8297119999997449,-0.7171640000001389,-0.7734379999999419
2021-09-05 16:30:00,2733.042053,2732.213823,2732.327048,-0.828230000000076,-0.7150050000000192,-0.7716175000000476
2021-09-05 16:45:00,2733.040694,2732.212732,2732.324102,-0.8279619999998431,-0.7165919999997641,-0.7722769999998036
2021-09-05 17:15:00,2733.04108,2732.216081,2732.324776,-0.8249989999999343,-0.7163040000000365,-0.7706514999999854
2021-09-05 18:15:00,2733.04108,2732.21312,2732.330011,-0.8279600000000755,-0.7110689999999522,-0.7695145000000139
2021-09-05 18:30:00,2733.040491,2732.212851,2732.328261,-0.8276400000004287,-0.7122300000000905,-0.7699350000002596
2021-09-05 19:00:00,2733.042823,2732.211954,2732.327834,-0.830869000000348,-0.7149890000000596,-0.7729290000002038
2021-09-05 19:30:00,2733.041654,2732.211944,2732.325367,-0.8297099999999773,-0.7162870000001931,-0.7729985000000852
2021-09-05 19:45:00,2733.040487,2732.214009,2732.328998,-0.8264780000004066,-0.711489000000256,-0.7689835000003313
2021-09-05 20:00:00,2733.041267,2732.214789,2732.328027,-0.8264779999999519,-0.7132400000000416,-0.7698589999999967
2021-09-05 20:30:00,2733.040494,2732.215186,2732.329273,-0.82530799999995,-0.7112210000000232,-0.7682644999999866
2021-09-05 20:45:00,2733.041854,2732.213316,2732.324268,-0.8285380000002078,-0.7175860000002103,-0.7730620000002091
2021-09-05 21:00:00,2733.040491,2732.214194,2732.324925,-0.8262970000000678,-0.7155660000003081,-0.770931500000188
2021-09-05 21:15:00,2733.04127,2732.215553,2732.326285,-0.8257170000001679,-0.7149850000000697,-0.7703510000001188
2021-09-05 21:30:00,2733.04224,2732.213794,2732.325505,-0.8284460000004401,-0.7167350000004262,-0.7725905000004332
2021-09-05 21:45:00,2733.041074,2732.212627,2732.324338,-0.8284470000003239,-0.71673600000031,-0.772591500000317
2021-09-05 22:00:00,2733.041074,2732.213608,2732.329424,-0.8274660000001859,-0.7116500000001906,-0.7695580000001883
2021-09-05 22:30:00,2733.041854,2732.214798,2732.324108,-0.8270560000000842,-0.7177460000002611,-0.7724010000001726
2021-09-05 22:45:00,2733.042247,2732.212462,2732.328847,-0.8297849999999016,-0.7133999999996377,-0.7715924999997696
2021-09-05 23:00:00,2733.043413,2732.215379,2732.33131,-0.8280339999996613,-0.7121029999998427,-0.770068499999752
2021-09-05 23:15:00,2733.04205,2732.216748,2732.330401,-0.8253020000001925,-0.7116489999998521,-0.7684755000000223
2021-09-05 23:30:00,2733.043603,2732.219783,2732.325858,-0.8238200000000688,-0.7177449999999226,-0.7707824999999957
2021-09-05 23:45:00,2733.043413,2732.216861,2732.326965,-0.8265519999999924,-0.7164479999996729,-0.7714999999998327
2021-09-06 00:15:00,2733.043413,2732.220092,2732.327707,-0.8233209999998508,-0.7157059999999547,-0.7695134999999027
2021-09-06 00:30:00,2733.04283,2732.216279,2732.325825,-0.8265509999996539,-0.7170049999999719,-0.7717779999998129
2021-09-06 00:45:00,2733.042247,2732.218925,2732.325242,-0.8233219999997345,-0.7170049999999719,-0.7701634999998532
2021-09-06 01:15:00,2733.043996,2732.215694,2732.327836,-0.8283019999998942,-0.7161599999999453,-0.7722309999999197
2021-09-06 02:15:00,2733.045162,2732.216863,2732.327706,-0.8282989999997881,-0.7174559999998564,-0.7728774999998222
2021-09-06 02:45:00,2733.042247,2732.215197,2732.324502,-0.8270499999998719,-0.7177449999999226,-0.7723974999998973
2021-09-06 03:00:00,2733.043413,2732.214613,2732.330013,-0.8287999999997737,-0.7134000000000924,-0.7710999999999331
2021-09-06 03:15:00,2733.0438,2732.218231,2732.324757,-0.8255690000000868,-0.719043000000056,-0.7723060000000714
2021-09-06 03:30:00,2733.046322,2732.217524,2732.328579,-0.8287980000000061,-0.717743000000155,-0.7732705000000806
2021-09-06 03:45:00,2733.044573,2732.220486,2732.325532,-0.8240869999999632,-0.7190410000002885,-0.7715640000001258
2021-09-06 04:00:00,2733.042823,2732.215772,2732.328126,-0.8270510000002105,-0.7146970000003421,-0.7708740000002763
2021-09-06 04:15:00,2733.045739,2732.21694,2732.326244,-0.8287990000003447,-0.7194950000002791,-0.7741470000003119
2021-09-06 04:30:00,2733.048461,2732.222625,2732.325182,-0.8258359999999811,-0.7232789999998204,-0.7745574999999008
2021-09-06 04:45:00,2733.045742,2732.221925,2732.330306,-0.8238169999999627,-0.7154359999999542,-0.7696264999999585
2021-09-06 05:00:00,2733.045742,2732.221245,2732.327259,-0.8244969999996101,-0.7184829999996509,-0.7714899999996305
2021-09-06 05:45:00,2733.046519,2732.217309,2732.326284,-0.8292099999998754,-0.720234999999775,-0.7747224999998252
2021-09-06 06:15:00,2733.044573,2732.217522,2732.321743,-0.8270510000002105,-0.7228300000001582,-0.7749405000001843
2021-09-06 06:30:00,2733.04224,2732.215957,2732.32291,-0.8262830000003305,-0.7193300000003546,-0.7728065000003426
2021-09-06 06:45:00,2733.042437,2732.217636,2732.323394,-0.8248010000002068,-0.719043000000056,-0.7719220000001314
2021-09-06 07:00:00,2733.045162,2732.2139,2732.327419,-0.8312619999996969,-0.7177429999997003,-0.7745024999996986
2021-09-06 07:15:00,2733.043996,2732.219196,2732.324954,-0.8247999999998683,-0.7190419999997175,-0.7719209999997929
2021-09-06 07:30:00,2733.043413,2732.21538,2732.324659,-0.8280329999997775,-0.7187539999999899,-0.7733934999998837
2021-09-06 07:45:00,2733.043023,2732.218221,2732.324269,-0.8248020000000906,-0.7187539999999899,-0.7717780000000403
2021-09-06 08:00:00,2733.042243,2732.217441,2732.324786,-0.8248020000000906,-0.7174569999997402,-0.7711294999999154
2021-09-06 08:15:00,2733.043413,2732.219583,2732.326536,-0.8238299999998162,-0.7168769999998403,-0.7703534999998283
2021-09-06 09:00:00,2733.04205,2732.218727,2732.326343,-0.8233230000000731,-0.7157069999998384,-0.7695149999999558
2021-09-06 09:15:00,2733.041857,2732.220014,2732.324852,-0.8218430000001717,-0.7170049999999719,-0.7694240000000718
2021-09-06 10:15:00,2733.042443,2732.216198,2732.322519,-0.8262449999997443,-0.7199239999999918,-0.7730844999998681
2021-09-06 10:30:00,2733.040494,2732.215418,2732.323034,-0.8250759999996262,-0.7174599999998463,-0.7712679999997363
2021-09-06 10:45:00,2733.039718,2732.216391,2732.324009,-0.823327000000063,-0.7157090000000608,-0.7695180000000619
2021-09-06 11:00:00,2733.041664,2732.216588,2732.324206,-0.825076000000081,-0.7174580000000788,-0.7712670000000799
2021-09-06 11:15:00,2733.042247,2732.21717,2732.326086,-0.8250769999999648,-0.7161609999998291,-0.7706189999998969
2021-09-06 11:30:00,2733.042247,2732.218152,2732.327096,-0.824094999999943,-0.715150999999878,-0.7696229999999105
2021-09-06 11:45:00,2733.04283,2732.215504,2732.324634,-0.8273260000000846,-0.7181959999998071,-0.7727609999999459
2021-09-06 12:00:00,2733.040884,2732.215307,2732.325734,-0.8255770000000666,-0.7151499999999942,-0.7703635000000304
2021-09-06 12:15:00,2733.041657,2732.216079,2732.324469,-0.8255780000004052,-0.7171880000000783,-0.7713830000002417
2021-09-06 12:30:00,2733.041074,2732.216568,2732.327674,-0.8245060000003832,-0.7134000000000924,-0.7689530000002378
2021-09-06 12:45:00,2733.041464,2732.216955,2732.322979,-0.8245090000000346,-0.7184849999998733,-0.7714969999999539
2021-09-06 13:00:00,2733.040104,2732.215596,2732.326704,-0.8245080000001508,-0.7134000000000924,-0.7689540000001216
2021-09-06 13:15:00,2733.042047,2732.219021,2732.324859,-0.8230260000000271,-0.7171880000000783,-0.7701070000000527
2021-09-06 13:30:00,2733.044966,2732.2197,2732.326029,-0.8252659999998286,-0.7189370000000963,-0.7721014999999625
2021-09-06 13:45:00,2733.043413,2732.218145,2732.327523,-0.825268000000051,-0.7158899999999448,-0.7705789999999979
2021-09-06 14:00:00,2733.039911,2732.217072,2732.326939,-0.8228389999999308,-0.7129719999998088,-0.7679054999998698
2021-09-06 14:15:00,2733.039131,2732.21911,2732.324592,-0.820020999999997,-0.7145390000000589,-0.7672800000000279
2021-09-06 14:30:00,2733.038738,2732.216968,2732.325497,-0.821770000000015,-0.7132410000003802,-0.7675055000001976
2021-09-06 14:45:00,2733.038155,2732.219117,2732.324914,-0.8190380000000914,-0.7132410000003802,-0.7661395000002358
2021-09-06 15:00:00,2733.037962,2732.21246,2732.324719,-0.8255019999996875,-0.713242999999693,-0.7693724999996903
2021-09-06 15:15:00,2733.038165,2732.217056,2732.327953,-0.8211089999999786,-0.7102119999999559,-0.7656604999999672
2021-09-06 15:30:00,2733.038748,2732.217967,2732.32463,-0.8207809999998972,-0.7141179999998712,-0.7674494999998842
2021-09-06 15:45:00,2733.039138,2732.215396,2732.324582,-0.8237420000000384,-0.7145559999999023,-0.7691489999999703
2021-09-06 16:00:00,2733.039334,2732.215593,2732.324779,-0.8237410000001546,-0.7145550000000185,-0.7691480000000865
2021-09-06 16:15:00,2733.040304,2732.214813,2732.327046,-0.8254910000000564,-0.7132580000002235,-0.76937450000014
2021-09-06 16:30:00,2733.041857,2732.219598,2732.325552,-0.8222590000000309,-0.716305000000375,-0.769282000000203
2021-09-06 16:45:00,2733.041084,2732.219814,2732.326076,-0.8212699999999131,-0.7150080000001253,-0.7681390000000192
2021-09-06 17:15:00,2733.040304,2732.218044,2732.326304,-0.8222599999999147,-0.7139999999999418,-0.7681299999999283
2021-09-06 17:30:00,2733.038745,2732.217743,2732.32215,-0.8210019999996803,-0.7165949999998702,-0.7687984999997752
2021-09-06 17:45:00,2733.041857,2732.218838,2732.321763,-0.8230190000003859,-0.7200940000002447,-0.7715565000003153
2021-09-06 18:00:00,2733.037585,2732.218065,2732.322288,-0.8195200000000114,-0.7152970000001915,-0.7674085000001014
2021-09-06 18:15:00,2733.037972,2732.21481,2732.321376,-0.8231620000001385,-0.7165960000002087,-0.7698790000001736
2021-09-06 18:30:00,2733.038745,2732.217745,2732.320854,-0.8209999999999127,-0.7178909999997813,-0.769445499999847
2021-09-06 19:00:00,2733.038358,2732.217359,2732.323513,-0.8209989999995742,-0.7148449999999684,-0.7679219999997713
2021-09-06 19:15:00,2733.037002,2732.213842,2732.320406,-0.8231599999999162,-0.7165960000002087,-0.7698780000000625
2021-09-06 19:30:00,2733.035836,2732.213845,2732.320989,-0.8219909999997981,-0.7148470000001907,-0.7684189999999944
2021-09-06 20:00:00,2733.038751,2732.218244,2732.321297,-0.8205069999999068,-0.7174540000000889,-0.7689804999999978
2021-09-06 20:15:00,2733.040111,2732.214622,2732.321194,-0.825488999999834,-0.718916999999692,-0.772202999999763
2021-09-06 20:30:00,2733.038165,2732.214917,2732.320996,-0.8232480000001487,-0.7171690000000126,-0.7702085000000807
2021-09-06 20:45:00,2733.039331,2732.217565,2732.319117,-0.8217660000000251,-0.7202139999999417,-0.7709899999999834
2021-09-06 21:00:00,2733.038935,2732.216939,2732.323653,-0.8219960000001265,-0.7152820000001157,-0.7686390000001211
2021-09-06 21:15:00,2733.037572,2732.218808,2732.320994,-0.8187640000001011,-0.7165780000000268,-0.7676710000000639
2021-09-06 21:30:00,2733.038155,2732.216659,2732.318529,-0.8214960000000247,-0.719626000000062,-0.7705610000000434
2021-09-06 22:30:00,2733.038738,2732.220474,2732.320409,-0.8182639999999992,-0.7183290000002671,-0.7682965000001332
2021-09-06 22:45:00,2733.039904,2732.222623,2732.321576,-0.8172810000000936,-0.7183280000003833,-0.7678045000002385
2021-09-06 23:00:00,2733.039904,2732.218411,2732.320279,-0.8214930000003733,-0.7196250000001783,-0.7705590000002758
2021-09-06 23:15:00,2733.039904,2732.219393,2732.318527,-0.8205110000003515,-0.7213770000003024,-0.7709440000003269
2021-09-06 23:45:00,2733.04107,2732.21881,2732.320993,-0.8222600000003695,-0.7200770000004013,-0.7711685000003854
2021-09-07 00:00:00,2733.040487,2732.219708,2732.321706,-0.8207790000001296,-0.7187810000000354,-0.7697800000000825
2021-09-07 00:30:00,2733.040294,2732.219784,2732.318917,-0.820510000000013,-0.7213769999998476,-0.7709434999999303
2021-09-07 00:45:00,2733.042433,2732.221655,2732.319309,-0.8207780000002458,-0.723124000000098,-0.7719510000001719
2021-09-07 01:00:00,2733.041654,2732.219394,2732.319824,-0.8222599999999147,-0.7218299999999545,-0.7720449999999346
2021-09-07 01:15:00,2733.04107,2732.218812,2732.317944,-0.8222580000001471,-0.7231260000003203,-0.7726920000002337
2021-09-07 01:30:00,2733.042627,2732.220367,2732.319501,-0.8222599999999147,-0.7231259999998656,-0.7726929999998902
2021-09-07 01:45:00,2733.040101,2732.219591,2732.32482,-0.820510000000013,-0.7152810000002319,-0.7678955000001224
2021-09-07 02:45:00,2733.039324,2732.217334,2732.318959,-0.8219899999999143,-0.7203649999996742,-0.7711774999997942
2021-09-07 03:00:00,2733.041074,2732.218814,2732.319699,-0.8222600000003695,-0.72137500000008,-0.7718175000002248
2021-09-07 03:15:00,2733.042433,2732.218424,2732.31727,-0.8240089999999327,-0.725163000000066,-0.7745859999999993
2021-09-07 03:45:00,2733.040294,2732.218034,2732.317622,-0.8222599999999147,-0.722671999999875,-0.7724659999998948
2021-09-07 04:45:00,2733.038545,2732.221265,2732.318919,-0.8172799999997551,-0.719626000000062,-0.7684529999999086
2021-09-07 05:00:00,2733.041074,2732.220564,2732.322745,-0.820510000000013,-0.7183290000002671,-0.76941950000014
2021-09-07 05:15:00,2733.040684,2732.221924,2732.324107,-0.8187600000001112,-0.716577000000143,-0.7676685000001271
2021-09-07 05:30:00,2733.04282,2732.22056,2732.322743,-0.8222599999999147,-0.7200769999999466,-0.7711684999999306
2021-09-07 05:45:00,2733.039904,2732.222625,2732.321575,-0.817279000000326,-0.7183290000002671,-0.7678040000002966
2021-09-07 06:00:00,2733.041654,2732.221644,2732.322316,-0.8200099999999111,-0.7193380000003344,-0.7696740000001228
2021-09-07 06:15:00,2733.04282,2732.221059,2732.321733,-0.8217610000001514,-0.7210869999998977,-0.7714240000000245
2021-09-07 07:15:00,2733.042433,2732.222832,2732.324394,-0.8196010000001479,-0.7180389999998624,-0.7688200000000052
2021-09-07 07:30:00,2733.042243,2732.219411,2732.319859,-0.8228319999998348,-0.7223839999996926,-0.7726079999997637
2021-09-07 07:45:00,2733.04283,2732.222057,2732.322323,-0.8207729999999174,-0.7205069999999978,-0.7706399999999576
2021-09-07 08:00:00,2733.041854,2732.222743,2732.321488,-0.8191110000002482,-0.7203660000000127,-0.7697385000001304
2021-09-07 08:15:00,2733.041464,2732.223341,2732.324147,-0.8181230000000141,-0.7173170000000937,-0.7677200000000539
2021-09-07 08:30:00,2733.042243,2732.224121,2732.323178,-0.8181219999996756,-0.7190649999997731,-0.7685934999997244
2021-09-07 09:00:00,2733.041854,2732.221981,2732.320766,-0.8198729999999159,-0.7210880000002362,-0.7704805000000761
2021-09-07 09:15:00,2733.045159,2732.224607,2732.320579,-0.8205519999996795,-0.7245799999996052,-0.7725659999996424
2021-09-07 09:30:00,2733.04341,2732.222857,2732.321876,-0.8205530000000181,-0.721534000000247,-0.7710435000001326
2021-09-07 09:45:00,2733.039521,2732.222467,2732.319736,-0.8170540000000983,-0.719785000000229,-0.7684195000001637
2021-09-07 10:00:00,2733.037965,2732.22091,2732.319476,-0.8170549999999821,-0.7184889999998632,-0.7677719999999226
2021-09-07 10:15:00,2733.04127,2732.219234,2732.321033,-0.8220360000000255,-0.7202369999999974,-0.7711365000000114
2021-09-07 10:30:00,2733.036409,2732.21787,2732.319669,-0.8185389999998733,-0.7167399999998452,-0.7676394999998593
2021-09-07 10:45:00,2733.039324,2732.219037,2732.320836,-0.8202870000000075,-0.7184879999999794,-0.7693874999999935
2021-09-07 11:00:00,2733.039714,2732.219427,2732.319929,-0.8202870000000075,-0.719785000000229,-0.7700360000001183
2021-09-07 11:15:00,2733.042243,2732.221688,2732.322006,-0.8205549999997857,-0.7202369999999974,-0.7703959999998915
2021-09-07 11:45:00,2733.040104,2732.219546,2732.319866,-0.8205580000003465,-0.7202380000003359,-0.7703980000003412
2021-09-07 12:00:00,2733.037378,2732.216508,2732.315262,-0.8208700000000135,-0.7221159999999145,-0.771492999999964
2021-09-07 12:15:00,2733.040297,2732.221899,2732.319479,-0.8183979999998883,-0.7208180000002358,-0.769608000000062
2021-09-07 12:30:00,2733.040104,2732.221706,2732.319016,-0.818398000000343,-0.7210880000002362,-0.7697430000002896
2021-09-07 13:00:00,2733.040494,2732.226308,2732.319406,-0.8141860000000634,-0.7210879999997815,-0.7676369999999224
2021-09-07 13:15:00,2733.042243,2732.223076,2732.317656,-0.819166999999652,-0.7245869999997012,-0.7718769999996766
2021-09-07 13:30:00,2733.039714,2732.221886,2732.319923,-0.8178280000001905,-0.7197909999999865,-0.7688095000000885
2021-09-07 13:45:00,2733.039904,2732.220595,2732.320114,-0.8193090000004304,-0.7197900000001027,-0.7695495000002666
2021-09-07 14:00:00,2733.037768,2732.221688,2732.319726,-0.8160800000000563,-0.7180419999999685,-0.7670610000000124
2021-09-07 14:15:00,2733.039131,2732.221301,2732.317302,-0.8178299999999581,-0.7218290000000707,-0.7698295000000144
2021-09-07 14:30:00,2733.038351,2732.220789,2732.319012,-0.81756200000018,-0.7193390000002182,-0.7684505000001991
2021-09-07 14:45:00,2733.040494,2732.222665,2732.318665,-0.8178290000000743,-0.7218290000000707,-0.7698290000000725
2021-09-07 15:30:00,2733.037965,2732.218922,2732.316588,-0.8190429999999651,-0.7213769999998476,-0.7702099999999064
2021-09-07 15:45:00,2733.037572,2732.221761,2732.319242,-0.8158110000003944,-0.7183300000001509,-0.7670705000002727
2021-09-07 16:00:00,2733.036219,2732.218335,2732.316,-0.8178840000000491,-0.7202190000002702,-0.7690515000001596
2021-09-07 16:15:00,2733.038935,2732.219892,2732.315521,-0.8190429999999651,-0.723414000000048,-0.7712285000000065
2021-09-07 16:30:00,2733.038545,2732.220983,2732.316428,-0.8175619999997252,-0.7221169999997983,-0.7698394999997618
2021-09-07 16:45:00,2733.036609,2732.220206,2732.313056,-0.816403000000264,-0.7235530000002655,-0.7699780000002647
2021-09-07 17:00:00,2733.034663,2732.219251,2732.316193,-0.8154119999999239,-0.7184699999997974,-0.7669409999998607
2021-09-07 17:15:00,2733.038155,2732.220593,2732.317231,-0.81756200000018,-0.7209240000001955,-0.7692430000001877
2021-09-07 17:30:00,2733.038155,2732.224816,2732.318528,-0.8133390000002692,-0.7196270000004006,-0.7664830000003349
2021-09-07 17:45:00,2733.035822,2732.224233,2732.317945,-0.8115889999999126,-0.7178770000000441,-0.7647329999999783
2021-09-07 18:00:00,2733.036405,2732.222076,2732.316776,-0.814328999999816,-0.7196289999997134,-0.7669789999997647
2021-09-07 18:15:00,2733.035239,2732.217947,2732.318658,-0.8172919999997248,-0.7165809999996782,-0.7669364999997015
2021-09-07 18:30:00,2733.035822,2732.218531,2732.31924,-0.817290999999841,-0.7165820000000167,-0.7669364999999289
2021-09-07 18:45:00,2733.038155,2732.220595,2732.319825,-0.8175600000004124,-0.7183300000001509,-0.7679450000002817
2021-09-07 19:00:00,2733.036405,2732.220597,2732.31373,-0.8158079999998336,-0.7226749999999811,-0.7692414999999073
2021-09-07 19:15:00,2733.036019,2732.22021,2732.316389,-0.8158090000001721,-0.719630000000052,-0.767719500000112
2021-09-07 19:30:00,2733.037578,2732.22002,2732.316199,-0.8175579999997353,-0.7213790000000699,-0.7694684999999026
2021-09-07 19:45:00,2733.036995,2732.219937,2732.315616,-0.8170580000000882,-0.7213790000000699,-0.7692185000000791
2021-09-07 20:00:00,2733.037772,2732.222874,2732.31668,-0.8148980000000847,-0.7210920000002261,-0.7679950000001554
2021-09-07 20:15:00,2733.036992,2732.222094,2732.317651,-0.81489799999963,-0.7193409999999858,-0.7671194999998079
2021-09-07 20:30:00,2733.038355,2732.219058,2732.316816,-0.8192970000000059,-0.7215390000001207,-0.7704180000000633
2021-09-07 20:45:00,2733.036992,2732.221686,2732.315906,-0.8153059999999641,-0.7210860000000139,-0.768195999999989
2021-09-07 21:00:00,2733.036992,2732.222856,2732.320251,-0.8141359999999622,-0.716740999999729,-0.7654384999998456
2021-09-07 21:15:00,2733.037188,2732.221303,2732.317399,-0.8158849999999802,-0.7197889999997642,-0.7678369999998722
2021-09-07 21:30:00,2733.038165,2732.21905,2732.316626,-0.8191149999997833,-0.7215390000001207,-0.770326999999952
2021-09-07 21:45:00,2733.036415,2732.220799,2732.319673,-0.8156159999998636,-0.7167420000000675,-0.7661789999999655
2021-09-07 22:00:00,2733.039331,2732.220217,2732.316495,-0.8191139999998995,-0.7228359999999157,-0.7709749999999076
2021-09-07 22:15:00,2733.039914,2732.222281,2732.317366,-0.8176330000001144,-0.7225479999997333,-0.7700904999999238
2021-09-07 22:45:00,2733.038165,2732.220802,2732.314773,-0.817363000000114,-0.7233919999998761,-0.770377499999995
2021-09-07 23:00:00,2733.039524,2732.222161,2732.31743,-0.8173629999996592,-0.7220939999997427,-0.7697284999997009
2021-09-07 23:15:00,2733.036995,2732.219632,2732.312861,-0.817363000000114,-0.7241340000000491,-0.7707485000000815
2021-09-07 23:30:00,2733.039134,2732.220022,2732.311954,-0.819112000000132,-0.7271800000003168,-0.7731460000002244
2021-09-07 23:45:00,2733.037192,2732.219829,2732.314808,-0.8173629999996592,-0.7223839999996926,-0.7698734999996759
2021-09-08 00:00:00,2733.037578,2732.220216,2732.313443,-0.8173619999997754,-0.7241349999999329,-0.7707484999998542
2021-09-08 00:30:00,2733.039328,2732.219627,2732.312433,-0.8197009999998954,-0.7268949999997858,-0.7732979999998406
2021-09-08 00:45:00,2733.038161,2732.223439,2732.312278,-0.8147220000000743,-0.7258830000000671,-0.7703025000000707
2021-09-08 01:00:00,2733.039914,2732.220794,2732.311851,-0.8191200000001118,-0.7280630000000201,-0.7735915000000659
2021-09-08 01:30:00,2733.04166,2732.223441,2732.317817,-0.8182189999997718,-0.7238429999997607,-0.7710309999997662
2021-09-08 01:45:00,2733.040497,2732.222857,2732.313318,-0.8176399999997557,-0.7271789999999783,-0.772409499999867
2021-09-08 02:30:00,2733.038745,2732.221775,2732.310266,-0.8169699999998556,-0.7284789999998793,-0.7727244999998675
2021-09-08 03:45:00,2733.041664,2732.225006,2732.313602,-0.8166579999997339,-0.7280619999996816,-0.7723599999997077
2021-09-08 04:30:00,2733.039911,2732.224423,2732.316064,-0.815487999999732,-0.7238469999997506,-0.7696674999997413
2021-09-08 04:45:00,2733.042247,2732.223841,2732.314185,-0.8184059999998681,-0.7280619999996816,-0.7732339999997748
2021-09-08 05:00:00,2733.043996,2732.224606,2732.315934,-0.8193899999996574,-0.7280619999996816,-0.7737259999996695
2021-09-08 05:15:00,2733.043996,2732.225588,2732.317231,-0.8184080000000904,-0.7267649999998866,-0.7725864999999885
2021-09-08 05:45:00,2733.040497,2732.22707,2732.31853,-0.813427000000047,-0.7219669999999496,-0.7676969999999983
2021-09-08 06:15:00,2733.041274,2732.225115,2732.316259,-0.8161589999999705,-0.7250149999999849,-0.7705869999999777
2021-09-08 06:30:00,2733.040494,2732.222854,2732.317516,-0.8176399999997557,-0.7229779999997845,-0.7703089999997701
2021-09-08 07:00:00,2733.042243,2732.226085,2732.320565,-0.8161580000000868,-0.7216779999998835,-0.7689179999999851
2021-09-08 07:15:00,2733.04341,2732.2255,2732.31998,-0.8179100000002109,-0.7234300000000076,-0.7706700000001092
2021-09-08 07:30:00,2733.04166,2732.22375,2732.313599,-0.8179099999997561,-0.7280609999997978,-0.772985499999777
2021-09-08 07:45:00,2733.042243,2732.226574,2732.314469,-0.8156690000000708,-0.727773999999954,-0.7717215000000124
2021-09-08 08:00:00,2733.041857,2732.229338,2732.317131,-0.8125190000000657,-0.7247260000003735,-0.7686225000002196
2021-09-08 08:15:00,2733.041084,2732.227574,2732.315059,-0.8135099999999511,-0.726024999999936,-0.7697674999999435
2021-09-08 08:30:00,2733.038751,2732.226989,2732.314476,-0.8117620000002717,-0.7242750000000342,-0.7680185000001529
2021-09-08 08:45:00,2733.042053,2732.224633,2732.314279,-0.8174200000003111,-0.727773999999954,-0.7725970000001325
2021-09-08 09:00:00,2733.04166,2732.225989,2732.315636,-0.8156709999998384,-0.7260240000000522,-0.7708474999999453
2021-09-08 09:30:00,2733.042243,2732.224821,2732.317518,-0.8174220000000787,-0.7247250000000349,-0.7710735000000568
2021-09-08 09:45:00,2733.039524,2732.225521,2732.3177,-0.814002999999957,-0.7218239999997422,-0.7679134999998496
2021-09-08 10:00:00,2733.039334,2732.226811,2732.314606,-0.8125230000000556,-0.724728000000141,-0.7686255000000983
2021-09-08 10:15:00,2733.040501,2732.222766,2732.316043,-0.8177350000000843,-0.7244580000001406,-0.7710965000001124
2021-09-08 10:30:00,2733.038555,2732.223559,2732.315846,-0.8149960000000647,-0.7227090000001226,-0.7688525000000936
2021-09-08 10:45:00,2733.040107,2732.225113,2732.3174,-0.8149939999998423,-0.7227069999999003,-0.7688504999998713
2021-09-08 11:00:00,2733.041084,2732.224338,2732.316626,-0.8167459999999664,-0.7244580000001406,-0.7706020000000535
2021-09-08 11:15:00,2733.04147,2732.224725,2732.317013,-0.8167450000000827,-0.7244570000002568,-0.7706010000001697
2021-09-08 11:30:00,2733.038941,2732.223943,2732.314213,-0.8149979999998322,-0.7247279999996863,-0.7698629999997593
2021-09-08 11:45:00,2733.04147,2732.221761,2732.314993,-0.81970900000033,-0.726477000000159,-0.7730930000002445
2021-09-08 12:00:00,2733.039328,2732.222438,2732.316351,-0.8168900000000576,-0.7229769999999007,-0.7699334999999792
2021-09-08 12:30:00,2733.040884,2732.222244,2732.316156,-0.8186399999999594,-0.724728000000141,-0.7716840000000502
2021-09-08 12:45:00,2733.039328,2732.222848,2732.317068,-0.8164799999999559,-0.7222600000000057,-0.7693699999999808
2021-09-08 13:15:00,2733.039718,2732.218525,2732.309778,-0.8211929999997665,-0.7299400000001697,-0.7755664999999681
2021-09-08 13:30:00,2733.042247,2732.222536,2732.3162,-0.8197109999996428,-0.726046999999653,-0.7728789999996479
2021-09-08 13:45:00,2733.039914,2732.221953,2732.315616,-0.817960999999741,-0.7242980000000898,-0.7711294999999154
2021-09-08 14:15:00,2733.04283,2732.2246,2732.315487,-0.8182299999998577,-0.727343000000019,-0.7727864999999383
2021-09-08 14:30:00,2733.038748,2732.224017,2732.314162,-0.8147309999999379,-0.7245859999998174,-0.7696584999998777
2021-09-08 14:45:00,2733.039914,2732.225505,2732.313579,-0.8144090000000688,-0.7263349999998354,-0.7703719999999521
2021-09-08 15:00:00,2733.039134,2732.226206,2732.311501,-0.8129280000002836,-0.7276329999999689,-0.7702805000001263
2021-09-08 15:15:00,2733.039324,2732.224915,2732.309671,-0.8144090000000688,-0.7296529999998711,-0.7720309999999699
2021-09-08 15:30:00,2733.039908,2732.2312,2732.310255,-0.8087080000000242,-0.7296530000003258,-0.769180500000175
2021-09-08 15:45:00,2733.039324,2732.222673,2732.311422,-0.8166509999996379,-0.7279019999996308,-0.7722764999996343
2021-09-08 16:00:00,2733.036989,2732.225049,2732.311552,-0.8119400000000496,-0.7254370000000563,-0.768688500000053
2021-09-08 16:15:00,2733.039128,2732.227189,2732.31324,-0.8119389999997111,-0.7258879999999408,-0.768913499999826
2021-09-08 16:30:00,2733.038741,2732.227785,2732.311555,-0.8109559999998055,-0.7271859999996195,-0.7690709999997125
2021-09-08 16:45:00,2733.037575,2732.229849,2732.313435,-0.8077260000000024,-0.7241399999998066,-0.7659329999999045
2021-09-08 17:00:00,2733.038158,2732.230933,2732.309675,-0.8072250000000167,-0.7284829999998692,-0.767853999999943
2021-09-08 17:15:00,2733.039324,2732.228368,2732.316484,-0.8109559999998055,-0.7228399999999056,-0.7668979999998555
2021-09-08 17:30:00,2733.041074,2732.227388,2732.315187,-0.8136860000004162,-0.725887000000057,-0.7697865000002366
2021-09-08 18:45:00,2733.038741,2732.223843,2732.313305,-0.81489799999963,-0.7254359999997178,-0.7701669999996739
2021-09-08 19:00:00,2733.036409,2732.223261,2732.312721,-0.8131479999997282,-0.7236880000000383,-0.7684179999998832
2021-09-08 19:30:00,2733.037575,2732.224159,2732.312138,-0.8134159999999611,-0.7254370000000563,-0.7694265000000087
2021-09-08 19:45:00,2733.036409,2732.224742,2732.309674,-0.8116669999999431,-0.726734999999735,-0.769200999999839
2021-09-08 20:00:00,2733.038351,2732.223455,2732.315962,-0.8148960000003171,-0.722389000000021,-0.7686425000001691
2021-09-08 20:15:00,2733.037572,2732.225326,2732.312133,-0.8122459999999592,-0.7254390000002786,-0.7688425000001189
2021-09-08 20:30:00,2733.037575,2732.225911,2732.308372,-0.811663999999837,-0.7292029999998704,-0.7704334999998537
2021-09-08 20:45:00,2733.038355,2732.226691,2732.314795,-0.8116640000002917,-0.7235600000003615,-0.7676120000003266
2021-09-08 21:00:00,2733.039331,2732.226408,2732.311696,-0.8129229999999552,-0.7276349999997365,-0.7702789999998458
2021-09-08 21:15:00,2733.036415,2732.225241,2732.310529,-0.8111739999999372,-0.7258860000001732,-0.7685300000000552
2021-09-08 21:45:00,2733.036999,2732.229057,2732.311113,-0.8079419999999118,-0.7258859999997185,-0.7669139999998151
2021-09-08 22:00:00,2733.039331,2732.22816,2732.310973,-0.8111709999998311,-0.7283579999998437,-0.7697644999998374
2021-09-08 22:30:00,2733.039524,2732.227593,2732.314938,-0.8119309999997313,-0.7245859999998174,-0.7682584999997744
2021-09-08 22:45:00,2733.037385,2732.227203,2732.315845,-0.810182000000168,-0.7215400000000045,-0.7658610000000863
2021-09-08 23:00:00,2733.039524,2732.226603,2732.313188,-0.8129209999997329,-0.7263359999997192,-0.769628499999726
2021-09-08 23:15:00,2733.038161,2732.228472,2732.312276,-0.8096890000001622,-0.7258849999998347,-0.7677869999999984
2021-09-08 23:30:00,2733.038745,2732.224736,2732.309811,-0.8140089999997144,-0.7289339999997537,-0.7714714999997341
2021-09-08 23:45:00,2733.036995,2732.223255,2732.312408,-0.8137400000000525,-0.724587000000156,-0.7691635000001042
2021-09-09 00:00:00,2733.039328,2732.227069,2732.31373,-0.8122589999998127,-0.7255979999999909,-0.7689284999999018
2021-09-09 00:15:00,2733.038161,2732.229134,2732.314315,-0.8090269999997872,-0.7238459999998668,-0.766436499999827
2021-09-09 00:30:00,2733.038745,2732.226486,2732.311111,-0.8122589999998127,-0.7276339999998527,-0.7699464999998327
2021-09-09 01:00:00,2733.040494,2732.225506,2732.31111,-0.8149879999996301,-0.7293839999997545,-0.7721859999996923
2021-09-09 01:15:00,2733.041077,2732.230302,2732.308646,-0.8107749999999214,-0.7324309999999059,-0.7716029999999137
2021-09-09 01:30:00,2733.042243,2732.229719,2732.314157,-0.8125239999999394,-0.7280860000000757,-0.7703050000000076
2021-09-09 01:45:00,2733.038745,2732.225007,2732.309813,-0.8137379999998302,-0.7289319999999861,-0.7713349999999082
2021-09-09 02:00:00,2733.039911,2732.22196,2732.309228,-0.8179509999999937,-0.7306829999997717,-0.7743169999998827
2021-09-09 02:15:00,2733.039328,2732.225697,2732.311693,-0.8136309999999867,-0.7276349999997365,-0.7706329999998616
2021-09-09 02:30:00,2733.039134,2732.227254,2732.310203,-0.8118800000002011,-0.7289310000001024,-0.7704055000001517
2021-09-09 02:45:00,2733.039914,2732.223053,2732.309231,-0.8168609999997898,-0.7306829999997717,-0.7737719999997807
2021-09-09 03:15:00,2733.039524,2732.226875,2732.308841,-0.8126489999999649,-0.7306829999997717,-0.7716659999998683
2021-09-09 04:00:00,2733.040884,2732.229448,2732.3115,-0.8114359999999579,-0.7293840000002092,-0.7704100000000835
2021-09-09 04:15:00,2733.039914,2732.228746,2732.313577,-0.8111680000001797,-0.7263370000000577,-0.7687525000001187
2021-09-09 04:30:00,2733.037775,2732.225126,2732.310592,-0.8126489999999649,-0.7271829999999682,-0.7699159999999665
2021-09-09 04:45:00,2733.039134,2732.226217,2732.310202,-0.8129170000001977,-0.7289319999999861,-0.7709245000000919
2021-09-09 05:15:00,2733.042247,2732.230321,2732.311112,-0.8119259999998576,-0.7311349999999948,-0.7715304999999262
2021-09-09 05:30:00,2733.040691,2732.231005,2732.313057,-0.8096860000000561,-0.7276340000003074,-0.7686600000001818
2021-09-09 05:45:00,2733.040494,2732.227969,2732.311109,-0.8125249999998232,-0.7293849999996382,-0.7709549999997307
2021-09-09 06:00:00,2733.039134,2732.228627,2732.311499,-0.8105070000001433,-0.7276350000001912,-0.7690710000001673
2021-09-09 06:15:00,2733.039914,2732.229407,2732.315328,-0.8105070000001433,-0.7245859999998174,-0.7675464999999804
2021-09-09 06:30:00,2733.040497,2732.231471,2732.315911,-0.8090259999999034,-0.7245859999998174,-0.7668059999998604
2021-09-09 06:45:00,2733.04244,2732.231663,2732.311759,-0.8107770000001437,-0.7306810000000041,-0.7707290000000739
2021-09-09 07:00:00,2733.042243,2732.228237,2732.312861,-0.8140060000000631,-0.7293819999999869,-0.771694000000025
2021-09-09 07:15:00,2733.041077,2732.231781,2732.314741,-0.8092959999999039,-0.7263359999997192,-0.7678159999998115
2021-09-09 07:45:00,2733.038745,2732.225504,2732.309812,-0.8132409999998345,-0.7289329999998699,-0.7710869999998522
2021-09-09 08:15:00,2733.041274,2732.227845,2732.314508,-0.8134290000002693,-0.7267660000002252,-0.7700975000002472
2021-09-09 08:30:00,2733.040884,2732.227455,2732.311071,-0.8134289999998146,-0.7298129999999219,-0.7716209999998682
2021-09-09 08:45:00,2733.041664,2732.225773,2732.311851,-0.8158909999997377,-0.7298129999999219,-0.7728519999998298
2021-09-09 09:00:00,2733.04283,2732.226669,2732.313018,-0.8161609999997381,-0.7298120000000381,-0.7729864999998881
2021-09-09 09:15:00,2733.040691,2732.226279,2732.315223,-0.8144120000001749,-0.7254680000000917,-0.7699400000001333
2021-09-09 09:30:00,2733.038745,2732.222851,2732.314016,-0.8158939999998438,-0.7247290000000248,-0.7703114999999343
2021-09-09 09:45:00,2733.039911,2732.225497,2732.312134,-0.8144139999999425,-0.7277770000000601,-0.7710955000000013
2021-09-09 10:00:00,2733.039328,2732.226085,2732.314598,-0.8132430000000568,-0.7247299999999086,-0.7689864999999827
2021-09-09 10:30:00,2733.037578,2732.227876,2732.309514,-0.8097020000000157,-0.7280639999999039,-0.7688829999999598
2021-09-09 10:45:00,2733.040494,2732.231505,2732.312718,-0.8089889999996558,-0.7277759999997215,-0.7683824999996887
2021-09-09 11:00:00,2733.040884,2732.231895,2732.313108,-0.8089890000001105,-0.7277760000001763,-0.7683825000001434
2021-09-09 11:15:00,2733.038748,2732.231507,2732.310684,-0.8072409999999763,-0.7280639999999039,-0.7676524999999401
2021-09-09 11:30:00,2733.039914,2732.234155,2732.310102,-0.8057589999998527,-0.7298120000000381,-0.7677854999999454
2021-09-09 11:45:00,2733.039914,2732.232405,2732.314446,-0.8075089999997545,-0.7254680000000917,-0.7664884999999231
2021-09-09 12:00:00,2733.037578,2732.233978,2732.310232,-0.803599999999733,-0.7273460000001251,-0.765472999999929
2021-09-09 12:15:00,2733.042053,2732.232303,2732.311789,-0.8097500000003492,-0.7302640000002611,-0.7700070000003052
2021-09-09 12:30:00,2733.039914,2732.230342,2732.313866,-0.8095720000001165,-0.7260479999999916,-0.7678100000000541
2021-09-09 12:45:00,2733.039331,2732.229267,2732.309947,-0.8100639999997838,-0.7293839999997545,-0.7697239999997691
2021-09-09 13:00:00,2733.04108,2732.231019,2732.311699,-0.8100610000001325,-0.7293810000001031,-0.7697210000001178
2021-09-09 13:15:00,2733.039134,2732.231148,2732.311502,-0.8079860000002554,-0.7276320000000851,-0.7678090000001703
2021-09-09 13:30:00,2733.038938,2732.234184,2732.311305,-0.80475400000023,-0.7276329999999689,-0.7661935000000994
2021-09-09 14:00:00,2733.038741,2732.237218,2732.312406,-0.8015229999996336,-0.7263349999998354,-0.7639289999997345
2021-09-09 14:15:00,2733.035239,2732.234885,2732.310072,-0.8003539999999703,-0.7251669999996011,-0.7627604999997857
2021-09-09 14:30:00,2733.035239,2732.231153,2732.311099,-0.8040859999996428,-0.7241399999998066,-0.7641129999997247
2021-09-09 15:00:00,2733.036795,2732.232711,2732.311359,-0.8040839999998752,-0.7254360000001725,-0.7647600000000239
2021-09-09 15:15:00,2733.038158,2732.234075,2732.314019,-0.8040829999999914,-0.7241389999999228,-0.7641109999999571
2021-09-09 15:30:00,2733.037575,2732.234561,2732.312139,-0.8030139999996209,-0.7254359999997178,-0.7642249999996693
2021-09-09 15:45:00,2733.035049,2732.233786,2732.310622,-0.80126300000029,-0.7244270000001052,-0.7628450000001976
2021-09-09 16:00:00,2733.035246,2732.2325,2732.30952,-0.8027459999998428,-0.7257260000001224,-0.7642359999999826
2021-09-09 16:15:00,2733.036412,2732.232908,2732.310235,-0.8035039999999753,-0.726177000000007,-0.7648404999999912
2021-09-09 16:30:00,2733.033496,2732.233222,2732.309068,-0.8002740000001722,-0.724427999999989,-0.7623510000000806
2021-09-09 17:15:00,2733.035829,2732.229094,2732.307614,-0.806735000000117,-0.7282150000000911,-0.767475000000104
2021-09-09 17:30:00,2733.035246,2732.234973,2732.305732,-0.8002729999998337,-0.7295140000001084,-0.764893499999971
2021-09-09 18:00:00,2733.034663,2732.232151,2732.306446,-0.8025119999997514,-0.7282169999998587,-0.765364499999805
2021-09-09 18:15:00,2733.038161,2732.2339,2732.305149,-0.8042609999997694,-0.7330120000001443,-0.7686364999999569
2021-09-09 18:30:00,2733.036995,2732.234975,2732.310818,-0.8020200000000841,-0.726177000000007,-0.7640985000000455
2021-09-09 18:45:00,2733.036995,2732.235965,2732.312115,-0.8010300000000825,-0.7248799999997573,-0.7629549999999199
2021-09-09 19:15:00,2733.036995,2732.236727,2732.309521,-0.80026799999996,-0.7274739999998019,-0.763870999999881
2021-09-09 19:45:00,2733.036995,2732.235246,2732.312568,-0.8017489999997451,-0.7244270000001052,-0.7630879999999252
2021-09-09 20:00:00,2733.037772,2732.234273,2732.311593,-0.8034990000001017,-0.7261790000002293,-0.7648390000001655
2021-09-09 20:15:00,2733.035826,2732.232326,2732.309646,-0.8034999999999854,-0.7261799999996583,-0.7648399999998219
2021-09-09 20:30:00,2733.037575,2732.233088,2732.311398,-0.8044869999998809,-0.726177000000007,-0.765331999999944
2021-09-09 20:45:00,2733.038158,2732.236901,2732.31097,-0.8012569999996231,-0.7271879999998418,-0.7642224999997325
2021-09-09 21:00:00,2733.038355,2732.232698,2732.313045,-0.8056570000003376,-0.7253100000002632,-0.7654835000003004
2021-09-09 21:15:00,2733.035822,2732.231033,2732.308633,-0.8047889999998006,-0.7271889999997256,-0.7659889999997631
2021-09-09 21:30:00,2733.035826,2732.231616,2732.304872,-0.8042099999997845,-0.7309539999996559,-0.7675819999997202
2021-09-09 21:45:00,2733.037575,2732.230134,2732.309216,-0.8074409999999261,-0.7283589999997275,-0.7678999999998268
2021-09-09 22:00:00,2733.035826,2732.233367,2732.307919,-0.8024589999999989,-0.7279069999999592,-0.7651829999999791
2021-09-09 22:30:00,2733.037575,2732.226675,2732.307918,-0.8108999999999469,-0.729656999999861,-0.7702784999999039
2021-09-09 22:45:00,2733.038741,2732.228832,2732.309086,-0.8099090000000615,-0.7296549999996387,-0.7697819999998501
2021-09-09 23:15:00,2733.037188,2732.224808,2732.306235,-0.8123799999998482,-0.7309529999997721,-0.7716664999998102
2021-09-09 23:30:00,2733.038551,2732.227653,2732.308896,-0.8108980000001793,-0.7296550000000934,-0.7702765000001364
2021-09-09 23:45:00,2733.039521,2732.231094,2732.311163,-0.8084269999999378,-0.7283580000002985,-0.7683925000001182
2021-09-10 00:00:00,2733.037968,2732.231291,2732.307016,-0.8066770000000361,-0.7309519999998884,-0.7688144999999622
2021-09-10 00:30:00,2733.038748,2732.22709,2732.307341,-0.8116580000000795,-0.7314069999997628,-0.7715324999999211
2021-09-10 00:45:00,2733.037582,2732.229424,2732.306629,-0.8081579999998212,-0.7309529999997721,-0.7695554999997967
2021-09-10 01:00:00,2733.038165,2732.227267,2732.304165,-0.8108979999997246,-0.7339999999999236,-0.7724489999998241
2021-09-10 01:30:00,2733.038748,2732.226369,2732.309092,-0.8123789999999644,-0.7296559999999772,-0.7710174999999708
2021-09-10 02:15:00,2733.039331,2732.228434,2732.307925,-0.8108969999998408,-0.731405999999879,-0.7711514999998599
2021-09-10 02:30:00,2733.038165,2732.228748,2732.307481,-0.8094169999999394,-0.7306840000001102,-0.7700505000000248
2021-09-10 02:45:00,2733.039914,2732.22875,2732.306184,-0.8111639999997351,-0.7337299999999232,-0.7724469999998291
2021-09-10 03:00:00,2733.038165,2732.230892,2732.309232,-0.8072729999998955,-0.7289329999998699,-0.7681029999998827
2021-09-10 03:30:00,2733.04108,2732.232058,2732.311697,-0.8090219999999135,-0.7293829999998707,-0.7692024999998921
2021-09-10 03:45:00,2733.041274,2732.233732,2732.31014,-0.8075420000000122,-0.731134000000111,-0.7693380000000616
2021-09-10 04:00:00,2733.039911,2732.235599,2732.307478,-0.8043119999997543,-0.7324329999996735,-0.7683724999997139
2021-09-10 04:15:00,2733.039328,2732.231785,2732.308645,-0.807542999999896,-0.7306829999997717,-0.7691129999998338
2021-09-10 04:30:00,2733.038745,2732.231472,2732.308062,-0.8072729999998955,-0.7306829999997717,-0.7689779999998336
2021-09-10 04:45:00,2733.039911,2732.229406,2732.310527,-0.810504999999921,-0.7293839999997545,-0.7699444999998377
2021-09-10 05:00:00,2733.039328,2732.233535,2732.309942,-0.8057929999999942,-0.7293859999999768,-0.7675894999999855
2021-09-10 06:00:00,2733.039911,2732.236367,2732.304884,-0.8035439999998744,-0.7350269999997181,-0.7692854999997962
2021-09-10 06:15:00,2733.040104,2732.230098,2732.303327,-0.8100060000001577,-0.7367770000000746,-0.7733915000001161
2021-09-10 06:30:00,2733.039324,2732.232549,2732.308642,-0.806775000000016,-0.7306819999998879,-0.768728499999952
2021-09-10 07:00:00,2733.039328,2732.233542,2732.308215,-0.8057859999998982,-0.7311129999998229,-0.7684494999998606
2021-09-10 07:15:00,2733.036995,2732.23551,2732.308929,-0.8014849999999569,-0.7280660000001262,-0.7647755000000416
2021-09-10 07:30:00,2733.038358,2732.233643,2732.308542,-0.80471499999976,-0.7298159999995733,-0.7672654999996666
2021-09-10 07:45:00,2733.039334,2732.231797,2732.309519,-0.8075370000001385,-0.7298150000001442,-0.7686760000001414
2021-09-10 08:15:00,2733.04225,2732.231974,2732.309677,-0.8102760000001581,-0.7325729999997748,-0.7714244999999664
2021-09-10 08:45:00,2733.039334,2732.232288,2732.311558,-0.8070459999999002,-0.7277760000001763,-0.7674110000000383
2021-09-10 09:00:00,2733.037585,2732.233279,2732.309807,-0.8043059999999969,-0.7277779999999439,-0.7660419999999704
2021-09-10 09:15:00,2733.039334,2732.235519,2732.308509,-0.8038150000002133,-0.7308250000000953,-0.7673200000001543
2021-09-10 09:30:00,2733.037002,2732.237405,2732.30488,-0.7995970000001762,-0.7321219999998902,-0.7658595000000332
2021-09-10 09:45:00,2733.035836,2732.234758,2732.30676,-0.8010779999999613,-0.7290760000000773,-0.7650770000000193
2021-09-10 10:00:00,2733.037002,2732.234173,2732.309224,-0.8028290000002016,-0.7277779999999439,-0.7653035000000727
2021-09-10 10:15:00,2733.035836,2732.233008,2732.306307,-0.8028279999998631,-0.7295290000001842,-0.7661785000000236
2021-09-10 10:30:00,2733.036419,2732.233322,2732.30689,-0.8030969999999797,-0.7295290000001842,-0.766313000000082
2021-09-10 10:45:00,2733.035836,2732.234487,2732.307317,-0.8013489999998455,-0.7285190000002331,-0.7649340000000393
2021-09-10 11:00:00,2733.038555,2732.236439,2732.30699,-0.8021160000002965,-0.731565000000046,-0.7668405000001712
2021-09-10 11:15:00,2733.038745,2732.23986,2732.30718,-0.7988849999997001,-0.731565000000046,-0.765224999999873
2021-09-10 11:30:00,2733.038941,2732.236826,2732.30433,-0.802114999999958,-0.7346109999998589,-0.7683629999999084
2021-09-10 11:45:00,2733.037972,2732.237336,2732.304655,-0.8006359999999404,-0.7333170000001701,-0.7669765000000552
2021-09-10 12:00:00,2733.036409,2732.235462,2732.306013,-0.8009469999997236,-0.7303959999999279,-0.7656714999998258
2021-09-10 12:15:00,2733.037968,2732.236923,2732.303068,-0.8010450000001583,-0.7348999999999251,-0.7679725000000417
2021-09-10 12:30:00,2733.040104,2732.238478,2732.305923,-0.801625999999942,-0.7341810000002624,-0.7679035000001022
2021-09-10 12:45:00,2733.037965,2732.24204,2732.303783,-0.7959249999998974,-0.7341820000001462,-0.7650535000000218
2021-09-10 13:00:00,2733.039718,2732.241552,2732.309882,-0.7981660000000375,-0.7298359999999775,-0.7640010000000075
2021-09-10 13:15:00,2733.040691,2732.242526,2732.309557,-0.7981650000001537,-0.731134000000111,-0.7646495000001323
2021-09-10 13:30:00,2733.038551,2732.238904,2732.304371,-0.7996470000002773,-0.7341799999999239,-0.7669135000001006
2021-09-10 13:45:00,2733.04283,2732.241436,2732.308197,-0.801394000000073,-0.7346330000000307,-0.7680135000000519
2021-09-10 14:15:00,2733.039914,2732.238786,2732.305463,-0.8011280000000625,-0.7344509999998081,-0.7677894999999353
2021-09-10 14:30:00,2733.039134,2732.236525,2732.309752,-0.8026090000003023,-0.7293819999999869,-0.7659955000001446
2021-09-10 14:45:00,2733.038158,2732.239869,2732.309802,-0.7982889999998406,-0.7283559999996214,-0.763322499999731
2021-09-10 15:00:00,2733.038155,2732.237805,2732.312266,-0.8003499999999804,-0.7258890000002793,-0.7631195000001298
2021-09-10 15:30:00,2733.037378,2732.237029,2732.307143,-0.8003490000000966,-0.7302349999999933,-0.7652920000000449
2021-09-10 16:00:00,2733.038158,2732.23879,2732.307183,-0.7993679999999586,-0.730974999999944,-0.7651714999999513
2021-09-10 16:15:00,2733.035826,2732.236725,2732.309648,-0.7991009999996095,-0.7261779999998907,-0.7626394999997501
2021-09-10 16:30:00,2733.036215,2732.236436,2732.305693,-0.7997789999999441,-0.7305220000002919,-0.765150500000118
2021-09-10 16:45:00,2733.034856,2732.238309,2732.307381,-0.7965470000003734,-0.7274750000001404,-0.7620110000002569
2021-09-10 17:00:00,2733.036215,2732.236438,2732.302644,-0.7997770000001765,-0.7335710000002109,-0.7666740000001937
2021-09-10 17:15:00,2733.037188,2732.232699,2732.306213,-0.8044889999996485,-0.730974999999944,-0.7677319999997962
2021-09-10 17:30:00,2733.036992,2732.237213,2732.307768,-0.7997789999999441,-0.7292239999997037,-0.7645014999998239
2021-09-10 17:45:00,2733.035049,2732.233789,2732.307573,-0.8012600000001839,-0.7274760000000242,-0.7643680000001041
2021-09-10 18:00:00,2733.036605,2732.240738,2732.304045,-0.7958669999998165,-0.7325599999999213,-0.7642134999998689
2021-09-10 18:15:00,2733.037575,2732.237798,2732.305302,-0.7997769999997217,-0.7322729999996227,-0.7660249999996722
2021-09-10 18:30:00,2733.036992,2732.239375,2732.304719,-0.7976169999997182,-0.7322729999996227,-0.7649449999996705
2021-09-10 18:45:00,2733.036409,2732.236633,2732.302837,-0.799775999999838,-0.73357199999964,-0.766673999999739
2021-09-10 19:30:00,2733.034076,2732.234979,2732.303552,-0.7990970000000743,-0.7305240000000595,-0.7648105000000669
2021-09-10 20:00:00,2733.037185,2732.237822,2732.306949,-0.7993630000000849,-0.7302360000003318,-0.7647995000002084
2021-09-10 20:15:00,2733.036405,2732.237311,2732.306169,-0.7990939999999682,-0.7302359999998771,-0.7646649999999227
2021-09-10 20:30:00,2733.035822,2732.236728,2732.303547,-0.7990939999999682,-0.732274999999845,-0.7656844999999066
2021-09-10 20:45:00,2733.034073,2732.238209,2732.305584,-0.7958639999997104,-0.7284889999996267,-0.7621764999996685
2021-09-10 21:00:00,2733.035439,2732.238906,2732.307079,-0.7965330000001813,-0.7283600000000661,-0.7624465000001237
2021-09-10 21:15:00,2733.0335,2732.237626,2732.305591,-0.7958739999999125,-0.7279090000001815,-0.761891500000047
2021-09-10 21:30:00,2733.034666,2732.238524,2732.303982,-0.7961420000001453,-0.7306840000001102,-0.7634130000001278
2021-09-10 21:45:00,2733.032917,2732.233813,2732.300664,-0.7991040000001703,-0.7322530000001279,-0.7656785000001491
2021-09-10 22:15:00,2733.0335,2732.238718,2732.304564,-0.794781999999941,-0.728935999999976,-0.7618589999999585
2021-09-10 22:30:00,2733.034666,2732.238795,2732.305009,-0.7958709999998064,-0.729656999999861,-0.7627639999998337
2021-09-10 23:00:00,2733.035832,2732.239694,2732.306444,-0.7961380000001554,-0.7293880000001991,-0.7627630000001773
2021-09-10 23:15:00,2733.032917,2732.240276,2732.301961,-0.7926410000000033,-0.7309559999998783,-0.7617984999999408
2021-09-10 23:45:00,2733.034666,2732.240278,2732.305007,-0.7943879999997989,-0.7296590000000833,-0.7620234999999411
2021-09-11 00:00:00,2733.034666,2732.235566,2732.30196,-0.7991000000001804,-0.7327060000002348,-0.7659030000002076
2021-09-11 01:00:00,2733.034666,2732.238797,2732.307028,-0.7958690000000388,-0.7276379999998426,-0.7617534999999407
2021-09-11 01:30:00,2733.035249,2732.238721,2732.299496,-0.7965279999998529,-0.7357529999999315,-0.7661404999998922
2021-09-11 01:45:00,2733.035832,2732.239304,2732.303127,-0.7965279999998529,-0.7327049999998962,-0.7646164999998746
2021-09-11 02:00:00,2733.035249,2732.241184,2732.302545,-0.794065000000046,-0.7327040000000125,-0.7633845000000292
2021-09-11 02:15:00,2733.036415,2732.24137,2732.303712,-0.7950449999998455,-0.7327030000001287,-0.7638739999999871
2021-09-11 02:30:00,2733.038748,2732.241845,2732.305017,-0.7969029999999293,-0.733730999999807,-0.7653169999998681
2021-09-11 02:45:00,2733.038165,2732.241262,2732.305462,-0.7969029999999293,-0.7327030000001287,-0.764803000000029
2021-09-11 03:15:00,2733.038748,2732.240864,2732.304294,-0.7978840000000673,-0.7344539999999142,-0.7661689999999908
2021-09-11 03:45:00,2733.036802,2732.242418,2732.304099,-0.7943840000002638,-0.7327030000001287,-0.7635435000001962
2021-09-11 04:00:00,2733.038355,2732.240739,2732.305651,-0.7976160000002892,-0.7327040000000125,-0.7651600000001508
2021-09-11 05:00:00,2733.038165,2732.241531,2732.300377,-0.7966339999998127,-0.7377879999999095,-0.7672109999998611
2021-09-11 05:30:00,2733.039331,2732.241448,2732.300534,-0.7978829999997288,-0.7387969999999768,-0.7683399999998528
2021-09-11 05:45:00,2733.039914,2732.2388,2732.302414,-0.8011139999998704,-0.7374999999997272,-0.7693069999997988
2021-09-11 06:00:00,2733.038748,2732.244095,2732.302999,-0.7946529999999257,-0.7357489999999416,-0.7652009999999336
2021-09-11 06:15:00,2733.039914,2732.239068,2732.304166,-0.8008460000000923,-0.7357480000000578,-0.7682970000000751
2021-09-11 06:30:00,2733.039914,2732.242299,2732.307482,-0.7976149999999507,-0.7324319999997897,-0.7650234999998702
2021-09-11 06:45:00,2733.037582,2732.240726,2732.3069,-0.7968559999999343,-0.7306819999998879,-0.7637689999999111
2021-09-11 07:00:00,2733.038165,2732.237417,2732.305732,-0.8007480000001124,-0.7324330000001282,-0.7665905000001203
2021-09-11 07:30:00,2733.037775,2732.240159,2732.305342,-0.7976159999998345,-0.7324329999996735,-0.765024499999754
2021-09-11 07:45:00,2733.040494,2732.24162,2732.306312,-0.7988740000000689,-0.7341819999996915,-0.7665279999998802
2021-09-11 08:00:00,2733.04166,2732.241035,2732.30748,-0.8006249999998545,-0.7341799999999239,-0.7674024999998892
2021-09-11 08:30:00,2733.038745,2732.238387,2732.303265,-0.8003579999999602,-0.7354799999998249,-0.7679189999998925
2021-09-11 08:45:00,2733.04108,2732.239286,2732.302681,-0.8017939999999726,-0.7383989999998448,-0.7700964999999087
2021-09-11 09:00:00,2733.039914,2732.239868,2732.30761,-0.8000459999998384,-0.7323040000001129,-0.7661749999999756
2021-09-11 09:30:00,2733.039914,2732.239866,2732.304563,-0.8000480000000607,-0.7353509999998096,-0.7676994999999351
2021-09-11 09:45:00,2733.041274,2732.240648,2732.302875,-0.800626000000193,-0.7383990000002996,-0.7695125000002463
2021-09-11 10:00:00,2733.039911,2732.242515,2732.301511,-0.7973959999999352,-0.7383999999997286,-0.7678979999998319
2021-09-11 10:15:00,2733.036995,2732.238116,2732.303393,-0.7988789999999426,-0.7336019999997916,-0.7662404999998671
2021-09-11 10:30:00,2733.039328,2732.24018,2732.302225,-0.7991480000000593,-0.7371029999999337,-0.7681254999999965
2021-09-11 10:45:00,2733.035829,2732.239501,2732.300474,-0.7963279999999031,-0.7353549999997995,-0.7658414999998513
2021-09-11 11:00:00,2733.039328,2732.242241,2732.303975,-0.7970869999999195,-0.7353530000000319,-0.7662199999999757
2021-09-11 11:15:00,2733.038745,2732.238114,2732.302096,-0.800630999999612,-0.736648999999943,-0.7686399999997775
2021-09-11 11:30:00,2733.039134,2732.239495,2732.300734,-0.7996390000002975,-0.7384000000001834,-0.7690195000002404
2021-09-11 11:45:00,2733.040107,2732.239788,2732.304755,-0.8003189999999449,-0.7353519999996934,-0.7678354999998191
2021-09-11 12:15:00,2733.040297,2732.243619,2732.301318,-0.7966780000001563,-0.7389790000001994,-0.7678285000001779
2021-09-11 12:30:00,2733.039134,2732.244207,2732.30423,-0.794926999999916,-0.734903999999915,-0.7649154999999155
2021-09-11 13:00:00,2733.038941,2732.240781,2732.304035,-0.7981599999998252,-0.7349059999996825,-0.7665329999997539
2021-09-11 13:15:00,2733.036219,2732.242269,2732.300016,-0.7939500000002226,-0.7362029999999322,-0.7650765000000774
2021-09-11 13:30:00,2733.038748,2732.243817,2732.300796,-0.7949309999999059,-0.7379519999999502,-0.766441499999928
2021-09-11 13:45:00,2733.038551,2732.242141,2732.302349,-0.7964099999999235,-0.7362020000000484,-0.7663059999999859
2021-09-11 14:00:00,2733.037575,2732.241163,2732.302668,-0.796411999999691,-0.7349070000000211,-0.765659499999856
2021-09-11 14:15:00,2733.035822,2732.244131,2732.301798,-0.7916909999999007,-0.734023999999863,-0.7628574999998818
2021-09-11 14:30:00,2733.035046,2732.243624,2732.302773,-0.791421999999784,-0.7322730000000774,-0.7618474999999307
2021-09-11 14:45:00,2733.034659,2732.240006,2732.303683,-0.7946529999999257,-0.7309759999998278,-0.7628144999998767
2021-09-11 15:00:00,2733.037575,2732.241173,2732.301801,-0.7964019999999437,-0.7357739999997648,-0.7660879999998542
2021-09-11 15:15:00,2733.035826,2732.240412,2732.301061,-0.7954139999997096,-0.7347649999996975,-0.7650894999997035
2021-09-11 15:30:00,2733.036409,2732.239515,2732.301646,-0.796893999999611,-0.7347629999999299,-0.7658284999997704
2021-09-11 15:45:00,2733.035242,2732.237938,2732.299182,-0.7973039999997127,-0.7360599999997248,-0.7666819999997188
2021-09-11 16:00:00,2733.035632,2732.238328,2732.302619,-0.7973040000001674,-0.7330130000000281,-0.7651585000000978
2021-09-11 16:15:00,2733.036022,2732.240469,2732.301259,-0.7955529999999271,-0.7347629999999299,-0.7651579999999285
2021-09-11 16:30:00,2733.034466,2732.238912,2732.298405,-0.7955540000002657,-0.7360610000000634,-0.7658075000001645
2021-09-11 16:45:00,2733.035246,2732.239692,2732.299924,-0.7955539999998109,-0.7353219999999965,-0.7654379999999037
2021-09-11 17:00:00,2733.03408,2732.238525,2732.299767,-0.7955549999996947,-0.7343129999999292,-0.7649339999998119
2021-09-11 17:45:00,2733.036995,2732.240684,2732.305281,-0.7963110000000597,-0.7317140000000109,-0.7640125000000353
2021-09-11 18:00:00,2733.035246,2732.239203,2732.305279,-0.7960429999998269,-0.7299669999997604,-0.7630049999997937
2021-09-11 18:15:00,2733.036412,2732.243332,2732.303399,-0.7930799999999181,-0.7330130000000281,-0.7630464999999731
2021-09-11 18:30:00,2733.033496,2732.242165,2732.302232,-0.7913309999999001,-0.7312640000000101,-0.7612974999999551
2021-09-11 18:45:00,2733.031747,2732.238934,2732.303529,-0.7928130000000237,-0.7282180000001972,-0.7605155000001105
2021-09-11 20:00:00,2733.036605,2732.239306,2732.301842,-0.797298999999839,-0.7347629999999299,-0.7660309999998844
2021-09-11 20:15:00,2733.035242,2732.241853,2732.302227,-0.7933889999999337,-0.7330149999997957,-0.7632019999998647
2021-09-11 20:30:00,2733.036602,2732.240475,2732.302577,-0.7961270000000695,-0.7340250000002015,-0.7650760000001355
2021-09-11 20:45:00,2733.036992,2732.239695,2732.29875,-0.7972969999996167,-0.7382419999999001,-0.7677694999997584
2021-09-11 21:00:00,2733.035826,2732.237047,2732.302381,-0.7987789999997403,-0.7334449999998469,-0.7661119999997936
2021-09-11 21:30:00,2733.035436,2732.237827,2732.30141,-0.7976090000001932,-0.7340260000000853,-0.7658175000001393
2021-09-11 21:45:00,2733.033883,2732.236274,2732.301894,-0.7976090000001932,-0.731988999999885,-0.7647990000000391
2021-09-11 22:00:00,2733.035826,2732.23853,2732.299333,-0.7972959999997329,-0.7364929999998822,-0.7668944999998075
2021-09-11 22:15:00,2733.034659,2732.239112,2732.301955,-0.7955469999997149,-0.7327040000000125,-0.7641254999998637
2021-09-11 22:30:00,2733.035826,2732.2388,2732.301084,-0.7970259999997324,-0.7347419999996418,-0.7658839999996871
2021-09-11 23:30:00,2733.035239,2732.239884,2732.301214,-0.7953549999997449,-0.7340249999997468,-0.7646899999997459
2021-09-11 23:45:00,2733.035822,2732.238218,2732.3005,-0.7976039999998648,-0.7353219999999965,-0.7664629999999306
2021-09-12 00:00:00,2733.03349,2732.236653,2732.299463,-0.7968369999998686,-0.7340269999999691,-0.7654319999999188
2021-09-12 00:15:00,2733.036795,2732.239192,2732.297973,-0.797602999999981,-0.7388219999998,-0.7682124999998905
2021-09-12 00:30:00,2733.037185,2732.23783,2732.300113,-0.7993550000001051,-0.737072000000353,-0.768213500000229
2021-09-12 00:45:00,2733.036795,2732.238923,2732.299723,-0.7978720000000976,-0.7370719999998983,-0.7674719999999979
2021-09-12 01:00:00,2733.035826,2732.239703,2732.300503,-0.7961229999996249,-0.7353229999998803,-0.7657229999997526
2021-09-12 01:15:00,2733.038158,2732.243516,2732.300347,-0.7946419999998398,-0.7378109999999651,-0.7662264999999024
2021-09-12 01:30:00,2733.036992,2732.24186,2732.29992,-0.7951319999997395,-0.7370719999998983,-0.7661019999998189
2021-09-12 01:45:00,2733.036409,2732.240286,2732.29905,-0.7961229999996249,-0.7373589999997421,-0.7667409999996835
2021-09-12 02:00:00,2733.037575,2732.243514,2732.299763,-0.7940610000000561,-0.7378119999998489,-0.7659364999999525
2021-09-12 03:15:00,2733.038741,2732.242931,2732.297883,-0.7958099999996193,-0.7408579999996618,-0.7683339999996406
2021-09-12 04:00:00,2733.038741,2732.244681,2732.302968,-0.7940599999997175,-0.735772999999881,-0.7649164999997993
2021-09-12 04:15:00,2733.037575,2732.244995,2732.304848,-0.7925799999998162,-0.7327269999996133,-0.7626534999997148
2021-09-12 04:45:00,2733.039324,2732.246747,2732.300504,-0.7925769999997101,-0.7388200000000325,-0.7656984999998713
2021-09-12 06:00:00,2733.037965,2732.247545,2732.305239,-0.7904199999998127,-0.7327260000001843,-0.7615729999999985
2021-09-12 06:15:00,2733.037382,2732.246962,2732.301608,-0.7904199999998127,-0.7357739999997648,-0.7630969999997887
2021-09-12 06:30:00,2733.036795,2732.243144,2732.297974,-0.7936509999999544,-0.7388209999999162,-0.7662359999999353
2021-09-12 06:45:00,2733.037575,2732.241453,2732.299764,-0.7961219999997411,-0.7378109999999651,-0.7669664999998531
2021-09-12 07:00:00,2733.038935,2732.244293,2732.300114,-0.7946419999998398,-0.7388209999999162,-0.766731499999878
2021-09-12 07:15:00,2733.039324,2732.245263,2732.301084,-0.7940610000000561,-0.7382399999996778,-0.766150499999867
2021-09-12 07:30:00,2733.040491,2732.24643,2732.298464,-0.7940610000000561,-0.7420270000002347,-0.7680440000001454
2021-09-12 07:45:00,2733.038741,2732.244679,2732.298751,-0.7940619999999399,-0.7399900000000343,-0.7670259999999871
2021-09-12 08:00:00,2733.037188,2732.243126,2732.298947,-0.7940619999999399,-0.7382409999995616,-0.7661514999997507
2021-09-12 08:15:00,2733.038165,2732.245582,2732.293828,-0.7925829999999223,-0.7443370000000868,-0.7684600000000046
2021-09-12 08:30:00,2733.039718,2732.247137,2732.29668,-0.7925810000001547,-0.7430380000000696,-0.7678095000001122
2021-09-12 08:45:00,2733.037575,2732.242422,2732.299334,-0.7951530000000275,-0.7382410000000164,-0.7666970000000219
2021-09-12 09:15:00,2733.038355,2732.246162,2732.299661,-0.7921930000002249,-0.7386940000001232,-0.765443500000174
2021-09-12 09:30:00,2733.038165,2732.242741,2732.298174,-0.7954239999999118,-0.7399909999999181,-0.7677074999999149
2021-09-12 10:15:00,2733.037582,2732.244406,2732.299629,-0.7931760000001304,-0.737952999999834,-0.7655644999999822
2021-09-12 10:30:00,2733.034083,2732.241176,2732.297877,-0.7929070000000138,-0.7362060000000383,-0.7645565000000261
2021-09-12 10:45:00,2733.034666,2732.240008,2732.296712,-0.7946579999997994,-0.7379540000001725,-0.7663059999999859
2021-09-12 11:00:00,2733.035249,2732.245304,2732.297295,-0.7899449999999888,-0.7379540000001725,-0.7639495000000807
2021-09-12 11:15:00,2733.038748,2732.244803,2732.297747,-0.7939449999998942,-0.7410009999998692,-0.7674729999998817
2021-09-12 11:45:00,2733.037385,2732.246671,2732.298691,-0.7907140000002073,-0.7386940000001232,-0.7647040000001653
2021-09-12 12:00:00,2733.036022,2732.250288,2732.299078,-0.7857339999995929,-0.7369439999997667,-0.7613389999996798
2021-09-12 12:15:00,2733.036219,2732.244023,2732.297977,-0.7921959999998762,-0.7382419999999001,-0.7652189999998882
2021-09-12 12:30:00,2733.036992,2732.244796,2732.293953,-0.7921959999998762,-0.7430389999999534,-0.7676174999999148
2021-09-12 12:45:00,2733.037575,2732.248939,2732.298881,-0.7886359999997694,-0.7386939999996684,-0.7636649999997189
2021-09-12 13:00:00,2733.037378,2732.248431,2732.299854,-0.7889470000000074,-0.7375240000001213,-0.7632355000000643
2021-09-12 13:15:00,2733.036992,2732.246564,2732.300479,-0.7904279999997925,-0.7365129999998317,-0.7634704999998121
2021-09-12 13:30:00,2733.035826,2732.243645,2732.296263,-0.7921809999998004,-0.7395629999996345,-0.7658719999997174
2021-09-12 13:45:00,2733.035242,2732.243063,2732.29568,-0.7921790000000328,-0.7395619999997507,-0.7658704999998918
2021-09-12 14:00:00,2733.035049,2732.241967,2732.297237,-0.7930820000001404,-0.7378119999998489,-0.7654469999999947
2021-09-12 14:15:00,2733.034273,2732.244422,2732.29646,-0.7898509999999987,-0.7378130000001875,-0.7638320000000931
2021-09-12 14:30:00,2733.033883,2732.239809,2732.29491,-0.7940739999999096,-0.7389729999999872,-0.7665234999999484
2021-09-12 15:00:00,2733.035246,2732.245395,2732.298462,-0.7898509999999987,-0.7367839999997159,-0.7633174999998573
2021-09-12 15:15:00,2733.033306,2732.244615,2732.295493,-0.7886909999997442,-0.7378129999997327,-0.7632519999997385
2021-09-12 15:30:00,2733.032913,2732.243721,2732.295553,-0.7891920000001846,-0.7373600000000806,-0.7632760000001326
2021-09-12 15:45:00,2733.03272,2732.243529,2732.296656,-0.7891910000003008,-0.7360640000001695,-0.7626275000002352
2021-09-12 16:00:00,2733.032917,2732.246277,2732.296853,-0.7866399999998066,-0.7360640000001695,-0.761351999999988
2021-09-12 16:15:00,2733.029418,2732.242285,2732.291314,-0.7871330000002672,-0.7381040000000212,-0.7626185000001442
2021-09-12 16:30:00,2733.032333,2732.241971,2732.29728,-0.7903620000001865,-0.7350530000003346,-0.7627075000002606
2021-09-12 16:45:00,2733.0335,2732.241389,2732.296696,-0.7921110000002045,-0.7368040000001201,-0.7644575000001623
2021-09-12 17:15:00,2733.032527,2732.242164,2732.29877,-0.7903630000000703,-0.7337569999999687,-0.7620600000000195
2021-09-12 17:30:00,2733.033496,2732.243626,2732.296693,-0.7898700000000645,-0.7368030000002364,-0.7633365000001504
2021-09-12 17:45:00,2733.029414,2732.240801,2732.297406,-0.7886130000001685,-0.7320079999999507,-0.7603105000000596
2021-09-12 18:00:00,2733.030971,2732.243839,2732.294164,-0.7871319999999287,-0.7368070000002263,-0.7619695000000775
2021-09-12 18:15:00,2733.032917,2732.242556,2732.296111,-0.790360999999848,-0.7368059999998877,-0.7635834999998679
2021-09-12 18:45:00,2733.0335,2732.24215,2732.298446,-0.7913499999999658,-0.7350540000002184,-0.7632020000000921
2021-09-12 19:00:00,2733.032333,2732.245963,2732.295981,-0.7863700000002609,-0.7363519999998971,-0.761361000000079
2021-09-12 19:15:00,2733.0335,2732.24314,2732.299743,-0.7903599999999642,-0.7337569999999687,-0.7620584999999664
2021-09-12 19:30:00,2733.034083,2732.243725,2732.297278,-0.7903580000001966,-0.7368050000000039,-0.7635815000001003
2021-09-12 19:45:00,2733.031167,2732.245788,2732.299158,-0.7853789999999208,-0.7320090000002892,-0.758694000000105
2021-09-12 20:00:00,2733.032527,2732.244408,2732.29951,-0.7881189999998242,-0.733017000000018,-0.7605679999999211
2021-09-12 20:15:00,2733.033496,2732.246861,2732.298728,-0.7866349999999329,-0.7347679999998036,-0.7607014999998682
2021-09-12 20:30:00,2733.034663,2732.246957,2732.299895,-0.7877060000000711,-0.7347679999998036,-0.7612369999999373
2021-09-12 21:00:00,2733.031747,2732.241079,2732.295682,-0.7906680000000961,-0.7360650000000533,-0.7633665000000747
2021-09-12 21:15:00,2733.033496,2732.244809,2732.294385,-0.7886870000002091,-0.7391109999998662,-0.7638990000000376
2021-09-12 21:30:00,2733.034269,2732.242532,2732.297045,-0.7917370000000119,-0.737224000000424,-0.7644805000002179
2021-09-12 21:45:00,2733.033883,2732.245786,2732.296659,-0.7880970000001071,-0.7372239999999692,-0.7626605000000382
2021-09-12 23:00:00,2733.033496,2732.244812,2732.29568,-0.788684000000103,-0.7378159999998388,-0.7632499999999709
2021-09-12 23:15:00,2733.03408,2732.242164,2732.299311,-0.7919160000001284,-0.7347689999996874,-0.7633424999999079
2021-09-12 23:30:00,2733.034663,2732.242747,2732.296847,-0.7919160000001284,-0.7378159999998388,-0.7648659999999836
2021-09-12 23:45:00,2733.033496,2732.243634,2732.296977,-0.7898620000000847,-0.7365190000000439,-0.7631905000000643
2021-09-13 00:30:00,2733.035829,2732.242435,2732.298014,-0.7933939999998074,-0.737814999999955,-0.7656044999998812
2021-09-13 00:45:00,2733.03408,2732.243146,2732.296265,-0.7909340000001066,-0.737814999999955,-0.7643745000000308
2021-09-13 01:00:00,2733.035822,2732.245979,2732.298144,-0.789843000000019,-0.7376779999999599,-0.7637604999999894
2021-09-13 01:15:00,2733.034656,2732.244814,2732.294383,-0.7898419999996804,-0.7402729999998883,-0.7650574999997843
2021-09-13 01:30:00,2733.035239,2732.242166,2732.296264,-0.7930729999998221,-0.7389749999997548,-0.7660239999997884
2021-09-13 01:45:00,2733.031747,2732.244315,2732.297432,-0.7874320000000807,-0.7343150000001515,-0.7608735000001161
2021-09-13 02:30:00,2733.035246,2732.245083,2732.297431,-0.7901630000001205,-0.737814999999955,-0.7639890000000378
2021-09-13 02:45:00,2733.033886,2732.245776,2732.295784,-0.7881099999999606,-0.7381020000002536,-0.7631060000001071
2021-09-13 03:00:00,2733.034666,2732.243325,2732.293515,-0.7913410000001022,-0.7411510000001726,-0.7662460000001374
2021-09-13 03:45:00,2733.035832,2732.24449,2732.297277,-0.791341999999986,-0.7385549999999057,-0.7649484999999459
2021-09-13 04:00:00,2733.036415,2732.248305,2732.298314,-0.7881099999999606,-0.7381009999999151,-0.7631054999999378
2021-09-13 04:15:00,2733.034083,2732.247723,2732.300325,-0.7863600000000588,-0.7337579999998525,-0.7600589999999556
2021-09-13 04:30:00,2733.0335,2732.24714,2732.295397,-0.7863600000000588,-0.7381030000001374,-0.7622315000000981
2021-09-13 04:45:00,2733.035056,2732.246454,2732.295204,-0.7886020000000826,-0.7398520000001554,-0.764227000000119
2021-09-13 05:00:00,2733.035446,2732.243613,2732.298641,-0.7918329999997695,-0.7368050000000039,-0.7643189999998867
2021-09-13 05:15:00,2733.032917,2732.245074,2732.294814,-0.7878430000000662,-0.7381030000001374,-0.7629730000001018
2021-09-13 05:30:00,2733.036805,2732.242233,2732.29187,-0.7945720000002439,-0.7449350000001687,-0.7697535000002063
2021-09-13 05:45:00,2733.037585,2732.246244,2732.295984,-0.7913410000001022,-0.7416010000001734,-0.7664710000001378
2021-09-13 06:00:00,2733.037195,2732.245854,2732.294297,-0.7913410000001022,-0.7428979999999683,-0.7671195000000353
2021-09-13 06:15:00,2733.036415,2732.246062,2732.292775,-0.7903529999998682,-0.7436400000001413,-0.7669965000000047
2021-09-13 06:30:00,2733.038165,2732.244581,2732.293517,-0.7935840000000098,-0.7446479999998701,-0.76911599999994
2021-09-13 07:00:00,2733.035249,2732.248128,2732.298445,-0.7871209999998428,-0.7368040000001201,-0.7619624999999814
2021-09-13 07:15:00,2733.034666,2732.245793,2732.291765,-0.7888729999999669,-0.7429010000000744,-0.7658870000000206
2021-09-13 07:30:00,2733.034276,2732.247153,2732.293127,-0.7871230000000651,-0.7411489999999503,-0.7641360000000077
2021-09-13 07:45:00,2733.035246,2732.243902,2732.292345,-0.7913439999997536,-0.7429010000000744,-0.767122499999914
2021-09-13 08:15:00,2733.036995,2732.245381,2732.295394,-0.791613999999754,-0.7416009999997186,-0.7666074999997363
2021-09-13 09:00:00,2733.037192,2732.250291,2732.292543,-0.7869009999999435,-0.7446489999997539,-0.7657749999998487
2021-09-13 09:15:00,2733.03408,2732.249917,2732.294227,-0.7841629999998077,-0.7398530000000392,-0.7620079999999234
2021-09-13 09:30:00,2733.036412,2732.248438,2732.294811,-0.7879739999998492,-0.7416009999997186,-0.7647874999997839
2021-09-13 10:30:00,2733.035246,2732.246101,2732.294384,-0.7891449999997349,-0.7408620000001065,-0.7650034999999207
2021-09-13 10:45:00,2733.034469,2732.249234,2732.29157,-0.7852350000002843,-0.7428990000003068,-0.7640670000002956
2021-09-13 11:15:00,2733.037582,2732.248436,2732.292933,-0.7891460000000734,-0.7446489999997539,-0.7668974999999136
2021-09-13 11:30:00,2733.035249,2732.249333,2732.293647,-0.7859159999998155,-0.7416020000000572,-0.7637589999999363
2021-09-13 12:00:00,2733.036415,2732.247269,2732.294814,-0.7891460000000734,-0.7416010000001734,-0.7653735000001234
2021-09-13 12:15:00,2733.035056,2732.245416,2732.291416,-0.789639999999963,-0.7436400000001413,-0.7666400000000522
2021-09-13 12:30:00,2733.034086,2732.249427,2732.295531,-0.7846589999999196,-0.7385549999999057,-0.7616069999999127
2021-09-13 12:45:00,2733.034669,2732.246779,2732.286684,-0.7878900000000613,-0.7479849999999715,-0.7679375000000164
2021-09-13 13:00:00,2733.036222,2732.245922,2732.289536,-0.7903000000001157,-0.7466859999999542,-0.768493000000035
2021-09-13 13:15:00,2733.033496,2732.246696,2732.291606,-0.7867999999998574,-0.7418900000002395,-0.7643450000000485
2021-09-13 13:30:00,2733.035242,2732.247861,2732.29205,-0.7873810000000958,-0.7431919999999081,-0.765286500000002
2021-09-13 13:45:00,2733.034076,2732.244714,2732.292633,-0.7893619999999828,-0.7414429999998902,-0.7654024999999365
2021-09-13 14:00:00,2733.030967,2732.244425,2732.288226,-0.7865420000002814,-0.7427410000000236,-0.7646415000001525
2021-09-13 14:15:00,2733.03408,2732.244716,2732.295685,-0.7893639999997504,-0.7383949999998549,-0.7638794999998026
2021-09-13 14:30:00,2733.032913,2732.245612,2732.29322,-0.787300999999843,-0.7396929999999884,-0.7634969999999157
2021-09-13 14:45:00,2733.035246,2732.247945,2732.293803,-0.787300999999843,-0.7414429999998902,-0.7643719999998666
2021-09-13 15:15:00,2733.030387,2732.244835,2732.29374,-0.7855519999998251,-0.7366469999997207,-0.7610994999997729
2021-09-13 15:30:00,2733.031164,2732.243549,2732.294947,-0.7876150000001871,-0.7362170000001242,-0.7619160000001557
2021-09-13 15:45:00,2733.03155,2732.244927,2732.294036,-0.7866229999999632,-0.7375140000003739,-0.7620685000001686
2021-09-13 16:00:00,2733.032327,2732.246775,2732.29669,-0.7855519999998251,-0.7356369999997696,-0.7605944999997973
2021-09-13 16:15:00,2733.03174,2732.246598,2732.292476,-0.7851419999997233,-0.739263999999821,-0.7622029999997721
2021-09-13 16:30:00,2733.03349,2732.244706,2732.291179,-0.7887839999998505,-0.7423109999999724,-0.7655474999999115
2021-09-13 16:45:00,2733.034656,2732.249515,2732.293213,-0.7851409999998396,-0.7414429999998902,-0.7632919999998649
2021-09-13 17:00:00,2733.035826,2732.245873,2732.294096,-0.7899529999999686,-0.741729999999734,-0.7658414999998513
2021-09-13 17:15:00,2733.035826,2732.247355,2732.28901,-0.7884709999998449,-0.7468159999998534,-0.7676434999998492
2021-09-13 17:30:00,2733.034073,2732.248932,2732.289725,-0.7851409999998396,-0.744347999999718,-0.7647444999997788
2021-09-13 17:45:00,2733.034659,2732.248348,2732.28914,-0.7863109999998414,-0.7455190000000584,-0.7659149999999499
2021-09-13 18:00:00,2733.034656,2732.250995,2732.291175,-0.7836609999999382,-0.7434809999999743,-0.7635709999999563
2021-09-13 19:00:00,2733.03349,2732.24942,2732.293794,-0.7840699999997014,-0.7396959999996398,-0.7618829999996706
2021-09-13 19:15:00,2733.036405,2732.245874,2732.294222,-0.7905309999996462,-0.7421829999998408,-0.7663569999997435
2021-09-13 19:30:00,2733.033296,2732.246266,2732.294612,-0.7870299999999588,-0.7386839999999211,-0.7628569999999399
2021-09-13 19:45:00,2733.035436,2732.248136,2732.293704,-0.7872999999999593,-0.7417319999999563,-0.7645159999999578
2021-09-13 20:00:00,2733.034073,2732.248523,2732.29234,-0.7855499999996027,-0.7417329999998401,-0.7636414999997214
2021-09-13 20:15:00,2733.034656,2732.247356,2732.288126,-0.7872999999999593,-0.7465299999998933,-0.7669149999999263
2021-09-13 20:30:00,2733.034073,2732.245293,2732.288426,-0.7887799999998606,-0.7456469999997353,-0.7672134999997979
2021-09-13 20:45:00,2733.034076,2732.245296,2732.287259,-0.7887799999998606,-0.7468169999997372,-0.7677984999997989
2021-09-13 21:00:00,2733.033107,2732.246076,2732.290076,-0.7870310000002974,-0.7430309999999736,-0.7650310000001355
2021-09-13 21:15:00,2733.032917,2732.245888,2732.289886,-0.787029000000075,-0.7430309999999736,-0.7650300000000243
2021-09-13 21:45:00,2733.036415,2732.249118,2732.292935,-0.7872969999998531,-0.7434800000000905,-0.7653884999999718
2021-09-13 22:00:00,2733.036415,2732.250599,2732.291635,-0.785816000000068,-0.7447799999999916,-0.7652980000000298
2021-09-13 22:30:00,2733.035832,2732.250017,2732.291053,-0.7858150000001842,-0.7447790000001078,-0.765297000000146
2021-09-13 23:00:00,2733.036026,2732.246981,2732.289496,-0.7890450000004421,-0.7465300000003481,-0.7677875000003951
2021-09-13 23:15:00,2733.033886,2732.246591,2732.290403,-0.7872950000000856,-0.7434830000001966,-0.7653890000001411
2021-09-13 23:30:00,2733.036415,2732.24912,2732.286837,-0.7872950000000856,-0.7495779999999286,-0.7684365000000071
2021-09-14 00:00:00,2733.034666,2732.245889,2732.288134,-0.7887770000002092,-0.7465320000001157,-0.7676545000001624
2021-09-14 00:15:00,2733.035249,2732.245484,2732.288718,-0.7897649999999885,-0.7465310000002319,-0.7681480000001102
2021-09-14 01:00:00,2733.036415,2732.249122,2732.289885,-0.7872929999998632,-0.7465299999998933,-0.7669114999998783
2021-09-14 01:15:00,2733.034666,2732.250113,2732.289146,-0.7845529999999599,-0.7455199999999422,-0.765036499999951
2021-09-14 02:15:00,2733.038551,2732.2505,2732.288234,-0.7880509999999958,-0.7503169999999955,-0.7691839999999956
2021-09-14 02:30:00,2733.037575,2732.248042,2732.289008,-0.7895329999996648,-0.7485669999996389,-0.7690499999996518
2021-09-14 02:45:00,2733.034076,2732.251273,2732.291045,-0.7828030000000581,-0.7430309999999736,-0.7629170000000158
2021-09-14 03:15:00,2733.035826,2732.248533,2732.287256,-0.7872929999998632,-0.748569999999745,-0.7679314999998041
2021-09-14 04:00:00,2733.036409,2732.249118,2732.290888,-0.7872909999996409,-0.745520999999826,-0.7664059999997335
2021-09-14 04:15:00,2733.035242,2732.2497,2732.288423,-0.7855420000000777,-0.7468189999999595,-0.7661805000000186
2021-09-14 04:30:00,2733.03369,2732.249138,2732.286871,-0.7845520000000761,-0.7468190000004142,-0.7656855000002452
2021-09-14 04:45:00,2733.033303,2732.248751,2732.287781,-0.7845520000000761,-0.7455220000001646,-0.7650370000001203
2021-09-14 05:45:00,2733.037188,2732.253128,2732.290658,-0.784059999999954,-0.7465299999998933,-0.7652949999999237
2021-09-14 06:45:00,2733.037582,2732.253521,2732.289755,-0.7840609999998378,-0.747827000000143,-0.7659439999999904
2021-09-14 07:00:00,2733.037192,2732.249589,2732.289365,-0.7876029999997627,-0.7478269999996883,-0.7677149999997255
2021-09-14 07:15:00,2733.038745,2732.252354,2732.287418,-0.7863909999996395,-0.7513269999999466,-0.768858999999793
2021-09-14 07:30:00,2733.036412,2732.255,2732.288584,-0.7814119999998184,-0.7478280000000268,-0.7646199999999226
2021-09-14 08:45:00,2733.037578,2732.252935,2732.288001,-0.78464299999996,-0.7495770000000448,-0.7671100000000024
2021-09-14 09:00:00,2733.036412,2732.25325,2732.289881,-0.7831619999997201,-0.7465309999997771,-0.7648464999997486
2021-09-14 09:15:00,2733.036605,2732.254922,2732.287027,-0.7816829999997026,-0.7495779999999286,-0.7656304999998156
2021-09-14 09:30:00,2733.035242,2732.251319,2732.286961,-0.7839229999999588,-0.7482810000001336,-0.7661020000000462
2021-09-14 09:45:00,2733.035826,2732.252392,2732.284497,-0.7834339999999429,-0.7513289999997141,-0.7673814999998285
2021-09-14 10:15:00,2733.034466,2732.256013,2732.286184,-0.7784529999998995,-0.7482820000000174,-0.7633674999999585
2021-09-14 10:30:00,2733.033496,2732.253562,2732.288261,-0.7799340000001393,-0.745234999999866,-0.7625845000000027
2021-09-14 10:45:00,2733.035829,2732.255135,2732.289585,-0.7806940000000395,-0.7462439999999333,-0.7634689999999864
2021-09-14 11:00:00,2733.034663,2732.255717,2732.289428,-0.7789459999999053,-0.745234999999866,-0.7620904999998857
2021-09-14 11:15:00,2733.037188,2732.251513,2732.287158,-0.7856749999996282,-0.7500299999996969,-0.7678524999996625
2021-09-14 11:30:00,2733.034466,2732.25552,2732.287934,-0.7789459999999053,-0.7465320000001157,-0.7627390000000105
2021-09-14 11:45:00,2733.037578,2732.255133,2732.290595,-0.7824449999998251,-0.7469830000000002,-0.7647139999999126
2021-09-14 12:00:00,2733.039911,2732.255037,2732.289881,-0.7848739999999452,-0.7500299999996969,-0.767451999999821
2021-09-14 12:15:00,2733.03233,2732.254864,2732.287548,-0.777466000000004,-0.7447820000002139,-0.7611240000001089
2021-09-14 12:30:00,2733.036995,2732.25603,2732.290013,-0.7809649999999237,-0.7469820000001164,-0.7639735000000201
2021-09-14 12:45:00,2733.034469,2732.254762,2732.286187,-0.779707000000144,-0.7482820000000174,-0.7639945000000807
2021-09-14 13:00:00,2733.035442,2732.255735,2732.292245,-0.7797069999996893,-0.7431969999997818,-0.7614519999997356
2021-09-14 13:15:00,2733.033303,2732.254665,2732.288068,-0.7786380000002282,-0.7452350000003207,-0.7619365000002745
2021-09-14 13:30:00,2733.036802,2732.253185,2732.291568,-0.7836170000000493,-0.7452339999999822,-0.7644255000000157
2021-09-14 13:45:00,2733.035826,2732.255438,2732.287544,-0.7803879999996752,-0.7482820000000174,-0.7643349999998463
2021-09-14 14:00:00,2733.034659,2732.256022,2732.289426,-0.7786369999998897,-0.7452330000000984,-0.761934999999994
2021-09-14 14:15:00,2733.036409,2732.255521,2732.287839,-0.7808879999997771,-0.748569999999745,-0.7647289999997611
2021-09-14 14:30:00,2733.032907,2732.25426,2732.285507,-0.778646999999637,-0.7473999999997432,-0.7630234999996901
2021-09-14 15:00:00,2733.034073,2732.254625,2732.289721,-0.7794479999997748,-0.7443519999997079,-0.7618999999997413
2021-09-14 15:15:00,2733.034463,2732.255815,2732.289226,-0.7786479999999756,-0.7452370000000883,-0.7619425000000319
2021-09-14 15:30:00,2733.034076,2732.253458,2732.290591,-0.7806179999997767,-0.7434849999999642,-0.7620514999998704
2021-09-14 15:45:00,2733.034659,2732.258753,2732.289155,-0.7759059999998499,-0.7455039999999826,-0.7607049999999163
2021-09-14 16:00:00,2733.032134,2732.257977,2732.291425,-0.7741569999998319,-0.7407090000001517,-0.7574329999999918
2021-09-14 16:15:00,2733.031357,2732.250737,2732.288898,-0.780619999999999,-0.7424590000000535,-0.7615395000000262
2021-09-14 16:30:00,2733.032327,2732.254939,2732.288572,-0.7773879999999735,-0.7437549999999646,-0.7605714999999691
2021-09-14 17:00:00,2733.0333,2732.255911,2732.282152,-0.7773889999998573,-0.7511479999998301,-0.7642684999998437
2021-09-14 17:15:00,2733.033496,2732.251398,2732.28799,-0.7820980000001327,-0.745506000000205,-0.7638020000001688
2021-09-14 17:30:00,2733.032523,2732.253654,2732.288768,-0.7788689999997587,-0.7437549999999646,-0.7613119999998617
2021-09-14 17:45:00,2733.031161,2732.254041,2732.290451,-0.7771199999997407,-0.7407100000000355,-0.7589149999998881
2021-09-14 18:00:00,2733.035826,2732.254218,2732.28857,-0.7816079999997783,-0.747255999999652,-0.7644319999997151
2021-09-14 18:15:00,2733.032327,2732.251977,2732.291618,-0.7803499999999985,-0.740708999999697,-0.7605294999998478
2021-09-14 18:45:00,2733.034076,2732.252739,2732.287273,-0.781336999999894,-0.7468029999999999,-0.764069999999947
2021-09-14 19:15:00,2733.033493,2732.253635,2732.286689,-0.7798579999998765,-0.7468039999998837,-0.7633309999998801
2021-09-14 19:30:00,2733.031744,2732.250405,2732.286236,-0.7813390000001164,-0.7455079999999725,-0.7634235000000444
2021-09-14 19:45:00,2733.032327,2732.252469,2732.282474,-0.7798579999998765,-0.7498529999998027,-0.7648554999998396
2021-09-14 20:00:00,2733.031937,2732.253829,2732.288903,-0.7781079999999747,-0.7430340000000797,-0.7605710000000272
2021-09-14 20:15:00,2733.032323,2732.250986,2732.286671,-0.781336999999894,-0.7456520000000637,-0.7634944999999789
2021-09-14 20:45:00,2733.031157,2732.25346,2732.287255,-0.7776969999999892,-0.7439019999997072,-0.7607994999998482
2021-09-14 21:00:00,2733.03369,2732.255323,2732.288906,-0.778367000000344,-0.7447839999999815,-0.7615755000001627
2021-09-14 21:15:00,2733.032333,2732.251005,2732.287549,-0.7813280000000304,-0.7447839999999815,-0.763056000000006
2021-09-14 21:30:00,2733.03175,2732.253653,2732.284372,-0.7780969999998888,-0.7473780000000261,-0.7627374999999574
2021-09-14 21:45:00,2733.032917,2732.25482,2732.289883,-0.7780969999998888,-0.7430340000000797,-0.7605654999999842
2021-09-14 22:00:00,2733.032333,2732.251007,2732.286252,-0.7813260000002629,-0.7460810000002311,-0.763703500000247
2021-09-14 22:15:00,2733.0335,2732.251904,2732.288716,-0.7815959999998086,-0.7447839999999815,-0.763189999999895
2021-09-14 22:45:00,2733.034666,2732.256303,2732.291179,-0.7783629999998993,-0.7434870000001865,-0.7609250000000429
2021-09-14 23:00:00,2733.035053,2732.255209,2732.291565,-0.7798440000001392,-0.7434880000000703,-0.7616660000001048
2021-09-14 23:30:00,2733.034666,2732.254553,2732.289428,-0.7801129999998011,-0.7452379999999721,-0.7626754999998866
2021-09-14 23:45:00,2733.031747,2732.251592,2732.288131,-0.7801549999999224,-0.7436160000002019,-0.7618855000000622
2021-09-15 00:30:00,2733.034083,2732.253249,2732.284212,-0.7808340000001408,-0.7498709999999846,-0.7653525000000627
2021-09-15 00:45:00,2733.035249,2732.252667,2732.284927,-0.7825819999998203,-0.7503219999998691,-0.7664519999998447
2021-09-15 01:15:00,2733.034666,2732.253834,2732.286094,-0.7808319999999185,-0.7485719999999674,-0.7647019999999429
2021-09-15 01:30:00,2733.032333,2732.254241,2732.286807,-0.7780920000000151,-0.7455260000001545,-0.7618090000000848
2021-09-15 02:00:00,2733.032917,2732.250603,2732.283045,-0.7823140000000421,-0.7498719999998684,-0.7660929999999553
2021-09-15 02:15:00,2733.032917,2732.253074,2732.287391,-0.7798429999998007,-0.7455260000001545,-0.7626844999999776
2021-09-15 02:30:00,2733.035636,2732.252563,2732.28272,-0.7830730000000585,-0.7529159999999138,-0.7679944999999861
2021-09-15 02:45:00,2733.035826,2732.252753,2732.28291,-0.7830729999996038,-0.7529159999999138,-0.7679944999997588
2021-09-15 03:15:00,2733.036605,2732.250303,2732.286284,-0.7863019999999779,-0.7503209999999854,-0.7683114999999816
2021-09-15 03:30:00,2733.036802,2732.251979,2732.283432,-0.7848229999999603,-0.7533699999999044,-0.7690964999999323
2021-09-15 03:45:00,2733.036605,2732.254024,2732.284987,-0.7825809999999365,-0.7516179999997803,-0.7670994999998584
2021-09-15 04:15:00,2733.037582,2732.257473,2732.287261,-0.7801089999998112,-0.7503209999999854,-0.7652149999998983
2021-09-15 04:30:00,2733.038748,2732.258058,2732.286677,-0.7806900000000496,-0.7520709999998871,-0.7663804999999684
2021-09-15 04:45:00,2733.038748,2732.259048,2732.287418,-0.779700000000048,-0.7513300000000527,-0.7655150000000503
2021-09-15 05:00:00,2733.035249,2732.255138,2732.285667,-0.7801110000000335,-0.7495819999999185,-0.764846499999976
2021-09-15 05:15:00,2733.037582,2732.255721,2732.286249,-0.7818609999999353,-0.751332999999704,-0.7665969999998197
2021-09-15 06:15:00,2733.038165,2732.257474,2732.29192,-0.7806909999999334,-0.7462449999998171,-0.7634679999998752
2021-09-15 06:30:00,2733.038165,2732.262454,2732.290623,-0.7757109999997738,-0.7475420000000668,-0.7616264999999203
2021-09-15 07:00:00,2733.039524,2732.258833,2732.290233,-0.7806909999999334,-0.74929099999963,-0.7649909999997817
2021-09-15 07:15:00,2733.036412,2732.259712,2732.288868,-0.7766999999998916,-0.7475439999998343,-0.762121999999863
2021-09-15 07:30:00,2733.036412,2732.2607,2732.287118,-0.7757120000001123,-0.7492939999997361,-0.7625029999999242
2021-09-15 07:45:00,2733.035246,2732.256302,2732.284654,-0.7789440000001377,-0.7505919999998696,-0.7647680000000037
2021-09-15 08:00:00,2733.036605,2732.258153,2732.287311,-0.7784519999995609,-0.7492939999997361,-0.7638729999996485
2021-09-15 08:15:00,2733.036215,2732.255522,2732.288218,-0.7806930000001557,-0.7479969999999412,-0.7643450000000485
2021-09-15 08:30:00,2733.037578,2732.260116,2732.286534,-0.7774620000000141,-0.7510440000000926,-0.7642530000000534
2021-09-15 09:00:00,2733.036995,2732.257781,2732.285951,-0.7792140000001382,-0.7510440000000926,-0.7651290000001154
2021-09-15 09:30:00,2733.036605,2732.260622,2732.285561,-0.7759829999999965,-0.7510439999996379,-0.7635134999998172
2021-09-15 09:45:00,2733.036995,2732.259842,2732.285234,-0.7771529999999984,-0.7517609999999877,-0.7644569999999931
2021-09-15 10:00:00,2733.035632,2732.259648,2732.286339,-0.7759839999998803,-0.7492929999998523,-0.7626384999998663
2021-09-15 10:45:00,2733.039328,2732.258362,2732.289583,-0.7809659999998075,-0.7497449999996206,-0.7653554999997141
2021-09-15 11:00:00,2733.036995,2732.259529,2732.29075,-0.777466000000004,-0.7462449999998171,-0.7618554999999105
2021-09-15 11:30:00,2733.036412,2732.258676,2732.286377,-0.7777360000000044,-0.7500350000000253,-0.7638855000000149
2021-09-15 11:45:00,2733.035829,2732.258091,2732.287091,-0.777737999999772,-0.7487379999997756,-0.7632379999997738
2021-09-15 12:00:00,2733.037968,2732.25799,2732.289231,-0.7799780000000283,-0.7487369999998919,-0.76435749999996
2021-09-15 12:30:00,2733.037385,2732.260637,2732.287351,-0.7767480000002251,-0.7500340000001415,-0.7633910000001833
2021-09-15 12:45:00,2733.037188,2732.260029,2732.286867,-0.7771589999997559,-0.7503209999999854,-0.7637399999998706
2021-09-15 13:00:00,2733.035053,2732.260355,2732.281683,-0.7746980000001713,-0.7533699999999044,-0.7640340000000378
2021-09-15 13:15:00,2733.034659,2732.256241,2732.281288,-0.7784179999998742,-0.7533709999997882,-0.7658944999998312
2021-09-15 13:30:00,2733.036409,2732.259472,2732.285204,-0.7769369999996343,-0.7512050000000272,-0.7640709999998307
2021-09-15 13:45:00,2733.038548,2732.259862,2732.286621,-0.778686000000107,-0.751926999999796,-0.7653064999999515
2021-09-15 14:00:00,2733.038158,2732.261711,2732.284352,-0.7764469999997345,-0.7538059999997131,-0.7651264999997238
2021-09-15 14:15:00,2733.035826,2732.258166,2732.289866,-0.7776599999997416,-0.7459599999997408,-0.7618099999997412
2021-09-15 14:30:00,2733.033883,2732.262685,2732.286624,-0.771197999999913,-0.7472590000002128,-0.7592285000000629
2021-09-15 14:45:00,2733.035829,2732.260908,2732.288571,-0.774920999999722,-0.7472579999998743,-0.7610894999997981
2021-09-15 15:00:00,2733.035246,2732.265038,2732.286692,-0.7702079999999114,-0.7485539999997854,-0.7593809999998484
2021-09-15 15:15:00,2733.033883,2732.258961,2732.28504,-0.7749220000000605,-0.7488429999998516,-0.761882499999956
2021-09-15 15:30:00,2733.034656,2732.260716,2732.28711,-0.7739400000000387,-0.7475459999996019,-0.7607429999998203
2021-09-15 15:45:00,2733.03233,2732.259159,2732.282156,-0.7731709999998202,-0.7501739999997881,-0.7616724999998041
2021-09-15 16:00:00,2733.035246,2732.260326,2732.28536,-0.7749199999998382,-0.7498860000000604,-0.7624029999999493
2021-09-15 16:15:00,2733.03272,2732.259547,2732.285593,-0.7731730000000425,-0.7471270000000914,-0.7601500000000669
2021-09-15 16:30:00,2733.035442,2732.25729,2732.283518,-0.7781519999998636,-0.7519239999996898,-0.7650379999997767
2021-09-15 16:45:00,2733.032137,2732.257483,2732.28501,-0.7746540000002824,-0.7471270000000914,-0.7608905000001869
2021-09-15 17:00:00,2733.032917,2732.259744,2732.28653,-0.7731730000000425,-0.7463870000001407,-0.7597800000000916
2021-09-15 17:30:00,2733.032527,2732.257873,2732.28789,-0.7746539999998276,-0.7446369999997842,-0.7596454999998059
2021-09-15 17:45:00,2733.033496,2732.257093,2732.285358,-0.7764029999998456,-0.7481379999999263,-0.7622704999998859
2021-09-15 18:00:00,2733.033496,2732.259345,2732.288407,-0.7741510000000744,-0.7450890000000072,-0.7596200000000408
2021-09-15 18:45:00,2733.034663,2732.25876,2732.287823,-0.7759029999997438,-0.7468399999997928,-0.7613714999997683
2021-09-15 19:00:00,2733.031747,2732.257595,2732.288406,-0.7741519999999582,-0.743340999999873,-0.7587464999999156
2021-09-15 19:30:00,2733.03311,2732.262582,2732.283674,-0.770528000000013,-0.7494360000000597,-0.7599820000000364
2021-09-15 19:45:00,2733.032913,2732.258263,2732.284069,-0.7746499999998377,-0.7488440000001901,-0.7617470000000139
2021-09-15 20:00:00,2733.033496,2732.257855,2732.286688,-0.7756410000001779,-0.7468079999998736,-0.7612245000000257
2021-09-15 20:15:00,2733.034663,2732.257272,2732.286106,-0.7773910000000797,-0.7485569999998916,-0.7629739999999856
2021-09-15 20:30:00,2733.034856,2732.256475,2732.287596,-0.7783810000000813,-0.7472600000000966,-0.7628205000000889
2021-09-15 20:45:00,2733.033493,2732.256862,2732.286231,-0.7766309999997247,-0.7472619999998642,-0.7619464999997945
2021-09-15 21:00:00,2733.034076,2732.255697,2732.286814,-0.7783789999998589,-0.7472619999998642,-0.7628204999998616
2021-09-15 21:15:00,2733.031744,2732.258344,2732.284934,-0.7734000000000378,-0.7468100000000959,-0.7601050000000669
2021-09-15 21:30:00,2733.032327,2732.259338,2732.28072,-0.7729890000000523,-0.7516069999996944,-0.7622979999998734
2021-09-15 21:45:00,2733.032327,2732.257857,2732.283767,-0.7744699999998375,-0.7485599999999977,-0.7615149999999176
2021-09-15 22:30:00,2733.03291,2732.260913,2732.28435,-0.7719969999998284,-0.7485599999999977,-0.760278499999913
2021-09-15 22:45:00,2733.035826,2732.262081,2732.285517,-0.7737449999999626,-0.7503090000000157,-0.7620269999999891
2021-09-15 23:15:00,2733.0333,2732.258153,2732.286037,-0.7751469999998335,-0.7472630000002027,-0.7612050000000181
2021-09-15 23:30:00,2733.035829,2732.261675,2732.288568,-0.7741539999997258,-0.7472609999999804,-0.7607074999998531
2021-09-15 23:45:00,2733.035246,2732.258619,2732.289734,-0.7766269999997348,-0.7455119999999624,-0.7610694999998486
2021-09-16 00:00:00,2733.034663,2732.259027,2732.284807,-0.7756359999998494,-0.7498559999999088,-0.7627459999998791
2021-09-16 00:15:00,2733.03408,2732.259924,2732.284223,-0.7741559999999481,-0.7498569999997926,-0.7620064999998704
2021-09-16 00:45:00,2733.033496,2732.25687,2732.28364,-0.776625999999851,-0.7498559999999088,-0.7632409999998799
2021-09-16 01:00:00,2733.03233,2732.259925,2732.282473,-0.7724050000001625,-0.7498569999997926,-0.7611309999999776
2021-09-16 01:45:00,2733.035829,2732.261675,2732.27784,-0.7741539999997258,-0.7579889999997249,-0.7660714999997253
2021-09-16 02:00:00,2733.036412,2732.263741,2732.282769,-0.7726709999997183,-0.7536430000000109,-0.7631569999998646
2021-09-16 02:15:00,2733.035829,2732.264906,2732.283936,-0.7709230000000389,-0.7518930000001092,-0.761408000000074
2021-09-16 02:45:00,2733.036215,2732.260313,2732.285165,-0.77590199999986,-0.7510500000003049,-0.7634760000000824
2021-09-16 03:00:00,2733.037768,2732.261865,2732.281079,-0.7759030000001985,-0.7566890000002786,-0.7662960000002386
2021-09-16 03:15:00,2733.035246,2732.25786,2732.282898,-0.7773859999997512,-0.7523479999999836,-0.7648669999998674
2021-09-16 03:30:00,2733.033883,2732.255017,2732.283286,-0.7788660000001073,-0.750597000000198,-0.7647315000001527
2021-09-16 03:45:00,2733.034656,2732.259022,2732.282308,-0.7756339999996271,-0.7523479999999836,-0.7639909999998054
2021-09-16 04:00:00,2733.035239,2732.259605,2732.282893,-0.7756339999996271,-0.7523459999997613,-0.7639899999996942
2021-09-16 04:15:00,2733.037572,2732.260187,2732.282179,-0.7773850000003222,-0.7553930000003675,-0.7663890000003448
2021-09-16 04:30:00,2733.03408,2732.256374,2732.280854,-0.7777059999998528,-0.7532259999998132,-0.765465999999833
2021-09-16 04:45:00,2733.035246,2732.258529,2732.282021,-0.776716999999735,-0.7532249999999294,-0.7649709999998322
2021-09-16 05:45:00,2733.034663,2732.257945,2732.282178,-0.7767180000000735,-0.7524849999999788,-0.7646015000000261
2021-09-16 06:15:00,2733.036019,2732.258633,2732.282376,-0.777386000000206,-0.7536430000000109,-0.7655145000001085
2021-09-16 07:00:00,2733.038155,2732.260768,2732.28581,-0.7773870000000898,-0.7523450000003322,-0.764866000000211
2021-09-16 07:15:00,2733.037185,2732.263029,2732.281791,-0.7741559999999481,-0.7553940000002513,-0.7647750000000997
2021-09-16 07:30:00,2733.036995,2732.26109,2732.285946,-0.7759049999999661,-0.7510489999999663,-0.7634769999999662
2021-09-16 08:00:00,2733.036412,2732.263736,2732.284066,-0.7726760000000468,-0.7523459999997613,-0.762510999999904
2021-09-16 08:15:00,2733.033496,2732.262569,2732.283638,-0.7709270000000288,-0.7498580000001311,-0.76039250000008
2021-09-16 09:15:00,2733.038355,2732.263929,2732.281951,-0.7744259999999485,-0.7564040000002024,-0.7654150000000755
2021-09-16 09:30:00,2733.035242,2732.261574,2732.283636,-0.773667999999816,-0.7516059999998106,-0.7626369999998133
2021-09-16 09:45:00,2733.035242,2732.261985,2732.27754,-0.7732569999998304,-0.7577019999998811,-0.7654794999998558
2021-09-16 10:00:00,2733.035242,2732.263465,2732.280134,-0.7717769999999291,-0.7551079999998365,-0.7634424999998828
2021-09-16 10:15:00,2733.034076,2732.262298,2732.285063,-0.7717779999998129,-0.7490130000001045,-0.7603954999999587
2021-09-16 10:30:00,2733.034076,2732.259066,2732.282016,-0.7750099999998383,-0.7520599999998012,-0.7635349999998198
2021-09-16 10:45:00,2733.035242,2732.261223,2732.283183,-0.7740189999999529,-0.7520589999999174,-0.7630389999999352
2021-09-16 11:00:00,2733.035826,2732.261395,2732.286813,-0.7744309999998222,-0.7490129999996498,-0.761721999999736
2021-09-16 11:15:00,2733.036409,2732.261978,2732.287397,-0.7744309999998222,-0.749011999999766,-0.7617214999997941
2021-09-16 11:45:00,2733.036215,2732.258552,2732.287203,-0.7776630000003024,-0.7490120000002207,-0.7633375000002616
2021-09-16 12:00:00,2733.035246,2732.258571,2732.281889,-0.7766750000000684,-0.7533570000000509,-0.7650160000000596
2021-09-16 12:15:00,2733.032717,2732.259541,2732.284156,-0.7731760000001486,-0.7485609999998815,-0.760868500000015
2021-09-16 12:30:00,2733.036405,2732.262962,2732.285355,-0.773443000000043,-0.7510499999998501,-0.7622464999999465
2021-09-16 12:45:00,2733.036019,2732.259343,2732.284968,-0.7766759999999522,-0.7510510000001887,-0.7638635000000704
2021-09-16 13:00:00,2733.034466,2732.262772,2732.282119,-0.771694000000025,-0.7523470000000998,-0.7620205000000624
2021-09-16 13:30:00,2733.034073,2732.258486,2732.284771,-0.7755869999996321,-0.7493019999997159,-0.762444499999674
2021-09-16 13:45:00,2733.035239,2732.258564,2732.282892,-0.7766749999996136,-0.752346999999645,-0.7645109999996293
2021-09-16 14:00:00,2733.034656,2732.259069,2732.282307,-0.7755869999996321,-0.7523489999998674,-0.7639679999997497
2021-09-16 14:15:00,2733.034469,2732.260042,2732.283282,-0.7744270000002871,-0.7511870000003,-0.7628070000002936
2021-09-16 14:30:00,2733.032917,2732.257989,2732.282737,-0.774927999999818,-0.7501800000000003,-0.7625539999999091
2021-09-16 15:00:00,2733.0335,2732.260053,2732.282867,-0.7734470000000329,-0.7506330000001071,-0.76204000000007
2021-09-16 15:15:00,2733.03175,2732.258572,2732.28157,-0.7731779999999162,-0.7501800000000003,-0.7616789999999583
2021-09-16 15:45:00,2733.034083,2732.259155,2732.280856,-0.774927999999818,-0.7532270000001517,-0.7640774999999849
2021-09-16 16:15:00,2733.032917,2732.258569,2732.28144,-0.7743479999999181,-0.7514769999997952,-0.7629124999998567
2021-09-16 16:30:00,2733.035056,2732.261119,2732.282403,-0.7739370000003873,-0.7526530000000093,-0.7632950000001983
2021-09-16 16:45:00,2733.033113,2732.259935,2732.28221,-0.7731779999999162,-0.7509030000001076,-0.7620405000000119
2021-09-16 17:30:00,2733.03175,2732.259562,2732.280271,-0.7721879999999146,-0.7514790000000175,-0.7618334999999661
2021-09-16 17:45:00,2733.034083,2732.260905,2732.283903,-0.7731779999999162,-0.7501800000000003,-0.7616789999999583
2021-09-16 18:15:00,2733.031167,2732.259739,2732.279687,-0.7714280000000144,-0.7514799999999013,-0.7614539999999579
2021-09-16 18:30:00,2733.034083,2732.260638,2732.282151,-0.7734449999998105,-0.7519320000001244,-0.7626884999999675
2021-09-16 18:45:00,2733.032917,2732.261221,2732.280984,-0.7716959999997925,-0.7519330000000082,-0.7618144999999004
2021-09-16 19:00:00,2733.030777,2732.260831,2732.283641,-0.7699459999998908,-0.747135999999955,-0.7585409999999229
2021-09-16 19:15:00,2733.033496,2732.255339,2732.281564,-0.7781570000001921,-0.7519320000001244,-0.7650445000001582
2021-09-16 19:30:00,2733.032913,2732.259737,2732.280982,-0.7731760000001486,-0.7519309999997859,-0.7625534999999672
2021-09-16 19:45:00,2733.03311,2732.260327,2732.280167,-0.7727829999998903,-0.7529429999999593,-0.7628629999999248
2021-09-16 20:30:00,2733.031747,2732.260813,2732.281144,-0.7709340000001248,-0.7506029999999555,-0.7607685000000401
2021-09-16 20:45:00,2733.032523,2732.26159,2732.279614,-0.7709329999997863,-0.7529089999998178,-0.761920999999802
2021-09-16 21:00:00,2733.029994,2732.262291,2732.278832,-0.7677029999999831,-0.7511620000000221,-0.7594325000000026
2021-09-16 21:15:00,2733.031937,2732.259253,2732.279027,-0.7726840000000266,-0.7529100000001563,-0.7627970000000914
2021-09-16 21:30:00,2733.034656,2732.259643,2732.281294,-0.7750129999999444,-0.7533619999999246,-0.7641874999999345
2021-09-16 22:00:00,2733.034656,2732.259914,2732.279997,-0.7747419999996055,-0.7546589999997195,-0.7647004999996625
2021-09-16 22:30:00,2733.035046,2732.261785,2732.281684,-0.7732609999998203,-0.7533619999999246,-0.7633114999998725
2021-09-16 22:45:00,2733.033686,2732.262175,2732.282072,-0.7715110000003733,-0.7516140000002451,-0.7615625000003092
2021-09-16 23:15:00,2733.034073,2732.262563,2732.282459,-0.7715100000000348,-0.7516139999997904,-0.7615619999999126
2021-09-16 23:45:00,2733.034656,2732.259916,2732.280425,-0.7747399999998379,-0.7542309999998906,-0.7644854999998643
2021-09-17 00:00:00,2733.034073,2732.259332,2732.280709,-0.7747409999997217,-0.7533639999996922,-0.7640524999997069
2021-09-17 00:15:00,2733.03252,2732.260028,2732.276108,-0.7724920000000566,-0.7564120000001822,-0.7644520000001194
2021-09-17 00:30:00,2733.031747,2732.256025,2732.278381,-0.7757219999998597,-0.7533659999999145,-0.7645439999998871
2021-09-17 01:00:00,2733.032917,2732.261005,2732.279265,-0.7719120000001567,-0.7536519999998745,-0.7627820000000156
2021-09-17 01:15:00,2733.035053,2732.259643,2732.278768,-0.7754100000001927,-0.7562849999999344,-0.7658475000000635
2021-09-17 01:30:00,2733.03369,2732.26394,2732.280905,-0.7697500000003856,-0.7527850000001308,-0.7612675000002582
2021-09-17 01:45:00,2733.034083,2732.262583,2732.283749,-0.7714999999998327,-0.7503339999998389,-0.7609169999998358
2021-09-17 02:00:00,2733.034666,2732.259256,2732.2804,-0.7754100000001927,-0.754265999999916,-0.7648380000000543
2021-09-17 02:15:00,2733.036415,2732.262397,2732.281285,-0.7740180000000692,-0.7551300000000083,-0.7645740000000387
2021-09-17 02:30:00,2733.035442,2732.258962,2732.279013,-0.7764799999999923,-0.7564290000000256,-0.7664545000000089
2021-09-17 02:45:00,2733.035246,2732.261996,2732.280855,-0.7732499999997344,-0.7543909999999414,-0.7638204999998379
2021-09-17 03:00:00,2733.035246,2732.261006,2732.283902,-0.774239999999736,-0.75134399999979,-0.762791999999763
2021-09-17 03:30:00,2733.035636,2732.264627,2732.284292,-0.7710090000000491,-0.7513440000002447,-0.7611765000001469
2021-09-17 03:45:00,2733.036415,2732.262176,2732.282025,-0.7742389999998522,-0.7543900000000576,-0.7643144999999549
2021-09-17 04:00:00,2733.032917,2732.259935,2732.279988,-0.7729819999999563,-0.752929000000222,-0.7629555000000892
2021-09-17 04:30:00,2733.036999,2732.260518,2732.281867,-0.7764809999998761,-0.7551319999997759,-0.765806499999826
2021-09-17 04:45:00,2733.037582,2732.269804,2732.281895,-0.7677779999999075,-0.7556869999998526,-0.76173249999988
2021-09-17 05:00:00,2733.036609,2732.265599,2732.283514,-0.7710100000003877,-0.7530950000000303,-0.762052500000209
2021-09-17 05:30:00,2733.034273,2732.262933,2732.283669,-0.7713400000002366,-0.750604000000294,-0.7609720000002653
2021-09-17 05:45:00,2733.035246,2732.258024,2732.283472,-0.7772219999997105,-0.7517739999998412,-0.7644979999997759
2021-09-17 06:00:00,2733.035246,2732.261255,2732.281435,-0.7739910000000236,-0.7538110000000415,-0.7639010000000326
2021-09-17 06:15:00,2733.037775,2732.262034,2732.281205,-0.7757409999999254,-0.7565699999995559,-0.7661554999997406
2021-09-17 06:30:00,2733.035252,2732.261761,2732.280432,-0.7734909999999218,-0.7548200000001088,-0.7641555000000153
2021-09-17 06:45:00,2733.035252,2732.263921,2732.280431,-0.7713309999999183,-0.7548209999999926,-0.7630759999999555
2021-09-17 07:00:00,2733.035836,2732.262754,2732.281015,-0.7730820000001586,-0.7548209999999926,-0.7639515000000756
2021-09-17 07:15:00,2733.036612,2732.265772,2732.285109,-0.77083999999968,-0.751502999999957,-0.7611714999998185
2021-09-17 07:30:00,2733.036415,2732.262342,2732.278548,-0.774073000000044,-0.7578670000002603,-0.7659700000001521
2021-09-17 07:45:00,2733.035442,2732.2646,2732.284392,-0.7708419999999023,-0.7510499999998501,-0.7609459999998762
2021-09-17 08:00:00,2733.035822,2732.26207,2732.278813,-0.7737519999996039,-0.7570089999999254,-0.7653804999997647
2021-09-17 08:15:00,2733.035436,2732.260693,2732.278428,-0.774742999999944,-0.7570080000000416,-0.7658754999999928
2021-09-17 08:30:00,2733.035632,2732.263048,2732.277326,-0.772584000000279,-0.7583060000001751,-0.7654450000002271
2021-09-17 08:45:00,2733.034853,2732.260787,2732.276546,-0.774065999999948,-0.7583070000000589,-0.7661865000000034
2021-09-17 09:00:00,2733.033107,2732.260521,2732.277275,-0.7725860000000466,-0.7558320000002823,-0.7642090000001645
2021-09-17 09:15:00,2733.033493,2732.262388,2732.274614,-0.7711049999998068,-0.758878999999979,-0.7649919999998929
2021-09-17 09:30:00,2733.034659,2732.263555,2732.280125,-0.771103999999923,-0.7545339999996941,-0.7628189999998085
2021-09-17 09:45:00,2733.034269,2732.264646,2732.280476,-0.7696230000001378,-0.7537930000003144,-0.7617080000002261
2021-09-17 10:00:00,2733.032713,2732.261016,2732.280215,-0.7716970000001311,-0.7524979999998322,-0.7620974999999817
2021-09-17 10:15:00,2733.034076,2732.260629,2732.28158,-0.7734470000000329,-0.7524960000000647,-0.7629715000000488
2021-09-17 10:30:00,2733.034076,2732.26386,2732.282877,-0.7702159999998912,-0.751198999999815,-0.7607074999998531
2021-09-17 10:45:00,2733.031937,2732.26347,2732.278141,-0.768467000000328,-0.7537960000004205,-0.7611315000003742
2021-09-17 11:00:00,2733.03388,2732.266894,2732.28268,-0.7669860000000881,-0.7512000000001535,-0.7590930000001208
2021-09-17 11:15:00,2733.034076,2732.266589,2732.284627,-0.7674870000000737,-0.7494489999999132,-0.7584679999999935
2021-09-17 11:30:00,2733.034853,2732.262386,2732.281465,-0.7724670000002334,-0.7533880000000863,-0.7629275000001599
2021-09-17 11:45:00,2733.03388,2732.267604,2732.279633,-0.7662759999998343,-0.7542469999998502,-0.7602614999998423
2021-09-17 12:00:00,2733.034659,2732.264762,2732.279116,-0.7698970000001282,-0.7555429999997614,-0.7627199999999448
2021-09-17 12:15:00,2733.034076,2732.26906,2732.280283,-0.7650159999998323,-0.7537929999998596,-0.7594044999998459
2021-09-17 12:30:00,2733.034466,2732.267307,2732.276884,-0.7671589999999924,-0.757582000000184,-0.7623705000000882
2021-09-17 12:45:00,2733.031357,2732.265947,2732.280321,-0.7654099999999744,-0.7510359999996581,-0.7582229999998162
2021-09-17 13:00:00,2733.032717,2732.267038,2732.27904,-0.765679000000091,-0.7536770000001525,-0.7596780000001218
2021-09-17 13:15:00,2733.03408,2732.26692,2732.280405,-0.7671599999998762,-0.7536749999999302,-0.7604174999999032
2021-09-17 13:45:00,2733.033883,2732.266723,2732.281958,-0.7671599999998762,-0.7519250000000284,-0.7595424999999523
2021-09-17 14:00:00,2733.033496,2732.268486,2732.277646,-0.7650100000000748,-0.7558500000000095,-0.7604300000000421
2021-09-17 14:30:00,2733.031944,2732.268683,2732.276092,-0.7632610000000568,-0.755851999999777,-0.7595564999999169
2021-09-17 14:45:00,2733.034086,2732.269076,2732.279534,-0.7650100000000748,-0.7545520000003307,-0.7597810000002028
2021-09-17 15:00:00,2733.033306,2732.268296,2732.280051,-0.76500999999962,-0.7532549999996263,-0.7591324999996232
2021-09-17 15:15:00,2733.033496,2732.268075,2732.281991,-0.7654210000000603,-0.7515050000001793,-0.7584630000001198
2021-09-17 15:30:00,2733.033496,2732.265827,2732.280241,-0.7676689999998416,-0.753255000000081,-0.7604619999999613
2021-09-17 15:45:00,2733.033496,2732.269057,2732.280694,-0.7644390000000385,-0.7528019999999742,-0.7586205000000064
2021-09-17 16:15:00,2733.035822,2732.267493,2732.282148,-0.7683289999999943,-0.7536740000000464,-0.7610015000000203
2021-09-17 16:30:00,2733.031747,2732.267005,2732.280979,-0.7647419999998419,-0.75076799999988,-0.757754999999861
2021-09-17 17:00:00,2733.03408,2732.264437,2732.281564,-0.7696430000000873,-0.7525160000000142,-0.7610795000000508
2021-09-17 17:15:00,2733.034276,2732.265625,2732.279722,-0.7686509999998634,-0.7545539999996436,-0.7616024999997535
2021-09-17 17:30:00,2733.032723,2732.265242,2732.278169,-0.7674809999998615,-0.7545539999996436,-0.7610174999997525
2021-09-17 17:45:00,2733.033496,2732.266015,2732.279682,-0.7674809999998615,-0.7538140000001476,-0.7606475000000046
2021-09-17 18:00:00,2733.03311,2732.264148,2732.279295,-0.7689619999996467,-0.7538150000000314,-0.761388499999839
2021-09-17 18:15:00,2733.031754,2732.264272,2732.277938,-0.7674820000002001,-0.7538159999999152,-0.7606490000000576
2021-09-17 18:30:00,2733.031164,2732.262791,2732.280985,-0.7683729999998832,-0.7501790000001165,-0.7592759999999998
2021-09-17 18:45:00,2733.03233,2732.262209,2732.278652,-0.7701210000000174,-0.7536780000000363,-0.7618995000000268
2021-09-17 19:00:00,2733.033496,2732.263376,2732.276484,-0.7701200000001336,-0.7570120000000315,-0.7635660000000826
2021-09-17 19:15:00,2733.032913,2732.269255,2732.275901,-0.7636579999998503,-0.7570120000000315,-0.7603349999999409
2021-09-17 19:30:00,2733.031747,2732.264857,2732.276771,-0.7668899999998757,-0.7549760000001697,-0.7609330000000227
2021-09-17 19:45:00,2733.031357,2732.266217,2732.275084,-0.765139999999974,-0.7562729999999647,-0.7607064999999693
2021-09-17 20:00:00,2733.031744,2732.266604,2732.279815,-0.765139999999974,-0.7519290000000183,-0.7585344999999961
2021-09-17 20:15:00,2733.033493,2732.264525,2732.280556,-0.7689679999998589,-0.7529369999997471,-0.760952499999803
2021-09-17 20:30:00,2733.034076,2732.264128,2732.278528,-0.7699480000001131,-0.7555480000000898,-0.7627480000001015
2021-09-17 20:45:00,2733.033686,2732.263738,2732.274804,-0.7699480000001131,-0.7588820000000851,-0.7644150000000991
2021-09-17 21:00:00,2733.03174,2732.263541,2732.276644,-0.7681990000000951,-0.7550959999998668,-0.7616474999999809
2021-09-17 21:15:00,2733.03252,2732.264052,2732.276971,-0.7684680000002118,-0.7555490000004284,-0.76200850000032
2021-09-17 21:30:00,2733.037192,2732.265495,2732.279449,-0.7716969999996763,-0.7577429999996639,-0.7647199999996701
2021-09-17 21:45:00,2733.034663,2732.268437,2732.27737,-0.7662259999997332,-0.7572930000001179,-0.7617594999999255
2021-09-17 22:00:00,2733.032913,2732.262966,2732.279964,-0.7699470000002293,-0.7529490000001715,-0.7614480000002004
2021-09-17 22:15:00,2733.031747,2732.265031,2732.277499,-0.7667160000000877,-0.7542480000001888,-0.7604820000001382
2021-09-17 22:30:00,2733.03408,2732.263864,2732.280121,-0.7702159999998912,-0.7539590000001226,-0.7620875000000069
2021-09-17 22:45:00,2733.034663,2732.265208,2732.280704,-0.7694550000001072,-0.7539590000001226,-0.7617070000001149
2021-09-17 23:00:00,2733.034856,2732.265811,2732.277849,-0.7690450000000055,-0.7570070000001579,-0.7630260000000817
2021-09-17 23:15:00,2733.035049,2732.262365,2732.278044,-0.7726840000000266,-0.7570049999999355,-0.764844499999981
2021-09-17 23:30:00,2733.035246,2732.26431,2732.282585,-0.7709359999998924,-0.7526609999999891,-0.7617984999999408
