Date_Time,P4_WSE,P4_gw_left,P4_gw_right,P4_h_left,P4_h_right,P4_h_average
2023-03-02 00:00:00,2733.041248,2732.626079,2732.687639,-0.415168999999878,-0.35360899999977846,-0.38438899999982823
2023-03-02 00:15:00,2733.041248,2732.626838,2732.689388,-0.4144099999998616,-0.3518600000002152,-0.3831350000000384
2023-03-02 00:30:00,2733.045917,2732.632227,2732.690558,-0.41368999999986045,-0.355359000000135,-0.3845244999999977
2023-03-02 00:45:00,2733.040668,2732.627247,2732.685762,-0.41342100000019855,-0.35490600000002814,-0.38416350000011334
2023-03-02 01:00:00,2733.044167,2732.630069,2732.688521,-0.4140980000001946,-0.3556459999999788,-0.3848720000000867
2023-03-02 01:15:00,2733.043577,2732.627998,2732.687933,-0.4155789999999797,-0.3556439999997565,-0.3856114999998681
2023-03-02 01:45:00,2733.041828,2732.626919,2732.687083,-0.4149090000000797,-0.35474500000009357,-0.3848270000000866
2023-03-02 02:00:00,2733.043577,2732.627909,2732.688379,-0.41566800000009607,-0.35519799999974566,-0.38543299999992087
2023-03-02 02:15:00,2733.043577,2732.629248,2732.690128,-0.41432899999972506,-0.3534489999997277,-0.38388899999972637
2023-03-02 02:30:00,2733.042998,2732.630418,2732.690869,-0.41257999999970707,-0.3521289999998771,-0.3823544999997921
2023-03-02 02:45:00,2733.042998,2732.628177,2732.692166,-0.4148209999998471,-0.3508320000000822,-0.38282649999996465
2023-03-02 03:00:00,2733.041248,2732.629337,2732.691288,-0.4119110000001456,-0.34996000000001004,-0.3809355000000778
2023-03-02 03:30:00,2733.037749,2732.629067,2732.685196,-0.40868200000022625,-0.35255300000017087,-0.38061750000019856
2023-03-02 03:45:00,2733.039499,2732.628675,2732.692585,-0.4108240000000478,-0.3469140000001971,-0.37886900000012247
2023-03-02 04:00:00,2733.036,2732.629657,2732.688242,-0.40634300000010626,-0.3477579999998852,-0.37705049999999574
2023-03-02 04:30:00,2733.03717,2732.625848,2732.688958,-0.41132199999992736,-0.34821199999987584,-0.3797669999999016
2023-03-02 04:45:00,2733.03542,2732.629077,2732.687662,-0.40634300000010626,-0.34775800000033996,-0.3770505000002231
2023-03-02 05:30:00,2733.045917,2732.628586,2732.689968,-0.4173310000001038,-0.35594899999978225,-0.38663999999994303
2023-03-02 08:15:00,2733.039499,2732.626428,2732.687789,-0.41307099999994534,-0.3517099999999118,-0.3823904999999286
2023-03-02 08:45:00,2733.041248,2732.623589,2732.684743,-0.4176590000001852,-0.35650500000019747,-0.38708200000019133
2023-03-02 09:00:00,2733.038339,2732.62243,2732.682288,-0.4159090000002834,-0.35605100000020684,-0.3859800000002451
2023-03-02 09:15:00,2733.038339,2732.624678,2732.686629,-0.41366100000004735,-0.35171000000036656,-0.38268550000020696
2023-03-02 10:00:00,2733.037749,2732.62441,2732.684881,-0.4133390000001782,-0.352867999999944,-0.3831035000000611
2023-03-02 10:15:00,2733.033671,2732.621491,2732.683257,-0.4121800000002622,-0.35041400000000067,-0.38129700000013145
2023-03-02 10:30:00,2733.032501,2732.61807,2732.679041,-0.41443100000014965,-0.35346000000026834,-0.383945500000209
2023-03-02 10:45:00,2733.030162,2732.616322,2732.680338,-0.41384000000016385,-0.34982399999989866,-0.38183200000003126
2023-03-02 11:00:00,2733.03541,2732.620321,2732.679495,-0.41508900000008,-0.35591500000009546,-0.3855020000000877
2023-03-02 11:15:00,2733.03541,2732.622069,2732.68254,-0.4133409999999458,-0.35287000000016633,-0.38310550000005605
2023-03-02 11:30:00,2733.03541,2732.625299,2732.683281,-0.41011100000014267,-0.3521289999998771,-0.3811200000000099
2023-03-02 11:45:00,2733.034251,2732.619921,2732.683418,-0.4143300000000636,-0.350832999999966,-0.3825815000000148
2023-03-02 12:00:00,2733.032501,2732.618171,2732.678622,-0.4143300000000636,-0.35387900000023365,-0.3841045000001486
2023-03-02 12:45:00,2733.03541,2732.623239,2732.684578,-0.4121709999999439,-0.3508320000000822,-0.38150150000001304
2023-03-02 13:00:00,2733.034251,2732.61737,2732.680372,-0.4168810000001031,-0.35387900000023365,-0.38538000000016837
2023-03-02 13:15:00,2733.036,2732.619118,2732.682121,-0.4168819999999869,-0.35387900000023365,-0.38538050000011026
2023-03-02 13:45:00,2733.033661,2732.621759,2732.680234,-0.41190199999982724,-0.3534270000000106,-0.3826644999999189
2023-03-02 14:00:00,2733.032501,2732.620331,2732.681669,-0.4121700000000601,-0.3508320000000822,-0.38150100000007114
2023-03-02 14:45:00,2733.032501,2732.620599,2732.68255,-0.411902000000282,-0.34995100000014645,-0.3809265000002142
2023-03-02 15:00:00,2733.037749,2732.619609,2732.685597,-0.41814000000022133,-0.35215199999993274,-0.38514600000007704
2023-03-02 15:15:00,2733.036,2732.621089,2732.679505,-0.41491099999984726,-0.35649499999999534,-0.3857029999999213
2023-03-02 15:30:00,2733.038919,2732.621359,2732.6843,-0.4175599999998667,-0.3546190000001843,-0.3860895000000255
2023-03-02 16:00:00,2733.038919,2732.624588,2732.686318,-0.4143309999999474,-0.3526010000000497,-0.38346599999999853
2023-03-02 16:15:00,2733.031332,2732.618939,2732.677308,-0.4123930000000655,-0.3540240000002086,-0.38320850000013706
2023-03-02 16:30:00,2733.033081,2732.621097,2732.680355,-0.4119839999998476,-0.35272600000007515,-0.38235499999996136
2023-03-02 16:45:00,2733.030162,2732.618449,2732.680935,-0.41171299999996336,-0.3492270000001554,-0.38047000000005937
2023-03-02 17:00:00,2733.029002,2732.61953,2732.679775,-0.40947200000027806,-0.3492270000001554,-0.3793495000002167
2023-03-02 17:15:00,2733.029002,2732.618359,2732.679345,-0.41064300000016374,-0.3496570000002066,-0.3801500000001852
2023-03-02 17:30:00,2733.026673,2732.616789,2732.677468,-0.4098839999996926,-0.34920499999998356,-0.3795444999998381
2023-03-02 17:45:00,2733.029582,2732.62184,2732.681673,-0.4077420000003258,-0.3479090000000724,-0.3778255000001991
2023-03-02 18:15:00,2733.031921,2732.623197,2732.686049,-0.40872399999989284,-0.34587199999987206,-0.37729799999988245
2023-03-02 18:45:00,2733.03542,2732.624948,2732.689548,-0.41047200000002704,-0.3458720000003268,-0.3781720000001769
2023-03-02 19:45:00,2733.038339,2732.630827,2732.691568,-0.40751200000022436,-0.3467709999999897,-0.37714150000010704
2023-03-02 20:15:00,2733.03659,2732.634056,2732.687226,-0.40253400000028705,-0.34936400000015055,-0.3759490000002188
2023-03-02 20:45:00,2733.033671,2732.630147,2732.68779,-0.40352400000028865,-0.3458810000001904,-0.3747025000002395
2023-03-02 21:00:00,2733.040668,2732.632887,2732.689538,-0.40778099999988626,-0.35113000000001193,-0.3794554999999491
2023-03-02 21:15:00,2733.038919,2732.632307,2732.689827,-0.4066120000002229,-0.3490919999999278,-0.37785200000007535
2023-03-02 21:30:00,2733.040668,2732.635536,2732.68853,-0.40513200000032157,-0.35213800000019546,-0.3786350000002585
2023-03-02 22:15:00,2733.043577,2732.633646,2732.689992,-0.40993099999968763,-0.35358499999983906,-0.38175799999976334
2023-03-02 23:00:00,2733.038919,2732.632576,2732.688982,-0.40634300000010626,-0.3499369999999544,-0.37814000000003034
2023-03-02 23:15:00,2733.037749,2732.628977,2732.688657,-0.4087720000002264,-0.3490919999999278,-0.3789320000000771
2023-03-02 23:30:00,2733.040658,2732.632886,2732.689109,-0.40777200000002267,-0.35154899999997724,-0.37966049999999996
2023-03-02 23:45:00,2733.041828,2732.637285,2732.695075,-0.40454300000010335,-0.3467529999998078,-0.3756479999999556
2023-03-03 00:00:00,2733.041828,2732.635805,2732.692029,-0.4060230000000047,-0.34979900000007547,-0.3779110000000401
2023-03-03 00:15:00,2733.043577,2732.637555,2732.692481,-0.4060220000001209,-0.3510959999998704,-0.37855899999999565
2023-03-03 00:45:00,2733.041828,2732.638054,2732.695528,-0.40377399999988484,-0.34629999999970096,-0.3750369999997929
2023-03-03 01:00:00,2733.041828,2732.634823,2732.693778,-0.4070050000000265,-0.3480500000000575,-0.377527500000042
2023-03-03 02:00:00,2733.046496,2732.640474,2732.696697,-0.4060220000001209,-0.34979900000007547,-0.3779105000000982
2023-03-03 02:15:00,2733.040089,2732.634815,2732.696245,-0.4052740000001904,-0.34384399999999005,-0.37455900000009024
2023-03-03 02:30:00,2733.043587,2732.638724,2732.694948,-0.4048630000002049,-0.3486390000002757,-0.3767510000002403
2023-03-03 04:30:00,2733.044747,2732.636295,2732.693198,-0.4084520000001248,-0.35154899999997724,-0.38000050000005103
2023-03-03 07:15:00,2733.048246,2732.643703,2732.699744,-0.4045429999996486,-0.3485019999998258,-0.3765224999997372
2023-03-03 08:15:00,2733.045907,2732.641595,2732.694645,-0.40431200000011813,-0.3512620000001334,-0.37778700000012577
2023-03-03 09:00:00,2733.042408,2732.639845,2732.6916,-0.4025629999996454,-0.35080799999968804,-0.3766854999996667
2023-03-03 09:15:00,2733.037749,2732.637204,2732.693485,-0.4005449999999655,-0.3442640000002939,-0.3724045000001297
2023-03-03 09:45:00,2733.034251,2732.627859,2732.684738,-0.40639199999986886,-0.3495130000001154,-0.37795249999999214
2023-03-03 10:00:00,2733.032501,2732.626707,2732.682988,-0.4057940000002418,-0.3495130000001154,-0.3776535000001786
2023-03-03 10:15:00,2733.03541,2732.626778,2732.682852,-0.4086320000001251,-0.35255800000004456,-0.38059500000008484
2023-03-03 10:30:00,2733.038909,2732.630277,2732.6846,-0.40863199999967037,-0.3543089999998301,-0.38147049999975025
2023-03-03 11:15:00,2733.041248,2732.630457,2732.685771,-0.4107909999997901,-0.35547700000006444,-0.38313399999992725
2023-03-03 12:00:00,2733.034251,2732.62173,2732.678193,-0.4125210000001971,-0.3560579999998481,-0.3842895000000226
2023-03-03 12:30:00,2733.040079,2732.624639,2732.681102,-0.4154399999997622,-0.358976999999868,-0.3872084999998151
2023-03-03 12:45:00,2733.038919,2732.624959,2732.679202,-0.4139599999998609,-0.3597170000002734,-0.38683850000006714
2023-03-03 13:15:00,2733.033661,2732.623869,2732.678612,-0.4097919999999249,-0.3550489999997808,-0.38242049999985284
2023-03-03 13:30:00,2733.040079,2732.630019,2732.678485,-0.410059999999703,-0.3615939999999682,-0.3858269999998356
2023-03-03 13:45:00,2733.041248,2732.627468,2732.683998,-0.4137799999998606,-0.35725000000002183,-0.3855149999999412
2023-03-03 14:00:00,2733.038329,2732.624859,2732.67556,-0.41346999999996115,-0.3627689999998438,-0.3881194999999025
2023-03-03 14:30:00,2733.044157,2732.630688,2732.682684,-0.4134689999996226,-0.36147299999993265,-0.38747099999977763
2023-03-03 15:00:00,2733.041248,2732.629528,2732.68282,-0.41172000000005937,-0.3584280000000035,-0.38507400000003145
2023-03-03 15:15:00,2733.039499,2732.62679,2732.681071,-0.4127090000001772,-0.3584280000000035,-0.38556850000009035
2023-03-03 15:45:00,2733.041248,2732.630698,2732.683711,-0.4105500000000575,-0.35753699999986566,-0.38404349999996157
2023-03-03 16:15:00,2733.040079,2732.631008,2732.681652,-0.40907100000003993,-0.358426999999665,-0.38374899999985246
2023-03-03 16:30:00,2733.03483,2732.6228,2732.679329,-0.4120299999999588,-0.35550100000000384,-0.38376549999998133
2023-03-03 17:15:00,2733.040658,2732.630599,2732.683408,-0.4100589999998192,-0.35725000000002183,-0.3836544999999205
2023-03-03 17:45:00,2733.041248,2732.628228,2732.682701,-0.4130199999999604,-0.35854699999981676,-0.3857834999998886
2023-03-03 18:00:00,2733.044747,2732.631457,2732.687497,-0.41328999999996086,-0.35725000000002183,-0.38526999999999134
2023-03-03 18:30:00,2733.041828,2732.632537,2732.686327,-0.40929099999993923,-0.35550100000000384,-0.38239599999997154
2023-03-03 18:45:00,2733.044747,2732.634678,2732.68503,-0.41006900000002133,-0.35971699999981865,-0.38489299999992
2023-03-03 19:00:00,2733.042998,2732.631137,2732.689534,-0.41186100000004444,-0.3534639999998035,-0.38266249999992397
2023-03-03 19:15:00,2733.044747,2732.638177,2732.688817,-0.4065700000001016,-0.35592999999971653,-0.38124999999990905
2023-03-03 19:30:00,2733.044747,2732.636917,2732.687067,-0.4078300000001036,-0.35768000000007305,-0.38275500000008833
2023-03-03 19:45:00,2733.044747,2732.635437,2732.690114,-0.40931000000000495,-0.3546329999999216,-0.38197149999996327
2023-03-03 20:00:00,2733.041248,2732.633688,2732.685318,-0.4075600000001032,-0.3559300000001713,-0.3817450000001372
2023-03-03 21:45:00,2733.045327,2732.633956,2732.68837,-0.41137099999968996,-0.3569569999999658,-0.38416399999982787
2023-03-03 22:15:00,2733.042418,2732.631547,2732.68721,-0.41087100000004284,-0.3552079999999478,-0.3830394999999953
2023-03-03 22:30:00,2733.045337,2732.633566,2732.68896,-0.4117710000000443,-0.3563770000000659,-0.3840740000000551
2023-03-03 22:45:00,2733.044167,2732.636116,2732.684743,-0.4080509999998867,-0.35942400000021735,-0.383737500000052
2023-03-03 23:00:00,2733.044167,2732.631815,2732.684165,-0.41235199999982797,-0.3600019999998949,-0.38617699999986144
2023-03-03 23:15:00,2733.048826,2732.636204,2732.690119,-0.41262200000028315,-0.3587070000003223,-0.3856645000003027
2023-03-04 00:15:00,2733.042418,2732.634276,2732.688506,-0.40814199999977063,-0.35391200000003664,-0.38102699999990364
2023-03-04 00:30:00,2733.042418,2732.634776,2732.6862,-0.4076420000001235,-0.3562179999998989,-0.3819300000000112
2023-03-04 00:45:00,2733.042418,2732.634366,2732.68678,-0.4080519999997705,-0.355637999999999,-0.38184499999988475
2023-03-04 01:00:00,2733.042418,2732.640146,2732.688077,-0.40227199999981167,-0.3543410000002041,-0.3783065000000079
2023-03-04 01:15:00,2733.044747,2732.639246,2732.689397,-0.405500999999731,-0.35534999999981665,-0.3804254999997738
2023-03-04 01:30:00,2733.041838,2732.636828,2732.686917,-0.40500999999994747,-0.35492100000010396,-0.3799655000000257
2023-03-04 02:00:00,2733.046496,2732.642477,2732.691576,-0.4040190000000621,-0.3549199999997654,-0.37946949999991375
2023-03-04 02:15:00,2733.045907,2732.639737,2732.692873,-0.406170000000202,-0.353034000000207,-0.3796020000002045
2023-03-04 02:30:00,2733.046496,2732.640826,2732.692435,-0.4056700000001001,-0.3540610000000015,-0.3798655000000508
2023-03-04 03:00:00,2733.047656,2732.640505,2732.69664,-0.40715100000034,-0.3510160000000724,-0.3790835000002062
2023-03-04 03:15:00,2733.047656,2732.641487,2732.695344,-0.4061690000003182,-0.3523119999999835,-0.37924050000015086
2023-03-04 03:30:00,2733.047656,2732.642254,2732.692751,-0.405402000000322,-0.35490500000014435,-0.3801535000002332
2023-03-04 04:15:00,2733.047666,2732.642655,2732.693198,-0.40501099999983126,-0.3544679999999971,-0.3797394999999142
2023-03-04 04:45:00,2733.045907,2732.638256,2732.692299,-0.4076509999999871,-0.3536080000003494,-0.38062950000016826
2023-03-04 05:15:00,2733.046496,2732.641807,2732.691139,-0.4046889999999621,-0.35535699999991266,-0.3800229999999374
2023-03-04 06:00:00,2733.053494,2732.642574,2732.691593,-0.41091999999980544,-0.36190099999976155,-0.3864104999997835
2023-03-04 06:15:00,2733.056413,2732.645805,2732.692889,-0.41060799999968367,-0.3635239999998703,-0.387065999999777
2023-03-04 06:30:00,2733.061661,2732.646073,2732.693341,-0.41558800000029805,-0.3683200000000397,-0.3919540000001689
2023-03-04 06:45:00,2733.063411,2732.647554,2732.697685,-0.41585699999995995,-0.3657259999999951,-0.39079149999997753
2023-03-04 07:15:00,2733.06633,2732.63343,2732.696675,-0.4329000000002452,-0.3696549999999661,-0.40127750000010565
2023-03-04 07:30:00,2733.071578,2732.629027,2732.69972,-0.44255100000009406,-0.3718579999999747,-0.4072045000000344
2023-03-04 08:00:00,2733.071578,2732.610423,2732.697971,-0.46115499999996246,-0.3736069999999927,-0.4173809999999776
2023-03-04 08:15:00,2733.072158,2732.608533,2732.695504,-0.4636249999998654,-0.37665400000014415,-0.4201395000000048
2023-03-04 09:00:00,2733.073897,2732.606321,2732.694623,-0.4675760000000082,-0.3792740000003505,-0.42342500000017935
2023-03-04 09:15:00,2733.074487,2732.608392,2732.695212,-0.46609499999976833,-0.37927499999977954,-0.42268499999977394
2023-03-04 09:30:00,2733.073317,2732.609872,2732.694043,-0.4634449999998651,-0.37927399999989575,-0.4213594999998804
2023-03-04 09:45:00,2733.063401,2732.607673,2732.68892,-0.4557279999999082,-0.3744809999998324,-0.4151044999998703
2023-03-04 10:00:00,2733.055243,2732.613147,2732.682966,-0.4420959999997649,-0.37227699999994,-0.40718649999985246
2023-03-04 10:15:00,2733.040079,2732.623915,2732.689643,-0.4161639999997533,-0.35043599999971775,-0.3832999999997355
2023-03-04 10:30:00,2733.038329,2732.625395,2732.697032,-0.4129339999999502,-0.34129699999994045,-0.3771154999999453
2023-03-04 10:45:00,2733.03542,2732.623967,2732.694123,-0.41145300000016505,-0.34129699999994045,-0.37637500000005275
2023-03-04 11:00:00,2733.038329,2732.630827,2732.692689,-0.40750200000002224,-0.34564000000000306,-0.37657100000001265
2023-03-04 11:30:00,2733.03542,2732.632252,2732.691529,-0.40316800000027797,-0.34389099999998507,-0.3735295000001315
2023-03-04 11:45:00,2733.03542,2732.626513,2732.691076,-0.40890699999999924,-0.3443440000000919,-0.3766255000000456
2023-03-04 12:00:00,2733.033671,2732.629473,2732.68803,-0.4041980000001786,-0.3456410000003416,-0.3749195000002601
2023-03-04 12:15:00,2733.03717,2732.635442,2732.68951,-0.40172800000027564,-0.34765999999990527,-0.37469400000009045
2023-03-04 12:30:00,2733.03542,2732.631445,2732.690807,-0.40397500000017317,-0.34461300000020856,-0.37429400000019086
2023-03-04 12:45:00,2733.031921,2732.629426,2732.689058,-0.4024949999998171,-0.34286299999985204,-0.37267899999983456
2023-03-04 13:15:00,2733.030172,2732.632386,2732.689327,-0.3977859999999964,-0.34084500000017215,-0.3693155000000843
2023-03-04 13:30:00,2733.03483,2732.634805,2732.693986,-0.40002499999991414,-0.3408439999998336,-0.3704344999998739
2023-03-04 13:45:00,2733.03483,2732.633056,2732.691967,-0.40177399999993213,-0.34286299999985204,-0.3723184999998921
2023-03-04 14:15:00,2733.03483,2732.633385,2732.690218,-0.40144499999996697,-0.34461199999987,-0.3730284999999185
2023-03-04 14:45:00,2733.03658,2732.634555,2732.693137,-0.40202499999986685,-0.3434429999997519,-0.3727339999998094
2023-03-04 15:00:00,2733.036,2732.632805,2732.692683,-0.40319499999986874,-0.34331699999984266,-0.3732559999998557
2023-03-04 15:15:00,2733.033661,2732.632617,2732.691515,-0.40104399999972884,-0.342145999999957,-0.3715949999998429
2023-03-04 15:30:00,2733.03483,2732.630557,2732.691386,-0.4042730000001029,-0.34344400000009045,-0.3738585000000967
2023-03-04 16:15:00,2733.033081,2732.632037,2732.693979,-0.4010440000001836,-0.33910199999991164,-0.3700730000000476
2023-03-04 16:30:00,2733.031332,2732.629877,2732.691944,-0.4014550000001691,-0.3393879999998717,-0.3704215000000204
2023-03-04 16:45:00,2733.032501,2732.629567,2732.691816,-0.40293400000018664,-0.34068500000012136,-0.371809500000154
2023-03-04 17:00:00,2733.029582,2732.629387,2732.693693,-0.40019500000016706,-0.3358889999999519,-0.3680420000000595
2023-03-04 17:45:00,2733.034251,2732.631317,2732.696612,-0.40293400000018664,-0.3376389999998537,-0.37028650000002017
2023-03-04 18:00:00,2733.032501,2732.632798,2732.694863,-0.399703000000045,-0.3376379999999699,-0.36867050000000745
2023-03-04 19:00:00,2733.03716,2732.632476,2732.697772,-0.40468399999963367,-0.3393879999998717,-0.3720359999997527
2023-03-04 20:00:00,2733.039499,2732.632796,2732.696055,-0.40670300000010684,-0.34344400000009045,-0.37507350000009865
2023-03-04 20:30:00,2733.037749,2732.631047,2732.698649,-0.40670200000022305,-0.33910000000014406,-0.37290100000018356
2023-03-04 22:30:00,2733.037749,2732.631628,2732.698202,-0.40612099999998463,-0.3395470000000387,-0.37283400000001166
2023-03-04 22:45:00,2733.039499,2732.632395,2732.697932,-0.4071039999998902,-0.3415669999999409,-0.37433549999991556
2023-03-04 23:00:00,2733.039499,2732.633376,2732.696636,-0.4061229999997522,-0.34286299999985204,-0.3744929999998021
2023-03-04 23:15:00,2733.038329,2732.633786,2732.694885,-0.40454300000010335,-0.34344400000009045,-0.3739935000000969
2023-03-04 23:45:00,2733.039499,2732.632306,2732.699229,-0.4071930000000066,-0.34027000000014596,-0.37373150000007627
2023-03-05 01:15:00,2733.039499,2732.631726,2732.699102,-0.40777299999990646,-0.340396999999939,-0.37408499999992273
2023-03-05 01:30:00,2733.040668,2732.630245,2732.697806,-0.41042300000026444,-0.34286199999996825,-0.37664250000011634
2023-03-05 02:45:00,2733.044167,2732.634545,2732.701121,-0.4096220000001267,-0.34304599999995844,-0.3763340000000426
2023-03-05 03:00:00,2733.045917,2732.639935,2732.702871,-0.40598199999976714,-0.34304599999995844,-0.3745139999998628
2023-03-05 03:15:00,2733.044167,2732.636705,2732.699824,-0.4074620000001232,-0.3443430000002081,-0.3759025000001657
2023-03-05 03:45:00,2733.045327,2732.637185,2732.698964,-0.40814199999977063,-0.3463629999996556,-0.3772524999997131
2023-03-05 04:00:00,2733.045907,2732.642165,2732.700715,-0.40374199999996563,-0.34519200000022465,-0.37446700000009514
2023-03-05 04:45:00,2733.044157,2732.638934,2732.697668,-0.40522299999975075,-0.3464890000000196,-0.37585599999988517
2023-03-05 06:30:00,2733.042418,2732.639933,2732.701574,-0.4024850000000697,-0.3408439999998336,-0.37166449999995166
2023-03-05 07:00:00,2733.044167,2732.637472,2732.703323,-0.40669500000012704,-0.3408439999998336,-0.3737694999999803
2023-03-05 07:15:00,2733.039499,2732.639533,2732.700404,-0.3999659999999494,-0.3390949999998156,-0.3695304999998825
2023-03-05 07:45:00,2733.041248,2732.638052,2732.702154,-0.4031960000002073,-0.33909399999993184,-0.37114500000006956
2023-03-05 08:00:00,2733.037749,2732.633073,2732.697358,-0.4046760000001086,-0.3403910000001815,-0.37253350000014507
2023-03-05 08:30:00,2733.038329,2732.631635,2732.694438,-0.4066939999997885,-0.34389099999998507,-0.3752924999998868
2023-03-05 08:45:00,2733.041828,2732.636614,2732.698226,-0.40521399999988716,-0.3436019999999189,-0.37440799999990304
2023-03-05 09:00:00,2733.042998,2732.636285,2732.693882,-0.4067129999998542,-0.3491159999998672,-0.3779144999998607
2023-03-05 09:15:00,2733.036,2732.632697,2732.691983,-0.4033030000000508,-0.3440169999998943,-0.37365999999997257
2023-03-05 09:30:00,2733.038919,2732.633686,2732.697192,-0.4052329999999529,-0.3417269999999917,-0.3734799999999723
2023-03-05 10:00:00,2733.032501,2732.632248,2732.691656,-0.400253000000248,-0.34084500000017215,-0.37054900000021007
2023-03-05 10:15:00,2733.03717,2732.630187,2732.692826,-0.40698299999985466,-0.3443440000000919,-0.3756634999999733
2023-03-05 10:30:00,2733.034251,2732.625518,2732.696286,-0.4087330000002112,-0.3379650000001675,-0.37334900000018933
2023-03-05 10:45:00,2733.033091,2732.628617,2732.691236,-0.4044739999999365,-0.3418549999996685,-0.3731644999998025
2023-03-05 11:00:00,2733.036,2732.631258,2732.689351,-0.40474200000016936,-0.3466490000000704,-0.37569550000011986
2023-03-05 11:15:00,2733.03484,2732.630777,2732.692987,-0.404062999999951,-0.34185299999990093,-0.37295799999992596
2023-03-05 11:30:00,2733.037749,2732.633007,2732.698488,-0.40474200000016936,-0.33926100000007864,-0.372001500000124
2023-03-05 12:00:00,2733.031342,2732.62835,2732.692533,-0.4029920000002676,-0.33880900000031033,-0.37090050000028896
2023-03-05 12:15:00,2733.032501,2732.629508,2732.692396,-0.40299300000015137,-0.3401050000002215,-0.3715490000001864
2023-03-05 12:30:00,2733.031342,2732.626869,2732.688191,-0.4044730000000527,-0.3431510000000344,-0.37381200000004355
2023-03-05 12:45:00,2733.030752,2732.626279,2732.68861,-0.4044730000000527,-0.3421419999999671,-0.3733075000000099
2023-03-05 13:30:00,2733.034251,2732.627717,2732.694576,-0.40653400000019246,-0.33967500000017026,-0.37310450000018136
2023-03-05 13:45:00,2733.032501,2732.626547,2732.691226,-0.4059540000002926,-0.34127500000022337,-0.373614500000258
2023-03-05 14:00:00,2733.034251,2732.627538,2732.694273,-0.4067129999998542,-0.3399779999999737,-0.37334549999991395
2023-03-05 14:15:00,2733.032501,2732.630767,2732.687314,-0.4017340000000331,-0.34518700000035096,-0.37346050000019204
2023-03-05 14:30:00,2733.029582,2732.625788,2732.688181,-0.4037940000002891,-0.3414010000001326,-0.37259750000021086
2023-03-05 14:45:00,2733.030752,2732.625208,2732.687601,-0.40554400000019086,-0.3431510000000344,-0.37434750000011263
2023-03-05 15:00:00,2733.033671,2732.626647,2732.693567,-0.4070240000000922,-0.3401040000003377,-0.37356400000021495
2023-03-05 15:15:00,2733.030752,2732.624718,2732.690648,-0.4060340000000906,-0.3401040000003377,-0.37306900000021415
2023-03-05 15:30:00,2733.030752,2732.625478,2732.692397,-0.4052740000001904,-0.3383550000003197,-0.37181450000025507
2023-03-05 15:45:00,2733.029002,2732.626958,2732.689351,-0.4020440000003873,-0.33965100000023085,-0.3708475000003091
2023-03-05 16:00:00,2733.031921,2732.628127,2732.69052,-0.40379399999983434,-0.3414009999996779,-0.3725974999997561
2023-03-05 16:15:00,2733.030752,2732.623728,2732.688898,-0.4070240000000922,-0.34185400000023947,-0.37443900000016583
2023-03-05 17:15:00,2733.036,2732.627227,2732.695443,-0.4087730000001102,-0.3405569999999898,-0.37466500000005
2023-03-05 18:45:00,2733.039499,2732.626817,2732.694147,-0.41268200000013167,-0.3453519999998207,-0.3790169999999762
2023-03-05 19:00:00,2733.041248,2732.629065,2732.69285,-0.4121829999999136,-0.34839800000008836,-0.380290500000001
2023-03-05 19:30:00,2733.039499,2732.627996,2732.695896,-0.41150299999981144,-0.3436029999998027,-0.37755299999980707
2023-03-05 20:45:00,2733.038339,2732.630065,2732.694735,-0.40827400000034686,-0.34360400000014124,-0.37593900000024405
2023-03-05 21:00:00,2733.039499,2732.631545,2732.693709,-0.40795399999979054,-0.3457899999998517,-0.37687199999982113
2023-03-05 21:15:00,2733.037749,2732.628807,2732.696302,-0.40894200000002456,-0.34144700000024386,-0.3751945000001342
2023-03-05 21:30:00,2733.037749,2732.631235,2732.696754,-0.40651400000024296,-0.3409950000000208,-0.3737545000001319
2023-03-06 00:00:00,2733.03716,2732.632516,2732.690813,-0.40464399999973466,-0.346346999999696,-0.3754954999997153
2023-03-06 01:30:00,2733.038329,2732.630556,2732.69328,-0.40777299999990646,-0.34504900000001726,-0.37641099999996186
2023-03-06 03:30:00,2733.038329,2732.634774,2732.691243,-0.4035549999998693,-0.34708599999976286,-0.3753204999998161
2023-03-06 03:45:00,2733.040079,2732.631813,2732.697335,-0.4082659999999123,-0.3427440000000388,-0.37550499999997555
2023-03-06 04:00:00,2733.041828,2732.633294,2732.692991,-0.4085339999996904,-0.3488370000000032,-0.3786854999998468
2023-03-06 04:45:00,2733.040079,2732.629075,2732.695584,-0.4110040000000481,-0.34449499999982436,-0.37774949999993623
2023-03-06 05:00:00,2733.041248,2732.632304,2732.695458,-0.40894399999979214,-0.3457899999998517,-0.37736699999982193
2023-03-06 05:30:00,2733.038909,2732.629385,2732.693406,-0.409523999999692,-0.3455030000000079,-0.37751349999984996
2023-03-06 06:00:00,2733.041828,2732.634055,2732.699372,-0.40777299999990646,-0.34245599999985643,-0.37511449999988145
2023-03-06 06:15:00,2733.040658,2732.634635,2732.699952,-0.4060230000000047,-0.34070599999995466,-0.37336449999997967
2023-03-06 06:30:00,2733.03716,2732.631136,2732.697748,-0.4060239999998885,-0.3394119999998111,-0.3727179999998498
2023-03-06 06:45:00,2733.040658,2732.632884,2732.696905,-0.40777399999979025,-0.3437530000001061,-0.3757634999999482
2023-03-06 08:30:00,2733.03483,2732.630766,2732.691807,-0.4040639999998348,-0.3430229999999028,-0.3735434999998688
2023-03-06 08:45:00,2733.038329,2732.629286,2732.69051,-0.4090430000001106,-0.34781900000007226,-0.37843100000009144
2023-03-06 09:00:00,2733.03483,2732.629696,2732.688761,-0.40513400000008915,-0.3460690000001705,-0.3756015000001298
2023-03-06 10:15:00,2733.03542,2732.627367,2732.689478,-0.408053000000109,-0.34594200000037745,-0.37699750000024324
2023-03-06 11:00:00,2733.03542,2732.632836,2732.688181,-0.40258399999993344,-0.3472390000001724,-0.3749115000000529
2023-03-06 11:15:00,2733.03542,2732.624628,2732.685979,-0.4107920000001286,-0.3494410000002972,-0.3801165000002129
2023-03-06 11:45:00,2733.038339,2732.632256,2732.687601,-0.40608300000030795,-0.35073800000009214,-0.37841050000020005
2023-03-06 12:15:00,2733.040089,2732.625306,2732.691944,-0.41478300000017043,-0.3481449999999313,-0.3814640000000509
2023-03-06 12:45:00,2733.03542,2732.623868,2732.689024,-0.4115520000000288,-0.3463960000003681,-0.37897400000019843
2023-03-06 13:30:00,2733.038329,2732.627537,2732.685852,-0.4107920000001286,-0.352476999999908,-0.3816345000000183
2023-03-06 14:30:00,2733.039499,2732.627225,2732.690068,-0.4122739999997975,-0.3494310000000951,-0.3808524999999463
2023-03-06 14:45:00,2733.039499,2732.626467,2732.687021,-0.4130319999999301,-0.3524779999997918,-0.38275499999986096
2023-03-06 18:00:00,2733.042418,2732.632205,2732.69616,-0.4102130000001125,-0.34625800000003437,-0.37823550000007344
2023-03-06 18:15:00,2733.040079,2732.628485,2732.690648,-0.41159399999969537,-0.3494310000000951,-0.3805124999998952
2023-03-06 19:00:00,2733.041248,2732.626015,2732.693962,-0.41523300000017116,-0.3472860000001674,-0.3812595000001693
2023-03-06 19:15:00,2733.041248,2732.627763,2732.692666,-0.41348500000003696,-0.34858200000007855,-0.38103350000005776
2023-03-06 20:15:00,2733.042998,2732.632171,2732.694416,-0.4108269999996992,-0.34858200000007855,-0.37970449999988887
2023-03-06 22:00:00,2733.042998,2732.630011,2732.694853,-0.4129869999997027,-0.3481449999999313,-0.380565999999817
2023-03-06 23:15:00,2733.037749,2732.628942,2732.690058,-0.4088070000002517,-0.3476909999999407,-0.3782490000000962
2023-03-06 23:45:00,2733.041248,2732.635089,2732.696022,-0.40615900000011607,-0.34522599999991144,-0.37569250000001375
2023-03-07 00:15:00,2733.037749,2732.627951,2732.691817,-0.4097980000001371,-0.3459320000001753,-0.3778650000001562
2023-03-07 00:45:00,2733.044167,2732.633601,2732.695189,-0.4105660000000171,-0.34897799999998824,-0.37977200000000266
2023-03-07 01:00:00,2733.041248,2732.635392,2732.694863,-0.4058559999998579,-0.3463849999998274,-0.37612049999984265
2023-03-07 01:45:00,2733.039499,2732.630682,2732.69616,-0.4088169999999991,-0.3433390000000145,-0.3760780000000068
2023-03-07 02:15:00,2733.040668,2732.63831,2732.699079,-0.40235800000027666,-0.3415890000001127,-0.3719735000001947
2023-03-07 02:30:00,2733.040668,2732.633331,2732.694283,-0.40733700000009776,-0.34638500000028216,-0.37686100000018996
2023-03-07 03:30:00,2733.037749,2732.632163,2732.693113,-0.40558599999985745,-0.3446360000002642,-0.3751110000000608
2023-03-07 04:45:00,2733.036,2732.628932,2732.692246,-0.4070679999999811,-0.3437539999999899,-0.3754109999999855
2023-03-07 05:00:00,2733.03541,2732.633321,2732.695155,-0.40208900000016,-0.34025500000007014,-0.3711720000001151
2023-03-07 05:15:00,2733.038909,2732.63184,2732.696452,-0.4070689999998649,-0.3424569999997402,-0.37476299999980256
2023-03-07 08:00:00,2733.037749,2732.629701,2732.69052,-0.40804800000023533,-0.34722899999997026,-0.3776385000001028
2023-03-07 09:00:00,2733.039499,2732.632439,2732.693557,-0.4070600000000013,-0.3459419999999227,-0.376500999999962
2023-03-07 09:15:00,2733.038339,2732.632759,2732.69674,-0.40558000000009997,-0.34159900000031485,-0.3735895000002074
2023-03-07 10:00:00,2733.040089,2732.635,2732.697479,-0.4050889999998617,-0.34261000000014974,-0.3738495000000057
2023-03-07 10:15:00,2733.040089,2732.634239,2732.695731,-0.4058500000001004,-0.34435800000028394,-0.3751040000001922
2023-03-07 10:30:00,2733.038339,2732.63101,2732.69499,-0.40732900000011796,-0.3433490000002166,-0.3753390000001673
2023-03-07 11:30:00,2733.03717,2732.628091,2732.692812,-0.40907900000001973,-0.34435800000028394,-0.37671850000015183
2023-03-07 11:45:00,2733.03542,2732.62984,2732.69382,-0.40558000000009997,-0.34160000000019863,-0.3735900000001493
2023-03-07 12:45:00,2733.03484,2732.629262,2732.692804,-0.40557799999987765,-0.34203600000000733,-0.3738069999999425
2023-03-07 13:30:00,2733.033671,2732.630244,2732.690784,-0.4034270000001925,-0.3428870000002462,-0.37315700000021934
2023-03-07 14:00:00,2733.031332,2732.633953,2732.691945,-0.3973790000000008,-0.3393869999999879,-0.36838299999999435
2023-03-07 15:00:00,2733.032501,2732.632124,2732.689327,-0.4003769999999349,-0.34317400000009,-0.37177550000001247
2023-03-07 15:15:00,2733.033081,2732.633872,2732.692374,-0.39920900000015536,-0.34070699999983844,-0.3699579999999969
2023-03-07 15:45:00,2733.034251,2732.632882,2732.690498,-0.40136900000015885,-0.3437530000001061,-0.3725610000001325
2023-03-07 16:00:00,2733.03542,2732.631893,2732.696137,-0.40352699999994,-0.33928300000025047,-0.37140500000009524
2023-03-07 16:15:00,2733.036,2732.634321,2732.695293,-0.4016790000000583,-0.34070699999983844,-0.37119299999994837
2023-03-07 16:45:00,2733.034251,2732.633152,2732.69441,-0.4010990000001584,-0.3398409999999785,-0.37047000000006847
2023-03-07 19:00:00,2733.042418,2732.637142,2732.696612,-0.405275999999958,-0.3458059999998113,-0.37554099999988466
2023-03-07 19:15:00,2733.038329,2732.6354,2732.693103,-0.4029289999998582,-0.34522599999991144,-0.3740774999998848
2023-03-07 21:00:00,2733.039499,2732.634678,2732.697899,-0.4048210000000836,-0.34160000000019863,-0.3732105000001411
2023-03-07 21:15:00,2733.038339,2732.636749,2732.695444,-0.4015900000003967,-0.342895000000226,-0.37224250000031134
2023-03-07 21:45:00,2733.038339,2732.635268,2732.698489,-0.4030710000001818,-0.33985000000029686,-0.37146050000023934
2023-03-07 22:00:00,2733.042998,2732.638568,2732.699649,-0.4044300000000476,-0.3433489999997619,-0.37388949999990473
2023-03-07 22:15:00,2733.043587,2732.640639,2732.700527,-0.4029479999999239,-0.34306000000015047,-0.3730040000000372
2023-03-07 23:15:00,2733.044747,2732.640049,2732.698352,-0.4046979999998257,-0.34639500000002954,-0.3755464999999276
2023-03-07 23:30:00,2733.044747,2732.6383,2732.696602,-0.4064469999998437,-0.3481449999999313,-0.3772959999998875
2023-03-08 00:45:00,2733.040089,2732.638229,2732.698776,-0.4018599999999424,-0.34131299999990006,-0.3715864999999212
2023-03-08 01:00:00,2733.043587,2732.641458,2732.697192,-0.402129000000059,-0.34639500000002954,-0.3742620000000443
2023-03-08 01:15:00,2733.041838,2732.640699,2732.69748,-0.4011390000000574,-0.34435800000028394,-0.3727485000001707
2023-03-08 01:45:00,2733.044747,2732.643608,2732.700388,-0.4011390000000574,-0.344358999999713,-0.3727489999998852
2023-03-08 03:15:00,2733.044747,2732.648318,2732.701398,-0.3964289999998982,-0.3433489999997619,-0.36988899999983005
2023-03-08 03:45:00,2733.044167,2732.644778,2732.702568,-0.39938900000015565,-0.3415989999998601,-0.3704940000000079
2023-03-08 04:15:00,2733.042998,2732.64575,2732.700509,-0.3972479999997631,-0.3424890000001142,-0.36986849999993865
2023-03-08 04:45:00,2733.045917,2732.641547,2732.700381,-0.4043699999997443,-0.3455359999998109,-0.3749529999997776
2023-03-08 05:00:00,2733.045917,2732.642529,2732.699521,-0.4033879999997225,-0.34639599999991333,-0.3748919999998179
2023-03-08 05:30:00,2733.045917,2732.643298,2732.704318,-0.40261899999995876,-0.3415989999998601,-0.37210899999990943
2023-03-08 07:00:00,2733.047666,2732.648007,2732.701271,-0.3996590000001561,-0.34639500000002954,-0.3730270000000928
2023-03-08 07:30:00,2733.049415,2732.646527,2732.707364,-0.4028880000000754,-0.34205100000008315,-0.3724695000000793
2023-03-08 08:15:00,2733.048246,2732.644367,2732.702139,-0.4038789999999608,-0.3461069999998472,-0.374992999999904
2023-03-08 08:30:00,2733.043587,2732.64185,2732.69923,-0.40173700000013923,-0.3443569999999454,-0.3730470000000423
2023-03-08 09:30:00,2733.038919,2732.63745,2732.697608,-0.4014689999999064,-0.3413110000001325,-0.3713900000000194
2023-03-08 10:00:00,2733.038909,2732.633051,2732.694687,-0.4058580000000802,-0.3442219999997178,-0.375039999999899
2023-03-08 10:30:00,2733.037749,2732.638031,2732.695141,-0.3997180000001208,-0.3426079999999274,-0.3711630000000241
2023-03-08 10:45:00,2733.034251,2732.634532,2732.691642,-0.3997190000000046,-0.34260900000026595,-0.3711640000001353
2023-03-08 11:00:00,2733.039499,2732.631571,2732.696438,-0.40792800000008356,-0.34306100000003426,-0.3754945000000589
2023-03-08 11:30:00,2733.038919,2732.63597,2732.698905,-0.40294900000026246,-0.3400139999998828,-0.37148150000007263
2023-03-08 12:00:00,2733.03717,2732.634221,2732.697154,-0.40294900000026246,-0.3400160000001051,-0.3714825000001838
2023-03-08 12:30:00,2733.03717,2732.630331,2732.697273,-0.4068390000002182,-0.33989699999983713,-0.3733680000000277
2023-03-08 13:00:00,2733.043587,2732.634998,2732.698897,-0.40858900000012,-0.34468999999990046,-0.37663950000001023
2023-03-08 13:15:00,2733.041838,2732.635988,2732.69499,-0.4058500000001004,-0.3468480000001364,-0.3763490000001184
2023-03-08 13:30:00,2733.041248,2732.633918,2732.696556,-0.40733000000000175,-0.3446920000001228,-0.37601100000006227
2023-03-08 13:45:00,2733.045917,2732.636838,2732.699206,-0.40907900000001973,-0.3467110000001412,-0.37789500000008047
2023-03-08 14:00:00,2733.042998,2732.632429,2732.69542,-0.4105690000001232,-0.3475779999998849,-0.37907350000000406
2023-03-08 14:15:00,2733.044747,2732.633909,2732.698754,-0.4108379999997851,-0.3459929999999076,-0.37841549999984636
2023-03-08 14:30:00,2733.047666,2732.634589,2732.69659,-0.41307700000015757,-0.3510759999999209,-0.38207650000003923
2023-03-08 15:00:00,2733.045917,2732.637408,2732.69484,-0.40850899999986723,-0.3510769999998047,-0.37979299999983596
2023-03-08 15:45:00,2733.047076,2732.637579,2732.696,-0.4094969999996465,-0.3510759999999209,-0.3802864999997837
2023-03-08 16:00:00,2733.048826,2732.635607,2732.700055,-0.4132190000000264,-0.3487710000003972,-0.3809950000002118
2023-03-08 16:15:00,2733.045327,2732.633859,2732.695259,-0.4114679999997861,-0.35006799999973737,-0.38076799999976174
2023-03-08 16:30:00,2733.046496,2732.636778,2732.696882,-0.40971799999988434,-0.34961399999974674,-0.37966599999981554
2023-03-08 16:45:00,2733.045327,2732.634618,2732.69701,-0.41070899999976973,-0.3483169999999518,-0.37951299999986077
2023-03-08 17:00:00,2733.046496,2732.632558,2732.69643,-0.4139380000001438,-0.3500659999999698,-0.3820020000000568
2023-03-08 17:15:00,2733.046496,2732.633548,2732.694679,-0.4129480000001422,-0.35181699999975535,-0.3823824999999488
2023-03-08 17:45:00,2733.048246,2732.636057,2732.699929,-0.41218899999967107,-0.3483169999999518,-0.38025299999981144
2023-03-08 18:00:00,2733.049415,2732.637227,2732.701942,-0.4121879999997873,-0.34747299999980896,-0.3798304999997981
2023-03-08 18:15:00,2733.046496,2732.634576,2732.699475,-0.41192000000000917,-0.34702100000004066,-0.3794705000000249
2023-03-08 18:30:00,2733.047076,2732.630944,2732.693963,-0.4161319999998341,-0.3531129999996665,-0.3846224999997503
2023-03-08 18:45:00,2733.051745,2732.635345,2732.704271,-0.41640000000006694,-0.3474740000001475,-0.3819370000001072
2023-03-08 19:00:00,2733.048246,2732.636023,2732.701225,-0.4122229999998126,-0.34702100000004066,-0.37962199999992663
2023-03-08 19:15:00,2733.048246,2732.632875,2732.702522,-0.4153710000000501,-0.345723999999791,-0.38054749999992055
2023-03-08 19:30:00,2733.046496,2732.631394,2732.703262,-0.41510199999993347,-0.34323399999993853,-0.379167999999936
2023-03-08 20:00:00,2733.049995,2732.640282,2732.703715,-0.40971300000001065,-0.34627999999975145,-0.37799649999988105
2023-03-08 20:15:00,2733.047076,2732.634133,2732.700796,-0.41294299999981376,-0.34627999999975145,-0.3796114999997826
2023-03-08 20:30:00,2733.048826,2732.637052,2732.703841,-0.4117740000001504,-0.34498500000017884,-0.3783795000001646
2023-03-08 21:45:00,2733.045917,2732.63244,2732.70297,-0.41347700000005716,-0.3429470000000947,-0.37821200000007593
2023-03-08 22:15:00,2733.049415,2732.63096,2732.706469,-0.41845499999999447,-0.34294599999975617,-0.3807004999998753
2023-03-08 22:30:00,2733.047076,2732.630639,2732.702833,-0.41643699999985984,-0.34424300000000585,-0.38033999999993284
2023-03-08 23:30:00,2733.045327,2732.63284,2732.702092,-0.4124869999996008,-0.3432349999998223,-0.37786099999971157
2023-03-09 00:00:00,2733.047076,2732.631359,2732.705879,-0.41571699999985867,-0.3411969999997382,-0.3784569999997984
2023-03-09 00:15:00,2733.050575,2732.638089,2732.709377,-0.41248600000017177,-0.3411980000000767,-0.37684200000012424
2023-03-09 00:45:00,2733.047076,2732.633868,2732.708926,-0.4132079999999405,-0.3381500000000415,-0.375678999999991
2023-03-09 01:00:00,2733.049415,2732.63271,2732.709514,-0.4167050000000927,-0.33990099999982704,-0.37830299999995987
2023-03-09 01:15:00,2733.050575,2732.637099,2732.71399,-0.41347600000017337,-0.3365850000000137,-0.3750305000000935
2023-03-09 01:30:00,2733.045917,2732.635939,2732.711533,-0.4099780000001374,-0.33438399999977264,-0.372180999999955
2023-03-09 01:45:00,2733.049415,2732.639168,2732.713283,-0.4102469999997993,-0.33613199999990684,-0.37318949999985307
2023-03-09 02:30:00,2733.048836,2732.64131,2732.711987,-0.40752599999996164,-0.3368489999998019,-0.37218749999988177
2023-03-09 02:45:00,2733.047666,2732.640239,2732.710237,-0.4074270000000979,-0.3374290000001565,-0.3724280000001272
2023-03-09 03:15:00,2733.048826,2732.647858,2732.714896,-0.40096800000037547,-0.33393000000023676,-0.3674490000003061
2023-03-09 03:30:00,2733.048826,2732.646108,2732.714442,-0.40271800000027724,-0.3343840000002274,-0.3685510000002523
2023-03-09 04:15:00,2733.048826,2732.64494,2732.715739,-0.4038860000000568,-0.3330869999999777,-0.36848650000001726
2023-03-09 04:45:00,2733.050575,2732.648169,2732.716766,-0.4024060000001555,-0.3338090000002012,-0.36810750000017833
2023-03-09 06:00:00,2733.049415,2732.64742,2732.719376,-0.40199500000016997,-0.33003899999994246,-0.3660170000000562
2023-03-09 06:15:00,2733.049415,2732.647008,2732.715032,-0.40240700000003926,-0.33438299999988885,-0.36839499999996406
2023-03-09 06:30:00,2733.047666,2732.649659,2732.718079,-0.3980069999997795,-0.3295869999997194,-0.36379699999974946
2023-03-09 07:15:00,2733.048836,2732.65388,2732.720115,-0.3949560000000929,-0.3287209999998595,-0.3618384999999762
2023-03-09 07:45:00,2733.050585,2732.65172,2732.720569,-0.3988650000001144,-0.33001599999988684,-0.3644405000000006
2023-03-09 08:00:00,2733.047666,2732.65203,2732.720695,-0.3956359999997403,-0.3269709999999577,-0.361303499999849
2023-03-09 08:15:00,2733.047666,2732.649292,2732.721992,-0.3983739999998761,-0.3256740000001628,-0.36202400000001944
2023-03-09 08:30:00,2733.047666,2732.649969,2732.719383,-0.39769699999988006,-0.32828299999982846,-0.36298999999985426
2023-03-09 08:45:00,2733.048246,2732.65145,2732.72025,-0.3967959999999948,-0.32799599999998463,-0.3623959999999897
2023-03-09 09:00:00,2733.045337,2732.648132,2732.71909,-0.39720500000021275,-0.32624699999996665,-0.3617260000000897
2023-03-09 09:15:00,2733.047086,2732.653521,2732.717793,-0.39356499999985317,-0.3292930000002343,-0.36142900000004374
2023-03-09 09:45:00,2733.042418,2732.651323,2732.710079,-0.39109499999995023,-0.33233900000004724,-0.36171699999999873
2023-03-09 10:00:00,2733.042418,2732.646693,2732.714874,-0.39572499999985666,-0.32754400000021633,-0.3616345000000365
2023-03-09 10:15:00,2733.040658,2732.651305,2732.715724,-0.38935300000002826,-0.32493399999975736,-0.3571434999998928
2023-03-09 10:30:00,2733.045327,2732.652743,2732.718643,-0.39258399999971516,-0.32668399999965914,-0.35963399999968715
2023-03-09 10:45:00,2733.044157,2732.653053,2732.718769,-0.3911039999998138,-0.325387999999748,-0.3582459999997809
2023-03-09 11:00:00,2733.039499,2732.650144,2732.717611,-0.38935499999979584,-0.32188799999994444,-0.35562149999987014
2023-03-09 11:15:00,2733.044157,2732.655302,2732.717473,-0.388854999999694,-0.32668399999965914,-0.35776949999967655
2023-03-09 11:30:00,2733.044157,2732.652072,2732.71951,-0.39208499999995183,-0.32464699999991353,-0.3583659999999327
2023-03-09 11:45:00,2733.042998,2732.652803,2732.714564,-0.3901949999999488,-0.32843400000001566,-0.3593144999999822
2023-03-09 12:00:00,2733.042998,2732.649573,2732.713554,-0.3934249999997519,-0.32944399999996676,-0.3614344999998593
2023-03-09 12:30:00,2733.042998,2732.652714,2732.715304,-0.39028400000006513,-0.327694000000065,-0.35898900000006506
2023-03-09 13:30:00,2733.041248,2732.650963,2732.711519,-0.3902849999999489,-0.329729000000043,-0.36000699999999597
2023-03-09 13:45:00,2733.044157,2732.652394,2732.714428,-0.39176299999962794,-0.32972899999958827,-0.3607459999996081
2023-03-09 14:15:00,2733.042408,2732.650643,2732.713974,-0.39176499999985026,-0.32843400000001566,-0.36009949999993296
2023-03-09 16:15:00,2733.044747,2732.652003,2732.716314,-0.39274399999976595,-0.32843300000013187,-0.3605884999999489
2023-03-09 16:45:00,2733.047666,2732.652662,2732.715018,-0.3950039999999717,-0.3326480000000629,-0.3638260000000173
2023-03-09 17:15:00,2733.047656,2732.655571,2732.716917,-0.3920850000004066,-0.3307389999999941,-0.36141200000020035
2023-03-09 17:30:00,2733.048826,2732.652832,2732.713872,-0.3959939999999733,-0.3349540000003799,-0.3654740000001766
2023-03-09 18:00:00,2733.044167,2732.651672,2732.717053,-0.39249500000005355,-0.3271140000001651,-0.35980450000010933
2023-03-09 18:30:00,2733.047666,2732.658402,2732.720552,-0.3892639999999119,-0.32711399999971036,-0.35818899999981113
2023-03-09 18:45:00,2733.047666,2732.654181,2732.72084,-0.39348500000005515,-0.32682599999998274,-0.36015550000001895
2023-03-09 19:00:00,2733.049415,2732.656341,2732.719544,-0.39307400000006965,-0.3298709999999119,-0.36147249999999076
2023-03-09 19:30:00,2733.049415,2732.654861,2732.722589,-0.394553999999971,-0.32682599999998274,-0.36068999999997686
2023-03-09 20:30:00,2733.047666,2732.6585,2732.722137,-0.38916599999993196,-0.32552899999973306,-0.3573474999998325
2023-03-09 20:45:00,2733.051165,2732.65877,2732.726932,-0.3923949999998513,-0.3242329999998219,-0.3583139999998366
2023-03-09 21:00:00,2733.052914,2732.661999,2732.727384,-0.39091499999994994,-0.3255300000000716,-0.35822250000001077
2023-03-09 21:45:00,2733.051745,2732.662399,2732.725189,-0.389346000000387,-0.32655600000043705,-0.357951000000412
2023-03-09 22:00:00,2733.051165,2732.655939,2732.723438,-0.3952259999996386,-0.327726999999868,-0.3614764999997533
2023-03-09 22:15:00,2733.052914,2732.66034,2732.724322,-0.3925739999999678,-0.3285919999998441,-0.36058299999990595
2023-03-09 23:00:00,2733.053494,2732.659438,2732.726938,-0.3940559999996367,-0.3265559999999823,-0.3603059999998095
2023-03-09 23:15:00,2733.052914,2732.662089,2732.726071,-0.3908249999999498,-0.32684299999982613,-0.35883399999988796
2023-03-09 23:30:00,2733.048826,2732.65917,2732.723152,-0.38965600000028644,-0.3256740000001628,-0.3576650000002246
2023-03-09 23:45:00,2733.049995,2732.6567,2732.720846,-0.39329499999985273,-0.3291489999996884,-0.36122199999977056
2023-03-10 00:30:00,2733.051165,2732.658858,2732.725636,-0.39230700000007346,-0.32552899999973306,-0.35891799999990326
2023-03-10 01:15:00,2733.050575,2732.655306,2732.728091,-0.39526900000009846,-0.3224840000002587,-0.35887650000017857
2023-03-10 01:45:00,2733.049415,2732.656038,2732.725182,-0.3933769999998731,-0.3242329999998219,-0.3588049999998475
2023-03-10 02:15:00,2733.052324,2732.658537,2732.729841,-0.39378700000042954,-0.3224830000003749,-0.3581350000004022
2023-03-10 03:00:00,2733.051165,2732.659537,2732.728681,-0.3916279999998551,-0.3224839999998039,-0.3570559999998295
2023-03-10 03:30:00,2733.050575,2732.661268,2732.728545,-0.3893070000003718,-0.32203000000026805,-0.3556685000003199
2023-03-10 03:45:00,2733.048826,2732.659519,2732.726794,-0.3893070000003718,-0.3220320000000356,-0.3556695000002037
2023-03-10 04:00:00,2733.051745,2732.660687,2732.728975,-0.39105800000015734,-0.3227700000002187,-0.356914000000188
2023-03-10 04:30:00,2733.048826,2732.656698,2732.727224,-0.3921280000004117,-0.3216019999999844,-0.35686500000019805
2023-03-10 04:45:00,2733.048826,2732.659929,2732.728521,-0.38889700000027005,-0.32030500000018947,-0.35460100000022976
2023-03-10 05:15:00,2733.050575,2732.664908,2732.730271,-0.3856670000000122,-0.3203040000003057,-0.35298550000015894
2023-03-10 05:45:00,2733.049995,2732.663918,2732.729405,-0.38607699999965917,-0.32058999999981097,-0.35333349999973507
2023-03-10 08:00:00,2733.046496,2732.664369,2732.725906,-0.3821269999998549,-0.32058999999981097,-0.35135849999983293
2023-03-10 09:15:00,2733.048246,2732.6618,2732.72836,-0.3864459999999781,-0.3198859999997694,-0.35316599999987375
2023-03-10 09:45:00,2733.044167,2732.655581,2732.727328,-0.3885860000000321,-0.3168390000000727,-0.3527125000000524
2023-03-10 10:00:00,2733.042418,2732.654492,2732.721236,-0.3879259999998794,-0.3211820000001353,-0.35455400000000736
2023-03-10 10:15:00,2733.045337,2732.65675,2732.725452,-0.38858699999991586,-0.3198849999998856,-0.35423599999990074
2023-03-10 10:30:00,2733.046496,2732.66114,2732.726342,-0.3853559999997742,-0.32015400000000227,-0.35275499999988824
2023-03-10 10:45:00,2733.042418,2732.657061,2732.724283,-0.38535700000011275,-0.31813499999998385,-0.3517460000000483
2023-03-10 11:30:00,2733.047086,2732.65998,2732.727202,-0.38710600000013073,-0.31988400000000183,-0.3534950000000663
2023-03-10 12:15:00,2733.048246,2732.65791,2732.727639,-0.39033599999993385,-0.32060699999965436,-0.3554714999997941
2023-03-10 12:45:00,2733.044747,2732.656741,2732.724592,-0.3880060000001322,-0.32015499999988606,-0.3540805000000091
2023-03-10 13:30:00,2733.048246,2732.661451,2732.725,-0.38679499999989275,-0.3232459999999264,-0.3550204999999096
2023-03-10 14:15:00,2733.049415,2732.653201,2732.727178,-0.3962139999998726,-0.3222369999998591,-0.35922549999986586
2023-03-10 14:45:00,2733.048836,2732.65818,2732.727608,-0.3906560000000354,-0.3212279999997918,-0.3559419999999136
2023-03-10 15:00:00,2733.048826,2732.654359,2732.723973,-0.39446700000007695,-0.32485300000007555,-0.35966000000007625
2023-03-10 15:15:00,2733.051745,2732.660009,2732.726891,-0.39173600000003717,-0.3248540000004141,-0.3582950000002256
2023-03-10 15:30:00,2733.055243,2732.65678,2732.728188,-0.39846299999999246,-0.32705499999974563,-0.36275899999986905
2023-03-10 15:45:00,2733.053494,2732.658529,2732.729938,-0.3949649999999565,-0.32355599999982587,-0.3592604999998912
2023-03-10 16:00:00,2733.054664,2732.659699,2732.730385,-0.3949649999999565,-0.32427899999993315,-0.3596219999999448
2023-03-10 16:15:00,2733.055243,2732.659298,2732.732983,-0.39594499999975596,-0.3222599999999147,-0.35910249999983535
2023-03-10 16:30:00,2733.058162,2732.662217,2732.730837,-0.39594499999975596,-0.32732499999974607,-0.361634999999751
2023-03-10 16:45:00,2733.055243,2732.662527,2732.73226,-0.39271599999983664,-0.32298299999956726,-0.35784949999970195
2023-03-10 17:30:00,2733.056413,2732.663966,2732.729089,-0.39244699999972,-0.3273239999998623,-0.35988549999979114
2023-03-10 17:45:00,2733.057573,2732.663375,2732.734591,-0.3941979999999603,-0.3229820000001382,-0.35859000000004926
2023-03-10 18:15:00,2733.055243,2732.665037,2732.731235,-0.39020599999957994,-0.3240079999995942,-0.35710699999958706
2023-03-10 18:30:00,2733.058162,2732.666475,2732.73603,-0.3916869999998198,-0.32213199999978315,-0.3569094999998015
2023-03-10 19:00:00,2733.061081,2732.668635,2732.734154,-0.3924459999998362,-0.32692699999961405,-0.35968649999972513
2023-03-10 19:15:00,2733.059912,2732.669974,2732.735186,-0.3899380000002566,-0.3247260000002825,-0.35733200000026955
2023-03-10 19:30:00,2733.061081,2732.667913,2732.737653,-0.39316799999960494,-0.3234279999996943,-0.3582979999996496
2023-03-10 19:45:00,2733.059912,2732.669394,2732.735902,-0.39051800000015646,-0.32401000000027125,-0.35726400000021385
2023-03-10 20:15:00,2733.058162,2732.666703,2732.734606,-0.3914589999999407,-0.32355599999982587,-0.3575074999998833
2023-03-10 20:30:00,2733.057573,2732.666113,2732.738359,-0.3914599999998245,-0.3192140000001018,-0.35533699999996315
2023-03-10 20:45:00,2733.059322,2732.667861,2732.735766,-0.39146100000016304,-0.3235560000002806,-0.35750850000022183
2023-03-10 21:00:00,2733.061071,2732.671092,2732.736793,-0.3899790000000394,-0.32427800000004936,-0.35712850000004437
2023-03-10 21:15:00,2733.058162,2732.672092,2732.738949,-0.3860700000000179,-0.31921299999976327,-0.3526414999998906
2023-03-10 21:30:00,2733.059912,2732.671111,2732.740246,-0.3888010000000577,-0.31966600000032486,-0.35423350000019127
2023-03-10 22:15:00,2733.056413,2732.669631,2732.741542,-0.3867819999995845,-0.31487099999958446,-0.3508264999995845
2023-03-10 23:15:00,2733.057573,2732.676072,2732.741135,-0.38150099999984377,-0.3164379999998346,-0.34896949999983917
2023-03-10 23:30:00,2733.054074,2732.675001,2732.741406,-0.37907300000006217,-0.3126680000000306,-0.3458705000000464
2023-03-11 00:30:00,2733.055823,2732.67971,2732.740127,-0.3761130000002595,-0.31569600000011633,-0.3459045000001879
2023-03-11 01:00:00,2733.056993,2732.6794,2732.745639,-0.37759300000016083,-0.3113539999999375,-0.34447350000004917
2023-03-11 01:15:00,2733.054074,2732.679031,2732.744469,-0.3750430000000051,-0.30960499999991953,-0.3423239999999623
2023-03-11 01:30:00,2733.056993,2732.68411,2732.750435,-0.37288300000000163,-0.3065580000002228,-0.3397205000001122
2023-03-11 01:45:00,2733.053494,2732.68187,2732.747388,-0.3716239999998834,-0.30610599999999977,-0.3388649999999416
2023-03-11 02:00:00,2733.051745,2732.685902,2732.743602,-0.3658430000000408,-0.3081430000002001,-0.33699300000012045
2023-03-11 02:30:00,2733.056403,2732.684509,2732.747808,-0.3718939999998838,-0.3085949999999684,-0.3402444999999261
2023-03-11 03:15:00,2733.058152,2732.688721,2732.751595,-0.3694310000000769,-0.3065569999998843,-0.3379939999999806
2023-03-11 03:30:00,2733.056413,2732.689212,2732.753321,-0.367200999999568,-0.3030919999996513,-0.33514649999960966
2023-03-11 04:00:00,2733.055833,2732.69022,2732.753751,-0.36561299999993935,-0.3020819999997002,-0.3338474999998198
2023-03-11 04:15:00,2733.055833,2732.691969,2732.751158,-0.36386399999992136,-0.30467499999986103,-0.3342694999998912
2023-03-11 04:30:00,2733.058742,2732.69353,2732.75608,-0.36521200000015597,-0.30266200000005483,-0.3339370000001054
2023-03-11 04:45:00,2733.052324,2732.690341,2732.748095,-0.36198300000023664,-0.30422900000030495,-0.3331060000002708
2023-03-11 05:00:00,2733.055243,2732.69559,2732.752764,-0.35965299999998024,-0.30247899999994843,-0.33106599999996433
2023-03-11 05:15:00,2733.055823,2732.691682,2732.761002,-0.3641410000000178,-0.29482099999995626,-0.32948099999998703
2023-03-11 05:30:00,2733.055823,2732.692859,2732.75491,-0.3629639999999199,-0.30091300000003685,-0.3319384999999784
2023-03-11 05:45:00,2733.054074,2732.69384,2732.75666,-0.36023400000021866,-0.2974140000001171,-0.32882400000016787
2023-03-11 06:00:00,2733.055243,2732.691102,2732.757376,-0.3641410000000178,-0.2978669999997692,-0.3310039999998935
2023-03-11 06:15:00,2733.054074,2732.688183,2732.754457,-0.3658909999999196,-0.2996170000001257,-0.33275400000002264
2023-03-11 06:30:00,2733.055823,2732.695321,2732.759253,-0.36050199999999677,-0.29656999999997424,-0.3285359999999855
2023-03-11 06:45:00,2733.052324,2732.693572,2732.757503,-0.358752000000095,-0.294821000000411,-0.326786500000253
2023-03-11 07:00:00,2733.050575,2732.689664,2732.757051,-0.3609110000002147,-0.2935240000001613,-0.327217500000188
2023-03-11 07:15:00,2733.051165,2732.694162,2732.755047,-0.357003000000077,-0.2961179999997512,-0.3265604999999141
2023-03-11 07:45:00,2733.055823,2732.694339,2732.761289,-0.36148400000001857,-0.29453400000011243,-0.3280090000000655
2023-03-11 08:00:00,2733.054084,2732.69641,2732.761879,-0.3576739999998608,-0.2922049999997398,-0.3249394999998003
2023-03-11 08:30:00,2733.052914,2732.687031,2732.75896,-0.3658829999999398,-0.2939539999997578,-0.3299184999998488
2023-03-11 08:45:00,2733.052914,2732.693491,2732.757664,-0.3594229999998788,-0.29524999999966894,-0.3273364999997739
2023-03-11 09:15:00,2733.049995,2732.692712,2732.753448,-0.3572829999998248,-0.2965469999999186,-0.3269149999998717
2023-03-11 09:30:00,2733.054664,2732.694643,2732.759701,-0.3600209999999606,-0.2949629999998251,-0.32749199999989287
2023-03-11 09:45:00,2733.049995,2732.694463,2732.75853,-0.35553200000003926,-0.29146499999978914,-0.3234984999999142
2023-03-11 10:00:00,2733.053494,2732.693034,2732.759827,-0.36045999999987544,-0.29366699999991397,-0.3270634999998947
2023-03-11 10:30:00,2733.054664,2732.695633,2732.764496,-0.359030999999959,-0.2901679999999942,-0.3245994999999766
2023-03-11 10:45:00,2733.053494,2732.693473,2732.760281,-0.3600209999999606,-0.29321299999992334,-0.326616999999942
2023-03-11 11:00:00,2733.056413,2732.697381,2732.7632,-0.3590319999998428,-0.29321299999992334,-0.3261224999998831
2023-03-11 11:45:00,2733.056413,2732.694971,2732.762746,-0.36144199999989723,-0.29366699999991397,-0.3275544999999056
2023-03-11 12:00:00,2733.054664,2732.697113,2732.765339,-0.35755099999960294,-0.28932499999973516,-0.32343799999966905
2023-03-11 12:15:00,2733.049995,2732.695943,2732.76417,-0.3540519999996832,-0.2858249999999316,-0.3199384999998074
2023-03-11 12:45:00,2733.054664,2732.698092,2732.763304,-0.35657199999968725,-0.2913599999997132,-0.3239659999997002
2023-03-11 13:00:00,2733.061071,2732.701781,2732.767541,-0.35928999999987354,-0.2935299999999188,-0.32640999999989617
2023-03-11 13:15:00,2733.055243,2732.699172,2732.762874,-0.3560709999997016,-0.2923689999997805,-0.32421999999974105
2023-03-11 13:30:00,2733.058162,2732.701022,2732.766516,-0.35713999999961743,-0.2916459999996732,-0.3243929999996453
2023-03-11 13:45:00,2733.053494,2732.694953,2732.757234,-0.35854099999960454,-0.29625999999962005,-0.3274004999996123
2023-03-11 14:00:00,2733.056993,2732.696702,2732.767669,-0.36029099999996106,-0.2893240000003061,-0.3248075000001336
2023-03-11 15:15:00,2733.059332,2732.705011,2732.764368,-0.3543209999997998,-0.2949639999997089,-0.32464249999975436
2023-03-11 15:45:00,2733.056413,2732.702361,2732.770588,-0.3540519999996832,-0.2858249999999316,-0.3199384999998074
2023-03-11 16:30:00,2733.059912,2732.69882,2732.766245,-0.3610920000000988,-0.2936670000003687,-0.32737950000023375
2023-03-11 16:45:00,2733.059912,2732.7003,2732.769292,-0.35961200000019744,-0.29062000000021726,-0.32511600000020735
2023-03-11 17:30:00,2733.058162,2732.69783,2732.768838,-0.36033199999974386,-0.28932399999985137,-0.3248279999997976
2023-03-11 18:00:00,2733.058162,2732.694869,2732.771885,-0.36329299999988507,-0.2862769999996999,-0.3247849999997925
2023-03-11 18:30:00,2733.056993,2732.695146,2732.770141,-0.36184700000012526,-0.28685200000018085,-0.32434950000015306
2023-03-11 19:00:00,2733.059902,2732.695907,2732.776233,-0.36399500000015905,-0.283668999999918,-0.32383200000003853
2023-03-11 19:15:00,2733.058152,2732.696897,2732.77189,-0.3612550000002557,-0.28626200000007884,-0.32375850000016726
2023-03-11 19:30:00,2733.058152,2732.697387,2732.773186,-0.3607649999999012,-0.2849660000001677,-0.32286550000003444
2023-03-11 19:45:00,2733.058152,2732.693666,2732.774937,-0.3644859999999426,-0.2832149999999274,-0.323850499999935
2023-03-11 20:15:00,2733.059902,2732.694426,2732.776974,-0.3654759999999442,-0.28292800000008356,-0.32420200000001387
2023-03-11 20:45:00,2733.056993,2732.690528,2732.77711,-0.366465000000062,-0.2798830000001544,-0.3231740000001082
2023-03-11 21:00:00,2733.060492,2732.694027,2732.777562,-0.366465000000062,-0.28292999999985113,-0.32469749999995656
2023-03-11 21:15:00,2733.056993,2732.693347,2732.775814,-0.3636460000002444,-0.28117900000006557,-0.322412500000155
2023-03-11 21:30:00,2733.056993,2732.697646,2732.774517,-0.3593470000000707,-0.28247600000031525,-0.320911500000193
2023-03-11 22:15:00,2733.058742,2732.696497,2732.779313,-0.3622450000002573,-0.2794290000001638,-0.32083700000021054
2023-03-11 22:45:00,2733.058742,2732.697978,2732.780609,-0.3607640000000174,-0.27813300000025265,-0.319448500000135
2023-03-11 23:00:00,2733.056993,2732.695818,2732.778859,-0.3611750000000029,-0.27813400000013644,-0.3196545000000697
2023-03-12 00:00:00,2733.059902,2732.696978,2732.783066,-0.3629240000000209,-0.27683600000000297,-0.31988000000001193
2023-03-12 00:15:00,2733.058152,2732.700928,2732.778271,-0.3572239999998601,-0.2798809999999321,-0.3185524999998961
2023-03-12 00:30:00,2733.058152,2732.702096,2732.778723,-0.35605600000008053,-0.2794290000001638,-0.31774250000012216
2023-03-12 01:00:00,2733.058742,2732.699457,2732.779599,-0.35928499999999985,-0.27914300000020376,-0.3192140000001018
2023-03-12 01:45:00,2733.059902,2732.702408,2732.780019,-0.35749399999986053,-0.2798830000001544,-0.3186885000000075
2023-03-12 02:15:00,2733.060492,2732.702418,2732.783943,-0.35807400000021516,-0.27654900000015914,-0.31731150000018715
2023-03-12 03:30:00,2733.058742,2732.702416,2732.785239,-0.35632600000008097,-0.2735030000003462,-0.3149145000002136
2023-03-12 03:45:00,2733.059902,2732.704566,2732.784363,-0.35533600000007937,-0.2755389999997533,-0.3154374999999163
2023-03-12 04:00:00,2733.056993,2732.701248,2732.783202,-0.3557450000002973,-0.27379100000007384,-0.31476800000018557
2023-03-12 04:15:00,2733.058152,2732.704157,2732.786111,-0.3539949999999408,-0.27204100000017206,-0.3130180000000564
2023-03-12 04:30:00,2733.058152,2732.702406,2732.785659,-0.3557460000001811,-0.27249299999994037,-0.3141195000000607
2023-03-12 04:45:00,2733.061651,2732.708065,2732.789897,-0.3535860000001776,-0.2717539999998735,-0.31267000000002554
2023-03-12 05:15:00,2733.058742,2732.704887,2732.786988,-0.35385500000029424,-0.27175400000032823,-0.31280450000031124
2023-03-12 05:30:00,2733.056993,2732.704209,2732.788285,-0.3527840000001561,-0.26870800000006057,-0.3107460000001083
2023-03-12 05:45:00,2733.058152,2732.705367,2732.789445,-0.3527850000000399,-0.2687070000001768,-0.3107460000001083
2023-03-12 06:00:00,2733.059902,2732.708099,2732.791194,-0.3518030000000181,-0.26870800000006057,-0.3102555000000393
2023-03-12 07:00:00,2733.060492,2732.708385,2732.79121,-0.35210700000016004,-0.26928200000020297,-0.3106945000001815
2023-03-12 07:15:00,2733.060492,2732.708876,2732.79164,-0.35161599999992177,-0.26885200000015175,-0.31023400000003676
2023-03-12 07:45:00,2733.059322,2732.710937,2732.793517,-0.34838500000023487,-0.2658050000000003,-0.3070950000001176
2023-03-12 08:15:00,2733.060492,2732.708367,2732.794255,-0.3521249999998872,-0.26623700000027384,-0.30918100000008053
2023-03-12 08:30:00,2733.057573,2732.705939,2732.791337,-0.3516340000001037,-0.2662359999999353,-0.3089350000000195
2023-03-12 09:00:00,2733.059912,2732.708009,2732.791927,-0.35190300000022035,-0.2679849999999533,-0.3099440000000868
2023-03-12 09:15:00,2733.056413,2732.706261,2732.789168,-0.35015199999998003,-0.2672450000000026,-0.3086984999999913
2023-03-12 09:30:00,2733.056413,2732.707438,2732.792213,-0.34897499999988213,-0.26419999999961874,-0.30658749999975043
2023-03-12 09:45:00,2733.055243,2732.703039,2732.787998,-0.35220399999980145,-0.2672450000000026,-0.30972449999990204
2023-03-12 10:00:00,2733.049415,2732.697211,2732.782168,-0.35220399999980145,-0.2672469999997702,-0.3097254999997858
2023-03-12 10:15:00,2733.050575,2732.7016,2732.786376,-0.3489750000003369,-0.2641990000001897,-0.3065870000002633
2023-03-12 10:30:00,2733.052324,2732.703349,2732.788124,-0.3489750000003369,-0.2642000000000735,-0.3065875000002052
2023-03-12 10:45:00,2733.050585,2732.69896,2732.783919,-0.35162499999978536,-0.2666659999999865,-0.30914549999988594
2023-03-12 11:00:00,2733.050585,2732.699369,2732.782892,-0.3512160000000222,-0.267692999999781,-0.3094544999999016
2023-03-12 11:15:00,2733.052334,2732.70161,2732.785939,-0.3507239999999001,-0.2663950000001023,-0.3085595000000012
2023-03-12 11:30:00,2733.057583,2732.705109,2732.789438,-0.3524739999998019,-0.2681450000000041,-0.310309499999903
2023-03-12 11:45:00,2733.054084,2732.704839,2732.787687,-0.34924499999988257,-0.2663969999998699,-0.3078209999998762
2023-03-12 12:45:00,2733.052334,2732.697889,2732.787235,-0.3544449999999415,-0.26509900000019115,-0.3097720000000663
2023-03-12 13:30:00,2733.055243,2732.702548,2732.791171,-0.352694999999585,-0.2640719999999419,-0.30838349999976344
2023-03-12 14:00:00,2733.053494,2732.701868,2732.787672,-0.35162599999966915,-0.2658219999998437,-0.3087239999997564
2023-03-12 14:30:00,2733.055243,2732.70129,2732.790138,-0.35395299999981944,-0.26510499999994863,-0.30952899999988404
2023-03-12 14:45:00,2733.058742,2732.701558,2732.791601,-0.3571839999999611,-0.2671410000002652,-0.31216250000011314
2023-03-12 15:00:00,2733.058162,2732.700479,2732.79277,-0.3576829999997244,-0.26539199999979246,-0.31153749999975844
2023-03-12 15:15:00,2733.058162,2732.708688,2732.79452,-0.34947399999964546,-0.2636419999998907,-0.30655799999976807
2023-03-12 15:30:00,2733.056413,2732.70196,2732.791021,-0.3544529999999213,-0.26539199999979246,-0.3099224999998569
2023-03-12 15:45:00,2733.056413,2732.70344,2732.792317,-0.35297300000001997,-0.2640959999998813,-0.30853449999995064
2023-03-12 16:15:00,2733.056413,2732.70371,2732.789724,-0.35270300000001953,-0.2666889999995874,-0.30969599999980346
2023-03-12 16:30:00,2733.059322,2732.70419,2732.792181,-0.35513200000013967,-0.2671410000002652,-0.31113650000020243
2023-03-12 16:45:00,2733.061071,2732.705939,2732.79393,-0.35513200000013967,-0.2671410000002652,-0.31113650000020243
2023-03-12 17:45:00,2733.061081,2732.706939,2732.794807,-0.3541419999996833,-0.266273999999612,-0.31020799999964765
2023-03-12 18:00:00,2733.062831,2732.703797,2732.79526,-0.35903400000006513,-0.2675710000003164,-0.3133025000001908
2023-03-12 18:30:00,2733.059912,2732.706538,2732.792793,-0.3533740000002581,-0.26711900000009337,-0.31024650000017573
2023-03-12 19:15:00,2733.061661,2732.707296,2732.796562,-0.3543650000001435,-0.26509900000019115,-0.3097320000001673
2023-03-12 20:00:00,2733.058742,2732.704378,2732.790596,-0.3543640000002597,-0.2681460000003426,-0.31125500000030115
2023-03-12 20:30:00,2733.059332,2732.704388,2732.794233,-0.35494399999970483,-0.2650989999997364,-0.3100214999997206
2023-03-12 21:15:00,2733.057583,2732.706635,2732.793223,-0.3509479999997893,-0.2643599999996695,-0.3076539999997294
2023-03-12 23:30:00,2733.062241,2732.708278,2732.794972,-0.35396300000002157,-0.267268999999942,-0.3106159999999818
2023-03-12 23:45:00,2733.057573,2732.706839,2732.792053,-0.35073400000010224,-0.26551999999992404,-0.30812700000001314
2023-03-13 00:45:00,2733.058742,2732.705546,2732.791473,-0.3531960000000254,-0.267268999999942,-0.3102324999999837
2023-03-13 01:15:00,2733.061081,2732.710027,2732.796269,-0.35105399999974907,-0.2648119999998926,-0.3079329999998208
2023-03-13 02:30:00,2733.057573,2732.707927,2732.790757,-0.3496460000001207,-0.2668159999998352,-0.30823099999997794
2023-03-13 02:45:00,2733.060492,2732.710577,2732.793224,-0.34991500000023734,-0.26726800000005824,-0.3085915000001478
2023-03-13 04:00:00,2733.061081,2732.706856,2732.794234,-0.3542250000000422,-0.2668469999998706,-0.3105359999999564
2023-03-13 04:15:00,2733.057583,2732.708336,2732.79378,-0.34924699999965014,-0.26380299999982526,-0.3065249999997377
2023-03-13 04:45:00,2733.062241,2732.708016,2732.796688,-0.3542250000000422,-0.2655530000001818,-0.309889000000112
2023-03-13 07:15:00,2733.062241,2732.707027,2732.797429,-0.35521400000016,-0.2648119999998926,-0.3100130000000263
2023-03-13 07:30:00,2733.06515,2732.712006,2732.799178,-0.3531439999997019,-0.26597199999969234,-0.30955799999969713
2023-03-13 08:15:00,2733.061071,2732.708587,2732.792507,-0.352484000000004,-0.2685639999999694,-0.3105239999999867
2023-03-13 08:45:00,2733.061071,2732.707337,2732.792794,-0.3537340000002587,-0.26827700000012555,-0.3110055000001921
2023-03-13 09:00:00,2733.059902,2732.709397,2732.791623,-0.3505049999998846,-0.26827899999989313,-0.30939199999988887
2023-03-13 09:15:00,2733.061651,2732.707648,2732.792061,-0.3540029999999206,-0.2695899999998801,-0.31179649999990033
2023-03-13 09:30:00,2733.059902,2732.706168,2732.795967,-0.3537339999998039,-0.26393499999994674,-0.30883449999987533
2023-03-13 09:45:00,2733.056403,2732.705898,2732.790312,-0.3505049999998846,-0.26609099999996033,-0.30829799999992247
2023-03-13 10:00:00,2733.055243,2732.703258,2732.786105,-0.35198499999978594,-0.26913799999965704,-0.3105614999997215
2023-03-13 10:15:00,2733.053494,2732.702989,2732.787402,-0.3505049999998846,-0.2660919999998441,-0.30829849999986436
2023-03-13 10:30:00,2733.053494,2732.70397,2732.788261,-0.3495239999997466,-0.26523299999962546,-0.30737849999968603
2023-03-13 10:45:00,2733.055243,2732.704738,2732.786964,-0.3505049999998846,-0.26827899999989313,-0.30939199999988887
2023-03-13 11:00:00,2733.053494,2732.705451,2732.785216,-0.34804299999996147,-0.2682779999995546,-0.30816049999975803
2023-03-13 11:30:00,2733.056403,2732.705399,2732.789134,-0.3510040000001027,-0.267268999999942,-0.30913650000002235
2023-03-13 12:15:00,2733.055823,2732.707388,2732.790303,-0.348435000000336,-0.26551999999992404,-0.30697750000013
2023-03-13 13:15:00,2733.051165,2732.703399,2732.784769,-0.347765999999865,-0.2663959999999861,-0.30708099999992555
2023-03-13 13:30:00,2733.056413,2732.704657,2732.789564,-0.3517559999995683,-0.2668489999996382,-0.30930249999960324
2023-03-13 13:45:00,2733.055833,2732.705148,2732.785937,-0.3506849999998849,-0.26989599999978964,-0.31029049999983727
2023-03-13 14:00:00,2733.057583,2732.707308,2732.787233,-0.3502749999997832,-0.27034999999978027,-0.3103124999997817
2023-03-13 14:15:00,2733.061081,2732.706898,2732.789436,-0.35418299999992087,-0.2716449999998076,-0.31291399999986425
2023-03-13 14:30:00,2733.058742,2732.708468,2732.786828,-0.35027400000035414,-0.271914000000379,-0.3110940000003666
2023-03-13 14:45:00,2733.058742,2732.706987,2732.788576,-0.35175500000013926,-0.2701660000002448,-0.31096050000019204
2023-03-13 15:00:00,2733.060492,2732.710216,2732.789873,-0.3502760000001217,-0.2706189999998969,-0.3104475000000093
2023-03-13 15:15:00,2733.063411,2732.711387,2732.789747,-0.3520240000002559,-0.2736640000002808,-0.31284400000026835
2023-03-13 15:45:00,2733.06399,2732.708736,2732.786255,-0.355254000000059,-0.27773500000012064,-0.31649450000008983
2023-03-13 17:30:00,2733.063411,2732.709227,2732.78845,-0.3541840000002594,-0.27496100000007573,-0.31457250000016757
2023-03-13 17:45:00,2733.061661,2732.710207,2732.786702,-0.3514540000001034,-0.27495900000030815,-0.3132065000002058
2023-03-13 18:45:00,2733.063411,2732.710975,2732.79047,-0.3524360000001252,-0.2729410000001735,-0.31268850000014936
2023-03-13 19:00:00,2733.06399,2732.713036,2732.79105,-0.35095400000000154,-0.27294000000028973,-0.31194700000014564
2023-03-13 20:00:00,2733.062241,2732.711965,2732.792347,-0.3502760000001217,-0.26989400000002206,-0.3100850000000719
2023-03-13 20:30:00,2733.06399,2732.713046,2732.791187,-0.35094400000025416,-0.27280300000029456,-0.31187350000027436
2023-03-13 20:45:00,2733.06399,2732.711565,2732.792935,-0.3524250000000393,-0.27105500000016036,-0.3117400000000998
2023-03-13 22:45:00,2733.06574,2732.716545,2732.795426,-0.34919499999978143,-0.27031399999987116,-0.3097544999998263
2023-03-13 23:00:00,2733.06399,2732.716935,2732.792379,-0.3470550000001822,-0.27161100000012084,-0.3093330000001515
2023-03-13 23:15:00,2733.063401,2732.719576,2732.791502,-0.34382499999992433,-0.27189899999984846,-0.3078619999998864
2023-03-13 23:45:00,2733.058742,2732.711688,2732.790177,-0.3470540000002984,-0.2685650000003079,-0.30780950000030316
2023-03-14 00:30:00,2733.062241,2732.713706,2732.792816,-0.34853500000008353,-0.2694249999999556,-0.3089800000000196
2023-03-14 01:15:00,2733.060492,2732.712715,2732.790631,-0.34777699999995093,-0.26986100000021906,-0.308819000000085
2023-03-14 01:45:00,2733.057573,2732.710786,2732.78685,-0.34678699999994933,-0.2707230000000891,-0.3087550000000192
2023-03-14 03:15:00,2733.058742,2732.712056,2732.789771,-0.346686000000318,-0.268970999999965,-0.3078285000001415
2023-03-14 03:30:00,2733.06399,2732.715555,2732.794567,-0.34843499999988126,-0.26942300000018804,-0.30892900000003465
2023-03-14 04:00:00,2733.062241,2732.713314,2732.79152,-0.3489270000000033,-0.27072099999986676,-0.30982399999993504
2023-03-14 04:45:00,2733.06574,2732.714075,2732.795019,-0.3516650000001391,-0.27072099999986676,-0.31119300000000294
2023-03-14 05:00:00,2733.063401,2732.714474,2732.79268,-0.3489270000000033,-0.27072099999986676,-0.30982399999993504
2023-03-14 05:15:00,2733.062241,2732.712724,2732.791503,-0.3495170000001053,-0.2707380000001649,-0.3101275000001351
2023-03-14 05:30:00,2733.063401,2732.714204,2732.79354,-0.34919700000000375,-0.2698609999997643,-0.30952899999988404
2023-03-14 07:15:00,2733.06457,2732.714775,2732.795433,-0.34979500000008557,-0.269137000000228,-0.3094660000001568
2023-03-14 07:45:00,2733.063401,2732.712624,2732.794263,-0.35077700000010736,-0.2691380000001118,-0.3099575000001096
2023-03-14 08:30:00,2733.06632,2732.714784,2732.794986,-0.35153600000012375,-0.2713340000000244,-0.31143500000007407
2023-03-14 08:45:00,2733.063411,2732.710886,2732.793826,-0.35252500000024156,-0.2695850000000064,-0.311055000000124
2023-03-14 09:00:00,2733.060492,2732.709716,2732.792656,-0.3507760000002236,-0.2678359999999884,-0.309306000000106
2023-03-14 09:15:00,2733.060492,2732.711466,2732.790349,-0.34902599999986705,-0.2701430000001892,-0.30958450000002813
2023-03-14 09:30:00,2733.059322,2732.708547,2732.78743,-0.35077499999988504,-0.2718920000002072,-0.3113335000000461
2023-03-14 09:45:00,2733.057573,2732.705048,2732.783931,-0.35252500000024156,-0.27364200000010896,-0.31308350000017526
2023-03-14 10:00:00,2733.053494,2732.703619,2732.782899,-0.3498749999998836,-0.2705949999999575,-0.31023499999992055
2023-03-14 10:30:00,2733.056413,2732.702139,2732.781603,-0.3542739999998048,-0.27480999999988853,-0.31454199999984667
2023-03-14 11:15:00,2733.052914,2732.7051,2732.779852,-0.34781399999974383,-0.27306199999975433,-0.3104379999997491
2023-03-14 11:30:00,2733.056413,2732.706357,2732.784648,-0.35005599999976766,-0.2717649999999594,-0.31091049999986353
2023-03-14 11:45:00,2733.057583,2732.704787,2732.784068,-0.35279599999967104,-0.2735149999998612,-0.3131554999997661
2023-03-14 13:00:00,2733.053494,2732.702137,2732.781602,-0.3513569999995525,-0.27189199999975244,-0.31162449999965247
2023-03-14 13:15:00,2733.052914,2732.702139,2732.781022,-0.35077499999988504,-0.27189199999975244,-0.31133349999981874
2023-03-14 13:30:00,2733.052914,2732.700389,2732.780282,-0.3525249999997868,-0.2726319999997031,-0.31257849999974496
2023-03-14 14:00:00,2733.056413,2732.698908,2732.783329,-0.35750499999994645,-0.27308399999992616,-0.3152944999999363
2023-03-14 14:15:00,2733.055823,2732.696838,2732.778395,-0.35898500000030253,-0.2774280000003273,-0.3182065000003149
2023-03-14 14:30:00,2733.055823,2732.699578,2732.781442,-0.3562449999999444,-0.27438100000017585,-0.31531300000006013
2023-03-14 14:45:00,2733.056993,2732.702497,2732.784935,-0.3544959999999264,-0.27205800000001545,-0.31327699999997094
2023-03-14 15:00:00,2733.057573,2732.700337,2732.783766,-0.3572359999998298,-0.27380700000003344,-0.3155214999999316
2023-03-14 15:30:00,2733.056993,2732.698588,2732.781436,-0.3584049999999479,-0.2755569999999352,-0.31698099999994156
2023-03-14 16:00:00,2733.058742,2732.694638,2732.778843,-0.3641040000002249,-0.27989900000011403,-0.32200150000016947
2023-03-14 16:15:00,2733.058742,2732.700607,2732.78189,-0.35813499999994747,-0.2768519999999626,-0.317493499999955
2023-03-14 16:45:00,2733.058742,2732.693425,2732.780593,-0.36531700000023193,-0.27814900000021225,-0.3217330000002221
2023-03-14 17:00:00,2733.062241,2732.695666,2732.783638,-0.36657500000001164,-0.2786030000002029,-0.32258900000010726
2023-03-14 18:00:00,2733.066909,2732.696835,2732.781762,-0.3700739999999314,-0.2851470000000518,-0.3276104999999916
2023-03-14 18:30:00,2733.066909,2732.700334,2732.783512,-0.36657500000001164,-0.28339700000015,-0.3249860000000808
2023-03-14 19:00:00,2733.068659,2732.701013,2732.788308,-0.3676460000001498,-0.28035099999988233,-0.32399850000001607
2023-03-14 19:15:00,2733.066909,2732.702494,2732.786557,-0.36441500000000815,-0.28035200000022087,-0.3223835000001145
2023-03-14 19:45:00,2733.066909,2732.702762,2732.783964,-0.36414700000023004,-0.28294499999992695,-0.3235460000000785
2023-03-14 20:30:00,2733.068659,2732.701022,2732.785657,-0.36763699999983146,-0.2830020000001241,-0.3253194999999778
2023-03-14 20:45:00,2733.066909,2732.70649,2732.784361,-0.36041900000009264,-0.28254800000013347,-0.32148350000011305
2023-03-14 21:00:00,2733.066909,2732.706492,2732.78611,-0.36041700000032506,-0.2807990000001155,-0.3206080000002203
2023-03-14 21:15:00,2733.06399,2732.703842,2732.784941,-0.3601480000002084,-0.2790490000002137,-0.31959850000021106
2023-03-14 22:15:00,2733.06574,2732.703261,2732.789157,-0.36247899999989386,-0.2765829999998459,-0.3195309999998699
2023-03-14 22:45:00,2733.066909,2732.700611,2732.787406,-0.3662979999999152,-0.27950300000020434,-0.32290050000005976
2023-03-14 23:00:00,2733.066909,2732.702091,2732.788703,-0.36481800000001385,-0.27820599999995466,-0.32151199999998425
2023-03-14 23:30:00,2733.070408,2732.708241,2732.793372,-0.36216700000022684,-0.27703599999995276,-0.3196015000000898
2023-03-15 01:15:00,2733.068069,2732.706122,2732.790311,-0.3619469999998728,-0.2777579999997215,-0.31985249999979715
2023-03-15 01:30:00,2733.06516,2732.704962,2732.787854,-0.36019800000030955,-0.2773059999999532,-0.3187520000001314
2023-03-15 01:45:00,2733.068069,2732.710422,2732.790764,-0.3576469999998153,-0.2773050000000694,-0.31747599999994236
2023-03-15 02:15:00,2733.067489,2732.712992,2732.791194,-0.3544969999998102,-0.2762950000001183,-0.31539599999996426
2023-03-15 03:30:00,2733.067489,2732.712984,2732.791185,-0.35450500000024476,-0.2763039999999819,-0.31540450000011333
2023-03-15 03:45:00,2733.066899,2732.712394,2732.790597,-0.35450499999979,-0.2763019999997596,-0.3154034999997748
2023-03-15 04:00:00,2733.06515,2732.713383,2732.791893,-0.35176700000010896,-0.27325699999983044,-0.3125119999999697
2023-03-15 04:15:00,2733.06399,2732.711241,2732.788846,-0.35274900000013076,-0.27514400000018213,-0.31394650000015645
2023-03-15 04:45:00,2733.066899,2732.711511,2732.793642,-0.3553879999999481,-0.27325699999983044,-0.31432249999988926
2023-03-15 05:00:00,2733.068659,2732.717391,2732.794812,-0.3512679999998909,-0.27384699999993245,-0.31255749999991167
2023-03-15 05:30:00,2733.06516,2732.714472,2732.791496,-0.350687999999991,-0.2736640000002808,-0.3121760000001359
2023-03-15 05:45:00,2733.06516,2732.712722,2732.794089,-0.3524379999998928,-0.27107100000011997,-0.3117545000000064
2023-03-15 07:30:00,2733.06458,2732.714873,2732.789167,-0.34970700000030774,-0.2754130000002988,-0.31256000000030326
2023-03-15 07:45:00,2733.06458,2732.707432,2732.790463,-0.357148000000052,-0.27411700000038763,-0.3156325000002198
2023-03-15 08:00:00,2733.06458,2732.711643,2732.793509,-0.35293700000011086,-0.27107100000011997,-0.3120040000001154
2023-03-15 08:15:00,2733.06457,2732.712123,2732.790883,-0.3524470000002111,-0.27368699999988166,-0.3130670000000464
2023-03-15 08:30:00,2733.06457,2732.709885,2732.795225,-0.3546849999997903,-0.2693450000001576,-0.31201499999997395
2023-03-15 08:45:00,2733.063411,2732.708724,2732.791887,-0.35468700000001263,-0.2715240000002268,-0.3131055000001197
2023-03-15 09:30:00,2733.06458,2732.713123,2732.794806,-0.3514570000002095,-0.26977400000032503,-0.3106155000002673
2023-03-15 10:15:00,2733.059912,2732.709034,2732.78985,-0.3508780000001934,-0.27006200000005265,-0.31047000000012304
2023-03-15 11:15:00,2733.061081,2732.708454,2732.78927,-0.35262699999975666,-0.2718109999996159,-0.3122189999996863
2023-03-15 11:30:00,2733.062831,2732.706974,2732.789723,-0.3558570000000145,-0.2731080000003203,-0.3144825000001674
2023-03-15 12:00:00,2733.06457,2732.706982,2732.79101,-0.3575879999998506,-0.2735600000000886,-0.3155739999999696
2023-03-15 12:15:00,2733.061071,2732.708462,2732.78926,-0.3526090000000295,-0.27181100000007063,-0.31221000000005006
2023-03-15 12:30:00,2733.062821,2732.705501,2732.787963,-0.35732000000007247,-0.27485799999976734,-0.3160889999999199
2023-03-15 12:45:00,2733.062241,2732.706672,2732.789133,-0.3555690000002869,-0.27310799999986557,-0.31433850000007624
2023-03-15 13:30:00,2733.067489,2732.705462,2732.79218,-0.36202700000012555,-0.2753090000001066,-0.3186680000001161
2023-03-15 14:00:00,2733.066909,2732.70663,2732.790034,-0.36027899999999136,-0.2768750000000182,-0.3185770000000048
2023-03-15 14:15:00,2733.071568,2732.712769,2732.792202,-0.35879899999963527,-0.2793659999997544,-0.31908249999969485
2023-03-15 15:00:00,2733.070988,2732.701779,2732.787256,-0.36920899999995527,-0.28373199999987264,-0.32647049999991395
2023-03-15 15:15:00,2733.069239,2732.70774,2732.78596,-0.3614990000000944,-0.2832789999997658,-0.3223889999999301
2023-03-15 15:30:00,2733.070988,2732.704509,2732.794645,-0.36647899999979927,-0.2763429999999971,-0.3214109999998982
2023-03-15 15:45:00,2733.072737,2732.703798,2732.796395,-0.36893899999995483,-0.27634200000011333,-0.3226405000000341
2023-03-15 16:45:00,2733.073897,2732.702756,2732.792759,-0.37114100000007966,-0.2811380000002828,-0.3261395000001812
2023-03-15 17:00:00,2733.072148,2732.701276,2732.791462,-0.37087200000041776,-0.2806860000000597,-0.32577900000023874
2023-03-15 17:15:00,2733.070988,2732.697646,2732.793349,-0.37334199999986595,-0.27763899999990826,-0.3254904999998871
2023-03-15 17:30:00,2733.073897,2732.700555,2732.797554,-0.3733420000003207,-0.2763429999999971,-0.3248425000001589
2023-03-15 18:30:00,2733.078565,2732.699533,2732.797428,-0.3790319999998246,-0.28113699999994424,-0.33008449999988443
2023-03-15 18:45:00,2733.072158,2732.696303,2732.792632,-0.375854999999774,-0.2795259999998052,-0.3276904999997896
2023-03-15 19:00:00,2733.075067,2732.696573,2732.796975,-0.37849400000004607,-0.2780920000000151,-0.3282930000000306
2023-03-15 19:15:00,2733.073317,2732.695092,2732.793929,-0.3782249999999294,-0.27938799999992625,-0.32880649999992784
2023-03-15 19:45:00,2733.075656,2732.694371,2732.795679,-0.38128499999993437,-0.27997700000014447,-0.3306310000000394
2023-03-15 20:00:00,2733.078565,2732.694639,2732.799592,-0.383925999999974,-0.27897299999995084,-0.3314494999999624
2023-03-15 20:15:00,2733.073907,2732.6919,2732.800021,-0.38200700000015786,-0.27388599999994767,-0.32794650000005277
2023-03-15 20:30:00,2733.076826,2732.69657,2732.801643,-0.38025599999991755,-0.27518300000019735,-0.32771950000005745
2023-03-15 20:45:00,2733.076816,2732.690689,2732.800474,-0.3861269999997603,-0.2763419999996586,-0.33123449999970944
2023-03-15 21:15:00,2733.075077,2732.693339,2732.801191,-0.3817380000000412,-0.27388599999994767,-0.32781199999999444
2023-03-15 21:45:00,2733.072158,2732.693649,2732.800888,-0.3785090000001219,-0.2712699999997312,-0.32488949999992656
2023-03-15 22:00:00,2733.073327,2732.696077,2732.80251,-0.37725000000000364,-0.27081700000007913,-0.3240335000000414
2023-03-15 22:15:00,2733.076826,2732.698318,2732.802511,-0.37850799999978335,-0.2743150000001151,-0.32641149999994923
2023-03-15 22:30:00,2733.074487,2732.696558,2732.804244,-0.37792899999976726,-0.27024299999993673,-0.324085999999852
2023-03-15 22:45:00,2733.074487,2732.700466,2732.804967,-0.3740210000000843,-0.26951999999982945,-0.3217704999999569
2023-03-15 23:00:00,2733.074487,2732.706658,2732.801199,-0.36782899999980145,-0.27328799999986586,-0.32055849999983366
2023-03-15 23:15:00,2733.074487,2732.708407,2732.802947,-0.36607999999978347,-0.27153999999973166,-0.31880999999975757
2023-03-15 23:30:00,2733.074487,2732.712628,2732.807743,-0.3618589999996402,-0.26674400000001697,-0.3143014999998286
2023-03-15 23:45:00,2733.074487,2732.712047,2732.802081,-0.36243999999987864,-0.27240600000004633,-0.3174229999999625
2023-03-16 00:00:00,2733.074487,2732.709397,2732.803957,-0.36508999999978187,-0.27052999999978056,-0.3178099999997812
2023-03-16 00:15:00,2733.075656,2732.708816,2732.805128,-0.3668400000001384,-0.270528000000013,-0.3186840000000757
2023-03-16 00:30:00,2733.076236,2732.716257,2732.806424,-0.3599789999998393,-0.2698120000000017,-0.3148954999999205
2023-03-16 00:45:00,2733.072737,2732.712349,2732.801629,-0.3603880000000572,-0.27110799999991286,-0.31574799999998504
2023-03-16 01:00:00,2733.073907,2732.713519,2732.808891,-0.3603880000000572,-0.2650159999998323,-0.31270199999994475
2023-03-16 02:30:00,2733.073897,2732.712767,2732.808014,-0.3611300000002302,-0.26588300000003073,-0.3135065000001305
2023-03-16 02:45:00,2733.073317,2732.715417,2732.810479,-0.35789999999997235,-0.26283799999964685,-0.3103689999998096
2023-03-16 03:15:00,2733.073317,2732.713938,2732.813526,-0.3593789999999899,-0.25979099999995015,-0.30958499999997
2023-03-16 03:30:00,2733.073317,2732.718147,2732.814553,-0.35516999999981635,-0.2587639999997009,-0.3069669999997586
2023-03-16 03:45:00,2733.071568,2732.713168,2732.814099,-0.35839999999961947,-0.25746899999967354,-0.3079344999996465
2023-03-16 04:15:00,2733.074487,2732.717569,2732.815722,-0.35691799999995055,-0.25876500000003944,-0.307841499999995
2023-03-16 04:30:00,2733.074487,2732.718559,2732.813973,-0.35592799999994895,-0.2605140000000574,-0.3082210000000032
2023-03-16 05:00:00,2733.072737,2732.714648,2732.817878,-0.35808899999983623,-0.25485900000012407,-0.30647399999998015
2023-03-16 05:30:00,2733.073897,2732.71904,2732.817742,-0.35485700000026554,-0.2561550000000352,-0.3055060000001504
2023-03-16 05:45:00,2733.074487,2732.718549,2732.81949,-0.35593799999969633,-0.254997000000003,-0.3054674999998497
2023-03-16 07:30:00,2733.076236,2732.717879,2732.821814,-0.3583570000000691,-0.25442199999997683,-0.30638950000002296
2023-03-16 07:45:00,2733.070988,2732.71438,2732.819038,-0.3566080000000511,-0.25194999999985157,-0.30427899999995134
2023-03-16 08:00:00,2733.072737,2732.71506,2732.822083,-0.35767699999996694,-0.2506539999999404,-0.3041654999999537
2023-03-16 08:15:00,2733.070988,2732.71654,2732.822372,-0.3544480000000476,-0.24861599999985629,-0.30153199999995195
2023-03-16 09:15:00,2733.073317,2732.71389,2732.826737,-0.3594269999998687,-0.24657999999999447,-0.3030034999999316
2023-03-16 09:30:00,2733.070398,2732.71321,2732.825567,-0.357187999999951,-0.24483099999997648,-0.30100949999996374
2023-03-16 10:00:00,2733.070398,2732.714691,2732.820772,-0.3557069999997111,-0.2496259999998074,-0.30266649999975925
2023-03-16 10:30:00,2733.070408,2732.707839,2732.824407,-0.362568999999894,-0.24600099999997838,-0.3042849999999362
2023-03-16 11:00:00,2733.068659,2732.709981,2732.82338,-0.35867800000005445,-0.24527900000020963,-0.30197850000013204
2023-03-16 11:15:00,2733.069239,2732.707383,2732.819164,-0.36185599999998885,-0.25007499999992433,-0.3059654999999566
2023-03-16 11:30:00,2733.069239,2732.713522,2732.825256,-0.35571699999991324,-0.24398299999984374,-0.2998499999998785
2023-03-16 11:45:00,2733.069239,2732.706401,2732.822211,-0.36283800000001065,-0.24702799999977287,-0.30493299999989176
2023-03-16 12:00:00,2733.068069,2732.709121,2732.821041,-0.3589480000000549,-0.24702799999977287,-0.3029879999999139
2023-03-16 12:45:00,2733.068069,2732.705892,2732.822338,-0.3621769999999742,-0.24573099999997794,-0.3039539999999761
2023-03-16 13:00:00,2733.069818,2732.70764,2732.82279,-0.362177999999858,-0.24702799999977287,-0.30460299999981544
2023-03-16 13:45:00,2733.069828,2732.712672,2732.822928,-0.3571560000000318,-0.24690000000009604,-0.3020280000000639
2023-03-16 14:00:00,2733.072737,2732.708811,2732.82571,-0.3639259999999922,-0.24702699999988909,-0.30547649999994064
2023-03-16 15:00:00,2733.070988,2732.71204,2732.828755,-0.3589480000000549,-0.24223299999994197,-0.30059049999999843
2023-03-16 15:15:00,2733.070988,2732.71352,2732.827007,-0.35746800000015355,-0.24398100000007616,-0.30072450000011486
2023-03-16 15:30:00,2733.068069,2732.707372,2732.825383,-0.3606970000000729,-0.2426860000000488,-0.30169150000006084
2023-03-16 16:00:00,2733.072737,2732.715271,2732.831802,-0.3574659999999312,-0.2409349999998085,-0.29920049999986986
2023-03-16 16:30:00,2733.069818,2732.7141,2732.827585,-0.35571799999979703,-0.24223299999994197,-0.2989754999998695
2023-03-16 17:00:00,2733.068659,2732.705492,2732.824676,-0.3631669999999758,-0.24398299999984374,-0.3035749999999098
2023-03-16 17:15:00,2733.068079,2732.705983,2732.825417,-0.3620960000002924,-0.2426620000001094,-0.3023790000002009
2023-03-16 17:30:00,2733.075077,2732.71016,2732.825869,-0.3649169999998776,-0.24920800000018062,-0.3070625000000291
2023-03-16 17:45:00,2733.073327,2732.710659,2732.829203,-0.3626680000002125,-0.24412400000028356,-0.303396000000248
2023-03-16 18:00:00,2733.070408,2732.70949,2732.830936,-0.36091799999985597,-0.2394720000002053,-0.30019500000003063
2023-03-16 18:15:00,2733.072148,2732.708729,2732.829312,-0.36341900000024907,-0.24283600000035221,-0.30312750000030064
2023-03-16 18:30:00,2733.070398,2732.70774,2732.828015,-0.36265800000001036,-0.24238299999979063,-0.3025204999999005
2023-03-16 18:45:00,2733.070988,2732.70981,2732.830356,-0.361178000000109,-0.24063200000000506,-0.30090500000005704
2023-03-16 19:00:00,2733.070988,2732.71479,2732.832391,-0.3561979999999494,-0.23859700000002704,-0.2973974999999882
2023-03-16 19:15:00,2733.070988,2732.709482,2732.829346,-0.36150599999973565,-0.24164199999995617,-0.3015739999998459
2023-03-16 19:30:00,2733.069818,2732.711272,2732.826879,-0.358545999999933,-0.2429389999997511,-0.30074249999984204
2023-03-16 20:15:00,2733.071568,2732.713029,2732.829496,-0.35853899999983696,-0.2420720000000074,-0.3003054999999222
2023-03-16 20:45:00,2733.072158,2732.7151,2732.829059,-0.35705800000005183,-0.2430989999998019,-0.30007849999992686
2023-03-16 21:00:00,2733.073907,2732.71263,2732.831238,-0.36127699999997276,-0.24266899999975067,-0.3019729999998617
2023-03-16 22:15:00,2733.070988,2732.716171,2732.833981,-0.3548169999999118,-0.2370069999997213,-0.29591199999981654
2023-03-16 22:30:00,2733.073907,2732.717609,2732.830808,-0.35629800000015166,-0.2430989999998019,-0.2996984999999768
2023-03-16 22:45:00,2733.072737,2732.717919,2732.828343,-0.3548179999997956,-0.24439399999982925,-0.2996059999998124
2023-03-16 23:00:00,2733.072158,2732.71909,2732.829511,-0.3530679999998938,-0.24264700000003359,-0.2978574999999637
2023-03-16 23:15:00,2733.072737,2732.71858,2732.830091,-0.35415699999975914,-0.2426460000001498,-0.29840149999995447
2023-03-16 23:30:00,2733.074487,2732.7171,2732.833139,-0.357387000000017,-0.24134800000001633,-0.29936750000001666
2023-03-17 00:00:00,2733.072737,2732.715851,2732.830378,-0.35688600000003134,-0.24235899999985122,-0.2996224999999413
2023-03-17 01:00:00,2733.074487,2732.72006,2732.834721,-0.3544269999997596,-0.2397659999996904,-0.297096499999725
2023-03-17 02:15:00,2733.075656,2732.723747,2732.834307,-0.3519089999999778,-0.24134899999990012,-0.29662899999993897
2023-03-17 02:30:00,2733.077406,2732.724728,2732.835603,-0.3526779999997416,-0.24180299999989074,-0.29724049999981617
2023-03-17 03:15:00,2733.074487,2732.723289,2732.834433,-0.35119799999984025,-0.24005399999987276,-0.2956259999998565
2023-03-17 04:15:00,2733.076826,2732.727379,2732.835477,-0.3494470000000547,-0.24134899999990012,-0.2953979999999774
2023-03-17 04:30:00,2733.076826,2732.728368,2732.83243,-0.3484579999999369,-0.24439600000005157,-0.2964269999999942
2023-03-17 05:15:00,2733.076826,2732.72662,2732.839819,-0.35020600000007107,-0.23700700000017605,-0.29360650000012356
2023-03-17 05:45:00,2733.077406,2732.73092,2732.83301,-0.3464859999999135,-0.24439600000005157,-0.2954409999999825
2023-03-17 06:30:00,2733.077986,2732.73339,2732.833877,-0.3445959999999104,-0.244108999999753,-0.2943524999998317
2023-03-17 06:45:00,2733.080905,2732.736309,2732.838092,-0.3445959999999104,-0.24281299999984185,-0.29370449999987613
2023-03-17 07:00:00,2733.077986,2732.730159,2732.836924,-0.3478269999995973,-0.24106199999960154,-0.29444449999959943
2023-03-17 08:00:00,2733.077396,2732.731639,2732.830832,-0.3457570000000487,-0.24656400000003487,-0.2961605000000418
2023-03-17 08:15:00,2733.076236,2732.729001,2732.83142,-0.34723499999972773,-0.24481599999990067,-0.2960254999998142
2023-03-17 09:15:00,2733.072737,2732.728731,2732.829941,-0.3440059999998084,-0.24279599999999846,-0.29340099999990343
2023-03-17 09:30:00,2733.074487,2732.730481,2732.831692,-0.3440059999998084,-0.24279499999965992,-0.29340049999973417
2023-03-17 10:00:00,2733.070408,2732.730791,2732.830521,-0.3396170000000893,-0.2398870000001807,-0.289752000000135
2023-03-17 10:15:00,2733.069818,2732.729042,2732.830067,-0.3407760000000053,-0.23975100000006933,-0.2902635000000373
2023-03-17 11:15:00,2733.068659,2732.728772,2732.823706,-0.33988700000008976,-0.24495299999989584,-0.2924199999999928
2023-03-17 11:30:00,2733.068659,2732.729762,2732.825002,-0.33889700000008816,-0.2436569999999847,-0.2912770000000364
2023-03-17 12:00:00,2733.066909,2732.728013,2732.823254,-0.33889600000020437,-0.24365500000021711,-0.29127550000021074
2023-03-17 12:15:00,2733.069828,2732.725953,2732.827469,-0.34387500000002547,-0.24235900000030597,-0.2931170000001657
2023-03-17 12:30:00,2733.066909,2732.723344,2732.8228,-0.343565000000126,-0.24410900000020774,-0.2938370000001669
2023-03-17 12:45:00,2733.068079,2732.726263,2732.823683,-0.34181600000010803,-0.24439600000005157,-0.2931060000000798
2023-03-17 13:30:00,2733.067489,2732.730652,2732.821797,-0.3368369999998322,-0.24569199999996272,-0.29126449999989745
2023-03-17 13:45:00,2733.06458,2732.725495,2732.818147,-0.33908500000006825,-0.24643300000025192,-0.2927590000001601
2023-03-17 14:30:00,2733.068069,2732.726654,2732.822353,-0.3414149999998699,-0.24571599999990212,-0.293565499999886
2023-03-17 14:45:00,2733.067489,2732.725683,2732.81918,-0.3418059999999059,-0.24830900000006295,-0.29505749999998443
2023-03-17 15:00:00,2733.067489,2732.725192,2732.821073,-0.3422970000001442,-0.24641599999995378,-0.294356500000049
2023-03-17 15:15:00,2733.067489,2732.728423,2732.824842,-0.33906600000000253,-0.24264700000003359,-0.29085650000001806
2023-03-17 15:45:00,2733.067489,2732.726673,2732.817159,-0.3408159999999043,-0.25032999999984895,-0.29557299999987663
2023-03-17 16:00:00,2733.067489,2732.724433,2732.822226,-0.34305600000016057,-0.24526300000025003,-0.2941595000002053
2023-03-17 16:45:00,2733.06574,2732.723444,2732.820206,-0.34229599999980564,-0.24553400000013426,-0.29391499999996995
2023-03-17 17:15:00,2733.070408,2732.727843,2732.820947,-0.3425649999999223,-0.24946099999988292,-0.2960129999999026
2023-03-17 17:30:00,2733.06399,2732.727393,2732.816278,-0.3365969999999834,-0.24771200000031968,-0.29215450000015153
2023-03-17 17:45:00,2733.066909,2732.727084,2732.817448,-0.3398250000000189,-0.24946100000033766,-0.2946430000001783
2023-03-17 18:00:00,2733.070408,2732.728833,2732.823992,-0.3415749999999207,-0.24641599999995378,-0.29399549999993724
2023-03-17 18:15:00,2733.073317,2732.731741,2732.825604,-0.3415759999998045,-0.24771299999974872,-0.2946444999997766
2023-03-17 18:30:00,2733.073907,2732.732332,2732.824446,-0.3415749999999207,-0.24946099999988292,-0.2955179999999018
2023-03-17 18:45:00,2733.070408,2732.731071,2732.825145,-0.33933699999988676,-0.24526300000025003,-0.2923000000000684
2023-03-17 19:00:00,2733.073907,2732.731342,2732.825597,-0.3425649999999223,-0.24830999999994674,-0.2954374999999345
2023-03-17 19:15:00,2733.073907,2732.73605,2732.827348,-0.3378569999999854,-0.24655900000016118,-0.2922080000000733
2023-03-17 19:30:00,2733.075656,2732.73309,2732.824301,-0.3425659999998061,-0.25135499999987587,-0.296960499999841
2023-03-17 19:45:00,2733.073907,2732.734552,2732.827474,-0.3393550000000687,-0.24643299999979718,-0.29289399999993293
2023-03-17 20:00:00,2733.075656,2732.731323,2732.826177,-0.344333000000006,-0.24947900000006484,-0.2969060000000354
2023-03-17 20:15:00,2733.077406,2732.731591,2732.826631,-0.3458149999996749,-0.250774999999976,-0.29829499999982545
2023-03-17 20:30:00,2733.077986,2732.736613,2732.827498,-0.34137299999974857,-0.2504879999996774,-0.295930499999713
2023-03-17 20:45:00,2733.074487,2732.733384,2732.825748,-0.34110299999974814,-0.24873899999965943,-0.2949209999997038
2023-03-17 21:15:00,2733.076236,2732.735631,2732.829533,-0.3406049999998686,-0.2467029999997976,-0.2936539999998331
2023-03-17 21:30:00,2733.077396,2732.737791,2732.831284,-0.3396050000001196,-0.24611200000026656,-0.2928585000001931
2023-03-17 21:45:00,2733.074487,2732.732412,2732.825782,-0.34207500000002256,-0.24870499999997264,-0.2953899999999976
2023-03-17 22:00:00,2733.075067,2732.734471,2732.827928,-0.340596000000005,-0.24713900000006106,-0.29386750000003303
2023-03-17 22:30:00,2733.070398,2732.733032,2732.821962,-0.33736599999974715,-0.248435999999856,-0.29290099999980157
2023-03-17 23:00:00,2733.072148,2732.729493,2732.823711,-0.3426550000003772,-0.24843700000019453,-0.29554600000028586
2023-03-17 23:30:00,2733.072148,2732.731963,2732.825007,-0.3401850000000195,-0.24714100000028338,-0.29366300000015144
2023-03-17 23:45:00,2733.073897,2732.733712,2732.825898,-0.3401850000000195,-0.2479990000001635,-0.2940920000000915
2023-03-18 00:00:00,2733.070988,2732.734032,2732.825024,-0.3369560000001002,-0.24596399999973073,-0.29145999999991545
2023-03-18 00:15:00,2733.072737,2732.745862,2732.822989,-0.32687499999974534,-0.2497480000001815,-0.2883114999999634
2023-03-18 00:45:00,2733.073897,2732.743793,2732.822851,-0.3301040000001194,-0.25104600000031496,-0.2905750000002172
2023-03-18 01:00:00,2733.070988,2732.742633,2732.820802,-0.3283550000001014,-0.25018599999975777,-0.2892704999999296
2023-03-18 01:30:00,2733.070988,2732.740492,2732.823849,-0.3304960000000392,-0.24713900000006106,-0.28881750000005013
2023-03-18 02:00:00,2733.073897,2732.743133,2732.824147,-0.33076400000027206,-0.24975000000040382,-0.29025700000033794
2023-03-18 02:45:00,2733.072158,2732.740224,2732.821979,-0.3319339999998192,-0.2501790000001165,-0.29105649999996785
2023-03-18 03:00:00,2733.075067,2732.738421,2732.824888,-0.33664600000020073,-0.2501790000001165,-0.2934125000001586
2023-03-18 03:45:00,2733.073907,2732.737263,2732.820396,-0.3366439999999784,-0.25351099999988946,-0.29507749999993393
2023-03-18 04:00:00,2733.073907,2732.739502,2732.823728,-0.3344050000000607,-0.2501790000001165,-0.2922920000000886
2023-03-18 04:30:00,2733.072158,2732.737754,2732.820683,-0.33440399999972215,-0.25147500000002765,-0.2929394999998749
2023-03-18 05:30:00,2733.072158,2732.736003,2732.820682,-0.33615499999996246,-0.25147599999991144,-0.29381549999993695
2023-03-18 06:00:00,2733.072737,2732.734835,2732.819512,-0.3379019999997581,-0.2532249999999294,-0.29556349999984377
2023-03-18 06:15:00,2733.074487,2732.738334,2732.824308,-0.33615299999974013,-0.25017899999966176,-0.29316599999970094
2023-03-18 06:45:00,2733.072737,2732.735494,2732.822559,-0.337242999999944,-0.25017799999977797,-0.293710499999861
2023-03-18 07:00:00,2733.075067,2732.736573,2732.820092,-0.33849400000008245,-0.25497500000028595,-0.2967345000001842
2023-03-18 07:15:00,2733.071568,2732.734825,2732.819082,-0.33674299999984214,-0.25248599999986254,-0.29461449999985234
2023-03-18 07:30:00,2733.072158,2732.735413,2732.820969,-0.33674500000006446,-0.2511890000000676,-0.29396700000006604
2023-03-18 08:15:00,2733.068659,2732.733664,2732.815727,-0.3349950000001627,-0.25293199999987337,-0.29396350000001803
2023-03-18 08:30:00,2733.070988,2732.734735,2732.816307,-0.3362529999999424,-0.25468099999989136,-0.2954669999999169
2023-03-18 09:00:00,2733.069828,2732.734753,2732.818193,-0.3350749999999607,-0.25163500000007843,-0.2933550000000196
2023-03-18 09:15:00,2733.071578,2732.735735,2732.816897,-0.3358429999998407,-0.25468099999989136,-0.295261999999866
2023-03-18 09:30:00,2733.069818,2732.734296,2732.812968,-0.3355219999998553,-0.25684999999975844,-0.2961859999998069
2023-03-18 09:45:00,2733.068069,2732.733315,2732.813398,-0.33475399999997535,-0.254671000000144,-0.29471250000005966
2023-03-18 10:15:00,2733.063401,2732.730396,2732.80918,-0.33300499999995736,-0.2542209999996885,-0.29361299999982293
2023-03-18 10:30:00,2733.060492,2732.728966,2732.807568,-0.3315259999999398,-0.25292399999989357,-0.2922249999999167
2023-03-18 10:45:00,2733.062241,2732.727485,2732.806272,-0.3347560000001977,-0.25596900000027745,-0.29536250000023756
2023-03-18 11:30:00,2733.06515,2732.732145,2732.808751,-0.33300499999995736,-0.2563989999998739,-0.29470199999991564
2023-03-18 12:00:00,2733.06515,2732.725685,2732.810047,-0.33946500000001834,-0.2551029999999628,-0.29728399999999056
2023-03-18 12:30:00,2733.066899,2732.728916,2732.812084,-0.3379829999998947,-0.2548149999997804,-0.29639899999983754
2023-03-18 13:00:00,2733.068069,2732.728603,2732.814263,-0.3394659999999021,-0.2538059999997131,-0.2966359999998076
2023-03-18 13:15:00,2733.06515,2732.723936,2732.812641,-0.3412140000000363,-0.25250899999991816,-0.29686149999997724
2023-03-18 13:45:00,2733.06399,2732.728467,2732.803227,-0.33552300000019386,-0.26076300000022457,-0.2981430000002092
2023-03-18 14:00:00,2733.06515,2732.724238,2732.804385,-0.3409120000001167,-0.26076499999999214,-0.3008385000000544
2023-03-18 14:15:00,2733.06632,2732.727157,2732.80817,-0.3391630000000987,-0.25815000000011423,-0.29865650000010646
2023-03-18 14:30:00,2733.069239,2732.731556,2732.809341,-0.3376829999997426,-0.2598979999997937,-0.29879049999976814
2023-03-18 15:00:00,2733.062831,2732.725096,2732.810637,-0.33773500000006607,-0.252194000000145,-0.29496450000010555
2023-03-18 15:15:00,2733.062831,2732.727567,2732.8086,-0.33526400000027934,-0.2542310000003454,-0.29474750000031236
2023-03-18 15:30:00,2733.06633,2732.728595,2732.812099,-0.33773500000006607,-0.25423099999989063,-0.29598299999997835
2023-03-18 15:45:00,2733.06633,2732.731556,2732.812388,-0.33477399999992485,-0.2539420000002792,-0.29435800000010204
2023-03-18 16:00:00,2733.069828,2732.733575,2732.81284,-0.3362529999999424,-0.25698800000009214,-0.2966205000000173
2023-03-18 16:30:00,2733.068079,2732.730076,2732.810351,-0.3380030000002989,-0.2577280000000428,-0.29786550000017087
2023-03-18 17:00:00,2733.06458,2732.728327,2732.811934,-0.33625300000039715,-0.2526460000003681,-0.2944495000003826
2023-03-18 17:30:00,2733.070988,2732.735055,2732.814136,-0.33593299999984083,-0.25685199999998076,-0.2963924999999108
2023-03-18 17:45:00,2733.069828,2732.730346,2732.817183,-0.3394820000003165,-0.25264500000002954,-0.296063500000173
2023-03-18 20:00:00,2733.071568,2732.733583,2732.811543,-0.33798499999966225,-0.2600250000000415,-0.29900499999985186
2023-03-18 20:45:00,2733.072148,2732.733565,2732.810373,-0.3385830000001988,-0.261775000000398,-0.3001790000002984
2023-03-18 21:00:00,2733.068649,2732.731816,2732.807328,-0.3368329999998423,-0.2613209999999526,-0.29907699999989745
2023-03-18 22:00:00,2733.070398,2732.735045,2732.81342,-0.33535299999994095,-0.25697799999989,-0.2961654999999155
2023-03-18 22:15:00,2733.072148,2732.736794,2732.815168,-0.3353540000002795,-0.25698000000011234,-0.2961670000001959
2023-03-18 22:30:00,2733.075067,2732.739713,2732.816339,-0.3353540000002795,-0.25872800000024654,-0.297041000000263
2023-03-18 22:45:00,2733.075067,2732.739714,2732.818089,-0.3353530000003957,-0.25697800000034476,-0.29616550000037023
2023-03-18 23:00:00,2733.075067,2732.741192,2732.819386,-0.33387500000026193,-0.2556810000000951,-0.2947780000001785
2023-03-18 23:45:00,2733.075646,2732.738544,2732.818939,-0.33710199999995893,-0.2567070000000058,-0.29690449999998236
2023-03-19 00:00:00,2733.075646,2732.740293,2732.820688,-0.33535299999994095,-0.2549579999999878,-0.2951554999999644
2023-03-19 01:15:00,2733.073897,2732.741504,2732.817188,-0.3323930000001383,-0.2567090000002281,-0.2945510000001832
2023-03-19 01:30:00,2733.073897,2732.743253,2732.816919,-0.3306440000001203,-0.25697800000034476,-0.2938110000002325
2023-03-19 02:30:00,2733.076816,2732.744423,2732.819838,-0.3323929999996835,-0.25697799999989,-0.29468549999978677
2023-03-19 02:45:00,2733.075067,2732.743932,2732.816793,-0.33113500000035856,-0.2582740000002559,-0.29470450000030723
2023-03-19 03:00:00,2733.076816,2732.745413,2732.813746,-0.3314029999996819,-0.2630699999999706,-0.29723649999982626
2023-03-19 03:15:00,2733.074487,2732.744442,2732.819258,-0.33004499999969994,-0.25522899999987203,-0.292636999999786
2023-03-19 03:30:00,2733.074487,2732.742692,2732.817223,-0.33179500000005646,-0.25726399999985006,-0.29452949999995326
2023-03-19 03:45:00,2733.076236,2732.741211,2732.818971,-0.3350249999998596,-0.25726499999973385,-0.2961449999997967
2023-03-19 04:30:00,2733.077396,2732.748062,2732.816203,-0.3293340000000171,-0.2611930000002758,-0.29526350000014645
2023-03-19 05:00:00,2733.075646,2732.745822,2732.814906,-0.32982399999991685,-0.2607399999997142,-0.2952819999998155
2023-03-19 05:15:00,2733.078565,2732.746993,2732.819122,-0.3315719999995963,-0.25944299999991927,-0.2955074999997578
2023-03-19 05:30:00,2733.074487,2732.746583,2732.817951,-0.32790399999976216,-0.2565359999998691,-0.2922199999998156
2023-03-19 05:45:00,2733.075646,2732.744833,2732.817084,-0.3308129999995799,-0.2585619999999835,-0.2946874999997817
2023-03-19 06:45:00,2733.076816,2732.750222,2732.813911,-0.326593999999659,-0.2629049999995914,-0.2947494999996252
2023-03-19 07:45:00,2733.075656,2732.743084,2732.815336,-0.3325719999998,-0.2603199999998651,-0.29644599999983257
2023-03-19 08:00:00,2733.074487,2732.747613,2732.814166,-0.32687399999986155,-0.2603209999997489,-0.2935974999998052
2023-03-19 08:15:00,2733.070988,2732.742636,2732.810667,-0.3283519999999953,-0.2603209999997489,-0.2943364999998721
2023-03-19 08:30:00,2733.072737,2732.745865,2732.812415,-0.326872000000094,-0.26032200000008743,-0.2935970000000907
2023-03-19 09:00:00,2733.070988,2732.744126,2732.80938,-0.32686199999989185,-0.26160799999979645,-0.29423499999984415
2023-03-19 09:15:00,2733.068069,2732.739457,2732.803414,-0.3286119999997936,-0.2646549999999479,-0.29663349999987076
2023-03-19 09:30:00,2733.063401,2732.736538,2732.800495,-0.32686299999977564,-0.2629059999999299,-0.2948844999998528
2023-03-19 09:45:00,2733.063401,2732.738287,2732.803542,-0.32511399999975765,-0.25985899999977846,-0.29248649999976806
2023-03-19 10:00:00,2733.06515,2732.736806,2732.806587,-0.3283440000000155,-0.2585629999998673,-0.2934534999999414
2023-03-19 10:15:00,2733.061651,2732.734788,2732.800041,-0.32686299999977564,-0.26161000000001877,-0.2942364999998972
2023-03-19 10:30:00,2733.057573,2732.72824,2732.79726,-0.3293330000001333,-0.26031300000022384,-0.2948230000001786
2023-03-19 10:45:00,2733.055823,2732.72923,2732.795964,-0.32659300000022995,-0.2598590000002332,-0.2932260000002316
2023-03-19 11:00:00,2733.060492,2732.728918,2732.797132,-0.3315740000002734,-0.26335999999992055,-0.29746700000009696
2023-03-19 11:15:00,2733.062241,2732.735057,2732.801792,-0.32718400000021575,-0.26044899999988047,-0.2938165000000481
2023-03-19 12:00:00,2733.062241,2732.731828,2732.802658,-0.33041300000013507,-0.25958300000002055,-0.2949980000000778
2023-03-19 12:15:00,2733.062241,2732.733309,2732.799611,-0.3289319999998952,-0.262630000000172,-0.2957810000000336
2023-03-19 12:30:00,2733.060492,2732.730388,2732.799159,-0.3301040000001194,-0.2613329999999223,-0.29571850000002087
2023-03-19 13:00:00,2733.058742,2732.731869,2732.797122,-0.32687299999997776,-0.2616200000002209,-0.29424650000009933
2023-03-19 13:15:00,2733.058162,2732.727561,2732.796542,-0.3306009999996604,-0.26161999999976615,-0.2961104999997133
2023-03-19 13:30:00,2733.056413,2732.729041,2732.797117,-0.3273719999997411,-0.25929599999972197,-0.29333399999973153
2023-03-19 14:00:00,2733.056413,2732.73295,2732.796989,-0.3234629999997196,-0.25942399999985355,-0.2914434999997866
2023-03-19 14:15:00,2733.055823,2732.730201,2732.794364,-0.32562200000029407,-0.2614590000002863,-0.2935405000002902
2023-03-19 14:30:00,2733.058742,2732.732629,2732.799033,-0.3261130000000776,-0.25970900000038455,-0.29291100000023107
2023-03-19 15:00:00,2733.061071,2732.737029,2732.797576,-0.32404200000019046,-0.26349500000014814,-0.2937685000001693
2023-03-19 15:15:00,2733.061651,2732.7338,2732.798603,-0.32785100000000966,-0.2630479999997988,-0.2954494999999042
2023-03-19 16:00:00,2733.059322,2732.731739,2732.798882,-0.32758300000023155,-0.2604400000000169,-0.2940115000001242
2023-03-19 16:45:00,2733.057583,2732.736449,2732.799312,-0.32113399999980174,-0.25827099999969505,-0.2897024999997484
2023-03-19 17:30:00,2733.060492,2732.733889,2732.802221,-0.32660299999997733,-0.2582710000001498,-0.29243700000006356
2023-03-19 17:45:00,2733.058742,2732.738599,2732.800925,-0.3201430000003711,-0.25781700000015917,-0.28898000000026514
2023-03-19 18:15:00,2733.056993,2732.738189,2732.798888,-0.3188040000000001,-0.25810500000034153,-0.2884545000001708
2023-03-19 18:30:00,2733.059912,2732.737109,2732.798307,-0.3228030000000217,-0.2616050000001451,-0.2922040000000834
2023-03-19 18:45:00,2733.061081,2732.738548,2732.804273,-0.3225330000000213,-0.2568079999996371,-0.2896704999998292
2023-03-19 19:15:00,2733.059912,2732.738279,2732.802525,-0.3216330000000198,-0.25738700000010795,-0.2895100000000639
2023-03-19 19:45:00,2733.061661,2732.73779,2732.801228,-0.32387100000005375,-0.2604330000003756,-0.2921520000002147
2023-03-19 20:00:00,2733.06457,2732.740698,2732.807182,-0.32387199999993754,-0.25738799999999173,-0.29062999999996464
2023-03-19 20:15:00,2733.059322,2732.738948,2732.803683,-0.32037399999990157,-0.25563899999997375,-0.28800649999993766
2023-03-19 20:45:00,2733.062821,2732.740037,2732.80673,-0.322783999999956,-0.2560910000001968,-0.2894375000000764
2023-03-19 21:00:00,2733.059912,2732.737789,2732.801801,-0.3221230000003743,-0.258111000000099,-0.29011700000023666
2023-03-19 22:15:00,2733.061071,2732.740428,2732.802387,-0.3206430000000182,-0.2586839999999029,-0.28966349999996055
2023-03-19 22:45:00,2733.057573,2732.739769,2732.799915,-0.3178040000002511,-0.25765799999999217,-0.28773100000012164
2023-03-19 23:00:00,2733.061071,2732.741026,2732.80471,-0.3200449999999364,-0.25636100000019724,-0.2882030000000668
2023-03-19 23:15:00,2733.060492,2732.740446,2732.802834,-0.32004600000027494,-0.25765799999999217,-0.28885200000013356
2023-03-19 23:30:00,2733.060492,2732.738698,2732.799048,-0.3217939999999544,-0.2614440000002105,-0.29161900000008245
2023-03-19 23:45:00,2733.06399,2732.741517,2732.805881,-0.32247300000017276,-0.2581089999998767,-0.2902910000000247
2023-03-20 00:00:00,2733.059322,2732.739269,2732.802095,-0.3200529999999162,-0.25722700000005716,-0.2886399999999867
2023-03-20 00:15:00,2733.060492,2732.736529,2732.800774,-0.3239630000002762,-0.25971800000024814,-0.2918405000002622
2023-03-20 01:00:00,2733.058742,2732.737519,2732.800345,-0.32122300000037285,-0.25839700000005905,-0.28981000000021595
2023-03-20 01:15:00,2733.061651,2732.737199,2732.801505,-0.3244519999998374,-0.26014600000007704,-0.29229899999995723
2023-03-20 02:00:00,2733.061071,2732.735467,2732.797608,-0.32560400000011214,-0.26346300000022893,-0.29453350000017053
2023-03-20 02:30:00,2733.061081,2732.734887,2732.800075,-0.3261939999997594,-0.26100599999972474,-0.29359999999974207
2023-03-20 03:00:00,2733.060492,2732.738779,2732.800947,-0.3217130000002726,-0.2595449999998891,-0.29062900000008085
2023-03-20 03:45:00,2733.059322,2732.735858,2732.801051,-0.32346400000005815,-0.2582710000001498,-0.290867500000104
2023-03-20 04:00:00,2733.060492,2732.735278,2732.799174,-0.3252139999999599,-0.2613179999998465,-0.2932659999999032
2023-03-20 04:15:00,2733.06399,2732.739767,2732.802673,-0.32422300000007453,-0.2613169999999627,-0.2927700000000186
2023-03-20 04:45:00,2733.058742,2732.73411,2732.798722,-0.32463200000029246,-0.2600200000001678,-0.2923260000002301
2023-03-20 05:00:00,2733.061661,2732.738509,2732.801641,-0.3231520000003911,-0.2600200000001678,-0.29158600000027945
2023-03-20 08:15:00,2733.056993,2732.736571,2732.797426,-0.32042200000023513,-0.25956700000006094,-0.28999450000014804
2023-03-20 09:30:00,2733.054074,2732.734151,2732.799303,-0.31992300000001705,-0.25477100000034625,-0.28734700000018165
2023-03-20 09:45:00,2733.057573,2732.732671,2732.799302,-0.32490199999983815,-0.2582710000001498,-0.291586499999994
2023-03-20 10:00:00,2733.054074,2732.728673,2732.794507,-0.32540100000005623,-0.25956700000006094,-0.2924840000000586
2023-03-20 10:15:00,2733.054074,2732.730153,2732.792756,-0.3239210000001549,-0.26131800000030125,-0.29261950000022807
2023-03-20 10:45:00,2733.055823,2732.733652,2732.796255,-0.3221710000002531,-0.25956799999994473,-0.2908695000000989
2023-03-20 11:00:00,2733.057573,2732.730421,2732.797552,-0.3271519999998418,-0.26002100000005157,-0.2935864999999467
2023-03-20 11:15:00,2733.054084,2732.731242,2732.794643,-0.32284200000003693,-0.25944099999969694,-0.29114149999986694
2023-03-20 11:30:00,2733.055243,2732.733072,2732.79263,-0.32217099999979837,-0.26261299999987386,-0.2923919999998361
2023-03-20 12:00:00,2733.055823,2732.732401,2732.79321,-0.3234219999999368,-0.2626130000003286,-0.2930175000001327
2023-03-20 12:15:00,2733.054084,2732.729762,2732.795095,-0.32432199999993827,-0.25898899999992864,-0.29165549999993345
2023-03-20 12:30:00,2733.058742,2732.731601,2732.795699,-0.3271410000002106,-0.26304300000037983,-0.29509200000029523
2023-03-20 14:00:00,2733.055243,2732.729843,2732.794954,-0.3253999999997177,-0.2602889999998297,-0.2928444999997737
2023-03-20 14:30:00,2733.059912,2732.733359,2732.796146,-0.32655300000033094,-0.26376600000003236,-0.29515950000018165
2023-03-20 14:45:00,2733.059322,2732.73639,2732.796852,-0.3229320000000371,-0.2624700000001212,-0.29270100000007915
2023-03-20 15:00:00,2733.059902,2732.736,2732.795269,-0.3239020000000892,-0.2646329999997761,-0.2942674999999326
2023-03-20 15:30:00,2733.059322,2732.734209,2732.793393,-0.32511299999987386,-0.26592900000014197,-0.2955210000000079
2023-03-20 15:45:00,2733.057573,2732.73569,2732.794689,-0.32188300000007075,-0.26288400000021284,-0.2923835000001418
2023-03-20 16:45:00,2733.057573,2732.72981,2732.793949,-0.32776300000023184,-0.2636240000001635,-0.2956935000001977
2023-03-20 17:00:00,2733.058742,2732.734619,2732.792072,-0.324123000000327,-0.2666699999999764,-0.2953965000001517
2023-03-20 17:15:00,2733.060492,2732.736099,2732.793823,-0.3243929999998727,-0.26666900000009264,-0.29553099999998267
2023-03-20 17:30:00,2733.058742,2732.733939,2732.796416,-0.3248029999999744,-0.26232600000003004,-0.2935645000000022
2023-03-20 18:00:00,2733.057583,2732.730211,2732.795119,-0.3273719999997411,-0.262463999999909,-0.29491799999982504
2023-03-20 18:15:00,2733.054084,2732.729942,2732.791351,-0.324141999999938,-0.26273300000002564,-0.2934374999999818
2023-03-20 18:30:00,2733.059902,2732.731101,2732.794259,-0.32880100000011225,-0.26564300000018193,-0.2972220000001471
2023-03-20 18:45:00,2733.060492,2732.7346,2732.799324,-0.3258920000002945,-0.26116799999999785,-0.2935300000001462
2023-03-20 19:00:00,2733.059332,2732.73344,2732.798164,-0.32589199999983975,-0.26116799999999785,-0.2935299999999188
2023-03-20 19:30:00,2733.057583,2732.733441,2732.801498,-0.324141999999938,-0.2560849999999846,-0.2901134999999613
2023-03-20 19:45:00,2733.059332,2732.731962,2732.796868,-0.3273699999999735,-0.262463999999909,-0.29491699999994125
2023-03-20 20:30:00,2733.058742,2732.733941,2732.797156,-0.32480100000020684,-0.26158600000007937,-0.2931935000001431
2023-03-20 20:45:00,2733.058742,2732.73785,2732.798905,-0.32089200000018536,-0.2598370000000614,-0.29036450000012337
2023-03-20 21:15:00,2733.057573,2732.734931,2732.791642,-0.32264200000008714,-0.26593099999990955,-0.29428649999999834
2023-03-20 23:30:00,2733.057573,2732.732191,2732.796726,-0.3253819999999905,-0.2608470000000125,-0.2931145000000015
2023-03-20 23:45:00,2733.054654,2732.734251,2732.792222,-0.3204030000001694,-0.2624319999999898,-0.2914175000000796
2023-03-21 03:30:00,2733.060492,2732.73717,2732.79586,-0.3233220000001893,-0.2646319999998923,-0.2939770000000408
2023-03-21 04:00:00,2733.059902,2732.732851,2732.798028,-0.32705099999975573,-0.261873999999807,-0.29446249999978136
2023-03-21 04:15:00,2733.056993,2732.73608,2732.794983,-0.32091300000001866,-0.2620100000003731,-0.2914615000001959
2023-03-21 04:30:00,2733.056993,2732.732172,2732.796279,-0.32482100000015635,-0.2607140000000072,-0.2927675000000818
2023-03-21 08:30:00,2733.056413,2732.728382,2732.793529,-0.32803100000000995,-0.2628839999997581,-0.295457499999884
2023-03-21 08:45:00,2733.058162,2732.727392,2732.796576,-0.33077000000002954,-0.2615859999996246,-0.2961779999998271
2023-03-21 09:00:00,2733.056413,2732.730621,2732.790484,-0.3257919999996375,-0.2659289999996872,-0.29586049999966235
2023-03-21 09:15:00,2733.053494,2732.727702,2732.791333,-0.3257919999996375,-0.2621609999996508,-0.29397649999964415
2023-03-21 09:45:00,2733.053494,2732.725954,2732.789583,-0.3275399999997717,-0.2639109999995526,-0.29572549999966213
2023-03-21 10:00:00,2733.053494,2732.726614,2732.790037,-0.32687999999961903,-0.26345699999956196,-0.2951684999995905
2023-03-21 10:15:00,2733.056993,2732.728363,2732.793082,-0.32862999999997555,-0.26391100000000733,-0.29627049999999144
2023-03-21 11:00:00,2733.053494,2732.722723,2732.785528,-0.33077099999991333,-0.26796599999988757,-0.29936849999990045
2023-03-21 11:15:00,2733.055243,2732.722993,2732.79236,-0.3322499999999309,-0.2628829999998743,-0.2975664999999026
2023-03-21 12:15:00,2733.056993,2732.726943,2732.794378,-0.3300500000000284,-0.2626150000000962,-0.2963325000000623
2023-03-21 13:15:00,2733.055243,2732.727433,2732.79061,-0.3278099999997721,-0.2646329999997761,-0.2962214999997741
2023-03-21 13:30:00,2733.057573,2732.725444,2732.793208,-0.3321289999998953,-0.26436499999999796,-0.29824699999994664
2023-03-21 14:00:00,2733.055243,2732.728362,2732.788017,-0.32688099999995757,-0.2672259999999369,-0.29705349999994723
2023-03-21 14:45:00,2733.050575,2732.724024,2732.788987,-0.3265510000001086,-0.2615880000003017,-0.29406950000020515
2023-03-21 15:15:00,2733.052324,2732.726263,2732.787691,-0.3260610000002089,-0.2646330000002308,-0.29534700000021985
2023-03-21 15:30:00,2733.049995,2732.724205,2732.787563,-0.3257899999998699,-0.2624319999999898,-0.29411099999992985
2023-03-21 16:15:00,2733.050575,2732.721554,2732.784644,-0.32902100000001155,-0.2659310000003643,-0.2974760000001879
2023-03-21 16:30:00,2733.052324,2732.718323,2732.783347,-0.3340010000001712,-0.2689770000001772,-0.3014890000001742
2023-03-21 17:00:00,2733.055823,2732.724463,2732.785819,-0.33136000000013155,-0.2700039999999717,-0.30068200000005163
2023-03-21 17:15:00,2733.055833,2732.723303,2732.784661,-0.3325299999996787,-0.2711719999997513,-0.301850999999715
2023-03-21 17:30:00,2733.057583,2732.727292,2732.791205,-0.33029099999976097,-0.26637799999980416,-0.29833449999978257
2023-03-21 18:45:00,2733.054084,2732.722313,2732.783364,-0.3317709999996623,-0.270719999999983,-0.30124549999982264
2023-03-21 20:00:00,2733.054664,2732.721822,2732.78699,-0.33284199999980046,-0.2676739999997153,-0.3002579999997579
2023-03-21 21:15:00,2733.054664,2732.724783,2732.78598,-0.32988099999965925,-0.2686839999996664,-0.29928249999966283
2023-03-21 21:30:00,2733.056993,2732.725363,2732.783515,-0.331630000000132,-0.2734780000000683,-0.30255400000010013
2023-03-21 21:45:00,2733.053494,2732.721864,2732.783061,-0.33162999999967724,-0.2704329999996844,-0.3010314999996808
2023-03-21 22:00:00,2733.053494,2732.726843,2732.784811,-0.32665099999985614,-0.2686829999997826,-0.2976669999998194
2023-03-21 22:30:00,2733.056403,2732.725853,2732.788597,-0.33055000000013024,-0.2678059999998368,-0.2991779999999835
2023-03-22 01:15:00,2733.053494,2732.720706,2732.785688,-0.3327879999997094,-0.2678059999998368,-0.3002969999997731
2023-03-22 01:30:00,2733.053494,2732.721196,2732.782641,-0.3322979999998097,-0.27085299999998824,-0.30157549999989897
2023-03-22 01:45:00,2733.051745,2732.723354,2732.780604,-0.32839100000001054,-0.2711410000001706,-0.29976600000009057
2023-03-22 02:00:00,2733.052334,2732.723934,2732.782355,-0.3283999999998741,-0.2699790000001485,-0.2991895000000113
2023-03-22 03:15:00,2733.051165,2732.721284,2732.787276,-0.32988099999965925,-0.2638889999998355,-0.2968849999997474
2023-03-22 05:30:00,2733.051165,2732.722625,2732.783944,-0.3285399999999754,-0.2672210000000632,-0.2978805000000193
2023-03-22 08:15:00,2733.048246,2732.720384,2732.784357,-0.32786199999964083,-0.2638889999998355,-0.29587549999973817
2023-03-22 08:30:00,2733.048246,2732.721595,2732.778265,-0.32665099999985614,-0.2699809999999161,-0.2983159999998861
2023-03-22 10:00:00,2733.048836,2732.717475,2732.778402,-0.33136100000001534,-0.27043400000002293,-0.30089750000001914
2023-03-22 10:15:00,2733.047086,2732.712496,2732.77795,-0.33458999999993466,-0.26913599999988946,-0.30186299999991206
2023-03-22 10:30:00,2733.049995,2732.713656,2732.783905,-0.33633899999995265,-0.26609000000007654,-0.3012145000000146
2023-03-22 11:00:00,2733.049995,2732.712175,2732.78695,-0.3378199999997378,-0.26304499999969266,-0.3004324999997152
2023-03-22 11:15:00,2733.049995,2732.716885,2732.780858,-0.3331100000000333,-0.26913699999977325,-0.3011234999999033
2023-03-22 11:45:00,2733.048836,2732.709267,2732.779698,-0.33956899999975576,-0.2691380000001118,-0.3043534999999338
2023-03-22 13:00:00,2733.049995,2732.716475,2732.776228,-0.3335199999996803,-0.2737669999996797,-0.30364349999968
2023-03-22 13:15:00,2733.048246,2732.718946,2732.783617,-0.3292999999998756,-0.2646289999997862,-0.2969644999998309
2023-03-22 13:30:00,2733.047666,2732.715136,2732.776945,-0.33253000000013344,-0.27072099999986676,-0.3016255000000001
2023-03-22 14:00:00,2733.046496,2732.717197,2732.777525,-0.3292989999999918,-0.268970999999965,-0.2991349999999784
2023-03-22 14:15:00,2733.049995,2732.716386,2732.781742,-0.33360899999979665,-0.2682529999997314,-0.300930999999764
2023-03-22 14:30:00,2733.048246,2732.714637,2732.775648,-0.33360899999979665,-0.2725980000000163,-0.3031034999999065
2023-03-22 16:15:00,2733.051165,2732.719126,2732.786824,-0.33203899999989517,-0.26434100000005856,-0.29818999999997686
2023-03-22 16:30:00,2733.048246,2732.716205,2732.773183,-0.33204099999966274,-0.2750630000000456,-0.30355199999985416
2023-03-22 16:45:00,2733.053494,2732.717956,2732.784358,-0.33553799999981493,-0.26913599999988946,-0.3023369999998522
2023-03-22 17:15:00,2733.055243,2732.722132,2732.784812,-0.3331109999999171,-0.2704309999999168,-0.30177099999991697
2023-03-22 18:00:00,2733.050585,2732.716485,2732.785234,-0.3341000000000349,-0.26535100000000966,-0.2997255000000223
2023-03-22 18:15:00,2733.053494,2732.719984,2732.783651,-0.3335099999999329,-0.2698429999995824,-0.30167649999975765
2023-03-22 18:45:00,2733.049995,2732.716895,2732.778856,-0.3330999999998312,-0.2711389999999483,-0.30211949999988974
2023-03-22 19:30:00,2733.049405,2732.721455,2732.778139,-0.32795000000032815,-0.2712660000001961,-0.2996080000002621
2023-03-22 19:45:00,2733.051155,2732.725673,2732.781907,-0.3254820000001928,-0.26924800000006144,-0.2973650000001271
2023-03-22 20:15:00,2733.051155,2732.724683,2732.781454,-0.3264720000001944,-0.2697010000001683,-0.29808650000018133
2023-03-22 20:45:00,2733.048246,2732.720704,2732.783341,-0.327541999999994,-0.26490499999999884,-0.2962234999999964
2023-03-22 21:00:00,2733.049995,2732.721465,2732.782044,-0.3285299999997733,-0.26795099999981176,-0.2982404999997925
2023-03-22 22:00:00,2733.052914,2732.726443,2732.785274,-0.32647099999985585,-0.2676400000000285,-0.2970554999999422
2023-03-22 22:30:00,2733.052914,2732.724693,2732.78583,-0.3282209999997576,-0.26708400000006804,-0.29765249999991283
2023-03-22 23:00:00,2733.053494,2732.722043,2732.782068,-0.33145099999956074,-0.2714259999997921,-0.3014384999996764
2023-03-22 23:45:00,2733.054664,2732.723213,2732.781488,-0.33145099999956074,-0.2731759999996939,-0.3023134999996273
2023-03-23 00:15:00,2733.054664,2732.722804,2732.78758,-0.33185999999977867,-0.2670839999996133,-0.299471999999696
2023-03-23 00:30:00,2733.052914,2732.722533,2732.782784,-0.3303809999997611,-0.27012999999988097,-0.30025549999982104
2023-03-23 01:15:00,2733.054074,2732.720733,2732.785693,-0.33334100000001854,-0.2683810000003177,-0.30086100000016813
2023-03-23 01:45:00,2733.052904,2732.7181,2732.784953,-0.3348040000000765,-0.2679510000002665,-0.3013775000001715
2023-03-23 02:00:00,2733.051155,2732.717832,2732.780157,-0.33332300000029136,-0.2709979999999632,-0.3021605000001273
2023-03-23 02:15:00,2733.054074,2732.720751,2732.781781,-0.33332300000029136,-0.27229299999999057,-0.30280800000014096
2023-03-23 02:30:00,2733.052324,2732.719001,2732.783078,-0.33332300000029136,-0.26924600000029386,-0.3012845000002926
2023-03-23 02:45:00,2733.051155,2732.719581,2732.780611,-0.3315740000002734,-0.2705439999999726,-0.301059000000123
2023-03-23 03:00:00,2733.054074,2732.71999,2732.784826,-0.3340840000000753,-0.26924800000006144,-0.3016660000000684
2023-03-23 03:15:00,2733.054074,2732.71851,2732.78151,-0.33556399999997666,-0.27256400000032954,-0.3040640000001531
2023-03-23 03:45:00,2733.050575,2732.719722,2732.783652,-0.3308530000003884,-0.26692300000013347,-0.29888800000026094
2023-03-23 04:15:00,2733.049995,2732.718643,2732.780478,-0.331351999999697,-0.26951699999972334,-0.30043449999971017
2023-03-23 04:30:00,2733.050585,2732.718913,2732.777144,-0.3316719999997986,-0.27344099999982063,-0.3025564999998096
2023-03-23 05:45:00,2733.052334,2732.719982,2732.782228,-0.3323519999999007,-0.27010599999994156,-0.30122899999992114
2023-03-23 06:15:00,2733.050585,2732.717252,2732.779181,-0.33333300000003874,-0.27140400000007503,-0.3023685000000569
2023-03-23 06:45:00,2733.050585,2732.716753,2732.780191,-0.33383199999980206,-0.2703940000001239,-0.302112999999963
2023-03-23 07:15:00,2733.052334,2732.722142,2732.780931,-0.33019199999989723,-0.27140300000019124,-0.30079750000004424
2023-03-23 07:45:00,2733.047086,2732.716483,2732.777432,-0.33060299999988274,-0.26965400000017326,-0.300128500000028
2023-03-23 09:00:00,2733.047076,2732.714743,2732.777559,-0.332332999999835,-0.26951699999972334,-0.3009249999997792
2023-03-23 09:30:00,2733.045907,2732.716804,2732.776389,-0.3291030000000319,-0.2695180000000619,-0.2993105000000469
2023-03-23 10:15:00,2733.044157,2732.715053,2732.77464,-0.3291039999999157,-0.26951699999972334,-0.2993104999998195
2023-03-23 10:30:00,2733.045907,2732.713305,2732.774187,-0.33260199999995166,-0.2717200000001867,-0.3021610000000692
2023-03-23 11:00:00,2733.047656,2732.710344,2732.778982,-0.33731200000011086,-0.2686740000003738,-0.3029930000002423
2023-03-23 11:45:00,2733.042998,2732.712144,2732.77348,-0.33085399999981746,-0.2695180000000619,-0.30018599999993967
2023-03-23 12:00:00,2733.044747,2732.713895,2732.772183,-0.3308520000000499,-0.2725639999998748,-0.30170799999996234
2023-03-23 12:45:00,2733.044157,2732.714286,2732.77289,-0.3298709999999119,-0.2712669999996251,-0.3005689999997685
2023-03-23 13:30:00,2733.047076,2732.715457,2732.774512,-0.33161900000004607,-0.2725639999998748,-0.30209149999996043
2023-03-23 13:45:00,2733.042998,2732.715276,2732.774767,-0.3277219999999943,-0.2682310000000143,-0.2979765000000043
2023-03-23 14:15:00,2733.047086,2732.720435,2732.775522,-0.32665099999985614,-0.2715640000001258,-0.299107499999991
2023-03-23 14:30:00,2733.048246,2732.717605,2732.776229,-0.3306410000000142,-0.2720169999997779,-0.30132899999989604
2023-03-23 14:45:00,2733.048246,2732.720114,2732.778719,-0.32813199999964127,-0.26952699999992547,-0.29882949999978337
2023-03-23 16:00:00,2733.044747,2732.715856,2732.77448,-0.3288910000001124,-0.27026699999987613,-0.29957899999999427
2023-03-23 16:15:00,2733.047666,2732.718775,2732.77565,-0.3288910000001124,-0.2720159999998941,-0.30045350000000326
2023-03-23 17:45:00,2733.049415,2732.721506,2732.780445,-0.3279090000000906,-0.2689700000000812,-0.2984395000000859
2023-03-23 18:00:00,2733.051165,2732.725503,2732.782194,-0.3256619999997383,-0.268970999999965,-0.29731649999985166
2023-03-23 18:15:00,2733.049415,2732.724735,2732.779149,-0.3246800000001713,-0.27026599999999235,-0.2974730000000818
2023-03-23 18:30:00,2733.051165,2732.728733,2732.785241,-0.3224319999999352,-0.26592399999981353,-0.2941779999998744
2023-03-23 20:30:00,2733.051165,2732.732374,2732.784232,-0.31879099999969185,-0.26693299999988085,-0.29286199999978635
2023-03-23 21:00:00,2733.051745,2732.726573,2732.785264,-0.32517200000029334,-0.26648100000011254,-0.29582650000020294
2023-03-23 22:00:00,2733.053494,2732.729804,2732.783967,-0.32368999999971493,-0.26952699999992547,-0.2966084999998202
2023-03-23 22:45:00,2733.053494,2732.730482,2732.783387,-0.3230119999998351,-0.27010699999982535,-0.2965594999998302
2023-03-23 23:15:00,2733.055243,2732.729002,2732.788183,-0.3262409999997544,-0.2670599999996739,-0.29665049999971416
2023-03-24 00:45:00,2733.052334,2732.731382,2732.787602,-0.3209520000000339,-0.26473200000009456,-0.2928420000000642
2023-03-24 01:30:00,2733.054074,2732.728403,2732.786273,-0.32567100000005667,-0.2678009999999631,-0.2967360000000099
2023-03-24 01:45:00,2733.052324,2732.731364,2732.784523,-0.3209600000000137,-0.26780100000041784,-0.29438050000021576
2023-03-24 02:30:00,2733.053494,2732.731054,2732.787443,-0.322439999999915,-0.2660509999996066,-0.2942454999997608
2023-03-24 02:45:00,2733.053494,2732.729902,2732.785424,-0.323591999999735,-0.268069999999625,-0.29583099999968
2023-03-24 03:00:00,2733.052914,2732.729322,2732.784844,-0.323591999999735,-0.26807000000007974,-0.29583099999990736
2023-03-24 03:30:00,2733.053494,2732.727351,2732.784103,-0.3261429999997745,-0.2693909999998141,-0.2977669999997943
2023-03-24 04:15:00,2733.054654,2732.729312,2732.788311,-0.3253420000000915,-0.2663430000002336,-0.29584250000016254
2023-03-24 04:45:00,2733.057573,2732.731733,2732.785717,-0.32583999999997104,-0.27185599999984333,-0.2988479999999072
2023-03-24 05:00:00,2733.054074,2732.731463,2732.787014,-0.3226110000000517,-0.26706000000012864,-0.2948355000000902
2023-03-24 06:00:00,2733.054074,2732.733214,2732.787896,-0.32086000000026615,-0.2661780000003091,-0.29351900000028763
2023-03-24 07:00:00,2733.049415,2732.728814,2732.783244,-0.3206009999998969,-0.26617099999975835,-0.2933859999998276
2023-03-24 07:45:00,2733.047666,2732.730704,2732.780468,-0.31696199999987584,-0.2671980000000076,-0.2920799999999417
2023-03-24 08:00:00,2733.047656,2732.727786,2732.779298,-0.31987000000026455,-0.2683580000002621,-0.29411400000026333
2023-03-24 08:15:00,2733.049405,2732.728544,2732.781048,-0.32086100000014994,-0.2683570000003783,-0.29460900000026413
2023-03-24 09:00:00,2733.046496,2732.728867,2732.778139,-0.3176290000001245,-0.2683569999999236,-0.29299300000002404
2023-03-24 09:45:00,2733.047076,2732.724877,2732.780303,-0.3221989999997277,-0.26677299999983006,-0.29448599999977887
2023-03-24 10:45:00,2733.043577,2732.722449,2732.7739,-0.32112800000004427,-0.2696769999997741,-0.2954024999999092
2023-03-24 11:00:00,2733.038909,2732.715808,2732.770551,-0.32310099999995145,-0.26835799999980736,-0.2957294999998794
2023-03-24 11:30:00,2733.041828,2732.717737,2732.77347,-0.32409099999995306,-0.26835799999980736,-0.2962244999998802
2023-03-24 11:45:00,2733.044747,2732.723126,2732.77464,-0.3216210000000501,-0.27010699999982535,-0.29586399999993773
2023-03-24 12:15:00,2733.042998,2732.719218,2732.773917,-0.3237799999997151,-0.26908099999991464,-0.29643049999981486
2023-03-24 12:30:00,2733.040668,2732.714819,2732.770998,-0.3258490000002894,-0.26967000000013286,-0.2977595000002111
2023-03-24 12:45:00,2733.040668,2732.71805,2732.765358,-0.32261800000014773,-0.2753099999999904,-0.29896400000006906
2023-03-24 13:00:00,2733.043587,2732.716979,2732.767825,-0.32660800000030576,-0.27576200000021345,-0.3011850000002596
2023-03-24 13:15:00,2733.044747,2732.718139,2732.77203,-0.326607999999851,-0.27271699999982957,-0.2996624999998403
2023-03-24 13:45:00,2733.044167,2732.718916,2732.774949,-0.32525100000020757,-0.2692179999999098,-0.2972345000000587
2023-03-24 14:00:00,2733.049415,2732.724557,2732.778448,-0.32485799999994924,-0.2709669999999278,-0.2979124999999385
2023-03-24 14:15:00,2733.046496,2732.719226,2732.770734,-0.32726999999977124,-0.2757619999997587,-0.30151599999976497
2023-03-24 14:30:00,2733.042998,2732.717747,2732.77304,-0.3252509999997528,-0.2699579999998605,-0.29760449999980665
2023-03-24 14:45:00,2733.045917,2732.721648,2732.777255,-0.324268999999731,-0.26866199999994933,-0.2964654999998402
2023-03-24 15:00:00,2733.045337,2732.722548,2732.775379,-0.3227889999998297,-0.2699579999998605,-0.2963734999998451
2023-03-24 15:15:00,2733.045337,2732.719317,2732.777972,-0.32601999999997133,-0.2673650000001544,-0.29669250000006286
2023-03-24 15:30:00,2733.045337,2732.721068,2732.778712,-0.32426900000018577,-0.2666250000002037,-0.29544700000019475
2023-03-24 15:45:00,2733.048836,2732.721336,2732.777129,-0.32749999999987267,-0.27170699999987846,-0.29960349999987557
2023-03-24 16:00:00,2733.049995,2732.722496,2732.77829,-0.3274989999999889,-0.27170499999965614,-0.2996019999998225
2023-03-24 16:15:00,2733.047086,2732.724297,2732.780174,-0.3227889999998297,-0.26691200000004756,-0.2948504999999386
2023-03-24 16:30:00,2733.042418,2732.722057,2732.771593,-0.3203610000000481,-0.27082500000005894,-0.2955930000000535
2023-03-24 16:45:00,2733.047076,2732.724966,2732.777549,-0.3221099999996113,-0.26952699999992547,-0.2958184999997684
2023-03-24 17:00:00,2733.049995,2732.726118,2732.776993,-0.32387699999981123,-0.2730019999999058,-0.2984394999998585
2023-03-24 17:30:00,2733.047076,2732.727207,2732.776539,-0.319868999999926,-0.27053699999987657,-0.2952029999999013
2023-03-24 17:45:00,2733.048836,2732.726047,2732.781471,-0.3227889999998297,-0.2673650000001544,-0.29507699999999204
2023-03-24 18:15:00,2733.050585,2732.727475,2732.776285,-0.32310999999981505,-0.2743000000000393,-0.29870499999992717
2023-03-24 18:30:00,2733.052334,2732.725727,2732.778878,-0.32660699999996723,-0.27345599999989645,-0.30003149999993184
2023-03-24 19:15:00,2733.048246,2732.727598,2732.773946,-0.3206479999998919,-0.2743000000000393,-0.2974739999999656
2023-03-24 19:30:00,2733.049995,2732.729347,2732.778289,-0.3206479999998919,-0.2717059999999947,-0.2961769999999433
2023-03-24 20:15:00,2733.051745,2732.729617,2732.778741,-0.322128000000248,-0.27300400000012814,-0.29756600000018807
2023-03-24 20:30:00,2733.051745,2732.731097,2732.775696,-0.32064800000034666,-0.2760490000000573,-0.29834850000020197
2023-03-24 21:30:00,2733.052914,2732.730706,2732.778902,-0.322208000000046,-0.2740119999998569,-0.29810999999995147
2023-03-24 21:45:00,2733.052324,2732.728956,2732.776699,-0.3233680000003005,-0.2756250000002183,-0.2994965000002594
2023-03-24 23:00:00,2733.050575,2732.728197,2732.779744,-0.3223780000002989,-0.27083100000027116,-0.29660450000028504
2023-03-24 23:45:00,2733.052334,2732.731116,2732.776573,-0.3212180000000444,-0.2757609999998749,-0.29848949999995966
2023-03-25 00:00:00,2733.052334,2732.728688,2732.782211,-0.323645999999826,-0.27012299999978495,-0.2968844999998055
2023-03-25 00:15:00,2733.051165,2732.729266,2732.782791,-0.32189900000003036,-0.26837399999976697,-0.29513649999989866
2023-03-25 02:45:00,2733.052324,2732.731158,2732.775403,-0.3211660000001757,-0.2769210000001294,-0.29904350000015256
2023-03-25 04:00:00,2733.053494,2732.732596,2732.778321,-0.32089799999994284,-0.2751729999999952,-0.29803549999996903
2023-03-25 04:30:00,2733.055833,2732.733168,2732.783117,-0.322664999999688,-0.2727159999999458,-0.2976904999998169
2023-03-25 05:00:00,2733.055833,2732.735416,2732.778775,-0.3204169999999067,-0.27705799999966985,-0.29873749999978827
2023-03-25 06:30:00,2733.058152,2732.733345,2732.782981,-0.3248069999999643,-0.27517100000022765,-0.299989000000096
2023-03-25 07:15:00,2733.06574,2732.736896,2732.78182,-0.3288440000001174,-0.28391999999985273,-0.30638199999998506
2023-03-25 07:30:00,2733.070988,2732.736406,2732.780506,-0.33458199999995486,-0.29048199999988356,-0.3125319999999192
2023-03-25 07:45:00,2733.072737,2732.737886,2732.781803,-0.3348510000000715,-0.2909340000001066,-0.31289250000008906
2023-03-25 08:00:00,2733.072737,2732.734387,2732.779171,-0.33834999999999127,-0.2935659999998279,-0.3159579999999096
2023-03-25 08:30:00,2733.072737,2732.736717,2732.778884,-0.33601999999973486,-0.2938530000001265,-0.3149364999999307
2023-03-25 09:30:00,2733.049995,2732.733538,2732.777559,-0.3164569999999003,-0.2724359999997432,-0.29444649999982175
2023-03-25 10:00:00,2733.045907,2732.726711,2732.772173,-0.3191960000003746,-0.27373400000033143,-0.29646500000035303
2023-03-25 10:15:00,2733.041248,2732.720571,2732.764181,-0.32067700000015975,-0.2770669999999882,-0.29887200000007397
2023-03-25 10:30:00,2733.041248,2732.722051,2732.767514,-0.31919699999980367,-0.2737339999998767,-0.2964654999998402
2023-03-25 11:00:00,2733.042998,2732.723802,2732.767227,-0.3191959999999199,-0.27577100000007704,-0.29748349999999846
2023-03-25 11:30:00,2733.047076,2732.72739,2732.771306,-0.3196859999998196,-0.2757699999997385,-0.29772799999977906
2023-03-25 11:45:00,2733.049995,2732.728559,2732.769429,-0.3214359999997214,-0.28056599999990794,-0.30100099999981467
2023-03-25 12:00:00,2733.049995,2732.725598,2732.777272,-0.3243969999998626,-0.2727230000000418,-0.2985599999999522
2023-03-25 12:15:00,2733.048246,2732.72533,2732.772476,-0.3229159999996227,-0.2757699999997385,-0.2993429999996806
2023-03-25 12:30:00,2733.043577,2732.723891,2732.765787,-0.3196859999998196,-0.27779000000009546,-0.29873799999995754
2023-03-25 12:45:00,2733.042408,2732.718012,2732.765486,-0.3243959999999788,-0.2769220000000132,-0.300658999999996
2023-03-25 13:00:00,2733.041828,2732.721642,2732.766654,-0.3201859999999215,-0.275173999999879,-0.29767999999990025
2023-03-25 13:15:00,2733.041828,2732.720964,2732.769247,-0.3208639999998013,-0.2725809999997182,-0.29672249999975975
2023-03-25 13:30:00,2733.041828,2732.716253,2732.766202,-0.3255749999998443,-0.27562600000010207,-0.3006004999999732
2023-03-25 13:45:00,2733.041828,2732.713024,2732.764905,-0.3288039999997636,-0.276922999999897,-0.3028634999998303
2023-03-25 14:15:00,2733.045327,2732.717023,2732.763609,-0.32830399999966176,-0.2817179999997279,-0.30501099999969483
2023-03-25 14:30:00,2733.043577,2732.713792,2732.76795,-0.32978499999990163,-0.27562699999998586,-0.30270599999994374
2023-03-25 15:00:00,2733.048246,2732.723172,2732.770733,-0.32507399999985864,-0.277512999999999,-0.3012934999999288
2023-03-25 15:15:00,2733.046496,2732.718461,2732.767688,-0.32803499999999985,-0.27880800000002637,-0.3034215000000131
2023-03-25 15:30:00,2733.042998,2732.716713,2732.770281,-0.3262850000000981,-0.27271699999982957,-0.2995009999999638
2023-03-25 15:45:00,2733.048246,2732.721692,2732.769437,-0.32655399999976,-0.27880899999991016,-0.30268149999983507
2023-03-25 16:15:00,2733.042998,2732.712053,2732.763029,-0.3309449999997014,-0.2799689999997099,-0.30545699999970566
2023-03-25 17:15:00,2733.050575,2732.72286,2732.771903,-0.32771500000035303,-0.27867200000036974,-0.3031935000003614
2023-03-25 18:00:00,2733.051165,2732.726752,2732.772355,-0.3244129999998222,-0.27880999999979394,-0.3016114999998081
2023-03-25 18:15:00,2733.049415,2732.72138,2732.774948,-0.32803499999999985,-0.27446699999973134,-0.3012509999998656
2023-03-25 19:15:00,2733.054074,2732.725271,2732.777151,-0.3288030000003346,-0.27692300000035175,-0.30286300000034316
2023-03-25 20:15:00,2733.054084,2732.73049,2732.779618,-0.3235939999999573,-0.27446599999984755,-0.29902999999990243
2023-03-25 20:30:00,2733.052334,2732.729009,2732.775276,-0.32332499999984066,-0.2770580000001246,-0.3001914999999826
2023-03-25 20:45:00,2733.050585,2732.72551,2732.773526,-0.32507499999974243,-0.2770590000000084,-0.3010669999998754
2023-03-25 21:15:00,2733.052324,2732.724611,2732.772809,-0.3277130000001307,-0.27951500000017404,-0.3036140000001524
2023-03-25 21:30:00,2733.050575,2732.725001,2732.777422,-0.32557400000041525,-0.273153000000093,-0.29936350000025413
2023-03-25 21:45:00,2733.052904,2732.72433,2732.77843,-0.32857400000011694,-0.2744740000002821,-0.3015240000001995
2023-03-25 22:15:00,2733.052904,2732.726349,2732.777134,-0.3265550000000985,-0.27577000000019325,-0.3011625000001459
2023-03-25 22:45:00,2733.052324,2732.728999,2732.776284,-0.3233250000002954,-0.2760400000001937,-0.29968250000024454
2023-03-26 00:30:00,2733.050575,2732.72434,2732.776126,-0.32623499999999694,-0.27444900000000416,-0.30034200000000055
2023-03-26 01:00:00,2733.051165,2732.72609,2732.778447,-0.32507499999974243,-0.27271799999971336,-0.2988964999997279
2023-03-26 02:30:00,2733.049995,2732.72542,2732.774686,-0.32457499999964057,-0.27530899999965186,-0.2999419999996462
2023-03-26 03:30:00,2733.051745,2732.726181,2732.776434,-0.3255640000002131,-0.27531100000032893,-0.30043750000027103
2023-03-26 03:45:00,2733.053494,2732.729409,2732.779481,-0.32408499999974083,-0.2740129999997407,-0.29904899999974077
2023-03-26 08:30:00,2733.046496,2732.722082,2732.772338,-0.32441400000016074,-0.2741579999997157,-0.2992859999999382
2023-03-26 09:15:00,2733.047656,2732.720332,2732.773205,-0.32732400000031703,-0.2744510000002265,-0.30088750000027176
2023-03-26 09:45:00,2733.044747,2732.720654,2732.770296,-0.32409299999972063,-0.27445099999977174,-0.2992719999997462
2023-03-26 10:00:00,2733.046496,2732.717423,2732.769429,-0.32907299999988027,-0.2770669999999882,-0.3030699999999342
2023-03-26 10:15:00,2733.042998,2732.720384,2732.769844,-0.3226139999997031,-0.2731539999999768,-0.29788399999983994
2023-03-26 10:30:00,2733.042998,2732.717155,2732.772889,-0.32584300000007715,-0.27010900000004767,-0.2979760000000624
2023-03-26 10:45:00,2733.042998,2732.718904,2732.768548,-0.32409400000005917,-0.27444999999988795,-0.29927199999997356
2023-03-26 11:30:00,2733.041828,2732.721374,2732.76997,-0.3204539999996996,-0.27185800000006566,-0.2961559999998826
2023-03-26 11:45:00,2733.043577,2732.722854,2732.768674,-0.32072299999981624,-0.2749029999999948,-0.2978129999999055
2023-03-26 12:00:00,2733.043577,2732.717735,2732.767807,-0.3258419999997386,-0.2757699999997385,-0.30080599999973856
2023-03-26 12:30:00,2733.040658,2732.716297,2732.7688,-0.3243609999999535,-0.27185800000006566,-0.2981095000000096
2023-03-26 12:45:00,2733.042408,2732.718725,2732.769684,-0.3236829999996189,-0.2727239999999256,-0.29820349999977225
2023-03-26 13:00:00,2733.042408,2732.713066,2732.764888,-0.3293419999999969,-0.2775199999996403,-0.3034309999998186
2023-03-26 13:15:00,2733.043577,2732.715274,2732.76651,-0.32830299999977797,-0.2770669999999882,-0.3026849999998831
2023-03-26 13:30:00,2733.042408,2732.717743,2732.768387,-0.3246649999996407,-0.2740209999997205,-0.2993429999996806
2023-03-26 14:00:00,2733.040658,2732.710105,2732.766637,-0.3305529999997816,-0.2740209999997205,-0.30228699999975106
2023-03-26 14:15:00,2733.040668,2732.714506,2732.767377,-0.32616200000029494,-0.273290999999972,-0.29972650000013346
2023-03-26 14:45:00,2733.042998,2732.713535,2732.765661,-0.3294630000000325,-0.2773369999999886,-0.30340000000001055
2023-03-26 15:00:00,2733.042998,2732.712055,2732.7655,-0.3309429999999338,-0.2774979999999232,-0.3042204999999285
2023-03-26 15:15:00,2733.044747,2732.715284,2732.767411,-0.3294630000000325,-0.27733600000010483,-0.30339950000006866
2023-03-26 15:30:00,2733.046496,2732.710575,2732.768278,-0.33592099999987113,-0.27821799999992436,-0.30706949999989774
2023-03-26 15:45:00,2733.042998,2732.710305,2732.766527,-0.3326929999998356,-0.27647099999967395,-0.30458199999975477
2023-03-26 16:00:00,2733.046496,2732.713804,2732.770026,-0.3326919999999518,-0.27646999999979016,-0.304580999999871
2023-03-26 16:45:00,2733.042998,2732.715015,2732.768547,-0.3279829999996764,-0.27445099999977174,-0.30121699999972407
2023-03-26 18:00:00,2733.046496,2732.718953,2732.772476,-0.3275429999998778,-0.2740199999998367,-0.30078149999985726
2023-03-26 19:00:00,2733.050575,2732.717024,2732.772046,-0.33355100000017046,-0.27852900000016234,-0.3060400000001664
2023-03-26 19:15:00,2733.048246,2732.717203,2732.774513,-0.33104299999968134,-0.2737329999999929,-0.3023879999998371
2023-03-26 20:30:00,2733.050575,2732.720252,2732.775091,-0.3303230000001349,-0.2754840000002332,-0.30290350000018407
2023-03-26 20:45:00,2733.049995,2732.714964,2732.77075,-0.3350310000000718,-0.27924499999971886,-0.30713799999989533
2023-03-26 21:15:00,2733.050575,2732.718773,2732.773365,-0.3318020000001525,-0.2772100000001956,-0.304506000000174
2023-03-26 21:45:00,2733.050575,2732.717783,2732.770033,-0.3327920000001541,-0.2805420000004233,-0.3066670000002887
2023-03-26 22:00:00,2733.052324,2732.724242,2732.773819,-0.3280820000004496,-0.27850500000022294,-0.3032935000003363
2023-03-26 22:15:00,2733.053494,2732.722452,2732.774989,-0.33104199999979755,-0.2785049999997682,-0.30477349999978287
2023-03-26 23:30:00,2733.048246,2732.716633,2732.766694,-0.33161299999983385,-0.28155199999991964,-0.30658249999987675
2023-03-26 23:45:00,2733.050575,2732.72071,2732.769475,-0.3298650000001544,-0.28110000000015134,-0.30548250000015287
2023-03-27 00:30:00,2733.054074,2732.71923,2732.772522,-0.3348439999999755,-0.28155199999991964,-0.30819799999994757
2023-03-27 00:45:00,2733.052914,2732.7213,2732.771362,-0.33161399999971763,-0.28155199999991964,-0.30658299999981864
2023-03-27 01:30:00,2733.051165,2732.721032,2732.767863,-0.3301329999999325,-0.2833019999998214,-0.30671749999987696
2023-03-27 04:00:00,2733.049415,2732.718783,2732.77091,-0.3306320000001506,-0.2785049999997682,-0.3045684999999594
2023-03-27 04:45:00,2733.048246,2732.715864,2732.769288,-0.33238200000005236,-0.27895799999987503,-0.3056699999999637
2023-03-27 05:45:00,2733.051165,2732.718113,2732.76974,-0.3330519999999524,-0.28142499999967185,-0.3072384999998121
2023-03-27 06:00:00,2733.052914,2732.72161,2732.770462,-0.3313039999998182,-0.2824519999999211,-0.30687799999986964
2023-03-27 06:15:00,2733.049995,2732.718692,2732.769292,-0.3313029999999344,-0.2807029999999031,-0.30600299999991876
2023-03-27 06:30:00,2733.049995,2732.716344,2732.767543,-0.333650999999918,-0.2824519999999211,-0.30805149999991954
2023-03-27 07:00:00,2733.050585,2732.716934,2732.765087,-0.333650999999918,-0.285497999999734,-0.309574499999826
2023-03-27 07:30:00,2733.047666,2732.712535,2732.765954,-0.3351309999998193,-0.28171199999997043,-0.3084214999998949
2023-03-27 07:45:00,2733.048826,2732.719895,2732.76768,-0.3289310000000114,-0.2811460000002626,-0.305038500000137
2023-03-27 08:00:00,2733.047656,2732.717244,2732.766963,-0.3304120000002513,-0.28069300000015573,-0.3055525000002035
2023-03-27 08:15:00,2733.044157,2732.715496,2732.767251,-0.32866100000001097,-0.27690599999959886,-0.3027834999998049
2023-03-27 08:30:00,2733.044747,2732.716496,2732.769137,-0.32825099999990925,-0.27561000000014246,-0.30193050000002586
2023-03-27 08:45:00,2733.047656,2732.720174,2732.771019,-0.3274820000001455,-0.2766370000003917,-0.3020595000002686
2023-03-27 09:00:00,2733.048246,2732.719014,2732.766544,-0.32923200000004726,-0.2817019999997683,-0.3054669999999078
2023-03-27 09:15:00,2733.048246,2732.714034,2732.763497,-0.33421199999975215,-0.28474899999991976,-0.30948049999983596
2023-03-27 09:45:00,2733.041828,2732.711606,2732.762144,-0.33022200000004887,-0.2796840000000884,-0.30495300000006864
2023-03-27 10:00:00,2733.042998,2732.713355,2732.762598,-0.32964300000003277,-0.2804000000000997,-0.3050215000000662
2023-03-27 10:15:00,2733.038919,2732.709277,2732.761564,-0.329642000000149,-0.27735500000017055,-0.30349850000015977
2023-03-27 10:30:00,2733.038909,2732.707207,2732.759679,-0.3317019999999502,-0.2792300000000978,-0.305466000000024
2023-03-27 10:45:00,2733.03717,2732.706047,2732.759815,-0.3311229999999341,-0.27735500000017055,-0.30423900000005233
2023-03-27 11:15:00,2733.037749,2732.705368,2732.757635,-0.33238100000016857,-0.28011400000013964,-0.3062475000001541
2023-03-27 11:30:00,2733.045327,2732.714425,2732.765213,-0.3309019999996963,-0.2801139999996849,-0.3055079999996906
2023-03-27 11:45:00,2733.045917,2732.710306,2732.764054,-0.3356109999999717,-0.2818629999997029,-0.3087369999998373
2023-03-27 12:00:00,2733.045917,2732.712445,2732.7671,-0.3334719999998015,-0.27881699999988996,-0.3061444999998457
2023-03-27 12:30:00,2733.042998,2732.707778,2732.761134,-0.3352199999999357,-0.2818640000000414,-0.30854199999998855
2023-03-27 12:45:00,2733.040079,2732.703878,2732.759965,-0.3362010000000737,-0.2801139999996849,-0.3081574999998793
2023-03-27 13:30:00,2733.037749,2732.700648,2732.758502,-0.33710100000007515,-0.2792469999999412,-0.30817400000000816
2023-03-27 13:45:00,2733.037749,2732.702128,2732.75517,-0.3356210000001738,-0.2825790000001689,-0.30910000000017135
2023-03-27 14:00:00,2733.040089,2732.707697,2732.757796,-0.3323920000002545,-0.28229300000020885,-0.30734250000023167
2023-03-27 14:15:00,2733.03659,2732.704198,2732.75475,-0.3323920000002545,-0.281840000000102,-0.30711600000017825
2023-03-27 14:30:00,2733.040089,2732.705948,2732.756936,-0.33414100000027247,-0.28315299999985655,-0.3086470000000645
2023-03-27 14:45:00,2733.041248,2732.710606,2732.762892,-0.33064199999989796,-0.2783559999998033,-0.30449899999985064
2023-03-27 15:00:00,2733.044747,2732.709616,2732.764641,-0.3351309999998193,-0.2801059999997051,-0.3076184999997622
2023-03-27 15:15:00,2733.042998,2732.711776,2732.761596,-0.33122199999979784,-0.281402000000071,-0.3063119999999344
2023-03-27 15:30:00,2733.042998,2732.710296,2732.764204,-0.3327019999996992,-0.27879399999983434,-0.30574799999976676
2023-03-27 15:45:00,2733.042418,2732.712946,2732.763625,-0.32947199999989607,-0.27879299999995055,-0.3041324999999233
2023-03-27 16:00:00,2733.041248,2732.708547,2732.763752,-0.3327009999998154,-0.2774960000001556,-0.3050984999999855
2023-03-27 17:00:00,2733.038919,2732.701238,2732.757786,-0.33768099999997503,-0.28113299999995434,-0.3094069999999647
2023-03-27 17:15:00,2733.037749,2732.702308,2732.759663,-0.3354410000001735,-0.2780860000002576,-0.30676350000021557
2023-03-27 17:45:00,2733.045327,2732.708154,2732.76507,-0.33717299999989336,-0.2802569999998923,-0.3087149999998928
2023-03-27 18:00:00,2733.045327,2732.711385,2732.765524,-0.3339419999997517,-0.27980299999990166,-0.3068724999998267
2023-03-27 18:30:00,2733.045907,2732.711635,2732.768141,-0.3342720000000554,-0.27776600000015605,-0.30601900000010573
2023-03-27 18:45:00,2733.047656,2732.714865,2732.766845,-0.3327910000002703,-0.2808110000000852,-0.30680100000017774
2023-03-27 19:00:00,2733.047666,2732.715946,2732.769453,-0.33172000000013213,-0.27821300000005067,-0.3049665000000914
2023-03-27 19:15:00,2733.047666,2732.711645,2732.764657,-0.3360210000000734,-0.28300899999976536,-0.3095149999999194
2023-03-27 19:45:00,2733.051165,2732.715643,2732.771203,-0.3355219999998553,-0.27996200000006866,-0.307741999999962
2023-03-27 20:00:00,2733.049415,2732.710934,2732.770623,-0.3384809999997742,-0.27879200000006676,-0.3086364999999205
2023-03-27 20:15:00,2733.049995,2732.717972,2732.768156,-0.33202299999993556,-0.2818389999997635,-0.3069309999998495
2023-03-27 20:45:00,2733.049995,2732.717394,2732.772952,-0.33260100000006787,-0.2770430000000488,-0.3048220000000583
2023-03-27 21:00:00,2733.049995,2732.714743,2732.768736,-0.3352519999998549,-0.2812589999998636,-0.30825549999985924
2023-03-27 21:15:00,2733.049995,2732.721693,2732.769477,-0.3283019999998942,-0.28051800000002913,-0.30440999999996166
2023-03-27 21:30:00,2733.051745,2732.721203,2732.775569,-0.33054200000015044,-0.27617600000030507,-0.30335900000022775
2023-03-27 21:45:00,2733.050585,2732.715824,2732.770065,-0.33476100000007136,-0.2805199999997967,-0.30764049999993404
2023-03-27 23:00:00,2733.055243,2732.720213,2732.774272,-0.33502999999973326,-0.2809709999996812,-0.30800049999970724
2023-03-27 23:45:00,2733.063401,2732.730259,2732.770773,-0.33314199999995253,-0.292627999999695,-0.3128849999998238
2023-03-28 01:00:00,2733.063401,2732.854202,2732.777318,-0.20919899999989866,-0.28608299999996234,-0.2476409999999305
2023-03-28 01:15:00,2733.06632,2732.892648,2732.781533,-0.1736719999998968,-0.2847870000000512,-0.229229499999974
2023-03-28 01:30:00,2733.06457,2732.929246,2732.783553,-0.135323999999855,-0.28101699999979246,-0.20817049999982373
2023-03-28 01:45:00,2733.06515,2732.959983,2732.782383,-0.10516699999971024,-0.28276699999969424,-0.19396699999970224
2023-03-28 02:00:00,2733.06515,2732.986173,2732.783679,-0.07897700000012264,-0.2814709999997831,-0.18022399999995287
2023-03-28 02:30:00,2733.066899,2733.040056,2732.788475,-0.026843000000098982,-0.2784240000000864,-0.15263350000009268
2023-03-28 03:00:00,2733.066899,2733.077604,2732.787178,0.010705000000143627,-0.2797209999998813,-0.13450799999986884
2023-03-28 03:15:00,2733.068069,2733.092845,2732.791395,0.024776000000201748,-0.27667399999972986,-0.12594899999976406
2023-03-28 03:30:00,2733.06632,2733.108915,2732.7866,0.042594999999892025,-0.2797199999999975,-0.11856250000005275
2023-03-28 03:45:00,2733.06632,2733.126236,2732.789193,0.05991600000015751,-0.2771269999998367,-0.1086054999998396
2023-03-28 04:00:00,2733.06632,2733.132965,2732.789645,0.06664499999988038,-0.2766750000000684,-0.105015000000094
2023-03-28 04:15:00,2733.06632,2733.142325,2732.790941,0.07600499999989552,-0.2753789999997025,-0.09968699999990349
2023-03-28 04:30:00,2733.068069,2733.156604,2732.793988,0.08853499999986525,-0.2740810000000238,-0.09277300000007926
2023-03-28 04:45:00,2733.068069,2733.157373,2732.791682,0.08930400000008376,-0.27638699999988603,-0.09354149999990113
2023-03-28 05:15:00,2733.069818,2733.169163,2732.795737,0.09934500000008484,-0.2740810000000238,-0.08736799999996947
2023-03-28 05:45:00,2733.071568,2733.177724,2732.797773,0.1061560000002828,-0.27379500000006374,-0.08381949999989047
2023-03-28 06:00:00,2733.069818,2733.178406,2732.796025,0.10858800000005431,-0.2737929999998414,-0.08260249999989355
2023-03-28 06:15:00,2733.071568,2733.175222,2732.80082,0.10365400000000591,-0.2707479999999123,-0.08354699999995319
2023-03-28 06:30:00,2733.069818,2733.175903,2732.795738,0.10608499999989363,-0.27408000000014,-0.08399750000012318
2023-03-28 06:45:00,2733.070398,2733.176565,2732.794568,0.10616700000036872,-0.27583000000004176,-0.08483149999983652
2023-03-28 07:00:00,2733.072148,2733.177514,2732.802697,0.10536599999977625,-0.26945100000011735,-0.08204250000017055
2023-03-28 07:15:00,2733.072148,2733.175053,2732.79864,0.1029049999997369,-0.2735080000002199,-0.0853015000002415
2023-03-28 07:30:00,2733.072148,2733.171104,2732.80039,0.09895599999981641,-0.27175800000031813,-0.08640100000025086
2023-03-28 07:45:00,2733.070408,2733.171776,2732.800527,0.10136800000009316,-0.26988100000016857,-0.0842565000000377
2023-03-28 08:15:00,2733.075656,2733.157736,2732.801824,0.08208000000013271,-0.27383199999985663,-0.09587599999986196
2023-03-28 08:30:00,2733.074487,2733.113201,2732.800655,0.0387140000002546,-0.27383199999985663,-0.11755899999980102
2023-03-28 09:00:00,2733.076236,2732.946781,2732.800201,-0.12945499999977983,-0.27603499999986525,-0.20274499999982254
2023-03-28 09:15:00,2733.077406,2732.888234,2732.800924,-0.18917199999987133,-0.27648199999975986,-0.2328269999998156
2023-03-28 09:30:00,2733.073317,2732.831477,2732.798005,-0.24183999999968364,-0.275311999999758,-0.2585759999997208
2023-03-28 09:45:00,2733.060492,2732.787979,2732.788861,-0.27251299999988987,-0.27163100000007034,-0.2720719999999801
2023-03-28 10:00:00,2733.047076,2732.742842,2732.78913,-0.3042339999997239,-0.2579459999997198,-0.28108999999972184
2023-03-28 10:15:00,2733.038919,2732.712602,2732.790879,-0.3263170000000173,-0.2480399999999463,-0.2871784999999818
2023-03-28 10:30:00,2733.03717,2732.694076,2732.787111,-0.34309399999983725,-0.2500589999999647,-0.296576499999901
2023-03-28 11:00:00,2733.031921,2732.702924,2732.788409,-0.3289969999996174,-0.24351200000000972,-0.28625449999981356
2023-03-28 11:15:00,2733.033671,2732.703187,2732.790158,-0.3304840000000695,-0.24351300000034826,-0.2869985000002089
2023-03-28 11:30:00,2733.031921,2732.703359,2732.787112,-0.3285619999996925,-0.24480899999980466,-0.28668549999974857
2023-03-28 11:45:00,2733.03659,2732.70772,2732.789579,-0.3288700000002791,-0.24701100000038423,-0.28794050000033167
2023-03-28 12:00:00,2733.038339,2732.709232,2732.786532,-0.3291070000000218,-0.2518070000000989,-0.29045700000006036
2023-03-28 12:15:00,2733.040089,2732.711042,2732.7832,-0.3290470000001733,-0.2568890000002284,-0.29296800000020085
2023-03-28 12:30:00,2733.036,2732.708602,2732.785944,-0.3273979999999028,-0.2500559999998586,-0.2887269999998807
2023-03-28 12:45:00,2733.036,2732.708245,2732.786954,-0.32775500000025204,-0.2490459999999075,-0.2884005000000798
2023-03-28 13:00:00,2733.036,2732.707894,2732.785203,-0.3281059999999343,-0.2507970000001478,-0.28945150000004105
2023-03-28 13:15:00,2733.039499,2732.705734,2732.78825,-0.33376499999985754,-0.2512489999999161,-0.29250699999988683
2023-03-28 13:30:00,2733.038919,2732.706143,2732.788124,-0.33277600000019447,-0.2507949999999255,-0.29178550000006
2023-03-28 13:45:00,2733.036,2732.707925,2732.788537,-0.32807499999989886,-0.24746300000015253,-0.2877690000000257
2023-03-28 14:15:00,2733.037749,2732.704206,2732.786087,-0.33354300000019066,-0.25166200000012395,-0.2926025000001573
2023-03-28 14:30:00,2733.03717,2732.706584,2732.783489,-0.33058600000003935,-0.2536810000001424,-0.29213350000009086
2023-03-28 14:45:00,2733.038329,2732.706863,2732.787121,-0.3314660000000913,-0.2512080000001333,-0.2913370000001123
2023-03-28 15:00:00,2733.038329,2732.705504,2732.789284,-0.33282499999995707,-0.24904500000002372,-0.2909349999999904
2023-03-28 15:15:00,2733.03542,2732.701025,2732.7874,-0.3343950000003133,-0.2480199999999968,-0.29120750000015505
2023-03-28 15:30:00,2733.037749,2732.704834,2732.789731,-0.3329149999999572,-0.24801800000022922,-0.2904665000000932
2023-03-28 15:45:00,2733.039499,2732.703354,2732.791479,-0.33614499999976033,-0.2480199999999968,-0.29208249999987856
2023-03-28 16:00:00,2733.03658,2732.702905,2732.789857,-0.3336749999998574,-0.24672299999974712,-0.29019899999980225
2023-03-28 16:15:00,2733.03658,2732.702325,2732.786684,-0.3342549999997573,-0.24989599999980783,-0.29207549999978255
2023-03-28 16:30:00,2733.03658,2732.700845,2732.78798,-0.33573500000011336,-0.24859999999989668,-0.292167500000005
2023-03-28 16:45:00,2733.040079,2732.704074,2732.788434,-0.33600499999965905,-0.2516449999998258,-0.29382499999974243
2023-03-28 17:00:00,2733.039499,2732.706234,2732.789604,-0.3332649999997557,-0.24989499999992404,-0.29157999999983986
2023-03-28 17:15:00,2733.039499,2732.709462,2732.788308,-0.3300370000001749,-0.2511909999998352,-0.29061400000000503
2023-03-28 17:30:00,2733.037749,2732.707713,2732.788864,-0.3300360000002911,-0.24888499999997293,-0.289460500000132
2023-03-28 17:45:00,2733.041248,2732.705553,2732.787567,-0.33569500000021435,-0.2536810000001424,-0.29468800000017836
2023-03-28 18:45:00,2733.038909,2732.700575,2732.786977,-0.33833400000003166,-0.25193199999966964,-0.29513299999985065
2023-03-28 19:00:00,2733.042408,2732.708103,2732.791773,-0.3343049999998584,-0.2506349999998747,-0.29246999999986656
2023-03-28 19:15:00,2733.040658,2732.707425,2732.788728,-0.33323299999983647,-0.25192999999990207,-0.29258149999986927
2023-03-28 19:30:00,2733.042408,2732.704464,2732.793523,-0.33794399999987945,-0.24888499999997293,-0.2934144999999262
2023-03-28 19:45:00,2733.043577,2732.704973,2732.795988,-0.3386040000000321,-0.2475890000000618,-0.29309650000004694
2023-03-28 20:15:00,2733.041828,2732.702733,2732.789896,-0.3390949999998156,-0.25193199999966964,-0.29551349999974263
2023-03-28 20:30:00,2733.042408,2732.705184,2732.793069,-0.3372239999998783,-0.24933899999996356,-0.2932814999999209
2023-03-28 22:00:00,2733.042408,2732.701953,2732.790476,-0.34045500000001994,-0.25193199999966964,-0.2961934999998448
2023-03-28 23:00:00,2733.041828,2732.705962,2732.791646,-0.3358659999998963,-0.25018199999976787,-0.2930239999998321
2023-03-29 00:15:00,2733.038909,2732.703434,2732.790024,-0.3354749999998603,-0.24888499999997293,-0.2921799999999166
2023-03-29 00:30:00,2733.041828,2732.70197,2732.790906,-0.3398579999998219,-0.25092199999971854,-0.2953899999997702
2023-03-29 01:00:00,2733.043587,2732.704211,2732.792076,-0.339375999999902,-0.25151099999993676,-0.29544349999991937
2023-03-29 01:30:00,2733.040668,2732.702773,2732.786111,-0.33789500000011685,-0.2545570000002044,-0.29622600000016064
2023-03-29 01:45:00,2733.041838,2732.703941,2732.787281,-0.33789699999988443,-0.2545570000002044,-0.2962270000000444
2023-03-29 02:00:00,2733.040089,2732.701693,2732.785261,-0.3383960000001025,-0.25482800000008865,-0.2966120000000956
2023-03-29 02:15:00,2733.041838,2732.703442,2732.791353,-0.3383960000001025,-0.25048500000002605,-0.2944405000000643
2023-03-29 02:30:00,2733.041248,2732.706082,2732.786421,-0.33516599999984464,-0.25482700000020486,-0.29499650000002475
2023-03-29 02:45:00,2733.039499,2732.699623,2732.784671,-0.33987600000000384,-0.25482800000008865,-0.29735200000004625
2023-03-29 03:00:00,2733.039499,2732.703841,2732.785681,-0.3356579999999667,-0.25381800000013754,-0.2947380000000521
2023-03-29 03:15:00,2733.041248,2732.701781,2732.785554,-0.3394669999997859,-0.2556939999999486,-0.29758049999986724
2023-03-29 04:00:00,2733.042418,2732.702542,2732.788021,-0.33987600000000384,-0.25439700000015364,-0.29713650000007874
2023-03-29 04:15:00,2733.040668,2732.700301,2732.785984,-0.3403670000002421,-0.25468399999999747,-0.2975255000001198
2023-03-29 04:45:00,2733.044167,2732.702051,2732.788593,-0.34211599999980535,-0.2555739999997968,-0.2988449999998011
2023-03-29 05:00:00,2733.044167,2732.7038,2732.787296,-0.3403670000002421,-0.2568710000000465,-0.2986190000001443
2023-03-29 05:30:00,2733.044167,2732.703138,2732.790343,-0.34102900000016234,-0.253823999999895,-0.2974265000000287
2023-03-29 05:45:00,2733.044167,2732.699909,2732.787733,-0.34425800000008167,-0.25643399999989924,-0.30034599999999045
2023-03-29 07:00:00,2733.048836,2732.706041,2732.79152,-0.3427950000000237,-0.25731599999971877,-0.30005549999987124
2023-03-29 07:30:00,2733.044167,2732.702362,2732.786851,-0.3418050000000221,-0.2573160000001735,-0.2995605000000978
2023-03-29 08:00:00,2733.039499,2732.697382,2732.785101,-0.3421170000001439,-0.2543980000000374,-0.29825750000009066
2023-03-29 08:45:00,2733.041248,2732.698863,2732.782056,-0.342384999999922,-0.25919199999998455,-0.3007884999999533
2023-03-29 09:00:00,2733.041248,2732.701101,2732.780759,-0.34014699999988807,-0.2604889999997795,-0.3003179999998338
2023-03-29 09:30:00,2733.03658,2732.694193,2732.780433,-0.3423870000001443,-0.2561470000000554,-0.29926700000009987
2023-03-29 09:45:00,2733.033671,2732.693035,2732.777977,-0.34063600000035876,-0.2556939999999486,-0.29816500000015367
2023-03-29 10:00:00,2733.033671,2732.695995,2732.777523,-0.33767600000010134,-0.2561479999999392,-0.29691200000002027
2023-03-29 10:15:00,2733.030172,2732.692764,2732.774478,-0.3374080000003232,-0.2556940000004033,-0.2965510000003633
2023-03-29 10:45:00,2733.030172,2732.692374,2732.774191,-0.3377980000000207,-0.25598100000024715,-0.2968895000001339
2023-03-29 11:45:00,2733.03658,2732.692053,2732.77535,-0.34452699999974357,-0.2612300000000687,-0.3028784999999061
2023-03-29 12:00:00,2733.038329,2732.695282,2732.777959,-0.34304699999984223,-0.26036999999996624,-0.30170849999990423
2023-03-29 12:30:00,2733.03542,2732.689143,2732.771144,-0.3462770000001001,-0.26427600000033635,-0.3052765000002182
2023-03-29 12:45:00,2733.038329,2732.693534,2732.771867,-0.3447949999999764,-0.26646200000004683,-0.3056285000000116
2023-03-29 13:30:00,2733.03658,2732.689804,2732.768098,-0.3467759999998634,-0.26848199999994904,-0.3076289999999062
2023-03-29 13:45:00,2733.037749,2732.690565,2732.772314,-0.34718400000019756,-0.26543500000025233,-0.30630950000022494
2023-03-29 14:30:00,2733.03717,2732.687743,2732.774328,-0.3494270000001052,-0.2628420000000915,-0.30613450000009834
2023-03-29 14:45:00,2733.040668,2732.691242,2732.77404,-0.3494260000002214,-0.26662800000030984,-0.3080270000002656
2023-03-29 15:00:00,2733.040079,2732.689172,2732.776496,-0.3509070000000065,-0.26358299999992596,-0.30724499999996624
2023-03-29 15:30:00,2733.040658,2732.690922,2732.772154,-0.34973600000012084,-0.26850400000012087,-0.30912000000012085
2023-03-29 15:45:00,2733.041828,2732.69209,2732.771287,-0.3497379999998884,-0.27054099999986647,-0.31013949999987744
2023-03-29 16:00:00,2733.03716,2732.688762,2732.771413,-0.3483979999996336,-0.26574699999991935,-0.3070724999997765
2023-03-29 16:15:00,2733.040079,2732.688182,2732.770833,-0.3518970000000081,-0.2692459999998391,-0.3105714999999236
2023-03-29 17:30:00,2733.042998,2732.692851,2732.770707,-0.35014700000010635,-0.27229099999976825,-0.3112189999999373
2023-03-29 17:45:00,2733.045907,2732.69675,2732.772894,-0.34915700000010474,-0.27301299999999173,-0.31108500000004824
2023-03-29 18:15:00,2733.047076,2732.699668,2732.774063,-0.347407999999632,-0.27301299999999173,-0.3102104999998119
2023-03-29 18:30:00,2733.047656,2732.697508,2732.769847,-0.35014799999999013,-0.2778090000001612,-0.31397850000007566
2023-03-29 18:45:00,2733.045907,2732.696437,2732.770715,-0.3494700000001103,-0.27519200000006094,-0.3123310000000856
2023-03-29 19:00:00,2733.050575,2732.698868,2732.77668,-0.35170700000026045,-0.273895000000266,-0.31280100000026323
2023-03-29 19:15:00,2733.049995,2732.697877,2732.777849,-0.3521179999997912,-0.2721459999997933,-0.31213199999979224
2023-03-29 19:30:00,2733.049995,2732.695737,2732.772766,-0.3542579999998452,-0.27722899999980655,-0.31574349999982587
2023-03-29 20:00:00,2733.049995,2732.696887,2732.775813,-0.3531079999997928,-0.2741819999996551,-0.31364499999972395
2023-03-29 20:15:00,2733.048826,2732.693577,2732.771596,-0.35524900000018533,-0.2772300000001451,-0.3162395000001652
2023-03-29 20:30:00,2733.047666,2732.694238,2732.77594,-0.3534279999998944,-0.2717259999999442,-0.3125769999999193
2023-03-29 20:45:00,2733.045917,2732.692488,2732.772893,-0.35342899999977817,-0.27302400000007765,-0.3132264999999279
2023-03-29 21:15:00,2733.045917,2732.691007,2732.77493,-0.35491000000001804,-0.2709869999998773,-0.31294849999994767
2023-03-29 21:45:00,2733.048836,2732.695406,2732.77711,-0.3534300000001167,-0.2717259999999442,-0.31257800000003044
2023-03-29 23:15:00,2733.046496,2732.692183,2732.775223,-0.35431299999982,-0.27127299999983734,-0.3127929999998287
2023-03-29 23:45:00,2733.044747,2732.690704,2732.773186,-0.3540429999998196,-0.2715610000000197,-0.31280199999991964
2023-03-30 00:00:00,2733.048246,2732.693934,2732.774936,-0.35431199999993623,-0.2733100000000377,-0.31381099999998696
2023-03-30 00:45:00,2733.043577,2732.693165,2732.772734,-0.35041199999977835,-0.2708429999997861,-0.31062749999978223
2023-03-30 01:00:00,2733.046496,2732.692855,2732.772606,-0.3536410000001524,-0.2738899999999376,-0.313765500000045
2023-03-30 01:15:00,2733.044747,2732.694335,2732.767541,-0.35041199999977835,-0.27720599999975093,-0.31380899999976464
2023-03-30 01:45:00,2733.044747,2732.693656,2732.773634,-0.3510909999999967,-0.27111299999978655,-0.31110199999989163
2023-03-30 02:00:00,2733.042998,2732.690425,2732.768838,-0.3525730000001204,-0.274159999999938,-0.3133665000000292
2023-03-30 02:15:00,2733.044747,2732.688944,2732.76929,-0.3558029999999235,-0.27545699999973294,-0.3156299999998282
2023-03-30 02:45:00,2733.042998,2732.692175,2732.76972,-0.35082299999976385,-0.2732780000001185,-0.31205049999994117
2023-03-30 03:00:00,2733.044157,2732.693334,2732.772176,-0.35082299999976385,-0.2719809999998688,-0.3114019999998163
2023-03-30 03:15:00,2733.038909,2732.689344,2732.767381,-0.34956499999998414,-0.27152799999976196,-0.31054649999987305
2023-03-30 03:30:00,2733.041828,2732.691603,2732.769561,-0.35022499999968204,-0.27226699999982884,-0.31124599999975544
2023-03-30 04:00:00,2733.041828,2732.692585,2732.770428,-0.349243000000115,-0.27140000000008513,-0.31032150000010006
2023-03-30 04:15:00,2733.041838,2732.692005,2732.771596,-0.349833000000217,-0.27024200000005294,-0.31003750000013497
2023-03-30 04:45:00,2733.042998,2732.688764,2732.776377,-0.3542339999999058,-0.2666209999997591,-0.31042749999983243
2023-03-30 05:00:00,2733.042998,2732.690514,2732.773784,-0.352484000000004,-0.2692139999999199,-0.31084899999996196
2023-03-30 06:15:00,2733.042418,2732.694155,2732.771908,-0.34826299999986077,-0.27050999999983105,-0.3093864999998459
2023-03-30 06:45:00,2733.042418,2732.691995,2732.773204,-0.35042299999986426,-0.2692139999999199,-0.3098184999998921
2023-03-30 07:15:00,2733.041248,2732.689753,2732.774627,-0.3514949999998862,-0.2666210000002138,-0.30905800000005
2023-03-30 08:00:00,2733.041248,2732.696213,2732.770737,-0.34503499999982523,-0.2705110000001696,-0.3077729999999974
2023-03-30 08:45:00,2733.039499,2732.692715,2732.770285,-0.3467839999998432,-0.2692139999999199,-0.30799899999988156
2023-03-30 09:00:00,2733.041248,2732.695446,2732.771582,-0.3458019999998214,-0.26966600000014296,-0.3077339999999822
2023-03-30 09:30:00,2733.041248,2732.693696,2732.767238,-0.34755200000017794,-0.27401000000008935,-0.31078100000013364
2023-03-30 09:45:00,2733.039499,2732.693427,2732.768535,-0.34607199999982186,-0.2709639999998217,-0.30851799999982177
2023-03-30 10:15:00,2733.037749,2732.695176,2732.766498,-0.3425729999999021,-0.27125100000012026,-0.3069120000000112
2023-03-30 10:45:00,2733.039499,2732.691947,2732.768248,-0.34755200000017794,-0.27125100000012026,-0.3094015000001491
2023-03-30 11:00:00,2733.03658,2732.689706,2732.763452,-0.34687399999984336,-0.2731279999998151,-0.3100009999998292
2023-03-30 11:15:00,2733.038329,2732.687548,2732.764749,-0.35078100000009727,-0.2735800000000381,-0.3121805000000677
2023-03-30 11:30:00,2733.042418,2732.690467,2732.766371,-0.35195100000009916,-0.27604699999983495,-0.31399899999996705
2023-03-30 11:45:00,2733.044167,2732.695856,2732.77419,-0.3483110000001943,-0.2699769999999262,-0.30914400000006026
2023-03-30 12:15:00,2733.043577,2732.693517,2732.771851,-0.35005999999975757,-0.2717259999999442,-0.31089299999985087
2023-03-30 12:30:00,2733.042418,2732.692947,2732.770422,-0.3494709999999941,-0.2719959999999446,-0.31073349999996935
2023-03-30 12:45:00,2733.040079,2732.688415,2732.762895,-0.3516639999998006,-0.27718400000003385,-0.3144239999999172
2023-03-30 13:15:00,2733.043577,2732.687236,2732.769394,-0.35634099999970203,-0.2741829999999936,-0.31526199999984783
2023-03-30 13:30:00,2733.042998,2732.691638,2732.767231,-0.35136000000011336,-0.27576700000008714,-0.31356350000010025
2023-03-30 13:45:00,2733.044747,2732.688407,2732.768401,-0.35633999999981825,-0.27634600000010323,-0.31634299999996074
2023-03-30 14:15:00,2733.044157,2732.690825,2732.765774,-0.353331999999682,-0.27838299999984883,-0.3158574999997654
2023-03-30 14:30:00,2733.045907,2732.685845,2732.76707,-0.36006200000019817,-0.2788370000002942,-0.3194495000002462
2023-03-30 14:45:00,2733.045327,2732.687015,2732.763176,-0.35831199999984165,-0.28215099999988524,-0.32023149999986344
2023-03-30 15:00:00,2733.042418,2732.683394,2732.768814,-0.359023999999863,-0.27360399999997753,-0.31631399999992027
2023-03-30 15:15:00,2733.048246,2732.688454,2732.771733,-0.359791999999743,-0.2765129999997953,-0.31815249999976913
2023-03-30 15:30:00,2733.047086,2732.690204,2732.770436,-0.35688200000004144,-0.2766500000002452,-0.3167660000001433
2023-03-30 15:45:00,2733.043587,2732.692443,2732.766095,-0.35114400000020396,-0.2774920000001657,-0.31431800000018484
2023-03-30 16:00:00,2733.047086,2732.691292,2732.768688,-0.3557940000000599,-0.27839799999992465,-0.3170959999999923
2023-03-30 16:45:00,2733.047086,2732.687793,2732.766937,-0.35929299999997966,-0.28014900000016496,-0.3197210000000723
2023-03-30 18:00:00,2733.048826,2732.690963,2732.769989,-0.35786300000017945,-0.2788370000002942,-0.31835000000023683
2023-03-30 18:15:00,2733.049405,2732.695271,2732.766514,-0.35413400000015827,-0.28289100000029066,-0.31851250000022446
2023-03-30 18:30:00,2733.051155,2732.693791,2732.770013,-0.3573639999999614,-0.2811420000002727,-0.319253000000117
2023-03-30 19:00:00,2733.049405,2732.695542,2732.77131,-0.35386300000027404,-0.2780950000001212,-0.31597900000019763
2023-03-30 19:15:00,2733.048826,2732.69671,2732.769433,-0.35211600000002363,-0.2793930000002547,-0.31575450000013916
2023-03-30 19:30:00,2733.047656,2732.69554,2732.769559,-0.35211600000002363,-0.27809700000034354,-0.3151065000001836
2023-03-30 19:45:00,2733.047076,2732.700619,2732.77174,-0.34645699999964563,-0.2753359999996974,-0.3108964999996715
2023-03-30 20:00:00,2733.047656,2732.699448,2732.767522,-0.3482080000003407,-0.28013400000008915,-0.3141710000002149
2023-03-30 20:15:00,2733.050575,2732.695639,2732.775072,-0.3549360000001798,-0.2755030000002989,-0.31521950000023935
2023-03-30 20:30:00,2733.048246,2732.6973,2732.77089,-0.35094600000002174,-0.27735600000005434,-0.31415100000003804
2023-03-30 20:45:00,2733.049415,2732.695221,2732.774373,-0.3541940000000068,-0.27504199999975754,-0.31461799999988216
2023-03-30 21:00:00,2733.051165,2732.7002,2732.776123,-0.3509649999996327,-0.27504199999975754,-0.3130034999996951
2023-03-30 21:15:00,2733.048246,2732.699439,2732.770611,-0.34880699999985154,-0.27763499999991836,-0.31322099999988495
2023-03-30 21:30:00,2733.051165,2732.704608,2732.775095,-0.3465569999998479,-0.27606999999989057,-0.31131349999986924
2023-03-30 21:45:00,2733.049415,2732.699629,2732.770031,-0.3497859999997672,-0.27938399999993635,-0.3145849999998518
2023-03-30 22:15:00,2733.049995,2732.698729,2732.776972,-0.35126599999966857,-0.2730229999997391,-0.31214449999970384
2023-03-30 22:30:00,2733.046496,2732.696299,2732.772177,-0.35019699999975273,-0.274319000000105,-0.31225799999992887
2023-03-30 22:45:00,2733.048246,2732.698049,2732.775222,-0.35019699999975273,-0.2730239999996229,-0.3116104999996878
2023-03-30 23:15:00,2733.044747,2732.69706,2732.769584,-0.3476869999999508,-0.2751629999997931,-0.31142499999987194
2023-03-30 23:30:00,2733.046496,2732.698808,2732.772629,-0.3476879999998346,-0.27386699999988195,-0.31077749999985826
2023-03-31 00:15:00,2733.046496,2732.700207,2732.77088,-0.3462890000000698,-0.27561599999989994,-0.31095249999998487
2023-03-31 00:30:00,2733.049995,2732.701548,2732.775676,-0.34844699999985096,-0.27431899999965026,-0.3113829999997506
2023-03-31 00:45:00,2733.046496,2732.696569,2732.77061,-0.3499269999997523,-0.2758859999999004,-0.31290649999982634
2023-03-31 01:15:00,2733.047666,2732.699218,2732.772049,-0.34844799999973475,-0.27561699999978373,-0.31203249999975924
2023-03-31 01:30:00,2733.045917,2732.701378,2732.766984,-0.34453899999971327,-0.27893300000005183,-0.31173599999988255
2023-03-31 01:45:00,2733.047666,2732.701949,2732.774827,-0.3457170000001497,-0.2728389999997489,-0.3092779999999493
2023-03-31 02:15:00,2733.049405,2732.704588,2732.774237,-0.34481700000014825,-0.27516800000012154,-0.3099925000001349
2023-03-31 02:45:00,2733.051155,2732.707819,2732.776844,-0.3433359999999084,-0.2743110000001252,-0.3088235000000168
2023-03-31 03:00:00,2733.045907,2732.703107,2732.77119,-0.34280000000035216,-0.274717000000237,-0.3087585000002946
2023-03-31 03:30:00,2733.045907,2732.706068,2732.776392,-0.33983900000021094,-0.26951499999995576,-0.30467700000008335
2023-03-31 03:45:00,2733.045907,2732.706338,2732.771762,-0.3395690000002105,-0.27414500000031694,-0.3068570000002637
2023-03-31 04:00:00,2733.045907,2732.702839,2732.772487,-0.34306800000013027,-0.27341999999998734,-0.3082440000000588
2023-03-31 05:00:00,2733.045917,2732.703839,2732.773077,-0.34207800000012867,-0.27284000000008746,-0.30745900000010806
2023-03-31 05:30:00,2733.048246,2732.705987,2732.77438,-0.34225900000001275,-0.27386599999999817,-0.30806250000000546
2023-03-31 06:00:00,2733.045327,2732.700518,2732.771459,-0.3448089999997137,-0.27386799999976574,-0.3093384999997397
2023-03-31 06:15:00,2733.050575,2732.709895,2732.77395,-0.3406800000002477,-0.276625000000422,-0.30865250000033484
2023-03-31 06:30:00,2733.049995,2732.709896,2732.778292,-0.34009900000000926,-0.27170299999988856,-0.3059009999999489
2023-03-31 06:45:00,2733.045337,2732.704249,2732.772336,-0.34108800000012707,-0.27300100000002203,-0.30704450000007455
2023-03-31 07:00:00,2733.047666,2732.710468,2732.774109,-0.33719799999971656,-0.2735569999999825,-0.30537749999984953
2023-03-31 07:15:00,2733.045917,2732.703027,2732.77236,-0.34288999999989755,-0.2735569999999825,-0.30822349999994003
2023-03-31 07:45:00,2733.045327,2732.703658,2732.770014,-0.34166899999991074,-0.27531299999964176,-0.30849099999977625
2023-03-31 08:15:00,2733.045327,2732.706309,2732.775096,-0.339017999999669,-0.270230999999967,-0.304624499999818
2023-03-31 08:30:00,2733.044157,2732.705139,2732.774213,-0.339017999999669,-0.26994399999966845,-0.3044809999996687
2023-03-31 08:45:00,2733.040668,2732.703979,2732.76696,-0.33668900000020585,-0.2737080000001697,-0.3051985000001878
2023-03-31 09:00:00,2733.041248,2732.700349,2732.771884,-0.34089899999980844,-0.2693640000002233,-0.3051315000000159
2023-03-31 09:15:00,2733.044747,2732.703578,2732.775652,-0.3411689999998089,-0.26909500000010667,-0.30513199999995777
2023-03-31 09:30:00,2733.043577,2732.70531,2732.771889,-0.33826700000008714,-0.27168799999981275,-0.30497749999994994
2023-03-31 09:45:00,2733.041828,2732.70033,2732.771437,-0.34149799999977404,-0.2703910000000178,-0.3059444999998959
2023-03-31 10:00:00,2733.03717,2732.70007,2732.768528,-0.33710000000019136,-0.2686419999999998,-0.3028710000000956
2023-03-31 10:15:00,2733.036,2732.69675,2732.763881,-0.3392499999999927,-0.2721190000002025,-0.3056845000000976
2023-03-31 10:30:00,2733.039499,2732.699981,2732.766928,-0.33951799999977084,-0.2725709999999708,-0.3060444999998708
2023-03-31 10:45:00,2733.03659,2732.69559,2732.766508,-0.34100000000034925,-0.27008200000000215,-0.3055410000001757
2023-03-31 11:00:00,2733.03484,2732.694823,2732.764901,-0.3400169999999889,-0.26993899999979476,-0.30497799999989184
2023-03-31 11:15:00,2733.03659,2732.693342,2732.763604,-0.34324800000013056,-0.2729859999999462,-0.3081170000000384
2023-03-31 11:45:00,2733.039499,2732.699579,2732.766093,-0.33991999999989275,-0.2734059999997953,-0.30666299999984403
2023-03-31 12:00:00,2733.041248,2732.69734,2732.765641,-0.34390799999982846,-0.27560700000003635,-0.3097574999999324
2023-03-31 12:30:00,2733.038329,2732.697072,2732.761426,-0.34125700000004144,-0.2769029999999475,-0.30907999999999447
2023-03-31 12:45:00,2733.038329,2732.696661,2732.763174,-0.34166800000002695,-0.2751549999998133,-0.3084114999999201
2023-03-31 13:00:00,2733.03658,2732.691683,2732.759675,-0.3448969999999463,-0.2769050000001698,-0.31090100000005805
2023-03-31 13:15:00,2733.040079,2732.693841,2732.762722,-0.34623800000008487,-0.2773569999999381,-0.3117975000000115
2023-03-31 13:30:00,2733.03716,2732.692941,2732.760256,-0.34421900000006644,-0.2769039999998313,-0.31056149999994886
2023-03-31 13:45:00,2733.03716,2732.692673,2732.760525,-0.34448699999984456,-0.27663499999971464,-0.3105609999997796
2023-03-31 14:45:00,2733.040079,2732.697831,2732.762147,-0.34224799999992683,-0.2779319999999643,-0.3100899999999456
2023-03-31 15:00:00,2733.041828,2732.701723,2732.763898,-0.34010499999976673,-0.277929999999742,-0.30901749999975436
2023-03-31 15:15:00,2733.041828,2732.701991,2732.765646,-0.3398369999999886,-0.27618200000006254,-0.3080095000000256
2023-03-31 15:30:00,2733.041828,2732.700243,2732.766943,-0.3415850000001228,-0.27488499999981286,-0.30823499999996784
2023-03-31 15:45:00,2733.041828,2732.70132,2732.76882,-0.34050799999977244,-0.27300800000011805,-0.30675799999994524
2023-03-31 16:00:00,2733.040079,2732.698091,2732.762728,-0.3419879999996738,-0.2773509999997259,-0.30966949999969984
2023-03-31 16:15:00,2733.038329,2732.69486,2732.764024,-0.34346899999991365,-0.274304999999913,-0.3088869999999133
2023-03-31 16:30:00,2733.036,2732.694012,2732.761982,-0.3419880000001285,-0.27401800000006915,-0.30800300000009884
2023-03-31 16:45:00,2733.036,2732.694691,2732.76373,-0.34130899999991016,-0.27226999999993495,-0.30678949999992255
2023-03-31 17:00:00,2733.037749,2732.695182,2732.762434,-0.3425670000001446,-0.2753149999998641,-0.30894100000000435
2023-03-31 17:15:00,2733.040668,2732.698101,2732.766651,-0.3425670000001446,-0.27401700000018536,-0.308292000000165
2023-03-31 17:30:00,2733.044167,2732.70308,2732.767103,-0.34108699999978853,-0.27706399999988207,-0.3090754999998353
2023-03-31 18:00:00,2733.042418,2732.70232,2732.764925,-0.34009800000012547,-0.2774930000000495,-0.3087955000000875
2023-03-31 18:15:00,2733.041248,2732.70407,2732.76797,-0.3371780000002218,-0.2732780000001185,-0.30522800000017014
2023-03-31 18:30:00,2733.044747,2732.706579,2732.767564,-0.33816799999976865,-0.2771829999996953,-0.307675499999732
2023-03-31 19:30:00,2733.042998,2732.704819,2732.766663,-0.33817899999985457,-0.2763350000000173,-0.30725699999993594
2023-03-31 19:45:00,2733.041838,2732.705141,2732.76855,-0.33669700000018565,-0.2732880000003206,-0.30499250000025313
2023-03-31 20:00:00,2733.045337,2732.705409,2732.769002,-0.33992799999987255,-0.2763350000000173,-0.30813149999994494
2023-03-31 20:15:00,2733.041838,2732.70738,2732.766244,-0.33445800000026793,-0.27559400000018286,-0.3050260000002254
2023-03-31 20:30:00,2733.042418,2732.707961,2732.769869,-0.3344569999999294,-0.272548999999799,-0.3035029999998642
2023-03-31 20:45:00,2733.041828,2732.70689,2732.76812,-0.33493799999996554,-0.27370799999971496,-0.30432299999984025
2023-03-31 21:15:00,2733.042408,2732.70648,2732.76944,-0.33592799999996714,-0.2729679999997643,-0.3044479999998657
2023-03-31 21:45:00,2733.045907,2732.708727,2732.769893,-0.3371799999999894,-0.27601400000003196,-0.30659700000001067
2023-03-31 22:15:00,2733.044167,2732.705819,2732.773346,-0.3383480000002237,-0.27082100000006903,-0.30458450000014636
2023-03-31 22:30:00,2733.042418,2732.701109,2732.767254,-0.34130899999991016,-0.27516400000013164,-0.3082365000000209
2023-03-31 23:15:00,2733.042998,2732.704648,2732.766083,-0.33834999999999127,-0.2769149999999172,-0.30763249999995423
2023-03-31 23:30:00,2733.044747,2732.699939,2732.76913,-0.3448079999998299,-0.27561699999978373,-0.3102124999998068
2023-04-01 01:15:00,2733.046496,2732.704607,2732.770323,-0.34188899999981004,-0.2761729999997442,-0.3090309999997771
2023-04-01 02:15:00,2733.046496,2732.706847,2732.773368,-0.3396490000000085,-0.2731279999998151,-0.3063884999999118
2023-04-01 02:30:00,2733.044167,2732.709727,2732.770753,-0.334440000000086,-0.27341400000022986,-0.30392700000015793
2023-04-01 03:00:00,2733.044747,2732.706087,2732.769582,-0.3386599999998907,-0.2751650000000154,-0.30691249999995307
2023-04-01 03:30:00,2733.047666,2732.705777,2732.771493,-0.34188899999981004,-0.2761729999997442,-0.3090309999997771
2023-04-01 04:00:00,2733.050575,2732.706527,2732.772365,-0.3440480000003845,-0.2782100000003993,-0.3111290000003919
2023-04-01 04:15:00,2733.047076,2732.708997,2732.773662,-0.3380789999996523,-0.2734139999997751,-0.3057464999997137
2023-04-01 05:15:00,2733.049415,2732.709007,2732.773798,-0.3404080000000249,-0.27561699999978373,-0.3080124999999043
2023-04-01 06:30:00,2733.048826,2732.709488,2732.770617,-0.3393380000002253,-0.27820900000006077,-0.30877350000014303
2023-04-01 07:00:00,2733.047666,2732.712237,2732.775548,-0.33542899999974907,-0.27211799999986397,-0.3037734999998065
2023-04-01 08:00:00,2733.045327,2732.707158,2732.77263,-0.33816899999965244,-0.27269699999988006,-0.30543299999976625
2023-04-01 08:45:00,2733.041828,2732.702178,2732.764787,-0.3396499999998923,-0.27704099999982645,-0.3083454999998594
2023-04-01 09:15:00,2733.044167,2732.706391,2732.765377,-0.33777599999984886,-0.27878999999984444,-0.30828299999984665
2023-04-01 09:30:00,2733.040668,2732.70043,2732.764923,-0.34023800000022675,-0.2757449999999153,-0.30799150000007103
2023-04-01 10:00:00,2733.03483,2732.701052,2732.759826,-0.3337780000001658,-0.27500400000008085,-0.3043910000001233
2023-04-01 10:15:00,2733.036,2732.697821,2732.754742,-0.33817899999985457,-0.2812579999999798,-0.3097184999999172
2023-04-01 11:00:00,2733.037749,2732.699572,2732.756493,-0.338177000000087,-0.2812560000002122,-0.3097165000001496
2023-04-01 11:15:00,2733.040668,2732.704381,2732.760994,-0.33628700000008394,-0.2796739999998863,-0.3079804999999851
2023-04-01 12:15:00,2733.037749,2732.705362,2732.757209,-0.33238699999992605,-0.28054000000020096,-0.3064635000000635
2023-04-01 13:00:00,2733.037749,2732.701724,2732.758076,-0.3360250000000633,-0.2796730000000025,-0.3078490000000329
2023-04-01 13:15:00,2733.040668,2732.702892,2732.760542,-0.3377760000003036,-0.28012600000010934,-0.3089510000002065
2023-04-01 13:30:00,2733.040668,2732.703882,2732.755912,-0.336786000000302,-0.2847560000000158,-0.3107710000001589
2023-04-01 13:45:00,2733.041828,2732.701419,2732.761414,-0.3404089999999087,-0.28041399999983696,-0.31041149999987283
2023-04-01 14:30:00,2733.043577,2732.698459,2732.7581,-0.34511799999972936,-0.2854769999999007,-0.31529749999981505
2023-04-01 14:45:00,2733.042998,2732.69963,2732.760834,-0.3433679999998276,-0.28216399999973873,-0.31276599999978316
2023-04-01 15:15:00,2733.046496,2732.70138,2732.75752,-0.3451159999999618,-0.2889759999998205,-0.31704599999989114
2023-04-01 16:00:00,2733.041248,2732.70218,2732.757066,-0.3390679999997701,-0.28418199999987337,-0.31162499999982174
2023-04-01 16:15:00,2733.042998,2732.70187,2732.756199,-0.3411280000000261,-0.2867989999999736,-0.31396349999999984
2023-04-01 16:30:00,2733.044167,2732.70434,2732.759533,-0.33982700000024124,-0.2846340000000964,-0.31223050000016883
2023-04-01 17:15:00,2733.047656,2732.704289,2732.760404,-0.34336700000039855,-0.28725200000008044,-0.3153095000002395
2023-04-01 17:30:00,2733.044157,2732.705769,2732.759952,-0.33838799999966795,-0.284204999999929,-0.31129649999979847
2023-04-01 17:45:00,2733.045907,2732.703299,2732.758656,-0.34260800000038216,-0.28725100000019665,-0.3149295000002894
2023-04-01 18:15:00,2733.048826,2732.708687,2732.762871,-0.340139000000363,-0.2859550000002855,-0.31304700000032426
2023-04-01 18:45:00,2733.050575,2732.709446,2732.761575,-0.3411290000003646,-0.28900000000021464,-0.3150645000002896
2023-04-01 19:15:00,2733.053494,2732.710887,2732.764493,-0.3426069999995889,-0.2890009999996437,-0.3158039999996163
2023-04-01 19:30:00,2733.051745,2732.707656,2732.76579,-0.3440890000001673,-0.2859550000002855,-0.3150220000002264
2023-04-01 20:00:00,2733.051745,2732.706176,2732.762745,-0.3455690000000686,-0.28900000000021464,-0.31728450000014163
2023-04-01 20:15:00,2733.050575,2732.706756,2732.763325,-0.34381900000016685,-0.28725000000031287,-0.31553450000023986
2023-04-01 21:15:00,2733.050575,2732.709675,2732.76637,-0.340900000000147,-0.28420500000038373,-0.31255250000026535
2023-04-01 22:15:00,2733.048826,2732.712636,2732.767667,-0.3361899999999878,-0.28115900000011607,-0.3086745000000519
2023-04-01 23:15:00,2733.048826,2732.710744,2732.764333,-0.33808200000021316,-0.28449300000011135,-0.31128750000016225
2023-04-01 23:30:00,2733.051745,2732.708683,2732.76754,-0.3430620000003728,-0.28420500000038373,-0.31363350000037826
2023-04-01 23:45:00,2733.051745,2732.712904,2732.770586,-0.33884100000022954,-0.28115900000011607,-0.3100000000001728
2023-04-02 01:00:00,2733.049995,2732.710154,2732.766664,-0.3398409999999785,-0.2833309999996345,-0.3115859999998065
2023-04-02 01:30:00,2733.049995,2732.710376,2732.768097,-0.3396189999998569,-0.2818979999997282,-0.31075849999979255
2023-04-02 02:15:00,2733.052334,2732.714463,2732.767842,-0.33787100000017745,-0.2844919999997728,-0.31118149999997513
2023-04-02 02:45:00,2733.050585,2732.716174,2732.767104,-0.33441099999981816,-0.2834809999999379,-0.30894599999987804
2023-04-02 03:00:00,2733.048826,2732.715584,2732.763467,-0.3332420000001548,-0.2853589999999713,-0.30930050000006304
2023-04-02 03:15:00,2733.050575,2732.714924,2732.765773,-0.33565100000032544,-0.284802000000127,-0.3102265000002262
2023-04-02 03:30:00,2733.048826,2732.716674,2732.765321,-0.3321520000004057,-0.2835050000003321,-0.3078285000003689
2023-04-02 03:45:00,2733.050575,2732.717655,2732.76707,-0.33292000000028565,-0.2835050000003321,-0.30821250000030886
2023-04-02 04:45:00,2733.048246,2732.718555,2732.762148,-0.3296909999999116,-0.28609800000003816,-0.30789449999997487
2023-04-02 05:00:00,2733.048246,2732.718064,2732.763897,-0.3301819999996951,-0.28434900000002017,-0.30726549999985764
2023-04-02 05:15:00,2733.049995,2732.717343,2732.765647,-0.3326520000000528,-0.28434799999968163,-0.3084999999998672
2023-04-02 06:15:00,2733.049995,2732.716665,2732.768692,-0.3333299999999326,-0.2813029999997525,-0.30731649999984256
2023-04-02 07:00:00,2733.049995,2732.717385,2732.76649,-0.33260999999993146,-0.2835049999998773,-0.3080574999999044
2023-04-02 07:15:00,2733.046496,2732.713886,2732.764741,-0.33260999999993146,-0.28175499999997555,-0.3071824999999535
2023-04-02 08:30:00,2733.046496,2732.714156,2732.765193,-0.332339999999931,-0.2813029999997525,-0.30682149999984176
2023-04-02 09:30:00,2733.045327,2732.713209,2732.759229,-0.3321179999998094,-0.28609800000003816,-0.3091079999999238
2023-04-02 09:45:00,2733.045917,2732.713797,2732.764902,-0.3321200000000317,-0.2810150000000249,-0.3065675000000283
2023-04-02 10:00:00,2733.044747,2732.711557,2732.760684,-0.33318999999983134,-0.28406300000006013,-0.30862649999994574
2023-04-02 10:15:00,2733.045917,2732.712048,2732.761855,-0.3338690000000497,-0.2840619999997216,-0.30896549999988565
2023-04-02 10:30:00,2733.044167,2732.713529,2732.761114,-0.33063799999990806,-0.283053000000109,-0.30684550000000854
2023-04-02 11:00:00,2733.044167,2732.711289,2732.761981,-0.3328780000001643,-0.28218599999991056,-0.30753200000003744
2023-04-02 11:30:00,2733.044167,2732.715179,2732.763731,-0.32898800000020856,-0.2804360000000088,-0.3047120000001087
2023-04-02 12:00:00,2733.047666,2732.713699,2732.762435,-0.33396700000002966,-0.2852309999998397,-0.3095989999999347
2023-04-02 12:30:00,2733.047086,2732.712728,2732.760558,-0.33435800000006566,-0.2865280000000894,-0.3104430000000775
2023-04-02 12:45:00,2733.047086,2732.714208,2732.759818,-0.3328780000001643,-0.28726800000004005,-0.3100730000001022
2023-04-02 13:00:00,2733.047666,2732.710977,2732.764161,-0.3366889999997511,-0.2835049999998773,-0.3100969999998142
2023-04-02 13:45:00,2733.048826,2732.712408,2732.762274,-0.3364180000003216,-0.2865520000000288,-0.3114850000001752
2023-04-02 14:00:00,2733.050575,2732.714736,2732.763301,-0.33583900000030553,-0.28727400000025227,-0.3115565000002789
2023-04-02 14:15:00,2733.047076,2732.709757,2732.762847,-0.3373189999997521,-0.2842289999998684,-0.31077399999981026
2023-04-02 15:00:00,2733.051165,2732.714605,2732.763892,-0.33655999999973574,-0.28727299999991374,-0.31191649999982474
2023-04-02 15:15:00,2733.052914,2732.711645,2732.767804,-0.34126900000001115,-0.28510999999980413,-0.31318949999990764
2023-04-02 15:30:00,2733.049995,2732.708726,2732.761839,-0.34126900000001115,-0.2881560000000718,-0.3147125000000415
2023-04-02 15:45:00,2733.052914,2732.708684,2732.766055,-0.3442299999996976,-0.2868589999998221,-0.31554449999975986
2023-04-02 16:00:00,2733.052904,2732.708093,2732.765178,-0.34481099999993603,-0.2877260000000206,-0.3162684999999783
2023-04-02 16:15:00,2733.049995,2732.705455,2732.764018,-0.3445400000000518,-0.2859770000000026,-0.3152585000000272
2023-04-02 17:00:00,2733.051155,2732.707684,2732.762131,-0.343471000000136,-0.28902400000015405,-0.316247500000145
2023-04-02 17:15:00,2733.049405,2732.709432,2732.761845,-0.3399730000001,-0.2875600000002123,-0.31376650000015616
2023-04-02 17:45:00,2733.051155,2732.704723,2732.763882,-0.3464320000002772,-0.28727299999991374,-0.31685250000009546
2023-04-02 18:00:00,2733.049405,2732.707952,2732.763141,-0.34145300000000134,-0.28626400000030117,-0.31385850000015125
2023-04-02 18:15:00,2733.050575,2732.704413,2732.764311,-0.34616200000027675,-0.28626400000030117,-0.31621300000028896
2023-04-02 18:30:00,2733.051745,2732.710561,2732.76723,-0.34118400000033944,-0.2845150000002832,-0.3128495000003113
2023-04-02 18:45:00,2733.053494,2732.70958,2732.768527,-0.34391399999958594,-0.28496699999959674,-0.31444049999959134
2023-04-02 19:00:00,2733.054074,2732.70841,2732.76606,-0.34566399999994246,-0.28801400000020294,-0.3168390000000727
2023-04-02 19:30:00,2733.053494,2732.706619,2732.764183,-0.34687499999972715,-0.2893109999999979,-0.3180929999998625
2023-04-02 20:00:00,2733.054654,2732.709528,2732.769687,-0.3451260000001639,-0.2849670000000515,-0.3150465000001077
2023-04-02 20:30:00,2733.055243,2732.706227,2732.769823,-0.3490159999996649,-0.2854199999997036,-0.31721799999968425
2023-04-02 21:00:00,2733.058152,2732.706567,2732.768391,-0.35158499999988635,-0.2897609999999986,-0.3206729999999425
2023-04-02 22:15:00,2733.053494,2732.711286,2732.768073,-0.3422079999995731,-0.28542099999958737,-0.3138144999995802
2023-04-02 22:45:00,2733.056993,2732.714517,2732.767231,-0.3424760000002607,-0.28976200000033714,-0.3161190000002989
2023-04-02 23:00:00,2733.056993,2732.713037,2732.768979,-0.343956000000162,-0.28801400000020294,-0.3159850000001825
2023-04-02 23:15:00,2733.056993,2732.711867,2732.773323,-0.3451260000001639,-0.28367000000025655,-0.31439800000021023
2023-04-02 23:30:00,2733.055243,2732.713347,2732.770276,-0.34189599999990605,-0.28496699999959674,-0.3134314999997514
2023-04-02 23:45:00,2733.053494,2732.710116,2732.769824,-0.34337799999957497,-0.2836699999998018,-0.3135239999996884
2023-04-03 00:15:00,2733.055243,2732.713738,2732.770984,-0.34150499999987005,-0.2842589999995653,-0.31288199999971766
2023-04-03 00:30:00,2733.055243,2732.711597,2732.767937,-0.3436459999998078,-0.28730599999971673,-0.3154759999997623
2023-04-03 01:30:00,2733.058162,2732.715505,2732.770586,-0.34265699999969,-0.28757599999971717,-0.3151164999997036
2023-04-03 02:00:00,2733.056413,2732.715237,2732.770134,-0.3411759999999049,-0.28627899999992223,-0.31372749999991356
2023-04-03 02:15:00,2733.055833,2732.716408,2732.769554,-0.3394250000001193,-0.28627899999992223,-0.3128520000000208
2023-04-03 02:45:00,2733.052914,2732.722106,2732.770564,-0.3308079999997062,-0.28234999999995125,-0.30657899999982874
2023-04-03 03:00:00,2733.054664,2732.714166,2732.769268,-0.3404979999995703,-0.28539599999976417,-0.31294699999966724
2023-04-03 03:15:00,2733.055823,2732.718556,2732.770426,-0.33726700000033816,-0.2853970000001027,-0.31133200000022043
2023-04-03 04:00:00,2733.052324,2732.717788,2732.769974,-0.3345360000002984,-0.282350000000406,-0.3084430000003522
2023-04-03 04:15:00,2733.054074,2732.718857,2732.77259,-0.3352170000002843,-0.28148400000009133,-0.3083505000001878
2023-04-03 04:30:00,2733.056993,2732.720295,2732.774644,-0.33669800000006944,-0.28234900000006746,-0.30952350000006845
2023-04-03 04:45:00,2733.055243,2732.717566,2732.772153,-0.33767699999998513,-0.2830899999999019,-0.3103834999999435
2023-04-03 05:00:00,2733.056993,2732.718547,2732.770856,-0.33844600000020364,-0.2861370000000534,-0.3122915000001285
2023-04-03 05:15:00,2733.055243,2732.720028,2732.773903,-0.33521499999960724,-0.28134000000000015,-0.3082774999998037
2023-04-03 05:30:00,2733.058162,2732.722456,2732.773347,-0.3357059999998455,-0.2848149999999805,-0.310260499999913
2023-04-03 05:45:00,2733.056413,2732.720437,2732.771597,-0.33597599999984595,-0.2848159999998643,-0.3103959999998551
2023-04-03 07:00:00,2733.055243,2732.719537,2732.773473,-0.3357059999998455,-0.2817699999995966,-0.30873799999972107
2023-04-03 07:45:00,2733.056993,2732.719269,2732.77477,-0.33772399999998015,-0.2822230000001582,-0.3099735000000692
2023-04-03 08:45:00,2733.058742,2732.717377,2732.775652,-0.3413650000002235,-0.28309000000035667,-0.3122275000002901
2023-04-03 09:00:00,2733.055243,2732.721017,2732.776518,-0.3342259999999442,-0.2787249999996675,-0.30647549999980583
2023-04-03 09:30:00,2733.053494,2732.713878,2732.773019,-0.3396159999997508,-0.28047499999956926,-0.31004549999966
2023-04-03 10:00:00,2733.055823,2732.718099,2732.770555,-0.33772399999998015,-0.28526800000008734,-0.31149600000003375
2023-04-03 10:15:00,2733.052324,2732.716348,2732.768804,-0.3359760000003007,-0.2835200000004079,-0.3097480000003543
2023-04-03 11:00:00,2733.054074,2732.713388,2732.769258,-0.34068600000000515,-0.28481600000031904,-0.3127510000001621
2023-04-03 12:45:00,2733.053494,2732.711918,2732.768384,-0.3415759999998045,-0.28510999999980413,-0.3133429999998043
2023-04-03 13:00:00,2733.051155,2732.713078,2732.767794,-0.3380769999998847,-0.2833610000002409,-0.3107190000000628
2023-04-03 13:15:00,2733.052904,2732.711329,2732.770101,-0.3415749999999207,-0.2828030000000581,-0.3121889999999894
2023-04-03 13:45:00,2733.059332,2732.716267,2732.77419,-0.34306500000002416,-0.28514199999972334,-0.31410349999987375
2023-04-03 14:00:00,2733.058742,2732.713206,2732.772439,-0.34553600000026563,-0.2863030000003164,-0.315919500000291
2023-04-03 14:15:00,2733.056993,2732.714955,2732.773736,-0.34203800000022966,-0.2832570000000487,-0.3126475000001392
2023-04-03 14:30:00,2733.056413,2732.709665,2732.773156,-0.3467479999999341,-0.283256999999594,-0.31500249999976404
2023-04-03 14:45:00,2733.056413,2732.708454,2732.771861,-0.3479589999997188,-0.28455199999962133,-0.31625549999967006
2023-04-03 15:00:00,2733.061081,2732.709214,2732.772289,-0.3518669999998565,-0.2887919999998303,-0.3203294999998434
2023-04-03 15:15:00,2733.055823,2732.703253,2732.772997,-0.35257000000001426,-0.2828260000001137,-0.317698000000064
2023-04-03 15:30:00,2733.060492,2732.705681,2732.775176,-0.3548110000001543,-0.28531599999996615,-0.32006350000006023
2023-04-03 15:45:00,2733.060492,2732.699222,2732.776472,-0.36126999999987675,-0.284020000000055,-0.3226449999999659
2023-04-03 16:00:00,2733.06399,2732.704201,2732.781268,-0.3597890000000916,-0.28272199999992154,-0.3212555000000066
2023-04-03 16:15:00,2733.062241,2732.70918,2732.776926,-0.35306100000025253,-0.28531500000008236,-0.31918800000016745
2023-04-03 16:30:00,2733.056993,2732.698542,2732.765315,-0.35845100000005914,-0.2916780000000472,-0.32506450000005316
2023-04-03 16:45:00,2733.063411,2732.708191,2732.773029,-0.3552199999999175,-0.29038200000013603,-0.32280100000002676
2023-04-03 17:00:00,2733.063411,2732.70523,2732.774326,-0.3581810000000587,-0.28908499999988635,-0.3236329999999725
2023-04-03 17:15:00,2733.062241,2732.70496,2732.768234,-0.35728100000005725,-0.29400699999996505,-0.32564400000001115
2023-04-03 17:30:00,2733.06457,2732.70464,2732.776783,-0.3599300000000767,-0.2877870000002076,-0.32385850000014216
2023-04-03 17:45:00,2733.063401,2732.709619,2732.774603,-0.35378199999968274,-0.2887980000000425,-0.32128999999986263
2023-04-03 18:00:00,2733.066899,2732.706659,2732.778532,-0.36023999999997613,-0.2883670000001075,-0.3243035000000418
2023-04-03 18:15:00,2733.06632,2732.702848,2732.783616,-0.36347200000000157,-0.2827039999997396,-0.3230879999998706
2023-04-03 18:30:00,2733.06632,2732.706347,2732.776368,-0.3599730000000818,-0.2899520000000848,-0.3249625000000833
2023-04-03 19:30:00,2733.06574,2732.710436,2732.781452,-0.35530400000016016,-0.2842879999998331,-0.31979599999999664
2023-04-03 19:45:00,2733.06399,2732.710706,2732.780156,-0.35328400000025795,-0.28383400000029724,-0.3185590000002776
2023-04-03 20:00:00,2733.06399,2732.708955,2732.778405,-0.3550350000000435,-0.2855850000000828,-0.32031000000006316
2023-04-03 20:45:00,2733.06399,2732.710026,2732.779702,-0.35396399999990535,-0.28428800000028787,-0.3191260000000966
2023-04-03 21:00:00,2733.06399,2732.711864,2732.782611,-0.35212600000022576,-0.28137900000001537,-0.31675250000012056
2023-04-03 21:15:00,2733.062831,2732.707785,2732.776657,-0.3550460000001294,-0.286174000000301,-0.3206100000002152
2023-04-03 21:30:00,2733.06399,2732.705714,2732.777815,-0.35827599999993254,-0.2861750000001848,-0.3222255000000587
2023-04-03 21:45:00,2733.066899,2732.708945,2732.780862,-0.3579540000000634,-0.2860369999998511,-0.32199549999995725
2023-04-03 22:00:00,2733.06399,2732.707465,2732.778825,-0.356525000000147,-0.2851650000002337,-0.32084500000019034
2023-04-03 22:15:00,2733.06399,2732.707195,2732.779112,-0.3567950000001474,-0.2848779999999351,-0.32083650000004127
2023-04-03 22:45:00,2733.06399,2732.711497,2732.777529,-0.35249300000032235,-0.28646100000014485,-0.3194770000002336
2023-04-03 23:00:00,2733.066909,2732.716164,2732.783495,-0.35074500000018816,-0.2834139999999934,-0.3170795000000908
2023-04-03 23:15:00,2733.063411,2732.715405,2732.778699,-0.34800600000016857,-0.28471200000012686,-0.3163590000001477
2023-04-04 00:15:00,2733.062821,2732.717295,2732.781601,-0.3455260000000635,-0.28121999999984837,-0.31337299999995594
2023-04-04 00:30:00,2733.062821,2732.714064,2732.779853,-0.34875700000020515,-0.28296799999998257,-0.31586250000009386
2023-04-04 01:00:00,2733.062821,2732.714335,2732.781315,-0.3484859999998662,-0.2815059999998084,-0.3149959999998373
2023-04-04 01:15:00,2733.062241,2732.715503,2732.778986,-0.34673800000018673,-0.28325500000028114,-0.31499650000023394
2023-04-04 01:45:00,2733.06399,2732.713754,2732.786248,-0.3502360000002227,-0.27774200000021665,-0.3139890000002197
2023-04-04 02:00:00,2733.06574,2732.719143,2732.780608,-0.34659700000020166,-0.28513199999997596,-0.3158645000000888
2023-04-04 02:15:00,2733.06574,2732.716983,2732.784522,-0.34875700000020515,-0.2812180000000808,-0.314987500000143
2023-04-04 02:30:00,2733.06515,2732.717376,2732.781895,-0.3477739999998448,-0.2832549999998264,-0.3155144999998356
2023-04-04 02:45:00,2733.06632,2732.716796,2732.784362,-0.3495239999997466,-0.28195800000003146,-0.315740999999889
2023-04-04 03:00:00,2733.06632,2732.714146,2732.787407,-0.35217400000010457,-0.27891300000010233,-0.31554350000010345
2023-04-04 03:15:00,2733.06632,2732.718855,2732.783639,-0.34746499999982916,-0.282680999999684,-0.3150729999997566
2023-04-04 03:30:00,2733.067489,2732.717786,2732.786558,-0.3497029999998631,-0.28093100000023696,-0.31531700000005003
2023-04-04 04:00:00,2733.06633,2732.721775,2732.783512,-0.3445550000001276,-0.2828180000001339,-0.31368650000013076
2023-04-04 04:15:00,2733.062831,2732.714556,2732.778717,-0.3482750000002852,-0.28411400000004505,-0.31619450000016514
2023-04-04 05:15:00,2733.06632,2732.716616,2732.79,-0.3497039999997469,-0.2763199999999415,-0.3130119999998442
2023-04-04 05:45:00,2733.06574,2732.720025,2732.788577,-0.3457149999999274,-0.27716300000020055,-0.31143900000006397
2023-04-04 06:15:00,2733.068069,2732.722765,2732.787861,-0.3453039999999419,-0.2802080000001297,-0.3127560000000358
2023-04-04 06:45:00,2733.072737,2732.725684,2732.793827,-0.34705299999995987,-0.2789099999999962,-0.31298149999997804
2023-04-04 07:15:00,2733.072737,2732.726443,2732.796316,-0.3462939999999435,-0.27642100000002756,-0.3113574999999855
2023-04-04 08:30:00,2733.067489,2732.722454,2732.79642,-0.34503499999982523,-0.27106899999989764,-0.30805199999986144
2023-04-04 08:45:00,2733.069239,2732.724204,2732.792076,-0.34503499999982523,-0.2771629999997458,-0.3110989999997855
2023-04-04 10:15:00,2733.058152,2732.715668,2732.78274,-0.3424840000002405,-0.27541199999996024,-0.30894800000010036
2023-04-04 10:30:00,2733.059902,2732.716345,2732.785785,-0.3435570000001462,-0.2741169999999329,-0.30883700000003955
2023-04-04 12:00:00,2733.06515,2732.715626,2732.786977,-0.3495239999997466,-0.2781729999996969,-0.31384849999972175
2023-04-04 12:30:00,2733.066909,2732.716216,2732.789748,-0.35069300000031944,-0.27716099999997823,-0.31392700000014884
2023-04-04 13:00:00,2733.06516,2732.715946,2732.789294,-0.3492140000003019,-0.2758659999999509,-0.3125400000001264
2023-04-04 13:15:00,2733.062241,2732.714507,2732.785945,-0.3477339999999458,-0.2762960000000021,-0.31201499999997395
2023-04-04 13:30:00,2733.062241,2732.714777,2732.788123,-0.34746399999994537,-0.2741180000002714,-0.3107910000001084
2023-04-04 13:45:00,2733.063411,2732.719445,2732.787997,-0.3439659999999094,-0.27541400000018257,-0.309690000000046
2023-04-04 14:00:00,2733.062241,2732.714206,2732.789709,-0.34803499999998166,-0.2725319999999556,-0.3102834999999686
2023-04-04 14:15:00,2733.06399,2732.717705,2732.791911,-0.3462850000000799,-0.2720790000003035,-0.3091820000001917
2023-04-04 14:30:00,2733.06399,2732.719454,2732.79191,-0.3445360000000619,-0.2720800000001873,-0.3083080000001246
2023-04-04 14:45:00,2733.067489,2732.716225,2732.79366,-0.351263999999901,-0.27382900000020527,-0.31254650000005313
2023-04-04 15:15:00,2733.069239,2732.720214,2732.796131,-0.34902499999998327,-0.27310799999986557,-0.3110664999999244
2023-04-04 16:00:00,2733.06457,2732.715815,2732.790165,-0.34875499999998283,-0.27440500000011525,-0.31158000000004904
2023-04-04 16:15:00,2733.06457,2732.721676,2732.791916,-0.34289399999988746,-0.27265399999987494,-0.3077739999998812
2023-04-04 16:30:00,2733.06574,2732.722353,2732.790619,-0.3433869999998933,-0.2751210000001265,-0.3092540000000099
2023-04-04 16:45:00,2733.06633,2732.721195,2732.790756,-0.3451350000000275,-0.27557400000023335,-0.31035450000013043
2023-04-04 17:00:00,2733.06458,2732.722675,2732.787711,-0.3419050000002244,-0.2768690000002607,-0.30938700000024255
2023-04-04 17:15:00,2733.068079,2732.723443,2732.794543,-0.3446360000002642,-0.2735360000001492,-0.3090860000002067
2023-04-04 17:30:00,2733.071578,2732.724472,2732.798042,-0.3471060000001671,-0.2735360000001492,-0.31032100000015816
2023-04-04 17:45:00,2733.069818,2732.721963,2732.79541,-0.3478549999999814,-0.2744079999997666,-0.311131499999874
2023-04-04 18:15:00,2733.069818,2732.725953,2732.793245,-0.34386499999982334,-0.27657300000009855,-0.31021899999996094
2023-04-04 18:30:00,2733.068649,2732.725772,2732.793825,-0.34287700000004406,-0.2748239999996258,-0.30885049999983494
2023-04-04 18:45:00,2733.070398,2732.726923,2732.794279,-0.3434749999996711,-0.27611899999965317,-0.30979699999966215
2023-04-04 19:00:00,2733.069239,2732.725763,2732.793388,-0.34347600000000966,-0.27585099999987506,-0.30966349999994236
2023-04-04 19:30:00,2733.070988,2732.728994,2732.795139,-0.341993999999886,-0.2758490000001075,-0.30892149999999674
2023-04-04 19:45:00,2733.069818,2732.726842,2732.793968,-0.3429759999999078,-0.27584999999999127,-0.30941299999994953
2023-04-04 20:00:00,2733.070988,2732.729002,2732.794709,-0.3419859999999062,-0.2762790000001587,-0.30913250000003245
2023-04-04 20:15:00,2733.069239,2732.727333,2732.796005,-0.3419060000001082,-0.2732339999997748,-0.3075699999999415
2023-04-04 20:30:00,2733.070988,2732.729493,2732.799791,-0.3414950000001227,-0.2711970000000292,-0.30634600000007595
2023-04-04 21:00:00,2733.071568,2732.728322,2732.799344,-0.34324599999990824,-0.2722239999998237,-0.307734999999866
2023-04-04 21:30:00,2733.068659,2732.727653,2732.79948,-0.3410060000001067,-0.2691789999998946,-0.30509250000000065
2023-04-04 21:45:00,2733.072158,2732.727923,2732.799934,-0.34423500000002605,-0.2722239999998237,-0.3082294999999249
2023-04-04 22:00:00,2733.072158,2732.727932,2732.799941,-0.34422600000016246,-0.2722169999997277,-0.3082214999999451
2023-04-04 22:30:00,2733.072158,2732.732641,2732.798191,-0.33951699999988705,-0.2739670000000842,-0.30674199999998564
2023-04-04 22:45:00,2733.072158,2732.729412,2732.802535,-0.34274599999980637,-0.26962300000013784,-0.3061844999999721
2023-04-04 23:00:00,2733.074487,2732.728902,2732.802105,-0.34558500000002823,-0.2723819999996522,-0.3089834999998402
2023-04-04 23:15:00,2733.075067,2732.733302,2732.805024,-0.3417650000001231,-0.2700430000004417,-0.3059040000002824
2023-04-04 23:30:00,2733.073897,2732.727913,2732.803854,-0.34598400000004403,-0.2700430000004417,-0.30801350000024286
2023-04-05 00:00:00,2733.072737,2732.728233,2732.803992,-0.3445040000001427,-0.26874499999985346,-0.3066244999999981
2023-04-05 00:15:00,2733.072737,2732.731464,2732.804444,-0.34127300000000105,-0.26829300000008516,-0.3047830000000431
2023-04-05 01:15:00,2733.074487,2732.733622,2732.803416,-0.3408649999996669,-0.2710709999996652,-0.30596799999966606
2023-04-05 01:45:00,2733.073317,2732.732944,2732.800951,-0.3403729999999996,-0.2723659999996926,-0.3063694999998461
2023-04-05 02:45:00,2733.075067,2732.733934,2732.799655,-0.3411330000003545,-0.275412000000415,-0.30827250000038475
2023-04-05 03:00:00,2733.072148,2732.735003,2732.796465,-0.3371450000004188,-0.2756830000002992,-0.306414000000359
2023-04-05 03:15:00,2733.073897,2732.731774,2732.798484,-0.3421230000003561,-0.2754130000002988,-0.30876800000032745
2023-04-05 03:30:00,2733.073897,2732.735993,2732.799781,-0.3379040000004352,-0.2741160000000491,-0.30601000000024214
2023-04-05 04:00:00,2733.071568,2732.731504,2732.794985,-0.34006399999998393,-0.2765829999998459,-0.30832349999991493
2023-04-05 04:30:00,2733.073907,2732.736005,2732.802407,-0.3379019999997581,-0.27149999999983265,-0.3047009999997954
2023-04-05 04:45:00,2733.072158,2732.737485,2732.800658,-0.3346729999998388,-0.27149999999983265,-0.3030864999998357
2023-04-05 05:00:00,2733.072158,2732.736504,2732.799361,-0.3356539999999768,-0.27279700000008233,-0.30422550000002957
2023-04-05 05:30:00,2733.073907,2732.736895,2732.803147,-0.3370119999999588,-0.270759999999882,-0.3038859999999204
2023-04-05 05:45:00,2733.073907,2732.737475,2732.80111,-0.3364320000000589,-0.27279700000008233,-0.3046145000000706
2023-04-05 06:00:00,2733.075656,2732.742184,2732.804157,-0.3334719999998015,-0.27149899999994886,-0.3024854999998752
2023-04-05 06:45:00,2733.074487,2732.738543,2732.802987,-0.33594399999992675,-0.27149999999983265,-0.3037219999998797
2023-04-05 07:00:00,2733.074487,2732.738955,2732.805006,-0.33553200000005745,-0.26948099999981423,-0.30250649999993584
2023-04-05 07:15:00,2733.071578,2732.734564,2732.803846,-0.3370140000001811,-0.267732000000251,-0.30237300000021605
2023-04-05 07:30:00,2733.073907,2732.737115,2732.801379,-0.3367920000000595,-0.2725279999999657,-0.3046600000000126
2023-04-05 07:45:00,2733.073317,2732.738595,2732.800371,-0.33472200000005614,-0.2729460000000472,-0.3038340000000517
2023-04-05 08:15:00,2733.073897,2732.736356,2732.802246,-0.3375410000003285,-0.27165100000001985,-0.30459600000017417
2023-04-05 08:30:00,2733.068649,2732.735375,2732.800497,-0.33327399999961926,-0.26815199999964534,-0.3007129999996323
2023-04-05 08:45:00,2733.067489,2732.732466,2732.798327,-0.335023000000092,-0.2691620000000512,-0.3020925000000716
2023-04-05 09:45:00,2733.06632,2732.734256,2732.792815,-0.33206399999971836,-0.2735050000001138,-0.3027844999999161
2023-04-05 10:00:00,2733.062241,2732.72909,2732.790033,-0.33315100000027087,-0.2722079999998641,-0.3026795000000675
2023-04-05 10:15:00,2733.06399,2732.725468,2732.791783,-0.33852200000001176,-0.2722069999999803,-0.30536449999999604
2023-04-05 10:30:00,2733.061071,2732.72255,2732.790161,-0.33852100000012797,-0.2709100000001854,-0.3047155000001567
2023-04-05 10:45:00,2733.060492,2732.724029,2732.79043,-0.3364630000000943,-0.27006200000005265,-0.3032625000000735
2023-04-05 11:00:00,2733.058742,2732.72551,2732.78868,-0.3332319999999527,-0.27006200000005265,-0.30164700000000266
2023-04-05 11:45:00,2733.061661,2732.725199,2732.790302,-0.33646200000021054,-0.27135900000030233,-0.30391050000025643
2023-04-05 12:30:00,2733.057573,2732.723761,2732.78666,-0.33381199999985256,-0.27091299999983676,-0.30236249999984466
2023-04-05 15:00:00,2733.070408,2732.731599,2732.7973,-0.3388089999998556,-0.27310799999986557,-0.3059584999998606
2023-04-05 15:15:00,2733.066909,2732.727707,2732.79598,-0.3392020000001139,-0.2709290000002511,-0.3050655000001825
2023-04-05 16:00:00,2733.062241,2732.723308,2732.793061,-0.33893299999999726,-0.2691800000002331,-0.3040565000001152
2023-04-05 16:15:00,2733.060492,2732.725449,2732.790014,-0.3350430000000415,-0.27047799999991184,-0.3027604999999767
2023-04-05 16:45:00,2733.059322,2732.725759,2732.789712,-0.33356300000014016,-0.26961000000028434,-0.30158650000021225
2023-04-05 18:00:00,2733.060492,2732.729439,2732.796848,-0.33105299999988347,-0.263644000000113,-0.29734849999999824
2023-04-05 18:15:00,2733.06399,2732.727958,2732.795551,-0.3360320000001593,-0.2684389999999439,-0.3022355000000516
2023-04-05 19:30:00,2733.06632,2732.731196,2732.801214,-0.3351239999997233,-0.2651059999998324,-0.30011499999977787
2023-04-05 19:45:00,2733.06574,2732.729716,2732.79862,-0.3360240000001795,-0.26711999999997715,-0.30157200000007833
2023-04-05 20:00:00,2733.069239,2732.735185,2732.800369,-0.3340539999999237,-0.26886999999987893,-0.3014619999999013
2023-04-05 20:15:00,2733.069828,2732.734025,2732.800507,-0.3358029999999417,-0.2693210000002182,-0.30256200000007993
2023-04-05 21:15:00,2733.06633,2732.739414,2732.799932,-0.3269159999999829,-0.2663980000002084,-0.29665700000009565
2023-04-05 21:30:00,2733.066909,2732.735505,2732.798763,-0.33140400000002046,-0.2681460000003426,-0.29977500000018154
2023-04-05 21:45:00,2733.066899,2732.734996,2732.798334,-0.3319029999997838,-0.26856499999985317,-0.3002339999998185
2023-04-05 22:30:00,2733.067489,2732.737975,2732.803553,-0.3295140000000174,-0.26393599999983053,-0.29672499999992397
2023-04-05 22:45:00,2733.069239,2732.739724,2732.805303,-0.3295149999999012,-0.26393599999983053,-0.29672549999986586
2023-04-05 23:15:00,2733.069239,2732.736764,2732.802256,-0.33247499999970387,-0.266982999999982,-0.2997289999998429
2023-04-05 23:30:00,2733.069239,2732.741474,2732.8001,-0.3277649999999994,-0.2691389999999956,-0.2984519999999975
2023-04-06 00:30:00,2733.072158,2732.743714,2732.803868,-0.32844399999976304,-0.26828999999997905,-0.29836699999987104
2023-04-06 01:15:00,2733.069239,2732.741517,2732.801794,-0.3277219999999943,-0.2674449999999524,-0.29758349999997336
2023-04-06 02:15:00,2733.070988,2732.742276,2732.80659,-0.3287119999999959,-0.26439799999980096,-0.2965549999998984
2023-04-06 02:30:00,2733.072158,2732.743446,2732.805165,-0.3287119999999959,-0.26699299999972936,-0.29785249999986263
2023-04-06 03:30:00,2733.072737,2732.739267,2732.801977,-0.3334700000000339,-0.270759999999882,-0.30211499999995794
2023-04-06 03:45:00,2733.069239,2732.738278,2732.806462,-0.33096100000011575,-0.26277699999991455,-0.29686900000001515
2023-04-06 04:15:00,2733.069239,2732.744746,2732.807042,-0.32449300000007497,-0.26219700000001467,-0.2933450000000448
2023-04-06 04:45:00,2733.067489,2732.744387,2732.803543,-0.32310199999983524,-0.26394600000003265,-0.29352399999993395
2023-04-06 05:30:00,2733.069818,2732.740756,2732.802826,-0.32906199999979435,-0.2669919999998456,-0.29802699999981996
2023-04-06 06:00:00,2733.069818,2732.745467,2732.803567,-0.32435099999975137,-0.2662510000000111,-0.29530099999988124
2023-04-06 06:15:00,2733.073317,2732.741247,2732.80052,-0.3320699999999306,-0.27279700000008233,-0.30243350000000646
2023-04-06 06:30:00,2733.073317,2732.744477,2732.801529,-0.3288399999996727,-0.271788000000015,-0.3003139999998439
2023-04-06 07:15:00,2733.071578,2732.742228,2732.799359,-0.3293499999999767,-0.27221899999995003,-0.3007844999999634
2023-04-06 07:30:00,2733.070408,2732.742148,2732.799488,-0.3282600000002276,-0.27091999999993277,-0.2995900000000802
2023-04-06 08:15:00,2733.067489,2732.743611,2732.800806,-0.32387800000014977,-0.2666829999998299,-0.29528049999998984
2023-04-06 08:30:00,2733.070988,2732.745359,2732.79951,-0.32562899999993533,-0.27147800000011557,-0.29855350000002545
2023-04-06 08:45:00,2733.069239,2732.738631,2732.796011,-0.33060799999975643,-0.27322800000001735,-0.3019179999998869
2023-04-06 09:00:00,2733.068079,2732.7407,2732.796601,-0.32737900000029185,-0.27147800000011557,-0.2994285000002037
2023-04-06 09:15:00,2733.068079,2732.74218,2732.79485,-0.32589899999993577,-0.27322899999990113,-0.29956399999991845
2023-04-06 09:30:00,2733.061661,2732.736033,2732.794978,-0.32562800000005154,-0.26668300000028466,-0.2961555000001681
2023-04-06 09:45:00,2733.061661,2732.731053,2732.791479,-0.3306080000002112,-0.2701820000002044,-0.3003950000002078
2023-04-06 10:00:00,2733.059332,2732.730205,2732.790445,-0.3291269999999713,-0.2688869999997223,-0.2990069999998468
2023-04-06 10:15:00,2733.057583,2732.730704,2732.78942,-0.32687899999973524,-0.26816299999973126,-0.29752099999973325
2023-04-06 10:30:00,2733.055833,2732.727473,2732.791599,-0.3283599999999751,-0.26423399999976027,-0.2962969999998677
2023-04-06 10:45:00,2733.060492,2732.729223,2732.791598,-0.3312690000002476,-0.2688940000002731,-0.30008150000026035
2023-04-06 11:00:00,2733.059322,2732.728053,2732.792035,-0.3312690000002476,-0.26728700000012395,-0.2992780000001858
2023-04-06 13:00:00,2733.058742,2732.728454,2732.792465,-0.3302880000001096,-0.26627700000017285,-0.2982825000001412
2023-04-06 13:45:00,2733.060492,2732.727743,2732.791168,-0.33274900000014895,-0.26932399999986956,-0.30103650000000926
2023-04-06 14:00:00,2733.057583,2732.724513,2732.788553,-0.33306999999967957,-0.2690299999999297,-0.30104999999980464
2023-04-06 14:45:00,2733.063411,2732.727872,2732.793497,-0.33553900000015346,-0.26991399999997157,-0.3027265000000625
2023-04-06 15:00:00,2733.060492,2732.725221,2732.791032,-0.3352709999999206,-0.26945999999998094,-0.30236549999995077
2023-04-06 15:15:00,2733.060492,2732.72226,2732.790309,-0.3382320000000618,-0.2701830000000882,-0.304207500000075
2023-04-06 15:30:00,2733.058742,2732.71952,2732.790578,-0.3392220000000634,-0.2681640000000698,-0.3036930000000666
2023-04-06 15:45:00,2733.060492,2732.718039,2732.791875,-0.34245300000020507,-0.26861700000017663,-0.30553500000019085
2023-04-06 16:15:00,2733.060492,2732.717329,2732.791605,-0.3431630000000041,-0.26888700000017707,-0.3060250000000906
2023-04-06 17:00:00,2733.058742,2732.716526,2732.794922,-0.3422160000000076,-0.2638200000001234,-0.3030180000000655
2023-04-06 17:15:00,2733.060492,2732.721505,2732.793625,-0.3389870000000883,-0.26686700000027486,-0.3029270000001816
2023-04-06 18:00:00,2733.063401,2732.718355,2732.797124,-0.34504599999991115,-0.2662769999997181,-0.3056614999998146
2023-04-06 18:15:00,2733.060492,2732.717284,2732.795374,-0.34320800000023155,-0.26511800000025687,-0.3041630000002442
2023-04-06 18:30:00,2733.063401,2732.721854,2732.798421,-0.3415469999999914,-0.26497999999992317,-0.3032634999999573
2023-04-06 19:00:00,2733.06515,2732.723605,2732.795828,-0.34154499999976906,-0.269322000000102,-0.3054334999999355
2023-04-06 19:30:00,2733.063401,2732.721812,2732.80091,-0.34158899999965797,-0.2624909999999545,-0.30203999999980624
2023-04-06 19:45:00,2733.06515,2732.720742,2732.798873,-0.3444079999999303,-0.2662769999997181,-0.3053424999998242
2023-04-06 20:00:00,2733.06515,2732.721241,2732.796258,-0.34390899999971225,-0.26889200000005076,-0.3064004999998815
2023-04-06 20:30:00,2733.06399,2732.721561,2732.80018,-0.34242900000026566,-0.2638099999999213,-0.30311950000009347
2023-04-06 20:45:00,2733.06457,2732.722532,2732.799011,-0.34203800000022966,-0.26555899999993926,-0.30379850000008446
2023-04-06 21:00:00,2733.06457,2732.722632,2732.796705,-0.3419380000000274,-0.2678649999998015,-0.30490149999991445
2023-04-06 21:30:00,2733.067489,2732.726621,2732.8015,-0.34086800000022777,-0.2659889999999905,-0.3034285000001091
2023-04-06 21:45:00,2733.066909,2732.721723,2732.799893,-0.3451860000000124,-0.26701600000023973,-0.3061010000001261
2023-04-06 22:45:00,2733.06574,2732.727154,2732.794381,-0.3385859999998502,-0.2713589999998476,-0.3049724999998489
2023-04-06 23:00:00,2733.066909,2732.725861,2732.80193,-0.34104800000022806,-0.2649790000000394,-0.3030135000001337
2023-04-06 23:15:00,2733.06516,2732.730073,2732.7973,-0.3350869999999304,-0.2678599999999278,-0.3014734999999291
2023-04-07 02:00:00,2733.066909,2732.731864,2732.800347,-0.3350450000002638,-0.2665620000002491,-0.30080350000025646
2023-04-07 02:15:00,2733.06632,2732.730783,2732.79846,-0.33553699999993114,-0.2678599999999278,-0.3016984999999295
2023-04-07 02:45:00,2733.067489,2732.734913,2732.801953,-0.3325760000002447,-0.26553599999988364,-0.29905600000006416
2023-04-07 03:15:00,2733.06574,2732.729435,2732.800204,-0.3363049999998111,-0.26553599999988364,-0.3009204999998474
2023-04-07 03:45:00,2733.067489,2732.732664,2732.803249,-0.3348249999999098,-0.2642399999999725,-0.29953249999994114
2023-04-07 04:00:00,2733.070408,2732.735583,2732.803123,-0.3348249999999098,-0.26728499999990163,-0.3010549999999057
2023-04-07 04:15:00,2733.067489,2732.729045,2732.797157,-0.3384439999999813,-0.2703320000000531,-0.3043880000000172
2023-04-07 06:00:00,2733.070408,2732.736404,2732.80442,-0.33400399999982255,-0.2659880000001067,-0.2999959999999646
2023-04-07 06:15:00,2733.069239,2732.735895,2732.805,-0.33334400000012465,-0.2642390000000887,-0.2987915000001067
2023-04-07 06:45:00,2733.06457,2732.735956,2732.803972,-0.32861400000001595,-0.26059799999984534,-0.29460599999993065
2023-04-07 07:00:00,2733.06399,2732.734867,2732.802222,-0.3291229999999814,-0.261768000000302,-0.2954455000001417
2023-04-07 07:15:00,2733.067489,2732.738366,2732.804425,-0.3291229999999814,-0.2630640000002131,-0.29609350000009727
2023-04-07 07:30:00,2733.06457,2732.732216,2732.804099,-0.33235400000012305,-0.2604710000000523,-0.2964125000000877
2023-04-07 07:45:00,2733.062821,2732.733696,2732.802802,-0.3291250000002037,-0.26001899999982925,-0.2945720000000165
2023-04-07 09:15:00,2733.060492,2732.736567,2732.798723,-0.3239250000001448,-0.26176900000018577,-0.2928470000001653
2023-04-07 09:45:00,2733.060492,2732.730108,2732.796974,-0.33038399999986723,-0.26351800000020376,-0.2969510000000355
2023-04-07 10:00:00,2733.057573,2732.7319,2732.796091,-0.32567299999982424,-0.2614819999998872,-0.2935774999998557
2023-04-07 10:15:00,2733.059322,2732.730419,2732.794794,-0.3289030000000821,-0.26452800000015486,-0.2967155000001185
2023-04-07 10:30:00,2733.059322,2732.727601,2732.791009,-0.3317210000000159,-0.26831300000003466,-0.3000170000000253
2023-04-07 10:45:00,2733.059322,2732.728669,2732.793046,-0.3306529999999839,-0.26627600000028906,-0.29846450000013647
2023-04-07 11:00:00,2733.058742,2732.727289,2732.795965,-0.3314530000002378,-0.2627770000003693,-0.29711500000030355
2023-04-07 12:00:00,2733.058742,2732.725131,2732.795678,-0.333611000000019,-0.2630640000002131,-0.29833750000011605
2023-04-07 12:30:00,2733.061661,2732.725149,2732.796394,-0.3365120000003117,-0.26526700000022174,-0.3008895000002667
2023-04-07 12:45:00,2733.058162,2732.72554,2732.794644,-0.33262199999990116,-0.263517999999749,-0.2980699999998251
2023-04-07 13:00:00,2733.058742,2732.725808,2732.797421,-0.33293400000002293,-0.2613209999999526,-0.2971274999999878
2023-04-07 13:15:00,2733.058742,2732.722579,2732.798718,-0.33616299999994226,-0.2600240000001577,-0.29809350000004997
2023-04-07 13:30:00,2733.059902,2732.723737,2732.795081,-0.3361650000001646,-0.26482099999975617,-0.3004929999999604
2023-04-07 13:45:00,2733.062821,2732.721866,2732.798128,-0.3409550000001218,-0.26469300000007934,-0.30282400000010057
2023-04-07 14:15:00,2733.061071,2732.714374,2732.796807,-0.3466969999999492,-0.2642639999999119,-0.30548049999993054
2023-04-07 14:45:00,2733.061071,2732.714735,2732.795511,-0.3463360000000648,-0.2655600000002778,-0.3059480000001713
2023-04-07 15:00:00,2733.06574,2732.714961,2732.801047,-0.35077899999987494,-0.26469300000007934,-0.30773599999997714
2023-04-07 15:15:00,2733.06399,2732.713971,2732.794955,-0.35001899999997477,-0.26903500000025815,-0.30952700000011646
2023-04-07 15:30:00,2733.06574,2732.707781,2732.797261,-0.3579589999999371,-0.2684789999998429,-0.31321899999989
2023-04-07 15:45:00,2733.06515,2732.705711,2732.796671,-0.3594389999998384,-0.2684789999998429,-0.31395899999984067
2023-04-07 16:45:00,2733.063411,2732.703509,2732.797118,-0.3599020000001474,-0.26629300000013245,-0.3130975000001399
2023-04-07 17:00:00,2733.063411,2732.705259,2732.798868,-0.3581520000002456,-0.2645430000002307,-0.31134750000023814
2023-04-07 17:15:00,2733.061661,2732.702028,2732.795821,-0.35963300000003073,-0.2658400000000256,-0.3127365000000282
2023-04-07 18:00:00,2733.063411,2732.706696,2732.797572,-0.35671499999989464,-0.2658390000001418,-0.31127700000001823
2023-04-07 18:30:00,2733.062831,2732.710794,2732.80076,-0.3520370000001094,-0.2620710000001054,-0.3070540000001074
2023-04-07 18:45:00,2733.061661,2732.712854,2732.798294,-0.3488070000003063,-0.26336700000001656,-0.3060870000001614
2023-04-07 19:45:00,2733.063411,2732.714904,2732.796276,-0.3485070000001542,-0.26713500000005297,-0.3078210000001036
2023-04-07 20:00:00,2733.06516,2732.714603,2732.801341,-0.35055700000020806,-0.2638190000002396,-0.30718800000022384
2023-04-07 20:15:00,2733.063411,2732.716083,2732.798747,-0.34732800000028874,-0.26466400000026624,-0.3059960000002775
2023-04-07 20:30:00,2733.063411,2732.717563,2732.794112,-0.34584799999993265,-0.26929900000004636,-0.3075734999999895
2023-04-07 21:15:00,2733.063401,2732.723514,2732.801921,-0.33988700000008976,-0.26147999999966487,-0.3006834999998773
2023-04-07 21:30:00,2733.06515,2732.726743,2732.802661,-0.33840699999973367,-0.2624889999997322,-0.30044799999973293
2023-04-07 21:45:00,2733.063401,2732.724995,2732.803091,-0.3384059999998499,-0.260309999999663,-0.29935799999975643
2023-04-07 22:30:00,2733.066899,2732.730464,2732.80484,-0.33643499999971027,-0.2620590000001357,-0.299246999999923
2023-04-07 22:45:00,2733.06515,2732.728223,2732.806136,-0.33692699999983233,-0.25901399999975183,-0.2979704999997921
2023-04-07 23:00:00,2733.06515,2732.726475,2732.805126,-0.33867499999996653,-0.26002399999970294,-0.29934949999983473
2023-04-07 23:15:00,2733.068649,2732.724993,2732.806877,-0.34365600000000995,-0.26177199999983713,-0.30271399999992354
2023-04-07 23:45:00,2733.068649,2732.724004,2732.80558,-0.344644999999673,-0.26306899999963207,-0.30385699999965254
2023-04-08 00:00:00,2733.06515,2732.724724,2732.80383,-0.3404259999997521,-0.26132000000006883,-0.30087299999991046
2023-04-08 00:30:00,2733.063401,2732.727953,2732.802533,-0.3354479999998148,-0.2608679999998458,-0.2981579999998303
2023-04-08 01:30:00,2733.062241,2732.728935,2732.805707,-0.3333059999999932,-0.2565340000001015,-0.29492000000004737
2023-04-08 03:15:00,2733.059912,2732.726935,2732.803378,-0.33297700000002806,-0.2565340000001015,-0.2947555000000648
2023-04-08 03:45:00,2733.062831,2732.727614,2732.806297,-0.3352170000002843,-0.2565340000001015,-0.2958755000001929
2023-04-08 04:15:00,2733.06633,2732.732594,2732.80675,-0.33373600000004444,-0.25957999999991443,-0.29665799999997944
2023-04-08 08:45:00,2733.052334,2732.72796,2732.805265,-0.324373999999807,-0.24706900000001042,-0.2857214999999087
2023-04-08 09:00:00,2733.048836,2732.731189,2732.803968,-0.3176469999998517,-0.24486799999976938,-0.28125749999981053
2023-04-08 09:15:00,2733.052334,2732.729708,2732.807013,-0.32262600000012753,-0.24532099999987622,-0.2839735000000019
2023-04-08 10:00:00,2733.047666,2732.723291,2732.799299,-0.3243750000001455,-0.2483670000001439,-0.2863710000001447
2023-04-08 10:30:00,2733.049405,2732.72181,2732.796832,-0.32759500000020125,-0.2525730000002113,-0.2900840000002063
2023-04-08 10:45:00,2733.049405,2732.726522,2732.799879,-0.3228830000002745,-0.24952600000005987,-0.2862045000001672
2023-04-08 11:00:00,2733.051155,2732.722881,2732.802924,-0.32827399999996487,-0.2482310000000325,-0.2882524999999987
2023-04-08 12:30:00,2733.054074,2732.72329,2732.802344,-0.33078400000022157,-0.25172999999995227,-0.2912570000000869
2023-04-08 12:45:00,2733.057573,2732.7229,2732.802798,-0.3346729999998388,-0.2547749999998814,-0.2947239999998601
2023-04-08 13:00:00,2733.059322,2732.719671,2732.800309,-0.33965100000023085,-0.25901299999986804,-0.29933200000004945
2023-04-08 13:15:00,2733.062821,2732.72317,2732.802057,-0.3396509999997761,-0.26076400000010835,-0.30020749999994223
2023-04-08 13:30:00,2733.062241,2732.719629,2732.800181,-0.3426119999999173,-0.2620600000000195,-0.3023359999999684
2023-04-08 13:45:00,2733.062241,2732.718148,2732.804094,-0.3440930000001572,-0.2581470000000081,-0.30112000000008265
2023-04-08 14:00:00,2733.062241,2732.717159,2732.805391,-0.345082000000275,-0.2568500000002132,-0.3009660000002441
2023-04-08 14:45:00,2733.060492,2732.708944,2732.803504,-0.35154800000009345,-0.25698800000009214,-0.3042680000000928
2023-04-08 15:00:00,2733.06399,2732.710964,2732.803218,-0.3530260000002272,-0.26077200000008816,-0.3068990000001577
2023-04-08 15:15:00,2733.06399,2732.709483,2732.805255,-0.35450700000001234,-0.2587349999998878,-0.3066209999999501
2023-04-08 15:30:00,2733.059912,2732.707422,2732.802637,-0.35249000000021624,-0.2572750000003907,-0.3048825000003035
2023-04-08 16:15:00,2733.063411,2732.708761,2732.804388,-0.35465000000021973,-0.25902300000007017,-0.30683650000014495
2023-04-08 17:00:00,2733.056413,2732.703742,2732.805684,-0.3526709999996456,-0.25072899999986475,-0.30169999999975516
2023-04-08 17:15:00,2733.056413,2732.701011,2732.803934,-0.35540199999968536,-0.25247899999976653,-0.30394049999972594
2023-04-08 17:30:00,2733.059912,2732.70599,2732.808729,-0.35392200000023877,-0.25118300000031013,-0.30255250000027445
2023-04-08 17:45:00,2733.059912,2732.704778,2732.806423,-0.355134000000362,-0.2534890000001724,-0.3043115000002672
2023-04-08 18:15:00,2733.060492,2732.703339,2732.806551,-0.35715299999992567,-0.2539409999999407,-0.3055469999999332
2023-04-08 18:30:00,2733.058742,2732.705579,2732.802208,-0.3531630000002224,-0.2565340000001015,-0.30484850000016195
2023-04-08 19:15:00,2733.056993,2732.710558,2732.807433,-0.34643499999992855,-0.2495600000002014,-0.297997500000065
2023-04-08 19:45:00,2733.056413,2732.717508,2732.808603,-0.3389049999996132,-0.24780999999984488,-0.29335749999972904
2023-04-08 20:00:00,2733.053494,2732.718088,2732.809183,-0.33540599999969345,-0.24431099999992512,-0.2898584999998093
2023-04-08 20:45:00,2733.055243,2732.719837,2732.811219,-0.33540599999969345,-0.24402399999962654,-0.28971499999966
2023-04-08 21:15:00,2733.059902,2732.722798,2732.811221,-0.33710400000018126,-0.24868100000003324,-0.29289250000010725
2023-04-08 21:30:00,2733.061651,2732.723477,2732.809924,-0.3381739999999809,-0.25172699999984616,-0.2949504999999135
2023-04-08 21:45:00,2733.060492,2732.720159,2732.810512,-0.3403330000001006,-0.2499800000000505,-0.29515650000007554
2023-04-08 22:00:00,2733.060492,2732.722398,2732.813559,-0.33809400000018286,-0.24693299999989904,-0.29251350000004095
2023-04-08 22:15:00,2733.06574,2732.724558,2732.812532,-0.3411820000001171,-0.25320800000008603,-0.2971950000001016
2023-04-08 22:30:00,2733.06399,2732.722808,2732.809486,-0.3411820000001171,-0.2545039999999972,-0.29784300000005715
2023-04-08 23:00:00,2733.061071,2732.722708,2732.809613,-0.3383630000002995,-0.25145800000018426,-0.2949105000002419
2023-04-08 23:15:00,2733.057573,2732.724458,2732.810065,-0.333114999999907,-0.24750799999992523,-0.2903114999999161
2023-04-08 23:30:00,2733.055823,2732.725939,2732.811362,-0.3298840000002201,-0.24446100000022852,-0.2871725000002243
2023-04-09 00:30:00,2733.055823,2732.729889,2732.814409,-0.3259339999999611,-0.24141400000007707,-0.2836740000000191
2023-04-09 00:45:00,2733.051165,2732.726658,2732.812659,-0.32450699999981225,-0.23850599999968836,-0.2815064999997503
2023-04-09 01:00:00,2733.051165,2732.729168,2732.814861,-0.3219970000000103,-0.23630400000001828,-0.2791505000000143
2023-04-09 01:30:00,2733.052324,2732.727419,2732.811815,-0.324905000000399,-0.24050900000020192,-0.28270700000030047
2023-04-09 02:15:00,2733.059322,2732.731058,2732.813852,-0.3282640000002175,-0.2454699999998411,-0.2868670000000293
2023-04-09 03:30:00,2733.059322,2732.733798,2732.818195,-0.32552399999985937,-0.24112700000023324,-0.2833255000000463
2023-04-09 04:30:00,2733.051165,2732.73137,2732.816158,-0.3197949999998855,-0.2350069999997686,-0.27740099999982704
2023-04-09 05:15:00,2733.051165,2732.72962,2732.815149,-0.32154499999978725,-0.2360159999998359,-0.2787804999998116
2023-04-09 05:30:00,2733.054074,2732.7311,2732.816446,-0.3229740000001584,-0.23762800000031348,-0.28030100000023594
2023-04-09 05:45:00,2733.051155,2732.730609,2732.817024,-0.32054599999992206,-0.2341310000001613,-0.2773385000000417
2023-04-09 06:15:00,2733.051745,2732.73169,2732.817614,-0.32005500000013853,-0.2341310000001613,-0.2770930000001499
2023-04-09 06:30:00,2733.047656,2732.732851,2732.818775,-0.31480499999997846,-0.22888100000000122,-0.27184299999998984
2023-04-09 07:15:00,2733.047076,2732.730913,2732.815436,-0.31616299999996045,-0.23163999999997031,-0.2739014999999654
2023-04-09 07:30:00,2733.043577,2732.733383,2732.817185,-0.31019400000013775,-0.22639200000003257,-0.26829300000008516
2023-04-09 07:45:00,2733.045327,2732.734863,2732.817454,-0.31046399999968344,-0.2278729999998177,-0.26916849999975057
2023-04-09 08:15:00,2733.038909,2732.735131,2732.818034,-0.3037779999999657,-0.22087499999997817,-0.26232649999997193
2023-04-09 08:30:00,2733.033661,2732.731632,2732.812371,-0.3020289999999477,-0.22128999999995358,-0.26165949999995064
2023-04-09 09:00:00,2733.016177,2732.732222,2732.811665,-0.28395499999987805,-0.20451199999979508,-0.24423349999983657
2023-04-09 09:15:00,2733.017346,2732.731954,2732.814258,-0.285392000000229,-0.2030880000002071,-0.24424000000021806
2023-04-09 09:30:00,2733.027843,2732.729903,2732.813249,-0.29793999999992593,-0.2145940000000337,-0.2562669999999798
2023-04-09 09:45:00,2733.024924,2732.729713,2732.812078,-0.2952109999996537,-0.2128459999998995,-0.2540284999997766
2023-04-09 10:00:00,2733.023174,2732.727965,2732.809033,-0.29520899999988615,-0.21414099999992686,-0.2546749999999065
2023-04-09 10:15:00,2733.024334,2732.730212,2732.813375,-0.29412200000024313,-0.21095900000000256,-0.25254050000012285
2023-04-09 10:30:00,2733.022005,2732.727564,2732.81091,-0.29444100000000617,-0.2110949999996592,-0.2527679999998327
2023-04-09 10:45:00,2733.023164,2732.725814,2732.807863,-0.29735000000027867,-0.21530100000018138,-0.25632550000023
2023-04-09 11:45:00,2733.043577,2732.725894,2732.8099,-0.3176829999997608,-0.23367699999971592,-0.27567999999973836
2023-04-09 12:00:00,2733.053494,2732.724414,2732.814696,-0.3290799999999763,-0.23879799999986062,-0.28393899999991845
2023-04-09 13:15:00,2733.068069,2732.720195,2732.809033,-0.3478740000000471,-0.25903599999992366,-0.3034549999999854
2023-04-09 13:45:00,2733.06516,2732.715484,2732.811626,-0.3496760000002723,-0.2535339999999451,-0.3016050000001087
2023-04-09 14:15:00,2733.066909,2732.710323,2732.812079,-0.356586000000334,-0.254830000000311,-0.3057080000003225
2023-04-09 14:30:00,2733.063411,2732.711002,2732.808292,-0.3524090000000797,-0.2551189999999224,-0.30376400000000103
2023-04-09 14:45:00,2733.062831,2732.706481,2732.810759,-0.3563500000000204,-0.25207200000022567,-0.304211000000123
2023-04-09 15:00:00,2733.068079,2732.705269,2732.812508,-0.36281000000008135,-0.25557100000014543,-0.3091905000001134
2023-04-09 15:15:00,2733.06633,2732.702799,2732.813805,-0.3635309999999663,-0.2525250000003325,-0.3080280000001494
2023-04-09 16:00:00,2733.074487,2732.702077,2732.809462,-0.3724099999999453,-0.26502499999969586,-0.3187174999998206
2023-04-09 16:15:00,2733.072737,2732.697368,2732.812056,-0.3753689999998642,-0.2606809999997495,-0.3180249999998068
2023-04-09 17:45:00,2733.051745,2732.694044,2732.811339,-0.3577010000003611,-0.24040600000034829,-0.2990535000003547
2023-04-09 18:00:00,2733.057583,2732.694501,2732.811211,-0.36308199999984936,-0.24637199999961013,-0.30472699999972974
2023-04-09 18:30:00,2733.03483,2732.697242,2732.816422,-0.33758799999986877,-0.21840800000018135,-0.27799800000002506
2023-04-09 18:45:00,2733.03658,2732.702612,2732.815125,-0.33396799999991345,-0.22145499999987805,-0.27771149999989575
2023-04-09 19:00:00,2733.040079,2732.70436,2732.819469,-0.335718999999699,-0.22060999999985142,-0.2781644999997752
2023-04-09 19:45:00,2733.033081,2732.707591,2732.821218,-0.3254900000001726,-0.21186299999999392,-0.26867650000008325
2023-04-09 20:15:00,2733.043577,2732.71113,2732.817743,-0.33244699999977456,-0.22583399999984977,-0.27914049999981216
2023-04-09 20:45:00,2733.029002,2732.708982,2732.819627,-0.3200200000001132,-0.2093750000003638,-0.2646975000002385
2023-04-09 21:00:00,2733.025504,2732.711631,2732.815286,-0.3138730000000578,-0.2102180000001681,-0.26204550000011295
2023-04-09 21:15:00,2733.025504,2732.710151,2732.817305,-0.31535299999995914,-0.20819900000014968,-0.2617760000000544
2023-04-09 21:45:00,2733.027253,2732.714861,2732.819054,-0.3123920000002727,-0.20819900000014968,-0.2602955000002112
2023-04-09 22:00:00,2733.026083,2732.714371,2732.817884,-0.3117120000001705,-0.20819900000014968,-0.2599555000001601
2023-04-09 22:30:00,2733.024334,2732.712621,2732.819921,-0.3117130000000543,-0.2044130000003861,-0.2580630000002202
2023-04-09 23:30:00,2733.024334,2732.715181,2732.818752,-0.3091530000001512,-0.20558200000004945,-0.25736750000010034
2023-04-10 00:15:00,2733.024334,2732.716929,2732.818345,-0.307405000000017,-0.20598900000004505,-0.25669700000003104
2023-04-10 00:45:00,2733.026083,2732.71791,2732.819204,-0.30817300000035175,-0.20687900000029913,-0.25752600000032544
2023-04-10 01:00:00,2733.024334,2732.71666,2732.819642,-0.3076740000001337,-0.20469200000025012,-0.2561830000001919
2023-04-10 01:15:00,2733.026083,2732.716161,2732.820501,-0.30992200000036974,-0.20558200000004945,-0.2577520000002096
2023-04-10 01:30:00,2733.026083,2732.721141,2732.82225,-0.3049420000002101,-0.20383300000003146,-0.2543875000001208
2023-04-10 02:00:00,2733.026083,2732.724102,2732.823546,-0.3019810000000689,-0.20253700000012032,-0.2522590000000946
2023-04-10 03:00:00,2733.025504,2732.72626,2732.821671,-0.2992440000002716,-0.20383300000003146,-0.25153850000015154
2023-04-10 04:15:00,2733.029002,2732.724512,2732.824717,-0.3044900000004418,-0.2042850000002545,-0.25438750000034815
2023-04-10 04:45:00,2733.027833,2732.724822,2732.825297,-0.3030109999999695,-0.20253600000023653,-0.252773500000103
2023-04-10 05:30:00,2733.026083,2732.726302,2732.824287,-0.2997810000001664,-0.20179600000028586,-0.2507885000002261
2023-04-10 06:15:00,2733.026673,2732.728764,2732.824877,-0.2979089999998905,-0.2017959999998311,-0.2498524999998608
2023-04-10 06:30:00,2733.028423,2732.727283,2732.826626,-0.30114000000003216,-0.20179700000016965,-0.2514685000001009
2023-04-10 07:00:00,2733.027253,2732.728354,2732.824867,-0.29889900000034686,-0.20238600000038787,-0.25064250000036736
2023-04-10 07:15:00,2733.026673,2732.727372,2732.82182,-0.29930100000001403,-0.20485299999972995,-0.252076999999872
2023-04-10 07:30:00,2733.025504,2732.726614,2732.820652,-0.2988900000000285,-0.2048520000003009,-0.2518710000001647
2023-04-10 07:45:00,2733.027253,2732.724863,2732.820938,-0.3023900000002868,-0.20631500000035885,-0.25435250000032283
2023-04-10 08:00:00,2733.027253,2732.729843,2732.822687,-0.2974100000001272,-0.20456600000034086,-0.250988000000234
2023-04-10 08:30:00,2733.026093,2732.726934,2732.821528,-0.29915900000014517,-0.20456500000000233,-0.25186200000007375
2023-04-10 08:45:00,2733.026093,2732.725185,2732.822825,-0.30090800000016316,-0.20326799999975265,-0.2520879999999579
2023-04-10 09:30:00,2733.024924,2732.727246,2732.821655,-0.2976779999999053,-0.20326899999963643,-0.25047349999977087
2023-04-10 09:45:00,2733.024924,2732.723025,2732.823403,-0.30189900000004855,-0.20152099999995698,-0.25171000000000276
2023-04-10 10:00:00,2733.021425,2732.719526,2732.818156,-0.30189900000004855,-0.20326900000009118,-0.25258400000006986
2023-04-10 10:45:00,2733.023164,2732.721587,2732.820771,-0.3015770000001794,-0.20239300000002913,-0.25198500000010426
2023-04-10 11:30:00,2733.022585,2732.718046,2732.816859,-0.3045390000002044,-0.20572600000014063,-0.2551325000001725
2023-04-10 11:45:00,2733.022005,2732.718626,2732.817439,-0.3033789999999499,-0.20456599999988612,-0.253972499999918
2023-04-10 12:15:00,2733.029582,2732.718807,2732.815563,-0.3107749999999214,-0.2140190000000075,-0.26239699999996446
2023-04-10 12:30:00,2733.03483,2732.714407,2732.815109,-0.3204230000001189,-0.21972099999993588,-0.2700720000000274
2023-04-10 12:45:00,2733.026673,2732.713295,2732.821201,-0.3133779999998296,-0.20547199999964505,-0.25942499999973734
2023-04-10 13:00:00,2733.022595,2732.711896,2732.820788,-0.3106990000001133,-0.20180699999991702,-0.25625300000001516
2023-04-10 13:15:00,2733.022595,2732.710416,2732.817741,-0.31217900000001464,-0.20485400000006848,-0.25851650000004156
2023-04-10 13:30:00,2733.022595,2732.707954,2732.815992,-0.3146409999999378,-0.20660300000008647,-0.2606220000000121
2023-04-10 13:45:00,2733.024344,2732.702523,2732.820334,-0.3218209999999999,-0.20400999999992564,-0.2629154999999628
2023-04-10 14:00:00,2733.027253,2732.695743,2732.818447,-0.3315099999999802,-0.20880600000009508,-0.27015800000003765
2023-04-10 14:30:00,2733.027253,2732.695561,2732.817151,-0.3316920000002028,-0.21010200000000623,-0.2708970000001045
2023-04-10 15:00:00,2733.027253,2732.688658,2732.819474,-0.3385950000001685,-0.20777900000030058,-0.27318700000023455
2023-04-10 16:00:00,2733.028423,2732.680445,2732.820208,-0.34797800000023926,-0.20821500000010928,-0.2780965000001743
2023-04-10 16:15:00,2733.03484,2732.678385,2732.819628,-0.3564549999996416,-0.21521199999961027,-0.28583349999962593
2023-04-10 16:30:00,2733.091981,2732.675424,2732.821815,-0.4165570000000116,-0.2701660000002448,-0.3433615000001282
2023-04-10 16:45:00,2733.108895,2732.683634,2732.823564,-0.425260999999864,-0.28533100000004197,-0.355295999999953
2023-04-10 17:15:00,2733.105396,2732.675471,2732.820065,-0.42992499999991196,-0.28533100000004197,-0.35762799999997696
2023-04-10 17:45:00,2733.117062,2732.67817,2732.822267,-0.43889199999966877,-0.2947949999997945,-0.36684349999973165
2023-04-10 18:15:00,2733.115313,2732.678249,2732.820519,-0.43706399999973655,-0.29479399999991074,-0.36592899999982365
2023-04-10 18:30:00,2733.115313,2732.681399,2732.825147,-0.43391399999973146,-0.2901659999997719,-0.36203999999975167
2023-04-10 18:45:00,2733.117062,2732.682879,2732.823127,-0.4341829999998481,-0.2939349999996921,-0.3640589999997701
2023-04-10 19:00:00,2733.119971,2732.687268,2732.824724,-0.43270299999994677,-0.2952470000000176,-0.3639749999999822
2023-04-10 20:15:00,2733.115313,2732.694049,2732.826174,-0.42126399999960995,-0.2891389999999774,-0.35520149999979367
2023-04-10 20:30:00,2733.115893,2732.696109,2732.827023,-0.41978400000016336,-0.2888700000003155,-0.3543270000002394
2023-04-10 20:45:00,2733.119392,2732.698267,2732.827912,-0.4211249999998472,-0.29147999999986496,-0.3563024999998561
2023-04-10 21:15:00,2733.117642,2732.698758,2732.829209,-0.4188840000001619,-0.28843300000016825,-0.3536585000001651
2023-04-10 22:15:00,2733.117632,2732.698578,2732.828779,-0.41905399999996007,-0.28885300000001735,-0.3539534999999887
2023-04-10 22:30:00,2733.122301,2732.699748,2732.829663,-0.42255299999987983,-0.29263799999989715,-0.3575954999998885
2023-04-10 22:45:00,2733.120551,2732.700507,2732.8317,-0.42004399999996167,-0.288850999999795,-0.35444749999987835
2023-04-10 23:00:00,2733.119392,2732.697278,2732.830959,-0.422113999999965,-0.28843300000016825,-0.35527350000006663
2023-04-11 00:00:00,2733.115893,2732.697858,2732.83271,-0.4180350000001454,-0.2831830000000082,-0.3506090000000768
2023-04-11 00:15:00,2733.115313,2732.701497,2732.830833,-0.4138159999997697,-0.2844799999998031,-0.3491479999997864
2023-04-11 00:30:00,2733.120561,2732.702977,2732.83213,-0.41758400000026086,-0.2884310000004007,-0.35300750000033077
2023-04-11 01:00:00,2733.12406,2732.702257,2732.831285,-0.4218030000001818,-0.2927749999998923,-0.35728900000003705
2023-04-11 01:15:00,2733.122311,2732.704457,2732.82649,-0.4178540000002613,-0.29582100000016,-0.35683750000021064
2023-04-11 02:00:00,2733.120561,2732.702977,2732.828813,-0.41758400000026086,-0.2917480000000978,-0.35466600000017934
2023-04-11 02:15:00,2733.12347,2732.705617,2732.829974,-0.41785299999992276,-0.29349599999977727,-0.35567449999985
2023-04-11 02:45:00,2733.119971,2732.702691,2732.829083,-0.4172800000001189,-0.2908879999999954,-0.35408400000005713
2023-04-11 03:15:00,2733.119392,2732.706331,2732.830253,-0.41306100000019796,-0.2891389999999774,-0.3511000000000877
2023-04-11 03:30:00,2733.121141,2732.70808,2732.832004,-0.41306100000019796,-0.2891370000002098,-0.3510990000002039
2023-04-11 04:00:00,2733.122311,2732.707009,2732.836219,-0.41530199999988326,-0.2860920000002807,-0.35069700000008197
2023-04-11 05:00:00,2733.117642,2732.70898,2732.830127,-0.40866200000027675,-0.28751499999998487,-0.3480885000001308
2023-04-11 05:15:00,2733.117642,2732.70997,2732.833172,-0.40767200000027515,-0.28447000000005573,-0.34607100000016544
2023-04-11 06:00:00,2733.117642,2732.71145,2732.829386,-0.4061920000003738,-0.28825600000027407,-0.34722400000032394
2023-04-11 06:15:00,2733.116473,2732.710281,2732.827358,-0.40619199999991906,-0.289115000000038,-0.3476534999999785
2023-04-11 06:30:00,2733.117642,2732.709202,2732.828527,-0.4084400000001551,-0.289115000000038,-0.34877750000009655
2023-04-11 06:45:00,2733.117642,2732.712431,2732.831574,-0.4052110000002358,-0.28606800000034127,-0.34563950000028854
2023-04-11 08:15:00,2733.118222,2732.71244,2732.835049,-0.4057820000002721,-0.2831730000002608,-0.34447750000026645
2023-04-11 08:30:00,2733.116473,2732.70894,2732.83155,-0.40753300000005765,-0.2849230000001626,-0.3462280000001101
2023-04-11 09:15:00,2733.111804,2732.708074,2732.829085,-0.4037299999999959,-0.28271900000027017,-0.34322450000013305
2023-04-11 09:45:00,2733.108305,2732.707502,2732.831678,-0.40080299999999625,-0.2766270000001896,-0.3387150000000929
2023-04-11 10:15:00,2733.110055,2732.705344,2732.828225,-0.40471100000013394,-0.2818299999998999,-0.3432705000000169
2023-04-11 10:30:00,2733.104806,2732.704273,2732.827771,-0.4005329999999958,-0.27703499999961423,-0.338783999999805
2023-04-11 10:45:00,2733.110055,2732.705754,2732.826475,-0.4043010000000322,-0.2835800000002564,-0.3439405000001443
2023-04-11 12:00:00,2733.114723,2732.708531,2732.8333,-0.40619199999991906,-0.281423000000359,-0.34380750000013904
2023-04-11 12:15:00,2733.112974,2732.700594,2732.828505,-0.412380000000212,-0.28446900000017195,-0.348424500000192
2023-04-11 12:30:00,2733.114723,2732.699113,2732.829801,-0.41561000000001513,-0.2849220000002788,-0.35026600000014696
2023-04-11 12:45:00,2733.116473,2732.697633,2732.829514,-0.41883999999981825,-0.2869590000000244,-0.3528994999999213
2023-04-11 13:00:00,2733.117642,2732.694851,2732.83373,-0.42279099999996106,-0.2839120000003277,-0.35335150000014437
2023-04-11 13:15:00,2733.118802,2732.690641,2732.830094,-0.42816099999981816,-0.2887080000000424,-0.35843449999993027
2023-04-11 13:30:00,2733.120551,2732.68768,2732.83314,-0.43287099999997736,-0.2874109999997927,-0.360140999999885
2023-04-11 14:00:00,2733.12405,2732.687229,2732.829806,-0.43682099999978163,-0.29424399999970774,-0.3655324999997447
2023-04-11 14:15:00,2733.115303,2732.682707,2732.834023,-0.43259600000010323,-0.28128000000015163,-0.35693800000012743
2023-04-11 14:30:00,2733.110635,2732.681536,2732.831102,-0.42909899999995105,-0.2795329999999012,-0.35431599999992613
2023-04-11 14:45:00,2733.113554,2732.679746,2732.829228,-0.43380800000022646,-0.28432599999996455,-0.3590670000000955
2023-04-11 15:00:00,2733.115303,2732.677276,2732.832273,-0.4380270000001474,-0.2830300000000534,-0.3605285000001004
2023-04-11 15:30:00,2733.126389,2732.678305,2732.833174,-0.44808400000010806,-0.29321500000014566,-0.37064950000012686
2023-04-11 16:15:00,2733.129878,2732.681483,2732.835629,-0.44839500000034604,-0.2942490000000362,-0.3713220000001911
2023-04-11 16:30:00,2733.132797,2732.679692,2732.836926,-0.4531050000000505,-0.2958710000002611,-0.3744880000001558
2023-04-11 16:45:00,2733.131048,2732.677532,2732.83388,-0.453516000000036,-0.29716800000005605,-0.375342000000046
2023-04-11 17:00:00,2733.132797,2732.680451,2732.838096,-0.4523460000000341,-0.29470100000025923,-0.37352350000014667
2023-04-11 17:30:00,2733.133967,2732.681441,2732.838676,-0.4525260000000344,-0.29529100000036124,-0.3739085000001978
2023-04-11 18:15:00,2733.132797,2732.68584,2732.837379,-0.4469570000001113,-0.2954180000001543,-0.3711875000001328
2023-04-11 18:30:00,2733.129298,2732.690059,2732.83563,-0.43923899999981586,-0.29366799999979776,-0.3664534999998068
2023-04-11 18:45:00,2733.133967,2732.694458,2732.837683,-0.43950900000027104,-0.2962840000000142,-0.3678965000001426
2023-04-11 19:00:00,2733.135716,2732.695448,2732.836386,-0.4402679999998327,-0.2993299999998271,-0.3697989999998299
2023-04-11 19:15:00,2733.133967,2732.691949,2732.834184,-0.4420180000001892,-0.2997830000003887,-0.37090050000028896
2023-04-11 19:30:00,2733.137465,2732.698408,2732.839846,-0.43905699999959324,-0.29761899999994057,-0.3683379999997669
2023-04-11 20:00:00,2733.137465,2732.70096,2732.836799,-0.43650499999966996,-0.3006659999996373,-0.3685854999996536
2023-04-11 20:15:00,2733.138635,2732.704189,2732.838549,-0.43444599999975253,-0.3000859999997374,-0.36726599999974496
2023-04-11 20:30:00,2733.140384,2732.704868,2732.841595,-0.4355160000000069,-0.29878899999994246,-0.3671524999999747
2023-04-11 22:00:00,2733.140964,2732.709559,2732.840298,-0.43140500000026805,-0.300666000000092,-0.36603550000018004
2023-04-11 23:30:00,2733.139215,2732.71203,2732.839559,-0.4271850000000086,-0.2996560000001409,-0.36342050000007475
2023-04-12 01:30:00,2733.140374,2732.71567,2732.841006,-0.42470400000001973,-0.29936799999995856,-0.36203599999998914
2023-04-12 01:45:00,2733.138625,2732.71392,2732.839256,-0.4247049999999035,-0.29936899999984234,-0.36203699999987293
2023-04-12 02:00:00,2733.139795,2732.718319,2732.842175,-0.4214759999999842,-0.29761999999982436,-0.3595479999999043
2023-04-12 02:30:00,2733.141544,2732.717151,2732.843185,-0.4243930000002365,-0.29835899999989124,-0.36137600000006387
2023-04-12 02:45:00,2733.139795,2732.718632,2732.838389,-0.42116299999997864,-0.3014060000000427,-0.36128450000001067
2023-04-12 03:00:00,2733.139215,2732.720781,2732.841308,-0.4184340000001612,-0.29790700000012293,-0.35817050000014206
2023-04-12 03:30:00,2733.139215,2732.7193,2732.844355,-0.4199149999999463,-0.2948599999999715,-0.3573874999999589
2023-04-12 04:30:00,2733.142714,2732.720771,2732.845515,-0.42194300000028306,-0.2971990000000915,-0.35957100000018727
2023-04-12 04:45:00,2733.137465,2732.715792,2732.841746,-0.4216729999998279,-0.2957189999997354,-0.35869599999978163
2023-04-12 05:00:00,2733.137465,2732.719023,2732.844793,-0.41844199999968623,-0.29267199999958393,-0.3555569999996351
2023-04-12 05:15:00,2733.138635,2732.717952,2732.844665,-0.4206829999998263,-0.2939699999997174,-0.35732649999977184
2023-04-12 05:30:00,2733.142134,2732.7197,2732.847712,-0.4224340000000666,-0.2944220000003952,-0.3584280000002309
2023-04-12 06:15:00,2733.138635,2732.721181,2732.849008,-0.41745399999990696,-0.2896269999996548,-0.3535404999997809
2023-04-12 06:30:00,2733.136886,2732.716203,2732.845961,-0.4206829999998263,-0.29092499999978827,-0.3558039999998073
2023-04-12 07:30:00,2733.135716,2732.718262,2732.846542,-0.41745399999990696,-0.28917399999954796,-0.35331399999972746
2023-04-12 07:45:00,2733.137465,2732.721493,2732.849588,-0.4159719999997833,-0.287876999999753,-0.35192449999976816
2023-04-12 08:00:00,2733.133967,2732.716514,2732.847838,-0.41745300000002317,-0.2861290000000736,-0.35179100000004837
2023-04-12 09:30:00,2733.132807,2732.719295,2732.846678,-0.4135120000000825,-0.2861290000000736,-0.349820500000078
2023-04-12 10:00:00,2733.131058,2732.713605,2732.847974,-0.41745300000002317,-0.28308400000014444,-0.3502685000000838
2023-04-12 10:15:00,2733.132217,2732.714763,2732.849135,-0.41745399999990696,-0.2830819999999221,-0.35026799999991454
2023-04-12 10:30:00,2733.133967,2732.712624,2732.844791,-0.4213430000004337,-0.28917600000022503,-0.35525950000032935
2023-04-12 10:45:00,2733.131058,2732.711464,2732.843633,-0.41959399999996094,-0.2874249999999847,-0.35350949999997283
2023-04-12 11:00:00,2733.132807,2732.712943,2732.845381,-0.4198639999999614,-0.2874259999998685,-0.35364499999991494
2023-04-12 12:15:00,2733.135136,2732.704634,2732.845094,-0.43050199999970573,-0.29004200000008495,-0.36027199999989534
2023-04-12 12:30:00,2733.135716,2732.701715,2732.845221,-0.4340009999996255,-0.29049499999973705,-0.36224799999968127
2023-04-12 12:45:00,2733.135136,2732.703652,2732.846391,-0.43148399999972753,-0.2887449999998353,-0.3601144999997814
2023-04-12 13:30:00,2733.141544,2732.695251,2732.84813,-0.44629299999996874,-0.29341400000021167,-0.3698535000000902
2023-04-12 13:45:00,2733.144463,2732.69023,2732.8493,-0.45423299999993105,-0.29516300000022966,-0.37469800000008036
2023-04-12 14:00:00,2733.145633,2732.6914,2732.849747,-0.45423299999993105,-0.2958859999998822,-0.3750594999999066
2023-04-12 14:15:00,2733.147382,2732.684548,2732.851044,-0.4628339999999298,-0.29633800000010524,-0.3795860000000175
2023-04-12 14:30:00,2733.143883,2732.679838,2732.847997,-0.46404500000016924,-0.29588600000033694,-0.3799655000002531
2023-04-12 14:45:00,2733.146792,2732.676288,2732.849157,-0.4705039999998917,-0.2976349999999002,-0.3840694999998959
2023-04-12 15:00:00,2733.146792,2732.677049,2732.84712,-0.4697430000001077,-0.2996720000001005,-0.3847075000001041
2023-04-12 15:15:00,2733.154959,2732.675569,2732.844504,-0.4793899999999667,-0.31045499999981985,-0.39492249999989326
2023-04-12 15:30:00,2733.154959,2732.674847,2732.850597,-0.4801119999997354,-0.30436199999985547,-0.39223699999979544
2023-04-12 15:45:00,2733.156129,2732.677766,2732.84872,-0.4783630000001722,-0.3074090000000069,-0.39288600000008955
2023-04-12 16:30:00,2733.149711,2732.678304,2732.848451,-0.47140699999999924,-0.30126000000018394,-0.3863335000000916
2023-04-12 16:45:00,2733.147372,2732.673764,2732.84611,-0.47360799999978553,-0.3012619999999515,-0.3874349999998685
2023-04-12 17:00:00,2733.147372,2732.674033,2732.850454,-0.47333900000012363,-0.2969180000000051,-0.3851285000000644
2023-04-12 17:15:00,2733.147372,2732.675783,2732.847861,-0.4715889999997671,-0.2995109999997112,-0.38554999999973916
2023-04-12 17:30:00,2733.150291,2732.676952,2732.849031,-0.47333900000012363,-0.3012599999997292,-0.3872994999999264
2023-04-12 18:00:00,2733.178871,2732.677942,2732.852076,-0.5009290000002693,-0.3267949999999473,-0.4138620000001083
2023-04-12 18:15:00,2733.177702,2732.678022,2732.857731,-0.4996799999998984,-0.31997099999989587,-0.40982549999989715
2023-04-12 18:30:00,2733.180621,2732.685963,2732.86714,-0.4946580000000722,-0.313481000000138,-0.4040695000001051
2023-04-12 18:45:00,2733.178871,2732.680673,2732.871355,-0.4981980000002295,-0.30751599999985046,-0.40285700000004
2023-04-12 19:00:00,2733.177122,2732.684892,2732.874402,-0.49222999999983585,-0.30272000000013577,-0.3974749999999858
2023-04-12 19:15:00,2733.180621,2732.68664,2732.855115,-0.49398100000007616,-0.3255060000001322,-0.4097435000001042
2023-04-12 19:30:00,2733.178871,2732.68458,2732.855403,-0.4942909999999756,-0.32346800000004805,-0.40887950000001183
2023-04-12 19:45:00,2733.170704,2732.6888,2732.853827,-0.4819040000002133,-0.31687700000020413,-0.3993905000002087
2023-04-12 20:00:00,2733.170704,2732.692029,2732.860188,-0.47867500000029395,-0.3105160000000069,-0.3945955000001504
2023-04-12 20:15:00,2733.172453,2732.69526,2732.864984,-0.4771930000001703,-0.3074690000003102,-0.39233100000024024
2023-04-12 20:30:00,2733.168955,2732.69351,2732.867577,-0.4754450000000361,-0.3013780000001134,-0.38841150000007474
2023-04-12 20:45:00,2733.170704,2732.696741,2732.874409,-0.4739629999999124,-0.2962950000001001,-0.38512900000000627
2023-04-12 21:00:00,2733.170704,2732.697729,2732.856872,-0.47297500000013315,-0.313832000000275,-0.3934035000002041
2023-04-12 21:15:00,2733.168955,2732.696739,2732.858168,-0.47221600000011676,-0.3107869999998911,-0.39150150000000394
2023-04-12 21:45:00,2733.167785,2732.695571,2732.857722,-0.47221399999989444,-0.31006299999990006,-0.39113849999989725
2023-04-12 22:00:00,2733.173033,2732.697818,2732.863814,-0.47521499999993466,-0.30921900000021196,-0.3922170000000733
2023-04-12 22:15:00,2733.171294,2732.69666,2732.860349,-0.474634000000151,-0.31094500000017433,-0.39278950000016266
2023-04-12 22:30:00,2733.171294,2732.6988,2732.86469,-0.472494000000097,-0.30660400000033405,-0.38954900000021553
2023-04-12 22:45:00,2733.175372,2732.701139,2732.882124,-0.4742330000003676,-0.29324799999994866,-0.38374050000015814
2023-04-12 23:00:00,2733.173623,2732.6989,2732.858902,-0.47472300000026735,-0.31472100000019054,-0.39472200000022895
2023-04-12 23:15:00,2733.172453,2732.697461,2732.858892,-0.47499199999992925,-0.31356099999993603,-0.39427649999993264
2023-04-12 23:30:00,2733.168955,2732.69773,2732.865843,-0.4712250000002314,-0.30311200000005556,-0.38716850000014347
2023-04-12 23:45:00,2733.168375,2732.69863,2732.860921,-0.46974500000033004,-0.3074540000002344,-0.3885995000002822
2023-04-13 00:00:00,2733.171284,2732.70105,2732.865126,-0.47023399999989124,-0.3061579999998685,-0.38819599999987986
2023-04-13 00:30:00,2733.171284,2732.70037,2732.866154,-0.4709139999999934,-0.3051300000001902,-0.3880220000000918
2023-04-13 00:45:00,2733.173033,2732.701351,2732.869199,-0.47168199999987337,-0.3038339999998243,-0.38775799999984883
2023-04-13 01:00:00,2733.169534,2732.69862,2732.864404,-0.4709139999999934,-0.3051300000001902,-0.3880220000000918
2023-04-13 01:15:00,2733.171284,2732.702832,2732.866152,-0.46845200000007026,-0.30513199999995777,-0.386792000000014
2023-04-13 01:30:00,2733.175952,2732.703019,2732.869073,-0.4729330000000118,-0.3068790000002082,-0.38990600000011
2023-04-13 01:45:00,2733.176532,2732.704271,2732.867776,-0.47226099999988946,-0.308755999999903,-0.39050849999989623
2023-04-13 02:00:00,2733.171284,2732.701082,2732.868619,-0.47020199999997203,-0.30266500000016094,-0.3864335000000665
2023-04-13 02:15:00,2733.170704,2732.699021,2732.866004,-0.4716830000002119,-0.30470000000013897,-0.38819150000017544
2023-04-13 03:00:00,2733.168955,2732.700011,2732.866002,-0.4689440000001923,-0.30295299999988856,-0.38594850000004044
2023-04-13 03:15:00,2733.170704,2732.70226,2732.867162,-0.46844400000009045,-0.3035420000001068,-0.3859930000000986
2023-04-13 03:30:00,2733.170704,2732.70374,2732.864117,-0.4669640000001891,-0.3065870000000359,-0.3867755000001125
2023-04-13 04:00:00,2733.173623,2732.706659,2732.871091,-0.4669640000001891,-0.3025320000001557,-0.3847480000001724
2023-04-13 04:15:00,2733.168375,2732.704141,2732.866295,-0.4642340000000331,-0.30208000000038737,-0.38315700000021025
2023-04-13 04:30:00,2733.171874,2732.706961,2732.869342,-0.4649130000002515,-0.3025320000001557,-0.3837225000002036
2023-04-13 05:00:00,2733.168375,2732.705892,2732.868044,-0.46248300000024756,-0.3003310000003694,-0.38140700000030847
2023-04-13 05:45:00,2733.170124,2732.711181,2732.87284,-0.45894300000009025,-0.29728400000021793,-0.3781135000001541
2023-04-13 06:30:00,2733.170124,2732.709431,2732.866026,-0.460692999999992,-0.30409800000006726,-0.38239550000002964
2023-04-13 06:45:00,2733.171874,2732.70943,2732.874137,-0.46244400000023234,-0.29773700000032477,-0.38009050000027855
2023-04-13 07:15:00,2733.171874,2732.708441,2732.868785,-0.4634329999998954,-0.30308899999999994,-0.38326099999994767
2023-04-13 07:30:00,2733.168375,2732.710642,2732.868331,-0.45773300000018935,-0.3000440000000708,-0.3788885000001301
2023-04-13 08:00:00,2733.174783,2732.713071,2732.874877,-0.4617119999998067,-0.2999059999997371,-0.3808089999997719
2023-04-13 08:15:00,2733.170704,2732.711631,2732.868911,-0.4590729999999894,-0.3017930000000888,-0.3804330000000391
2023-04-13 08:45:00,2733.172453,2732.713651,2732.87241,-0.4588020000001052,-0.300043000000187,-0.3794225000001461
2023-04-13 09:00:00,2733.172453,2732.710152,2732.871956,-0.46230100000002494,-0.30049700000017765,-0.3813990000001013
2023-04-13 09:30:00,2733.168955,2732.713372,2732.866454,-0.45558299999993324,-0.30250100000012026,-0.37904200000002675
2023-04-13 09:45:00,2733.167795,2732.71298,2732.874583,-0.45481500000005326,-0.29321200000003955,-0.3740135000000464
2023-04-13 10:00:00,2733.168955,2732.71486,2732.884881,-0.4540950000000521,-0.28407400000014604,-0.36908450000009907
2023-04-13 10:30:00,2733.174203,2732.709471,2732.869919,-0.46473199999991266,-0.30428399999982503,-0.38450799999986884
2023-04-13 10:45:00,2733.172453,2732.709391,2732.868171,-0.46306200000026365,-0.30428200000005745,-0.38367200000016055
2023-04-13 11:00:00,2733.171874,2732.710291,2732.870635,-0.4615830000002461,-0.3012389999998959,-0.381411000000071
2023-04-13 11:15:00,2733.170124,2732.712041,2732.869339,-0.4580829999999878,-0.30078500000036,-0.3794340000001739
2023-04-13 12:00:00,2733.166625,2732.709114,2732.871662,-0.457510999999613,-0.2949629999998251,-0.37623699999971905
2023-04-13 12:15:00,2733.166625,2732.713022,2732.872833,-0.45360299999993003,-0.29379199999993943,-0.37369749999993473
2023-04-13 12:45:00,2733.166036,2732.713503,2732.877905,-0.4525330000001304,-0.2881310000002486,-0.3703320000001895
2023-04-13 13:00:00,2733.167785,2732.708711,2732.876608,-0.4590739999998732,-0.2911770000000615,-0.37512549999996736
2023-04-13 13:15:00,2733.165456,2732.711361,2732.876028,-0.4540950000000521,-0.28942800000004354,-0.3717615000000478
2023-04-13 13:30:00,2733.170704,2732.710951,2732.877777,-0.45975300000009156,-0.2929269999999633,-0.37634000000002743
2023-04-13 14:00:00,2733.168955,2732.712432,2732.878335,-0.45652300000028845,-0.29062000000021726,-0.37357150000025285
2023-04-13 14:45:00,2733.171874,2732.709481,2732.881254,-0.4623930000002474,-0.29062000000021726,-0.37650650000023234
2023-04-13 15:00:00,2733.171864,2732.707411,2732.87733,-0.46445300000004863,-0.29453400000011243,-0.37949350000008053
2023-04-13 15:15:00,2733.171864,2732.705251,2732.875581,-0.4666130000000521,-0.2962830000001304,-0.38144800000009127
2023-04-13 15:30:00,2733.171864,2732.700542,2732.880664,-0.4713219999998728,-0.29120000000011714,-0.38126099999999497
2023-04-13 15:45:00,2733.173613,2732.700132,2732.883709,-0.4734809999999925,-0.28990399999975125,-0.38169249999987187
2023-04-13 16:00:00,2733.174783,2732.701301,2732.884879,-0.4734819999998763,-0.28990399999975125,-0.38169299999981376
2023-04-13 16:15:00,2733.174783,2732.699552,2732.885889,-0.47523099999989427,-0.28889399999980014,-0.3820624999998472
2023-04-13 17:00:00,2733.176532,2732.696591,2732.887186,-0.47994100000005346,-0.2893460000000232,-0.38464350000003833
2023-04-13 17:45:00,2733.173033,2732.696288,2732.884139,-0.47674499999993714,-0.2888940000002549,-0.382819500000096
2023-04-13 18:00:00,2733.172453,2732.695978,2732.890105,-0.4764749999999367,-0.2823480000001837,-0.3794115000000602
2023-04-13 18:45:00,2733.172453,2732.697458,2732.894446,-0.47499500000003536,-0.2780070000003434,-0.3765010000001894
2023-04-13 19:30:00,2733.174783,2732.698038,2732.898812,-0.47674499999993714,-0.27597100000002683,-0.376357999999982
2023-04-13 19:45:00,2733.174783,2732.700277,2732.89272,-0.4745060000000194,-0.2820630000001074,-0.3782845000000634
2023-04-13 20:00:00,2733.174783,2732.696287,2732.894016,-0.4784959999997227,-0.28076699999974153,-0.3796314999997321
2023-04-13 20:30:00,2733.176532,2732.700009,2732.897802,-0.4765229999998155,-0.2787299999999959,-0.3776264999999057
2023-04-13 21:00:00,2733.174783,2732.700998,2732.89346,-0.47378500000013446,-0.28132300000015675,-0.3775540000001456
2023-04-13 21:15:00,2733.176532,2732.699518,2732.902597,-0.4770140000000538,-0.273935000000165,-0.3754745000001094
2023-04-13 22:00:00,2733.178281,2732.703738,2732.90215,-0.4745429999998123,-0.2761310000000776,-0.37533699999994496
2023-04-13 22:15:00,2733.173613,2732.704538,2732.900131,-0.46907499999997526,-0.2734820000000582,-0.3712785000000167
2023-04-13 22:45:00,2733.177702,2732.707189,2732.901301,-0.47051299999975527,-0.27640100000007806,-0.37345699999991666
2023-04-13 23:00:00,2733.177702,2732.711097,2732.903051,-0.4666050000000723,-0.2746510000001763,-0.3706280000001243
2023-04-13 23:15:00,2733.174783,2732.70916,2732.905195,-0.4656230000000505,-0.2695880000001125,-0.3676055000000815
2023-04-13 23:30:00,2733.175952,2732.707868,2732.906366,-0.4680840000000899,-0.2695859999998902,-0.36883499999999003
2023-04-14 00:00:00,2733.173033,2732.71006,2732.904617,-0.4629730000001473,-0.2684159999998883,-0.3656945000000178
2023-04-14 00:30:00,2733.174783,2732.711401,2732.908114,-0.4633819999999105,-0.26666900000009264,-0.36502550000000156
2023-04-14 00:45:00,2733.172453,2732.710821,2732.908562,-0.4616320000000087,-0.26389100000005783,-0.36276150000003327
2023-04-14 01:00:00,2733.174203,2732.713022,2732.906813,-0.4611810000001242,-0.2673899999999776,-0.3642855000000509
2023-04-14 01:30:00,2733.172453,2732.71576,2732.909858,-0.4566930000000866,-0.2625950000001467,-0.35964400000011665
2023-04-14 01:45:00,2733.175952,2732.71724,2732.910581,-0.45871200000010504,-0.26537099999995917,-0.3620415000000321
2023-04-14 02:00:00,2733.172453,2732.712261,2732.908831,-0.4601920000000064,-0.2636219999999412,-0.3619069999999738
2023-04-14 02:15:00,2733.167785,2732.712074,2732.910708,-0.4557110000000648,-0.2570770000002085,-0.35639400000013666
2023-04-14 02:30:00,2733.170704,2732.709032,2732.911878,-0.4616719999999077,-0.2588260000002265,-0.3602490000000671
2023-04-14 02:45:00,2733.172453,2732.713242,2732.911609,-0.4592110000003231,-0.2608439999999064,-0.36002750000011474
2023-04-14 03:30:00,2733.172453,2732.715491,2732.91797,-0.45696200000020326,-0.2544830000001639,-0.3557225000001836
2023-04-14 03:45:00,2733.170704,2732.713741,2732.914202,-0.45696300000008705,-0.2565020000001823,-0.3567325000001347
2023-04-14 04:00:00,2733.172453,2732.719024,2732.916674,-0.45342900000014197,-0.25577900000007503,-0.3546040000001085
2023-04-14 04:15:00,2733.168955,2732.721494,2732.913627,-0.44746100000020306,-0.2553280000001905,-0.3513945000001968
2023-04-14 04:30:00,2733.168955,2732.718754,2732.914923,-0.45020100000010643,-0.25403200000027937,-0.3521165000001929
2023-04-14 05:00:00,2733.174203,2732.722253,2732.917126,-0.4519500000001244,-0.2570770000002085,-0.35451350000016646
2023-04-14 06:00:00,2733.174203,2732.717273,2732.916672,-0.4569299999998293,-0.25753100000019913,-0.3572305000000142
2023-04-14 06:45:00,2733.174203,2732.717685,2732.923504,-0.45651799999996,-0.25069900000016787,-0.35360850000006394
2023-04-14 07:15:00,2733.169534,2732.719745,2732.921037,-0.44978900000023714,-0.24849700000004304,-0.3491430000001401
2023-04-14 07:30:00,2733.167785,2732.716514,2732.918548,-0.45127099999990605,-0.2492369999999937,-0.3502539999999499
2023-04-14 08:00:00,2733.171284,2732.715034,2732.922334,-0.4562500000001819,-0.24895000000014988,-0.3526000000001659
2023-04-14 08:15:00,2733.170114,2732.715346,2732.918118,-0.45476800000005824,-0.2519959999999628,-0.3533820000000105
2023-04-14 08:30:00,2733.173613,2732.720735,2732.923653,-0.4528780000000552,-0.249960000000101,-0.3514190000000781
2023-04-14 08:45:00,2733.173613,2732.718273,2732.921617,-0.4553399999999783,-0.2519959999999628,-0.35366799999997056
2023-04-14 09:00:00,2733.170114,2732.722983,2732.922914,-0.44713099999989936,-0.24719999999979336,-0.34716549999984636
2023-04-14 09:15:00,2733.167205,2732.721054,2732.920744,-0.4461510000000999,-0.24646100000018123,-0.34630600000014056
2023-04-14 09:45:00,2733.173033,2732.721234,2732.924949,-0.4517989999999372,-0.24808399999983521,-0.3499414999998862
2023-04-14 10:00:00,2733.171284,2732.722215,2732.926969,-0.449069000000236,-0.24431499999991502,-0.3466920000000755
2023-04-14 10:15:00,2733.167205,2732.717155,2732.917825,-0.450050000000374,-0.2493800000002011,-0.34971500000028755
2023-04-14 11:00:00,2733.167205,2732.721554,2732.923789,-0.445650999999998,-0.2434160000002521,-0.34453350000012506
2023-04-14 11:15:00,2733.168375,2732.721556,2732.925808,-0.44681900000023234,-0.24256700000023557,-0.34469300000023395
2023-04-14 11:30:00,2733.168955,2732.723305,2732.928585,-0.44565000000011423,-0.24036999999998443,-0.34301000000004933
2023-04-14 11:45:00,2733.167205,2732.720386,2732.926818,-0.44681900000023234,-0.24038700000028257,-0.34360300000025745
2023-04-14 12:00:00,2733.167205,2732.721367,2732.922619,-0.4458380000000943,-0.244586000000254,-0.34521200000017416
2023-04-14 12:15:00,2733.163706,2732.720786,2732.922761,-0.44291999999995824,-0.24094500000001062,-0.34193249999998443
2023-04-14 12:30:00,2733.167205,2732.722537,2732.924241,-0.44466800000009243,-0.24296400000002905,-0.34381600000006074
2023-04-14 13:15:00,2733.165456,2732.717558,2732.925086,-0.4478980000003503,-0.24036999999998443,-0.34413400000016736
2023-04-14 13:45:00,2733.163706,2732.720787,2732.925538,-0.4429189999996197,-0.2381679999998596,-0.34054349999973965
2023-04-14 14:00:00,2733.166615,2732.716558,2732.924948,-0.45005700000001525,-0.2416670000002341,-0.3458620000001247
2023-04-14 14:15:00,2733.164866,2732.720779,2732.926698,-0.444086999999854,-0.2381679999998596,-0.3411274999998568
2023-04-14 14:45:00,2733.163117,2732.715799,2732.922912,-0.44731799999999566,-0.24020500000005995,-0.3437615000000278
2023-04-14 15:00:00,2733.163117,2732.720018,2732.925958,-0.44309900000007474,-0.23715900000024703,-0.3401290000001609
2023-04-14 15:30:00,2733.163117,2732.71786,2732.93104,-0.4452569999998559,-0.23207700000011755,-0.33866699999998673
2023-04-14 15:45:00,2733.163117,2732.718351,2732.929291,-0.4447660000000724,-0.23382600000013554,-0.33929600000010396
2023-04-14 17:30:00,2733.175372,2732.722269,2732.931485,-0.4531030000002829,-0.24388700000008612,-0.3484950000001845
2023-04-14 18:00:00,2733.180621,2732.720521,2732.928439,-0.4600999999997839,-0.2521820000001753,-0.3561409999999796
2023-04-14 18:30:00,2733.18237,2732.724739,2732.932781,-0.45763099999976475,-0.2495890000000145,-0.3536099999998896
2023-04-14 18:45:00,2733.18179,2732.722271,2732.933235,-0.45951900000000023,-0.24855500000012398,-0.3540370000000621
2023-04-14 19:00:00,2733.1812,2732.718681,2732.932479,-0.46251900000015667,-0.24872099999993225,-0.35562000000004446
2023-04-14 19:15:00,2733.179451,2732.720429,2732.936265,-0.4590220000000045,-0.24318600000015067,-0.3511040000000776
2023-04-14 19:30:00,2733.180621,2732.72187,2732.937887,-0.45875100000012026,-0.24273399999992762,-0.35074250000002394
2023-04-14 19:45:00,2733.18237,2732.722581,2732.936137,-0.45978900000000067,-0.24623299999984738,-0.353010999999924
2023-04-14 20:00:00,2733.18295,2732.722571,2732.938013,-0.4603790000001027,-0.24493699999993623,-0.35265800000001946
2023-04-14 20:15:00,2733.18295,2732.723331,2732.938467,-0.45961899999974776,-0.2444829999999456,-0.3520509999998467
2023-04-14 20:30:00,2733.184109,2732.721581,2732.93367,-0.46252800000002026,-0.2504389999999148,-0.35648349999996753
2023-04-14 20:45:00,2733.18179,2732.721412,2732.935557,-0.4603780000002189,-0.24623300000030213,-0.3533055000002605
2023-04-14 21:00:00,2733.18295,2732.726882,2732.93628,-0.4560679999999593,-0.24666999999999462,-0.35136899999997695
2023-04-14 21:45:00,2733.176532,2732.718943,2732.93585,-0.45758900000009817,-0.2406820000001062,-0.3491355000001022
2023-04-14 22:00:00,2733.178281,2732.722672,2732.941942,-0.45560900000009497,-0.2363390000000436,-0.3459740000000693
2023-04-14 22:15:00,2733.177112,2732.721502,2732.939475,-0.45560999999997875,-0.23763699999972232,-0.34662349999985054
2023-04-14 23:15:00,2733.177112,2732.724643,2732.93643,-0.45246899999983725,-0.24068199999965145,-0.34657549999974435
2023-04-14 23:30:00,2733.175362,2732.726123,2732.935976,-0.44923900000003414,-0.2393859999997403,-0.3443124999998872
2023-04-15 00:30:00,2733.175362,2732.722894,2732.941948,-0.45246799999995346,-0.2334139999998115,-0.3429409999998825
2023-04-15 01:15:00,2733.174203,2732.724963,2732.939493,-0.4492399999999179,-0.2347100000001774,-0.34197500000004766
2023-04-15 01:30:00,2733.175952,2732.725463,2732.940352,-0.45048899999983405,-0.23559999999997672,-0.3430444999999054
2023-04-15 01:45:00,2733.177112,2732.724732,2732.942402,-0.4523799999997209,-0.23470999999972264,-0.34354499999972177
2023-04-15 02:00:00,2733.175952,2732.723572,2732.9421,-0.45238000000017564,-0.23385199999984252,-0.3431160000000091
2023-04-15 02:45:00,2733.172453,2732.723713,2732.940789,-0.4487400000002708,-0.23166399999990972,-0.34020200000009027
2023-04-15 03:00:00,2733.168955,2732.723983,2732.942538,-0.4449720000002344,-0.2264170000003105,-0.33569450000027246
2023-04-15 03:15:00,2733.166036,2732.722813,2732.940342,-0.4432230000002164,-0.22569400000020323,-0.3344585000002098
2023-04-15 03:30:00,2733.169534,2732.723474,2732.945136,-0.44606000000021595,-0.22439800000029209,-0.335229000000254
2023-04-15 03:45:00,2733.167785,2732.721724,2732.943387,-0.44606100000009974,-0.22439800000029209,-0.3352295000001959
2023-04-15 04:00:00,2733.167785,2732.720734,2732.94209,-0.44705100000010134,-0.22569500000008702,-0.3363730000000942
2023-04-15 04:15:00,2733.164866,2732.721314,2732.942671,-0.4435520000001816,-0.22219500000028347,-0.3328735000002325
2023-04-15 04:30:00,2733.166615,2732.722795,2732.947754,-0.4438199999999597,-0.2188610000002882,-0.33134050000012394
2023-04-15 04:45:00,2733.164866,2732.721805,2732.94341,-0.4430609999999433,-0.2214560000002166,-0.33225850000007995
2023-04-15 05:00:00,2733.166615,2732.723965,2732.941661,-0.4426499999999578,-0.22495400000025256,-0.3338020000001052
2023-04-15 05:15:00,2733.166615,2732.727194,2732.948206,-0.4394210000000385,-0.21840900000006513,-0.3289150000000518
2023-04-15 05:30:00,2733.163706,2732.725356,2732.94225,-0.4383499999999003,-0.22145599999976184,-0.3299029999998311
2023-04-15 05:45:00,2733.163706,2732.724555,2732.946037,-0.43915100000003804,-0.21766899999965972,-0.3284099999998489
2023-04-15 06:00:00,2733.162537,2732.724865,2732.94182,-0.4376720000000205,-0.2207170000001497,-0.3291945000000851
2023-04-15 06:15:00,2733.160787,2732.723117,2732.944867,-0.43766999999979816,-0.21591999999964173,-0.32679499999971995
2023-04-15 06:45:00,2733.160787,2732.722445,2732.942669,-0.4383419999999205,-0.21811799999977666,-0.3282299999998486
2023-04-15 07:15:00,2733.159628,2732.724516,2732.940644,-0.43511199999966266,-0.21898400000009133,-0.327047999999877
2023-04-15 07:30:00,2733.154959,2732.719536,2732.937723,-0.43542299999990064,-0.21723599999995713,-0.3263294999999289
2023-04-15 07:45:00,2733.158458,2732.721287,2732.940214,-0.43717100000003484,-0.2182439999996859,-0.3277074999998604
2023-04-15 08:00:00,2733.154959,2732.720297,2732.937167,-0.4346620000001167,-0.2177919999999176,-0.32622700000001714
2023-04-15 08:15:00,2733.157289,2732.722356,2732.944126,-0.4349330000000009,-0.2131630000003497,-0.3240480000001753
2023-04-15 08:30:00,2733.15379,2732.718145,2732.941079,-0.43564500000002226,-0.2127109999996719,-0.3241779999998471
2023-04-15 09:00:00,2733.1538,2732.722768,2732.94167,-0.4310319999999592,-0.21212999999988824,-0.32158099999992373
2023-04-15 09:30:00,2733.1538,2732.725997,2732.940373,-0.4278030000000399,-0.21342700000013792,-0.3206150000000889
2023-04-15 09:45:00,2733.149131,2732.721597,2732.938751,-0.42753399999992325,-0.21037999999998647,-0.31895699999995486
2023-04-15 10:00:00,2733.149711,2732.718679,2732.93785,-0.4310319999999592,-0.21186100000022634,-0.3214465000000928
2023-04-15 10:45:00,2733.145053,2732.718009,2732.938726,-0.4270440000000235,-0.20632700000032855,-0.31668550000017603
2023-04-15 11:00:00,2733.148552,2732.71546,2732.93743,-0.4330920000002152,-0.21112200000015946,-0.3221070000001873
2023-04-15 11:15:00,2733.147382,2732.716529,2732.93801,-0.43085300000029747,-0.20937200000025769,-0.3201125000002776
2023-04-15 11:45:00,2733.145633,2732.712539,2732.934224,-0.43309399999998277,-0.2114090000000033,-0.32225149999999303
2023-04-15 12:00:00,2733.157289,2732.711551,2732.936261,-0.4457380000003468,-0.2210280000003877,-0.33338300000036725
2023-04-15 13:00:00,2733.160787,2732.71429,2732.937,-0.44649699999990844,-0.22378699999990204,-0.33514199999990524
2023-04-15 13:15:00,2733.166036,2732.718181,2732.940499,-0.4478549999998904,-0.22553700000025856,-0.3366960000000745
2023-04-15 13:30:00,2733.162537,2732.712212,2732.938297,-0.4503250000002481,-0.22424000000000888,-0.3372825000001285
2023-04-15 14:00:00,2733.164286,2732.712221,2732.939887,-0.45206499999994776,-0.22439900000017587,-0.3382320000000618
2023-04-15 14:15:00,2733.167785,2732.715361,2732.940625,-0.45242400000006455,-0.22715999999991254,-0.33979199999998855
2023-04-15 14:30:00,2733.164286,2732.711863,2732.93583,-0.45242300000018076,-0.22845600000027844,-0.3404395000002296
2023-04-15 14:45:00,2733.166625,2732.712453,2732.940763,-0.454171999999744,-0.22586199999977907,-0.34001699999976154
2023-04-15 15:00:00,2733.159038,2732.714111,2732.941055,-0.44492700000000696,-0.2179830000000038,-0.3314550000000054
2023-04-15 15:15:00,2733.186449,2732.714702,2732.939897,-0.4717469999995956,-0.24655199999961042,-0.359149499999603
2023-04-15 15:30:00,2733.188198,2732.717932,2732.938869,-0.47026599999981045,-0.24932899999976144,-0.35979749999978594
2023-04-15 15:45:00,2733.163127,2732.709992,2732.943665,-0.4531349999997474,-0.21946200000002136,-0.33629849999988437
2023-04-15 16:00:00,2733.163127,2732.687638,2732.954085,-0.475488999999925,-0.209041999999954,-0.3422654999999395
2023-04-15 16:15:00,2733.161377,2732.701391,2732.955846,-0.45998599999984435,-0.20553100000006452,-0.33275849999995444
2023-04-15 16:30:00,2733.157878,2732.705717,2732.945017,-0.45216100000016013,-0.21286099999997532,-0.3325110000000677
2023-04-15 16:45:00,2733.157878,2732.705986,2732.948354,-0.4518920000000435,-0.20952399999987392,-0.3307079999999587
2023-04-15 17:00:00,2733.161377,2732.707466,2732.943726,-0.4539110000000619,-0.21765099999993254,-0.3357809999999972
2023-04-15 17:15:00,2733.160208,2732.703173,2732.942844,-0.45703499999990527,-0.21736399999963396,-0.3371994999997696
2023-04-15 17:30:00,2733.160208,2732.702673,2732.94589,-0.45753500000000713,-0.21431799999982104,-0.3359264999999141
2023-04-15 18:00:00,2733.156709,2732.707474,2732.94488,-0.44923500000004424,-0.21182899999985239,-0.3305319999999483
2023-04-15 18:15:00,2733.160208,2732.705994,2732.946631,-0.45421399999986534,-0.21357699999998658,-0.33389549999992596
2023-04-15 18:45:00,2733.156709,2732.709984,2732.948379,-0.44672499999978754,-0.20832999999993262,-0.3275274999998601
2023-04-15 19:15:00,2733.161377,2732.708094,2732.948833,-0.45328299999982846,-0.21254399999997986,-0.33291349999990416
2023-04-15 19:30:00,2733.156709,2732.705354,2732.947083,-0.451354999999694,-0.20962599999984377,-0.33049049999976887
2023-04-15 20:00:00,2733.156709,2732.705765,2732.945786,-0.45094399999970847,-0.2109229999996387,-0.3309334999996736
2023-04-15 20:15:00,2733.15204,2732.708813,2732.946635,-0.44322699999975157,-0.20540500000015527,-0.3243159999999534
2023-04-15 20:30:00,2733.15263,2732.713125,2732.949262,-0.4395049999998264,-0.20336799999995492,-0.32143649999989066
2023-04-15 20:45:00,2733.157299,2732.709896,2732.9497,-0.4474030000001221,-0.20759899999984555,-0.32750099999998383
2023-04-15 21:00:00,2733.157878,2732.714505,2732.94927,-0.4433730000000651,-0.20860799999991286,-0.32599049999998897
2023-04-15 21:15:00,2733.159048,2732.712715,2732.952189,-0.44633299999986775,-0.20685899999989488,-0.3265959999998813
2023-04-15 21:30:00,2733.15438,2732.712044,2732.952315,-0.44233600000006845,-0.20206499999994776,-0.3222005000000081
2023-04-15 21:45:00,2733.15263,2732.710295,2732.94752,-0.44233500000018466,-0.2051099999998769,-0.3237225000000308
2023-04-15 22:00:00,2733.15321,2732.715585,2732.947813,-0.43762500000002547,-0.20539699999972072,-0.3215109999998731
2023-04-15 22:30:00,2733.154959,2732.716264,2732.946517,-0.4386949999998251,-0.2084420000001046,-0.32356849999996484
2023-04-15 22:45:00,2733.1538,2732.715106,2732.948688,-0.4386939999999413,-0.20511200000009921,-0.32190300000002026
2023-04-15 23:00:00,2733.15437,2732.715274,2732.948552,-0.4390960000000632,-0.2058180000003631,-0.32245700000021316
2023-04-15 23:45:00,2733.15321,2732.715006,2732.949848,-0.43820400000004156,-0.2033619999997427,-0.3207829999998921
2023-04-16 00:00:00,2733.156709,2732.715854,2732.9503,-0.4408549999998286,-0.20640899999989415,-0.32363199999986136
2023-04-16 00:30:00,2733.157868,2732.714374,2732.952051,-0.4434939999996459,-0.20581699999956982,-0.32465549999960785
2023-04-16 01:00:00,2733.15263,2732.718505,2732.951471,-0.4341250000002219,-0.20115900000018883,-0.31764200000020537
2023-04-16 01:15:00,2733.15321,2732.717335,2732.95232,-0.4358750000001237,-0.20089000000007218,-0.31838250000009793
2023-04-16 01:45:00,2733.15263,2732.715766,2732.94972,-0.4368640000002415,-0.2029099999999744,-0.31988700000010795
2023-04-16 02:30:00,2733.149131,2732.713535,2732.9519,-0.43559600000025966,-0.19723100000010163,-0.31641350000018065
2023-04-16 02:45:00,2733.149131,2732.717756,2732.953197,-0.4313750000001164,-0.1959340000003067,-0.31365450000021156
2023-04-16 03:00:00,2733.15204,2732.718914,2732.953059,-0.433125999999902,-0.1989810000000034,-0.3160534999999527
2023-04-16 03:30:00,2733.150881,2732.716766,2732.954945,-0.4341150000000198,-0.19593600000007427,-0.31502550000004703
2023-04-16 03:45:00,2733.150881,2732.715596,2732.95116,-0.4352850000000217,-0.19972099999995407,-0.3175029999999879
2023-04-16 04:00:00,2733.149131,2732.716005,2732.946816,-0.433125999999902,-0.2023149999999987,-0.31772049999995033
2023-04-16 04:15:00,2733.149131,2732.716315,2732.946944,-0.43281600000000253,-0.20218700000032186,-0.3175015000001622
2023-04-16 04:45:00,2733.150301,2732.717485,2732.94914,-0.43281600000000253,-0.2011609999999564,-0.31698849999997947
2023-04-16 05:15:00,2733.149131,2732.714256,2732.947103,-0.43487499999991996,-0.20202800000015486,-0.3184515000000374
2023-04-16 06:00:00,2733.150881,2732.719235,2732.953649,-0.43164600000000064,-0.19723199999998542,-0.31443899999999303
2023-04-16 06:15:00,2733.150881,2732.717075,2732.954515,-0.43380600000000413,-0.1963660000001255,-0.3150860000000648
2023-04-16 06:30:00,2733.15205,2732.715015,2732.952639,-0.43703499999992346,-0.19941100000005463,-0.31822299999998904
2023-04-16 06:45:00,2733.149131,2732.715325,2732.948421,-0.43380600000000413,-0.2007100000000719,-0.317258000000038
2023-04-16 07:15:00,2733.147382,2732.713576,2732.947229,-0.43380600000000413,-0.20015300000022762,-0.3169795000001159
2023-04-16 07:30:00,2733.146212,2732.712406,2732.949846,-0.43380600000000413,-0.1963660000001255,-0.3150860000000648
2023-04-16 07:45:00,2733.146212,2732.712086,2732.952892,-0.4341260000001057,-0.19332000000031258,-0.31372300000020914
2023-04-16 08:15:00,2733.145053,2732.712676,2732.948686,-0.4323770000000877,-0.19636700000000928,-0.3143720000000485
2023-04-16 08:45:00,2733.146802,2732.714156,2732.947389,-0.43264600000020437,-0.19941300000027695,-0.31602950000024066
2023-04-16 09:00:00,2733.141554,2732.710657,2732.942593,-0.43089699999973163,-0.19896099999959915,-0.3149289999996654
2023-04-16 09:15:00,2733.140384,2732.709487,2732.943443,-0.43089699999973163,-0.19694099999969694,-0.3139189999997143
2023-04-16 09:30:00,2733.142134,2732.711647,2732.942147,-0.43048700000008466,-0.1999869999999646,-0.31523700000002464
2023-04-16 10:00:00,2733.138635,2732.70872,2732.940396,-0.42991499999970983,-0.1982389999998304,-0.3140769999997701
2023-04-16 10:30:00,2733.135136,2732.706969,2732.941692,-0.4281670000000304,-0.1934439999999995,-0.31080550000001494
2023-04-16 10:45:00,2733.136886,2732.708718,2732.938647,-0.4281679999999142,-0.1982389999998304,-0.3132034999998723
2023-04-16 12:15:00,2733.136886,2732.708138,2732.94214,-0.42874799999981406,-0.19474599999966813,-0.3117469999997411
2023-04-16 12:30:00,2733.135136,2732.709888,2732.940103,-0.4252480000000105,-0.1950329999999667,-0.3101404999999886
2023-04-16 13:00:00,2733.135136,2732.702448,2732.94039,-0.43268799999987095,-0.19474599999966813,-0.31371699999976954
2023-04-16 13:15:00,2733.138045,2732.707818,2732.941263,-0.43022700000028635,-0.1967819999999847,-0.3135045000001355
2023-04-16 13:30:00,2733.138045,2732.706669,2732.938216,-0.4313760000000002,-0.19982900000013615,-0.3156025000000682
2023-04-16 14:00:00,2733.136296,2732.70128,2732.937764,-0.43501599999990503,-0.1985320000003412,-0.3167740000001231
2023-04-16 14:15:00,2733.142714,2732.704467,2732.942432,-0.4382470000000467,-0.200282000000243,-0.31926450000014484
2023-04-16 14:45:00,2733.142714,2732.699489,2732.939386,-0.443224999999984,-0.2033280000000559,-0.32327650000001995
2023-04-16 15:00:00,2733.144463,2732.70097,2732.940683,-0.44349300000021685,-0.20378000000027896,-0.3236365000002479
2023-04-16 15:15:00,2733.147382,2732.70066,2732.938519,-0.4467220000001362,-0.20886300000029223,-0.3277925000002142
2023-04-16 15:30:00,2733.145633,2732.703889,2732.939545,-0.44174400000019887,-0.2060879999999088,-0.3239160000000538
2023-04-16 15:45:00,2733.145633,2732.698419,2732.939093,-0.44721400000025824,-0.20654000000013184,-0.32687700000019504
2023-04-16 16:00:00,2733.147382,2732.69918,2732.937796,-0.4482020000000375,-0.20958599999994476,-0.32889399999999114
2023-04-16 16:15:00,2733.148542,2732.697109,2732.938956,-0.4514329999997244,-0.20958599999994476,-0.3305094999998346
2023-04-16 16:45:00,2733.15204,2732.697689,2732.939814,-0.4543509999998605,-0.2122260000001006,-0.33328849999998056
2023-04-16 17:00:00,2733.15321,2732.69563,2732.940984,-0.45757999999977983,-0.2122260000001006,-0.3349029999999402
2023-04-16 17:15:00,2733.151461,2732.693489,2732.937199,-0.4579719999996996,-0.21426199999996243,-0.336116999999831
2023-04-16 18:45:00,2733.156129,2732.696409,2732.940117,-0.4597199999998338,-0.2160119999998642,-0.337865999999849
2023-04-16 19:00:00,2733.156129,2732.69816,2732.941866,-0.45796900000004825,-0.21426299999984622,-0.33611599999994723
2023-04-16 19:15:00,2733.156129,2732.694661,2732.941414,-0.461467999999968,-0.21471500000006927,-0.33809150000001864
2023-04-16 19:30:00,2733.15438,2732.696411,2732.943163,-0.45796900000004825,-0.2112170000000333,-0.3345930000000408
2023-04-16 19:45:00,2733.157878,2732.698553,2732.9452,-0.4593249999998079,-0.21267799999986892,-0.3360014999998384
2023-04-16 20:00:00,2733.155539,2732.703923,2732.942286,-0.4516159999998308,-0.2132529999998951,-0.33243449999986296
2023-04-16 20:30:00,2733.159038,2732.705404,2732.944323,-0.45363399999996545,-0.21471499999961452,-0.33417449999979
2023-04-16 20:45:00,2733.156129,2732.705994,2732.943163,-0.4501350000000457,-0.21296600000005128,-0.3315505000000485
2023-04-16 21:15:00,2733.156129,2732.703854,2732.943903,-0.4522750000000997,-0.2122260000001006,-0.33225050000010015
2023-04-16 21:30:00,2733.157878,2732.704353,2732.946949,-0.4535249999998996,-0.21092899999985093,-0.33222699999987526
2023-04-16 22:15:00,2733.159038,2732.706494,2732.946072,-0.4525439999997616,-0.21296599999959653,-0.33275499999967906
2023-04-16 22:30:00,2733.155539,2732.705014,2732.944775,-0.45052499999974316,-0.21076399999992645,-0.3306444999998348
2023-04-16 23:30:00,2733.155539,2732.703263,2732.943454,-0.45227599999998347,-0.2120849999996608,-0.33218049999982213
2023-04-17 00:15:00,2733.155539,2732.705423,2732.947798,-0.45011599999998,-0.2077409999997144,-0.3289284999998472
2023-04-17 00:30:00,2733.154959,2732.707583,2732.945921,-0.4473760000000766,-0.20903799999996409,-0.32820700000002034
2023-04-17 00:45:00,2733.15321,2732.709063,2732.947957,-0.4441470000001573,-0.20525300000008428,-0.3247000000001208
2023-04-17 01:15:00,2733.154959,2732.710812,2732.944624,-0.4441470000001573,-0.21033499999975902,-0.32724099999995815
2023-04-17 01:30:00,2733.1538,2732.710133,2732.946947,-0.4436670000000049,-0.2068530000001374,-0.32526000000007116
2023-04-17 01:45:00,2733.154959,2732.713042,2732.946811,-0.44191700000010314,-0.20814800000016476,-0.32503250000013395
2023-04-17 02:00:00,2733.15321,2732.709044,2732.948107,-0.44416599999976825,-0.20510299999978088,-0.32463449999977456
2023-04-17 02:15:00,2733.15321,2732.707293,2732.944322,-0.44591700000000856,-0.20888800000011543,-0.327402500000062
2023-04-17 02:30:00,2733.156129,2732.710214,2732.94623,-0.44591499999978623,-0.20989899999995032,-0.3279069999998683
2023-04-17 02:45:00,2733.156129,2732.707563,2732.950574,-0.448566000000028,-0.20555500000000393,-0.32706050000001596
2023-04-17 03:00:00,2733.156129,2732.714433,2732.94724,-0.4416959999998653,-0.20888899999999921,-0.32529249999993226
2023-04-17 03:45:00,2733.155549,2732.713443,2732.946786,-0.442105999999967,-0.20876300000008996,-0.3254345000000285
2023-04-17 04:00:00,2733.15263,2732.708283,2732.945618,-0.4443470000001071,-0.20701199999984965,-0.32567949999997836
2023-04-17 04:15:00,2733.155549,2732.711203,2732.948537,-0.4443460000002233,-0.20701199999984965,-0.32567900000003647
2023-04-17 05:00:00,2733.155549,2732.712684,2732.949275,-0.4428649999999834,-0.2062740000001213,-0.32456950000005236
2023-04-17 05:30:00,2733.154959,2732.710221,2732.947389,-0.4447380000001431,-0.20757000000003245,-0.32615400000008776
2023-04-17 05:45:00,2733.15438,2732.711523,2732.944193,-0.4428570000000036,-0.21018700000013268,-0.32652200000006815
2023-04-17 06:00:00,2733.15379,2732.709453,2732.945353,-0.44433699999990495,-0.20843699999977616,-0.32638699999984055
2023-04-17 06:15:00,2733.15204,2732.708472,2732.942306,-0.4435680000001412,-0.20973400000002584,-0.3266510000000835
2023-04-17 06:30:00,2733.155539,2732.71022,2732.950435,-0.44531899999992675,-0.20510399999966467,-0.3252114999997957
2023-04-17 06:45:00,2733.15379,2732.706991,2732.951732,-0.4467989999998281,-0.20205799999985175,-0.3244284999998399
2023-04-17 07:00:00,2733.15263,2732.709062,2732.947238,-0.4435680000001412,-0.20539199999984703,-0.3244799999999941
2023-04-17 07:15:00,2733.150881,2732.708792,2732.942872,-0.44208900000012363,-0.20800899999994726,-0.32504900000003545
2023-04-17 07:45:00,2733.147962,2732.709103,2732.944749,-0.4388589999998658,-0.20321300000023257,-0.32103600000004917
2023-04-17 08:15:00,2733.146212,2732.705873,2732.948082,-0.44033900000022186,-0.1981300000002193,-0.3192345000002206
2023-04-17 08:30:00,2733.149711,2732.709762,2732.949831,-0.43994900000006965,-0.19988000000012107,-0.31991450000009536
2023-04-17 09:00:00,2733.149711,2732.705363,2732.944732,-0.44434799999999086,-0.20497900000009395,-0.3246635000000424
2023-04-17 09:15:00,2733.147962,2732.704703,2732.941687,-0.4432590000001255,-0.2062750000000051,-0.3247670000000653
2023-04-17 09:45:00,2733.145043,2732.701474,2732.94183,-0.44356900000002497,-0.20321299999977782,-0.3233909999999014
2023-04-17 10:15:00,2733.146212,2732.704122,2732.936906,-0.4420900000000074,-0.20930600000019695,-0.3256980000001022
2023-04-17 11:15:00,2733.142714,2732.697663,2732.940366,-0.44505100000014863,-0.20234800000025643,-0.32369950000020253
2023-04-17 11:30:00,2733.144463,2732.701874,2732.936024,-0.4425890000002255,-0.2084389999999985,-0.325514000000112
2023-04-17 11:45:00,2733.145633,2732.703812,2732.937647,-0.4418209999998908,-0.20798599999989165,-0.3249034999998912
2023-04-17 12:00:00,2733.145633,2732.700885,2732.933878,-0.44474799999989045,-0.2117550000002666,-0.3282515000000785
2023-04-17 12:15:00,2733.147382,2732.702633,2732.941988,-0.444749000000229,-0.20539400000006935,-0.32507150000014917
2023-04-17 12:30:00,2733.150291,2732.704783,2732.941129,-0.4455079999997906,-0.20916200000010576,-0.3273349999999482
2023-04-17 12:45:00,2733.146792,2732.703033,2732.93938,-0.4437590000002274,-0.207412000000204,-0.3255855000002157
2023-04-17 13:00:00,2733.151461,2732.702724,2732.939252,-0.44873699999970995,-0.21220899999980247,-0.3304729999997562
2023-04-17 13:15:00,2733.151461,2732.700564,2732.937503,-0.45089699999971344,-0.21395799999982046,-0.33242749999976695
2023-04-17 13:30:00,2733.15321,2732.697335,2732.935014,-0.4558750000001055,-0.2181959999998071,-0.3370354999999563
2023-04-17 13:45:00,2733.15321,2732.692625,2732.933718,-0.46058499999980995,-0.21949199999971825,-0.3400384999997641
2023-04-17 14:00:00,2733.154959,2732.697605,2732.935466,-0.45735400000012305,-0.21949300000005678,-0.3384235000000899
2023-04-17 14:15:00,2733.163127,2732.692583,2732.940978,-0.4705439999997907,-0.2221489999997175,-0.3463464999997541
2023-04-17 14:30:00,2733.164876,2732.694332,2732.942729,-0.4705439999997907,-0.2221469999999499,-0.3463454999998703
2023-04-17 14:45:00,2733.166036,2732.687652,2732.940101,-0.47838400000000547,-0.22593499999993583,-0.35215949999997065
2023-04-17 15:15:00,2733.169534,2732.690062,2732.935036,-0.479471999999987,-0.2344980000002579,-0.35698500000012245
2023-04-17 15:30:00,2733.171284,2732.688582,2732.938082,-0.48270199999979013,-0.233201999999892,-0.35795199999984106
2023-04-17 15:45:00,2733.172453,2732.687513,2732.934456,-0.4849400000002788,-0.23799700000017765,-0.36146850000022823
2023-04-17 16:00:00,2733.172453,2732.680742,2732.937502,-0.491711000000123,-0.23495099999990998,-0.3633310000000165
2023-04-17 16:15:00,2733.178871,2732.683661,2732.936635,-0.4952100000000428,-0.24223600000004808,-0.36872300000004543
2023-04-17 16:30:00,2733.180621,2732.677782,2732.938369,-0.5028389999997671,-0.24225200000000768,-0.3725454999998874
2023-04-17 17:45:00,2733.185289,2732.686543,2732.936205,-0.4987460000002102,-0.24908400000003894,-0.37391500000012456
2023-04-17 18:00:00,2733.185279,2732.686533,2732.936912,-0.49874599999975544,-0.24836699999968914,-0.3735564999997223
2023-04-17 18:15:00,2733.185279,2732.688013,2732.933866,-0.4972659999998541,-0.2514129999999568,-0.37433949999990546
2023-04-17 19:45:00,2733.188198,2732.689183,2732.938534,-0.4990149999998721,-0.24966399999993882,-0.37433949999990546
2023-04-17 20:30:00,2733.189368,2732.696626,2732.941127,-0.4927419999999074,-0.2482409999997799,-0.37049149999984365
2023-04-17 20:45:00,2733.189368,2732.695554,2732.945923,-0.49381399999992937,-0.24344499999961045,-0.3686294999997699
2023-04-17 21:00:00,2733.188198,2732.694384,2732.939114,-0.49381399999992937,-0.24908400000003894,-0.37144899999998415
2023-04-17 21:30:00,2733.188198,2732.698785,2732.945365,-0.4894129999997858,-0.24283299999979135,-0.3661229999997886
2023-04-17 21:45:00,2733.18353,2732.700846,2732.944196,-0.4826839999996082,-0.2393339999998716,-0.3610089999997399
2023-04-17 22:00:00,2733.185279,2732.699184,2732.942159,-0.48609499999975014,-0.24311999999963518,-0.36460749999969266
2023-04-17 23:00:00,2733.185279,2732.697704,2732.944194,-0.4875749999996515,-0.24108499999965716,-0.3643299999996543
2023-04-17 23:45:00,2733.1812,2732.704564,2732.942031,-0.4766359999998713,-0.23916899999994712,-0.3579024999999092
2023-04-18 00:00:00,2733.1812,2732.697427,2732.943327,-0.4837729999999283,-0.23787300000003597,-0.36082299999998213
2023-04-18 00:15:00,2733.179451,2732.699586,2732.940282,-0.4798649999997906,-0.23916899999994712,-0.35951699999986886
2023-04-18 00:30:00,2733.18295,2732.701335,2732.946374,-0.4816149999996924,-0.2365759999997863,-0.35909549999973933
2023-04-18 00:45:00,2733.176532,2732.699896,2732.939112,-0.4766359999998713,-0.23741999999992913,-0.3570279999999002
2023-04-18 01:00:00,2733.179451,2732.702815,2732.945078,-0.4766359999998713,-0.23437299999977768,-0.3555044999998245
2023-04-18 01:30:00,2733.176532,2732.702366,2732.941705,-0.47416599999996834,-0.2348269999997683,-0.3544964999998683
2023-04-18 01:45:00,2733.178281,2732.699137,2732.936909,-0.47914399999990565,-0.24137199999995573,-0.3602579999999307
2023-04-18 02:15:00,2733.1812,2732.705696,2732.939541,-0.4755040000000008,-0.24165899999979956,-0.3585814999999002
2023-04-18 02:30:00,2733.1812,2732.707445,2732.942586,-0.47375499999998283,-0.23861399999987043,-0.35618449999992663
2023-04-18 02:45:00,2733.177702,2732.706686,2732.941576,-0.47101599999996324,-0.23612599999978556,-0.3535709999998744
2023-04-18 03:00:00,2733.179451,2732.710675,2732.94203,-0.46877600000016173,-0.23742099999981292,-0.3530984999999873
2023-04-18 03:30:00,2733.18237,2732.708925,2732.94145,-0.4734450000000834,-0.24092000000018743,-0.3571825000001354
2023-04-18 03:45:00,2733.178871,2732.707176,2732.938961,-0.4716950000001816,-0.23991000000023632,-0.35580250000020897
2023-04-18 04:15:00,2733.174783,2732.705237,2732.940836,-0.4695459999998093,-0.23394699999971635,-0.3517464999997628
2023-04-18 04:30:00,2733.177702,2732.710405,2732.9397,-0.4672970000001442,-0.23800200000005134,-0.35264950000009776
2023-04-18 04:45:00,2733.18237,2732.713136,2732.942006,-0.46923400000014226,-0.2403639999997722,-0.35479899999995723
2023-04-18 05:30:00,2733.180621,2732.714616,2732.942745,-0.4660049999997682,-0.23787600000014208,-0.35194049999995514
2023-04-18 05:45:00,2733.180621,2732.716097,2732.940709,-0.46452399999998306,-0.2399120000000039,-0.3522179999999935
2023-04-18 06:00:00,2733.180621,2732.712866,2732.943755,-0.4677550000001247,-0.23686600000019098,-0.35231050000015784
2023-04-18 06:30:00,2733.18353,2732.715775,2732.940571,-0.46775499999966996,-0.2429589999997006,-0.3553569999996853
2023-04-18 06:45:00,2733.184119,2732.717845,2732.944208,-0.46627399999988484,-0.2399110000001201,-0.3530925000000025
2023-04-18 07:30:00,2733.18237,2732.712598,2732.942005,-0.4697719999999208,-0.24036500000011074,-0.3550685000000158
2023-04-18 08:00:00,2733.180621,2732.712596,2732.942745,-0.46802500000012515,-0.23787600000014208,-0.3529505000001336
2023-04-18 08:30:00,2733.174783,2732.710257,2732.939826,-0.46452599999975064,-0.2349570000001222,-0.3497414999999364
2023-04-18 08:45:00,2733.175952,2732.712908,2732.940256,-0.4630440000000817,-0.2356960000001891,-0.3493700000001354
2023-04-18 09:15:00,2733.180611,2732.712586,2732.944462,-0.46802500000012515,-0.23614900000029593,-0.35208700000021054
2023-04-18 10:00:00,2733.176532,2732.708509,2732.939086,-0.4680229999999028,-0.23744600000009086,-0.35273449999999684
2023-04-18 10:15:00,2733.173033,2732.709989,2732.937337,-0.4630440000000817,-0.2356960000001891,-0.3493700000001354
2023-04-18 10:45:00,2733.175362,2732.710568,2732.937916,-0.4647939999999835,-0.23744600000009086,-0.3511200000000372
2023-04-18 11:15:00,2733.176532,2732.711738,2732.940834,-0.4647939999999835,-0.23569799999995666,-0.3502459999999701
2023-04-18 11:30:00,2733.173033,2732.70999,2732.936039,-0.46304300000019794,-0.2369939999998678,-0.3500185000000329
2023-04-18 12:15:00,2733.1812,2732.715647,2732.937661,-0.4655529999999999,-0.24353900000005524,-0.35454600000002756
2023-04-18 12:30:00,2733.172453,2732.708919,2732.938506,-0.46353399999998146,-0.2339470000001711,-0.3487405000000763
2023-04-18 12:45:00,2733.1812,2732.709187,2732.939985,-0.47201300000006086,-0.24121500000001106,-0.35661400000003596
2023-04-18 13:15:00,2733.180611,2732.713576,2732.938098,-0.46703500000012355,-0.24251300000014453,-0.35477400000013404
2023-04-18 13:45:00,2733.184109,2732.711436,2732.942441,-0.47267299999975876,-0.24166799999966315,-0.35717049999971096
2023-04-18 14:00:00,2733.188778,2732.710347,2732.937646,-0.4784310000000005,-0.2511320000003252,-0.36478150000016285
2023-04-18 14:45:00,2733.193446,2732.706808,2732.938076,-0.4866380000003119,-0.25537000000031185,-0.37100400000031186
2023-04-18 15:00:00,2733.190527,2732.709048,2732.931984,-0.48147900000003574,-0.25854300000037256,-0.37001100000020415
2023-04-18 15:15:00,2733.200444,2732.703457,2732.936779,-0.4969869999999901,-0.2636649999999463,-0.3803259999999682
2023-04-18 15:30:00,2733.198694,2732.708927,2732.936777,-0.48976700000002893,-0.26191700000026685,-0.3758420000001479
2023-04-18 15:45:00,2733.195196,2732.700717,2732.935029,-0.4944789999999557,-0.26016699999991033,-0.377322999999933
2023-04-18 16:00:00,2733.196945,2732.699236,2732.941121,-0.49770900000021356,-0.2558240000003025,-0.376766500000258
2023-04-18 16:15:00,2733.201613,2732.701748,2732.940706,-0.49986500000022716,-0.26090700000031575,-0.38038600000027145
2023-04-18 16:30:00,2733.196945,2732.698026,2732.937787,-0.49891900000011447,-0.25915800000029776,-0.3790385000002061
2023-04-18 16:45:00,2733.199864,2732.700267,2732.93677,-0.4995969999999943,-0.26309400000036476,-0.3813455000001795
2023-04-18 17:00:00,2733.203943,2732.698787,2732.935601,-0.50515600000017,-0.26834199999984776,-0.3867490000000089
2023-04-18 17:15:00,2733.199864,2732.699957,2732.940556,-0.4999070000003485,-0.2593080000001464,-0.37960750000024746
2023-04-18 17:30:00,2733.203363,2732.698206,2732.940104,-0.5051570000000538,-0.26325900000028923,-0.3842080000001715
2023-04-18 18:00:00,2733.203363,2732.697797,2732.938807,-0.5055660000002717,-0.26455600000008417,-0.38506100000017796
2023-04-18 18:15:00,2733.201613,2732.692817,2732.937493,-0.5087960000000749,-0.26412000000027547,-0.38645800000017516
2023-04-18 18:30:00,2733.203363,2732.697717,2732.933604,-0.5056460000000698,-0.2697590000002492,-0.3877025000001595
2023-04-18 18:45:00,2733.196365,2732.699198,2732.93591,-0.49716699999999037,-0.26045499999963795,-0.37881099999981416
2023-04-18 19:30:00,2733.204522,2732.711527,2732.941864,-0.49299500000006446,-0.2626580000001013,-0.3778265000000829
2023-04-18 19:45:00,2733.197525,2732.709779,2732.940116,-0.48774600000024293,-0.25740899999982503,-0.372577500000034
2023-04-18 20:00:00,2733.206272,2732.710439,2732.940854,-0.4958329999999478,-0.2654179999999542,-0.380625499999951
2023-04-18 20:15:00,2733.196365,2732.70753,2732.939694,-0.4888349999996535,-0.25667099999964194,-0.3727529999996477
2023-04-18 20:30:00,2733.199864,2732.71251,2732.938397,-0.48735400000032314,-0.2614670000002661,-0.37441050000029463
2023-04-18 20:45:00,2733.201613,2732.711029,2732.944489,-0.49058400000012625,-0.2571240000002035,-0.3738540000001649
2023-04-18 21:00:00,2733.198115,2732.715738,2732.942183,-0.4823770000002696,-0.2559320000000298,-0.3691545000001497
2023-04-18 21:15:00,2733.192277,2732.712819,2732.94289,-0.47945800000024974,-0.24938700000029712,-0.36442250000027343
2023-04-18 21:30:00,2733.197525,2732.709181,2732.942891,-0.48834399999987,-0.25463399999989633,-0.37148899999988316
2023-04-18 21:45:00,2733.194616,2732.71,2732.937658,-0.48461600000018734,-0.25695800000039526,-0.3707870000002913
2023-04-18 22:15:00,2733.191117,2732.71391,2732.936362,-0.47720699999990757,-0.2547549999999319,-0.36598099999991973
2023-04-18 22:45:00,2733.189368,2732.71539,2732.938957,-0.47397799999998824,-0.2504109999999855,-0.3621944999999869
2023-04-18 23:00:00,2733.195785,2732.713909,2732.945049,-0.4818759999998292,-0.25073599999996077,-0.366305999999895
2023-04-18 23:15:00,2733.195775,2732.715781,2732.938097,-0.4799940000002607,-0.2576779999999417,-0.3688360000001012
2023-04-18 23:30:00,2733.192277,2732.71753,2732.939846,-0.47474700000020675,-0.2524309999998877,-0.36358900000004724
2023-04-18 23:45:00,2733.194026,2732.71959,2732.940569,-0.47443599999996877,-0.2534570000002532,-0.363946500000111
2023-04-19 00:00:00,2733.190527,2732.71901,2732.938821,-0.47151700000040364,-0.25170600000001286,-0.36161150000020825
2023-04-19 00:30:00,2733.194616,2732.72108,2732.942456,-0.47353600000042206,-0.2521600000000035,-0.3628480000002128
2023-04-19 01:00:00,2733.187618,2732.721579,2732.936364,-0.4660389999999097,-0.2512539999997898,-0.35864649999984977
2023-04-19 01:15:00,2733.191117,2732.71835,2732.939697,-0.4727669999997488,-0.2514200000000528,-0.3620934999999008
2023-04-19 01:45:00,2733.185869,2732.724311,2732.93941,-0.46155799999996816,-0.2464589999999589,-0.35400849999996353
2023-04-19 02:00:00,2733.188778,2732.727629,2732.941867,-0.461149000000205,-0.24691100000018196,-0.35403000000019347
2023-04-19 02:15:00,2733.188778,2732.72687,2732.940571,-0.46190800000022136,-0.2482070000000931,-0.35505750000015723
2023-04-19 02:30:00,2733.187028,2732.726461,2732.941598,-0.460566999999628,-0.24542999999994208,-0.35299849999978505
2023-04-19 03:00:00,2733.188778,2732.729109,2732.939721,-0.45966900000030364,-0.24905699999999342,-0.35436300000014853
2023-04-19 03:15:00,2733.188198,2732.72736,2732.942768,-0.460837999999967,-0.24542999999994208,-0.35313399999995454
2023-04-19 03:30:00,2733.191697,2732.733329,2732.944517,-0.45836800000006406,-0.2471800000002986,-0.35277400000018133
2023-04-19 03:45:00,2733.192277,2732.72866,2732.938553,-0.4636169999998856,-0.2537240000001475,-0.35867050000001655
2023-04-19 04:45:00,2733.191697,2732.72835,2732.939723,-0.4633470000003399,-0.2519740000002457,-0.3576605000002928
2023-04-19 05:00:00,2733.188198,2732.735211,2732.940891,-0.4529869999996663,-0.2473069999996369,-0.3501469999996516
2023-04-19 05:15:00,2733.191697,2732.731982,2732.942188,-0.4597150000004149,-0.24950900000021647,-0.3546120000003157
2023-04-19 06:30:00,2733.186449,2732.733462,2732.941449,-0.4529869999996663,-0.24499999999989086,-0.3489934999997786
2023-04-19 07:15:00,2733.184699,2732.732783,2732.943486,-0.4519159999999829,-0.24121299999978874,-0.3465644999998858
2023-04-19 07:45:00,2733.180031,2732.731531,2732.940567,-0.44849999999996726,-0.23946399999977075,-0.343981999999869
2023-04-19 08:30:00,2733.18178,2732.730812,2732.937974,-0.4509680000001026,-0.24380599999994956,-0.3473870000000261
2023-04-19 08:45:00,2733.180031,2732.730542,2732.939271,-0.44948900000008507,-0.2407599999996819,-0.3451244999998835
2023-04-19 09:00:00,2733.178281,2732.732292,2732.941019,-0.4459889999998268,-0.23726200000010067,-0.3416254999999637
2023-04-19 09:15:00,2733.18178,2732.729373,2732.93853,-0.4524069999997664,-0.24324999999998909,-0.34782849999987775
2023-04-19 09:45:00,2733.177122,2732.733012,2732.941577,-0.44410999999990963,-0.2355450000000019,-0.33982749999995576
2023-04-19 10:15:00,2733.175372,2732.730584,2732.936782,-0.4447880000002442,-0.23858999999993102,-0.3416890000000876
2023-04-19 10:45:00,2733.175952,2732.731844,2732.937362,-0.44410800000014206,-0.23858999999993102,-0.34134900000003654
2023-04-19 11:15:00,2733.18178,2732.731613,2732.940281,-0.4501669999999649,-0.24149899999974878,-0.34583299999985684
2023-04-19 11:30:00,2733.180621,2732.732334,2732.941123,-0.44828700000016397,-0.23949799999991228,-0.3438925000000381
2023-04-19 12:00:00,2733.18354,2732.735522,2732.944902,-0.4480180000000473,-0.23863799999980984,-0.3433279999999286
2023-04-19 12:15:00,2733.180041,2732.733013,2732.941569,-0.4470280000000457,-0.23847200000000157,-0.34275000000002365
2023-04-19 12:30:00,2733.18295,2732.732031,2732.944025,-0.4509189999998853,-0.2389250000001084,-0.34492199999999684
2023-04-19 13:00:00,2733.177702,2732.729784,2732.935914,-0.44791799999984505,-0.24178799999981493,-0.34485299999983
2023-04-19 13:15:00,2733.179451,2732.728303,2732.93896,-0.4511480000001029,-0.24049100000002,-0.34581950000006145
2023-04-19 13:30:00,2733.185869,2732.731991,2732.937536,-0.45387799999980416,-0.24833300000000236,-0.35110549999990326
2023-04-19 13:45:00,2733.184119,2732.733739,2732.93624,-0.45038000000022294,-0.24787900000001173,-0.34912950000011733
2023-04-19 14:00:00,2733.192866,2732.727584,2732.941879,-0.4652819999996609,-0.2509869999998955,-0.3581344999997782
2023-04-19 14:15:00,2733.188788,2732.731001,2732.938253,-0.45778699999982564,-0.2505350000001272,-0.3541609999999764
2023-04-19 14:30:00,2733.195775,2732.722195,2732.938833,-0.473580000000311,-0.2569419999999809,-0.36526100000014594
2023-04-19 14:45:00,2733.197525,2732.724442,2732.941427,-0.4730829999998605,-0.25609799999983807,-0.36459049999984927
2023-04-19 15:00:00,2733.190537,2732.724543,2732.930126,-0.465994000000137,-0.26041099999974904,-0.36320249999994303
2023-04-19 15:15:00,2733.190537,2732.728042,2732.933911,-0.4624949999997625,-0.25662599999986924,-0.3595604999998159
2023-04-19 15:30:00,2733.192287,2732.728721,2732.936218,-0.46356599999990067,-0.25606900000002497,-0.3598174999999628
2023-04-19 15:45:00,2733.205102,2732.729203,2732.944209,-0.4758990000000267,-0.2608930000001237,-0.3683960000000752
2023-04-19 16:30:00,2733.198694,2732.721585,2732.927533,-0.47710900000038237,-0.2711610000001201,-0.37413500000025124
2023-04-19 16:45:00,2733.202193,2732.723065,2732.937801,-0.47912799999994604,-0.2643920000000435,-0.37175999999999476
2023-04-19 17:00:00,2733.187618,2732.715435,2732.930252,-0.472182999999859,-0.2573659999998199,-0.36477449999983946
2023-04-19 17:15:00,2733.192866,2732.718666,2732.934039,-0.4741999999996551,-0.2588269999996555,-0.3665134999996553
2023-04-19 17:45:00,2733.196945,2732.725985,2732.938707,-0.47096000000010463,-0.2582380000003468,-0.3645990000002257
2023-04-19 18:15:00,2733.202193,2732.730204,2732.943774,-0.47198900000012145,-0.2584190000002309,-0.36520400000017617
2023-04-19 18:30:00,2733.207441,2732.726608,2732.935788,-0.4808330000000751,-0.2716530000002422,-0.37624300000015864
2023-04-19 18:45:00,2733.195775,2732.729837,2732.93493,-0.4659380000002784,-0.2608450000002449,-0.36339150000026166
2023-04-19 19:00:00,2733.195775,2732.729836,2732.937808,-0.4659390000001622,-0.25796700000000783,-0.361953000000085
2023-04-19 19:30:00,2733.199274,2732.728088,2732.937817,-0.47118600000021615,-0.261457000000064,-0.3663215000001401
2023-04-19 19:45:00,2733.195196,2732.731638,2732.938407,-0.46355799999992087,-0.25678900000002614,-0.3601734999999735
2023-04-19 20:00:00,2733.201613,2732.735528,2732.941452,-0.46608500000002095,-0.26016100000015285,-0.3631230000000869
2023-04-19 20:15:00,2733.198115,2732.734539,2732.940442,-0.4635760000001028,-0.257673000000068,-0.3606245000000854
2023-04-19 20:30:00,2733.200444,2732.737279,2732.942032,-0.4631650000001173,-0.25841200000013487,-0.3607885000001261
2023-04-19 21:00:00,2733.192277,2732.733108,2732.940123,-0.4591690000002018,-0.252154000000246,-0.3556615000002239
2023-04-19 21:15:00,2733.198694,2732.738087,2732.940577,-0.4606069999999818,-0.25811700000031124,-0.3593620000001465
2023-04-19 21:30:00,2733.196365,2732.736617,2732.939871,-0.4597479999997631,-0.25649399999974776,-0.35812099999975544
2023-04-19 21:45:00,2733.201034,2732.738489,2732.941167,-0.4625450000003184,-0.259867000000213,-0.3612060000002657
2023-04-19 22:00:00,2733.196365,2732.735447,2732.939441,-0.460917999999765,-0.256923999999799,-0.358920999999782
2023-04-19 22:15:00,2733.192866,2732.74378,2732.938987,-0.44908600000007937,-0.25387899999986985,-0.3514824999999746
2023-04-19 22:45:00,2733.189947,2732.744539,2732.942918,-0.4454080000000431,-0.24702899999965666,-0.3462184999998499
2023-04-19 23:00:00,2733.191697,2732.74162,2732.939567,-0.4500770000004195,-0.2521300000003066,-0.35110350000036306
2023-04-19 23:15:00,2733.189368,2732.742299,2732.945081,-0.4470689999998285,-0.2442869999999857,-0.3456779999999071
2023-04-19 23:30:00,2733.191697,2732.746518,2732.942614,-0.4451790000002802,-0.24908300000015515,-0.3471310000002177
2023-04-19 23:45:00,2733.191697,2732.745528,2732.943354,-0.4461690000002818,-0.24834300000020448,-0.34725600000024315
2023-04-20 00:15:00,2733.193446,2732.744769,2732.939443,-0.4486770000003162,-0.2540030000000115,-0.35134000000016385
2023-04-20 00:30:00,2733.195196,2732.744848,2732.941191,-0.4503480000003037,-0.25400500000023385,-0.3521765000002688
2023-04-20 00:45:00,2733.194036,2732.748777,2732.938736,-0.44525900000007823,-0.25529999999980646,-0.35027949999994235
2023-04-20 01:00:00,2733.195196,2732.745848,2732.941329,-0.4493480000001,-0.25386699999990014,-0.3516075000000001
2023-04-20 01:30:00,2733.195196,2732.746617,2732.943801,-0.44857900000033624,-0.25139500000022963,-0.34998700000028293
2023-04-20 02:15:00,2733.191697,2732.748758,2732.942941,-0.44293900000002395,-0.24875600000041231,-0.34584750000021813
2023-04-20 02:45:00,2733.193446,2732.745527,2732.945534,-0.4479190000001836,-0.24791200000026947,-0.34791550000022653
2023-04-20 03:00:00,2733.190537,2732.744367,2732.944376,-0.4461700000001656,-0.24616100000002916,-0.3461655000000974
2023-04-20 04:00:00,2733.187038,2732.750147,2732.945097,-0.4368909999998323,-0.24194100000022445,-0.33941600000002836
2023-04-20 04:15:00,2733.190537,2732.749578,2732.943348,-0.44095900000002075,-0.2471890000001622,-0.3440740000000915
2023-04-20 04:45:00,2733.194036,2732.753076,2732.948596,-0.44095999999990454,-0.24543999999968946,-0.343199999999797
2023-04-20 05:00:00,2733.188788,2732.755538,2732.946847,-0.43325000000004366,-0.2419409999997697,-0.3375954999999067
2023-04-20 05:15:00,2733.185869,2732.751636,2732.945964,-0.43423299999994924,-0.2399049999999079,-0.33706899999992856
2023-04-20 05:30:00,2733.192277,2732.753387,2732.944669,-0.4388899999999012,-0.2476080000001275,-0.34324900000001435
2023-04-20 05:45:00,2733.191697,2732.754555,2732.948885,-0.43714200000022174,-0.2428120000004128,-0.3399770000003173
2023-04-20 06:15:00,2733.187618,2732.756347,2732.945966,-0.43127099999992424,-0.24165199999970355,-0.3364614999998139
2023-04-20 06:30:00,2733.192277,2732.756615,2732.946418,-0.4356620000003204,-0.24585900000010952,-0.34076050000021496
2023-04-20 06:45:00,2733.189358,2732.754377,2732.947285,-0.4349809999998797,-0.24207299999989118,-0.33852699999988545
2023-04-20 07:00:00,2733.184109,2732.755258,2732.945536,-0.4288509999996677,-0.23857299999963288,-0.3337119999996503
2023-04-20 07:15:00,2733.187608,2732.759747,2732.946998,-0.42786100000012084,-0.24061000000028798,-0.3342355000002044
2023-04-20 07:45:00,2733.18353,2732.753607,2732.944956,-0.42992299999968964,-0.23857399999997142,-0.33424849999983053
2023-04-20 08:00:00,2733.18353,2732.755849,2732.942363,-0.4276809999996658,-0.2411669999996775,-0.33442399999967165
2023-04-20 08:15:00,2733.188778,2732.752928,2732.942758,-0.4358500000003005,-0.2460200000000441,-0.3409350000001723
2023-04-20 08:30:00,2733.184109,2732.756159,2732.945805,-0.42794999999978245,-0.23830399999997098,-0.3331269999998767
2023-04-20 08:45:00,2733.185279,2732.758317,2732.944508,-0.4269620000000032,-0.2407709999997678,-0.3338664999998855
2023-04-20 09:30:00,2733.18237,2732.753248,2732.940303,-0.42912200000000666,-0.2420670000001337,-0.3355945000000702
2023-04-20 09:45:00,2733.18237,2732.755498,2732.943636,-0.426872000000003,-0.2387340000000222,-0.3328030000000126
2023-04-20 10:00:00,2733.180621,2732.750518,2732.937973,-0.4301030000001447,-0.24264799999991737,-0.336375500000031
2023-04-20 10:15:00,2733.179451,2732.7476,2732.934767,-0.4318509999998241,-0.2446839999997792,-0.33826749999980166
2023-04-20 10:30:00,2733.177702,2732.747868,2732.936516,-0.429834000000028,-0.24118599999974322,-0.3355099999998856
2023-04-20 11:30:00,2733.176532,2732.742889,2732.936064,-0.43364299999984723,-0.24046799999996438,-0.3370554999999058
2023-04-20 12:00:00,2733.177702,2732.7471,2732.933471,-0.430601999999908,-0.2442310000001271,-0.33741650000001755
2023-04-20 12:30:00,2733.174783,2732.746118,2732.937812,-0.4286649999999099,-0.2369709999998122,-0.33281799999986106
2023-04-20 13:15:00,2733.175952,2732.747289,2732.938983,-0.42866300000014235,-0.23696900000004462,-0.3328160000000935
2023-04-20 14:45:00,2733.180031,2732.746389,2732.938679,-0.43364199999996345,-0.24135200000000623,-0.33749699999998484
2023-04-20 15:00:00,2733.177702,2732.750788,2732.941598,-0.42691400000012436,-0.23610400000006848,-0.3315090000000964
2023-04-20 15:15:00,2733.184109,2732.747951,2732.938845,-0.4361579999999776,-0.24526399999967907,-0.34071099999982835
2023-04-20 15:45:00,2733.177112,2732.746969,2732.935076,-0.4301430000000437,-0.24203599999964354,-0.3360894999998436
2023-04-20 16:00:00,2733.177702,2732.74531,2732.936963,-0.43239200000016353,-0.2407389999998486,-0.33656550000000607
2023-04-20 16:15:00,2733.177702,2732.74756,2732.935666,-0.4301420000001599,-0.24203600000009828,-0.3360890000001291
2023-04-20 16:45:00,2733.185279,2732.749392,2732.941042,-0.43588699999963865,-0.24423699999988457,-0.3400619999997616
2023-04-20 17:15:00,2733.184109,2732.745793,2732.938123,-0.4383159999997588,-0.24598599999990256,-0.3421509999998307
2023-04-20 17:30:00,2733.18236,2732.747542,2732.936397,-0.4348179999997228,-0.24596299999984694,-0.3403904999997849
2023-04-20 18:00:00,2733.184109,2732.746882,2732.940739,-0.43722699999989345,-0.24336999999968612,-0.3402984999997898
2023-04-20 18:30:00,2733.178861,2732.750772,2732.941462,-0.42808899999999994,-0.23739900000009584,-0.3327440000000479
2023-04-20 19:15:00,2733.178861,2732.750504,2732.939712,-0.42835699999977805,-0.2391489999999976,-0.33375299999988783
2023-04-20 19:45:00,2733.18353,2732.756572,2732.945677,-0.42695800000001327,-0.23785299999963172,-0.3324054999998225
2023-04-20 20:00:00,2733.177112,2732.757643,2732.943212,-0.4194689999999355,-0.23389999999972133,-0.3266844999998284
2023-04-20 20:30:00,2733.175362,2732.754414,2732.942632,-0.420947999999953,-0.2327300000001742,-0.3268390000000636
2023-04-20 21:00:00,2733.177702,2732.760213,2732.943222,-0.4174889999999323,-0.23448000000007596,-0.3259845000000041
2023-04-20 21:15:00,2733.184699,2732.758275,2732.943349,-0.4264239999997699,-0.2413499999997839,-0.3338869999997769
2023-04-20 21:30:00,2733.177702,2732.760523,2732.942052,-0.41717900000003283,-0.23565000000007785,-0.32641450000005534
2023-04-20 21:45:00,2733.179451,2732.757562,2732.943803,-0.421889000000192,-0.23564799999985553,-0.3287685000000238
2023-04-20 22:00:00,2733.173033,2732.756884,2732.938291,-0.4161490000001322,-0.2347420000000966,-0.3254455000001144
2023-04-20 22:15:00,2733.180031,2732.759312,2732.940326,-0.4207189999997354,-0.2397049999999581,-0.33021199999984674
2023-04-20 22:30:00,2733.180031,2732.759042,2732.943373,-0.4209889999997358,-0.23665799999980663,-0.32882349999977123
2023-04-20 22:45:00,2733.174783,2732.757561,2732.942076,-0.41722200000003795,-0.23270700000011857,-0.32496450000007826
2023-04-20 23:00:00,2733.174783,2732.757293,2732.941622,-0.41748999999981606,-0.2331610000001092,-0.32532549999996263
2023-04-20 23:15:00,2733.173033,2732.759044,2732.943825,-0.4139890000001287,-0.2292080000001988,-0.32159850000016377
2023-04-21 00:00:00,2733.180031,2732.756474,2732.9428,-0.42355700000007346,-0.23723100000006525,-0.33039400000006935
2023-04-21 00:15:00,2733.180041,2732.755805,2732.941639,-0.4242360000002918,-0.23840199999995093,-0.3313190000001214
2023-04-21 00:30:00,2733.170704,2732.757865,2732.940469,-0.41283900000007634,-0.2302349999999933,-0.3215370000000348
2023-04-21 01:00:00,2733.175372,2732.759036,2732.944684,-0.4163360000002285,-0.23068800000010015,-0.32351200000016433
2023-04-21 01:15:00,2733.176542,2732.761283,2732.946435,-0.4152590000003329,-0.23010700000031648,-0.3226830000003247
2023-04-21 02:30:00,2733.175372,2732.757285,2732.942936,-0.4180870000000141,-0.23243600000023434,-0.3252615000001242
2023-04-21 02:45:00,2733.173623,2732.761506,2732.942666,-0.4121170000003076,-0.2309570000002168,-0.3215370000002622
2023-04-21 03:30:00,2733.174783,2732.761184,2732.943827,-0.4135989999999765,-0.23095599999987826,-0.3222774999999274
2023-04-21 04:30:00,2733.174783,2732.762273,2732.945575,-0.4125100000001112,-0.22920799999974406,-0.3208589999999276
2023-04-21 04:45:00,2733.171864,2732.765502,2732.947595,-0.4063619999997172,-0.22426899999982197,-0.3153154999997696
2023-04-21 05:45:00,2733.176532,2732.764021,2732.946299,-0.41251099999999497,-0.23023299999977098,-0.321371999999883
2023-04-21 06:30:00,2733.173033,2732.764413,2732.949344,-0.4086200000001554,-0.2236889999999221,-0.31615450000003875
2023-04-21 07:00:00,2733.173033,2732.765893,2732.95064,-0.4071400000002541,-0.22239300000001094,-0.3147665000001325
2023-04-21 07:15:00,2733.170124,2732.763255,2732.94948,-0.40686900000036985,-0.22064399999999296,-0.3137565000001814
2023-04-21 07:30:00,2733.170124,2732.762984,2732.945981,-0.4071400000002541,-0.22414300000036746,-0.31564150000031077
2023-04-21 08:15:00,2733.165456,2732.758995,2732.941766,-0.4064610000000357,-0.22369000000026062,-0.31507550000014817
2023-04-21 09:15:00,2733.167205,2732.756835,2732.938721,-0.4103700000000572,-0.22848400000020774,-0.31942700000013247
2023-04-21 09:30:00,2733.160208,2732.756566,2732.93697,-0.40364199999976336,-0.22323799999958283,-0.3134399999996731
2023-04-21 09:45:00,2733.160787,2732.753917,2732.9358,-0.4068699999997989,-0.2249869999996008,-0.31592849999969985
2023-04-21 10:15:00,2733.163127,2732.751008,2732.934928,-0.41211899999962043,-0.22819899999967674,-0.3201589999996486
2023-04-21 10:30:00,2733.164286,2732.752166,2732.936087,-0.41211999999995896,-0.2281990000001315,-0.3201595000000452
2023-04-21 10:45:00,2733.163127,2732.748866,2732.933632,-0.41426099999989674,-0.2294949999995879,-0.3218779999997423
2023-04-21 11:00:00,2733.159038,2732.751505,2732.932755,-0.4075329999996029,-0.2262829999999667,-0.3169079999997848
2023-04-21 11:30:00,2733.159038,2732.749757,2732.935348,-0.4092809999997371,-0.22368999999980588,-0.3164854999997715
2023-04-21 12:00:00,2733.160787,2732.748276,2732.93969,-0.41251099999999497,-0.22109699999964505,-0.31680399999982
2023-04-21 12:15:00,2733.160787,2732.751015,2732.937097,-0.4097719999999754,-0.22368999999980588,-0.31673099999989063
2023-04-21 12:30:00,2733.162537,2732.748954,2732.937813,-0.4135830000000169,-0.22472400000015114,-0.319153500000084
2023-04-21 12:45:00,2733.160787,2732.748277,2732.935793,-0.41250999999965643,-0.22499399999969683,-0.3187519999996766
2023-04-21 13:15:00,2733.157868,2732.747106,2732.935346,-0.410761999999977,-0.22252199999957156,-0.31664199999977427
2023-04-21 13:30:00,2733.162537,2732.745046,2732.937544,-0.4174910000001546,-0.22499300000026778,-0.3212420000002112
2023-04-21 13:45:00,2733.164286,2732.750025,2732.936247,-0.4142610000003515,-0.2280390000000807,-0.3211500000002161
2023-04-21 14:15:00,2733.165456,2732.751196,2732.935667,-0.41426000000001295,-0.22978899999998248,-0.3220244999999977
2023-04-21 14:30:00,2733.165456,2732.746216,2732.936964,-0.4192400000001726,-0.22849200000018755,-0.32386600000018007
2023-04-21 15:00:00,2733.163117,2732.746198,2732.934336,-0.4169190000002345,-0.2287810000002537,-0.3228500000002441
2023-04-21 15:15:00,2733.169534,2732.746878,2732.936517,-0.4226560000001882,-0.23301700000001802,-0.3278365000001031
2023-04-21 15:45:00,2733.170704,2732.744156,2732.93262,-0.42654799999991155,-0.23808400000007168,-0.3323159999999916
2023-04-21 16:00:00,2733.170704,2732.743665,2732.937685,-0.4270390000001498,-0.23301900000024034,-0.3300290000001951
2023-04-21 16:15:00,2733.174203,2732.742185,2732.935665,-0.4320179999999709,-0.2385380000000623,-0.3352780000000166
2023-04-21 16:30:00,2733.172453,2732.745807,2732.937693,-0.42664600000034625,-0.23476000000027852,-0.3307030000003124
2023-04-21 16:45:00,2733.168955,2732.741988,2732.93203,-0.42696699999987686,-0.2369250000001557,-0.3319460000000163
2023-04-21 17:00:00,2733.165456,2732.745219,2732.937239,-0.4202370000002702,-0.22821700000031342,-0.3242270000002918
2023-04-21 17:15:00,2733.168955,2732.743739,2732.932897,-0.4252160000000913,-0.23605799999995725,-0.3306370000000243
2023-04-21 18:00:00,2733.170124,2732.750976,2732.941909,-0.41914800000040486,-0.2282150000000911,-0.323681500000248
2023-04-21 18:30:00,2733.180031,2732.74482,2732.937113,-0.43521099999998114,-0.2429179999999178,-0.3390644999999495
2023-04-21 18:45:00,2733.173623,2732.748728,2732.938863,-0.42489500000010594,-0.23476000000027852,-0.32982750000019223
2023-04-21 19:45:00,2733.167205,2732.746308,2732.938122,-0.4208969999999681,-0.22908300000017334,-0.3249900000000707
2023-04-21 20:00:00,2733.168955,2732.750198,2732.938576,-0.4187569999999141,-0.2303790000000845,-0.3245679999999993
2023-04-21 20:15:00,2733.171864,2732.75316,2732.935799,-0.41870399999970687,-0.23606500000005326,-0.32738449999988006
2023-04-21 20:30:00,2733.170704,2732.748771,2732.937686,-0.42193300000008094,-0.2330179999999018,-0.32747549999999137
2023-04-21 20:45:00,2733.171864,2732.75168,2732.936826,-0.42018400000006295,-0.23503799999980401,-0.3276109999999335
2023-04-21 21:00:00,2733.167795,2732.75375,2732.936389,-0.41404499999998734,-0.231405999999879,-0.32272549999993316
2023-04-21 21:30:00,2733.166046,2732.752,2732.932621,-0.41404599999987113,-0.2334249999998974,-0.32373549999988427
2023-04-21 21:45:00,2733.167205,2732.75348,2732.933344,-0.4137250000003405,-0.23386100000016086,-0.3237930000002507
2023-04-21 22:00:00,2733.169534,2732.752989,2732.932174,-0.4165450000000419,-0.23736000000008062,-0.32695250000006126
2023-04-21 22:15:00,2733.167785,2732.74976,2732.939562,-0.41802499999994325,-0.2282230000000709,-0.32312400000000707
2023-04-21 22:30:00,2733.165456,2732.752411,2732.935937,-0.41304500000023836,-0.22951899999998204,-0.3212820000001102
2023-04-21 22:45:00,2733.168955,2732.75532,2732.941463,-0.4136349999998856,-0.22749199999998382,-0.3205634999999347
2023-04-21 23:00:00,2733.165456,2732.754141,2732.935371,-0.4113150000002861,-0.23008500000014465,-0.32070000000021537
2023-04-21 23:15:00,2733.167795,2732.751232,2732.939851,-0.4165629999997691,-0.22794399999975212,-0.3222534999997606
2023-04-21 23:30:00,2733.167205,2732.752393,2732.938416,-0.4148119999999835,-0.2287890000002335,-0.3218005000001085
2023-04-21 23:45:00,2733.172453,2732.757372,2732.940166,-0.4150810000001002,-0.23228700000026947,-0.3236840000001848
2023-04-22 00:15:00,2733.163706,2732.756611,2732.939443,-0.40709500000002663,-0.22426299999960975,-0.3156789999998182
2023-04-22 00:30:00,2733.163706,2732.75124,2732.937694,-0.4124659999997675,-0.22601199999962773,-0.3192389999996976
2023-04-22 00:45:00,2733.163127,2732.754159,2732.94191,-0.40896799999973155,-0.22121699999979683,-0.3150924999997642
2023-04-22 01:15:00,2733.166625,2732.75241,2732.937566,-0.4142149999997855,-0.2290589999997792,-0.32163699999978235
2023-04-22 01:30:00,2733.166046,2732.755061,2732.938737,-0.4109849999999824,-0.22730899999987741,-0.3191469999999299
2023-04-22 02:30:00,2733.163127,2732.756051,2732.936988,-0.4070759999999609,-0.22613899999987552,-0.3166074999999182
2023-04-22 02:45:00,2733.170704,2732.75357,2732.941193,-0.41713400000026013,-0.22951100000000224,-0.3233225000001312
2023-04-22 03:00:00,2733.160787,2732.751321,2732.939156,-0.4094659999996111,-0.22163099999988845,-0.31554849999974977
2023-04-22 03:30:00,2733.162537,2732.757781,2732.940907,-0.4047560000003614,-0.22163000000000466,-0.313193000000183
2023-04-22 04:15:00,2733.164286,2732.754552,2732.942944,-0.4097340000002987,-0.22134200000027704,-0.31553800000028787
2023-04-22 04:30:00,2733.164876,2732.753392,2732.938736,-0.4114839999997457,-0.2261399999997593,-0.3188119999997525
2023-04-22 05:15:00,2733.159628,2732.75662,2732.935405,-0.40300799999977244,-0.22422299999971074,-0.3136154999997416
2023-04-22 05:30:00,2733.161377,2732.754872,2732.936701,-0.4065049999999246,-0.22467599999981758,-0.3155904999998711
2023-04-22 06:15:00,2733.164286,2732.761012,2732.93961,-0.4032740000002377,-0.22467600000027232,-0.313975000000255
2023-04-22 07:30:00,2733.164876,2732.760261,2732.94483,-0.40461499999992157,-0.22004599999991115,-0.31233049999991636
2023-04-22 08:30:00,2733.159628,2732.755281,2732.939748,-0.4043469999996887,-0.21988000000010288,-0.3121134999998958
2023-04-22 09:30:00,2733.157878,2732.754521,2732.936249,-0.40335700000014185,-0.22162900000012087,-0.31249300000013136
2023-04-22 09:45:00,2733.159628,2732.755592,2732.937998,-0.40403599999990547,-0.22163000000000466,-0.31283299999995506
2023-04-22 10:45:00,2733.164876,2732.759582,2732.938452,-0.4052939999996852,-0.22642399999995177,-0.3158589999998185
2023-04-22 11:15:00,2733.157878,2732.752361,2732.934953,-0.40551700000014534,-0.22292500000003201,-0.3142210000000887
2023-04-22 11:30:00,2733.157878,2732.752093,2732.935509,-0.40578499999992346,-0.22236900000007154,-0.3140769999999975
2023-04-22 12:00:00,2733.154959,2732.748452,2732.932464,-0.40650700000014695,-0.2224949999999808,-0.31450100000006387
2023-04-22 12:15:00,2733.157868,2732.754322,2732.936669,-0.40354600000000573,-0.2211989999996149,-0.3123724999998103
2023-04-22 12:30:00,2733.157868,2732.750602,2732.933622,-0.4072659999997086,-0.22424599999976635,-0.31575599999973747
2023-04-22 12:45:00,2733.159618,2732.749122,2732.935373,-0.41049599999996644,-0.2242450000003373,-0.3173705000001519
2023-04-22 13:00:00,2733.159038,2732.751773,2732.936089,-0.4072649999998248,-0.22294899999997142,-0.3151069999998981
2023-04-22 13:45:00,2733.157868,2732.746712,2732.936215,-0.41115599999966435,-0.22165299999960553,-0.31640449999963494
2023-04-22 14:00:00,2733.160787,2732.748419,2732.938865,-0.41236799999978757,-0.22192199999972217,-0.3171449999997549
2023-04-22 14:15:00,2733.164286,2732.748151,2732.937116,-0.41613500000039494,-0.22717000000011467,-0.3216525000002548
2023-04-22 14:30:00,2733.167205,2732.7499,2732.934523,-0.41730500000039683,-0.23268200000029537,-0.3249935000003461
2023-04-22 14:45:00,2733.163706,2732.745001,2732.935239,-0.4187050000000454,-0.2284669999999096,-0.3235859999999775
2023-04-22 15:15:00,2733.167205,2732.74461,2732.939581,-0.42259500000000116,-0.2276240000001053,-0.32510950000005323
2023-04-22 15:30:00,2733.167205,2732.742862,2732.937832,-0.42434300000013536,-0.22937300000012328,-0.3268580000001293
2023-04-22 15:45:00,2733.173613,2732.746342,2732.939158,-0.42727100000001883,-0.23445499999979802,-0.3308629999999084
2023-04-22 16:00:00,2733.168365,2732.743613,2732.942038,-0.42475199999989854,-0.22632699999985562,-0.3255394999998771
2023-04-22 16:15:00,2733.171874,2732.740972,2732.937546,-0.43090200000006007,-0.23432800000000498,-0.3326150000000325
2023-04-22 16:30:00,2733.170114,2732.737152,2732.932612,-0.4329619999998613,-0.23750199999994948,-0.3352319999999054
2023-04-22 16:45:00,2733.173033,2732.738901,2732.933909,-0.4341319999998632,-0.23912400000017442,-0.3366280000000188
2023-04-22 17:00:00,2733.178281,2732.743612,2732.935659,-0.43466899999975794,-0.24262199999975564,-0.3386454999997568
2023-04-22 17:15:00,2733.171874,2732.743132,2732.933203,-0.4287420000000566,-0.23867100000006758,-0.3337065000000621
2023-04-22 17:45:00,2733.18178,2732.744562,2732.93741,-0.43721800000002986,-0.24436999999988984,-0.34079399999995985
2023-04-22 18:00:00,2733.173623,2732.742412,2732.933202,-0.43121100000007573,-0.24042099999996935,-0.33581600000002254
2023-04-22 18:45:00,2733.177122,2732.745953,2732.93699,-0.4311689999999544,-0.2401319999999032,-0.3356504999999288
2023-04-22 19:00:00,2733.176532,2732.745633,2732.938148,-0.43089899999995396,-0.238383999999769,-0.3346414999998615
2023-04-22 19:15:00,2733.173033,2732.746042,2732.9364,-0.42699099999981627,-0.23663299999998344,-0.33181199999989985
2023-04-22 19:45:00,2733.175372,2732.748112,2732.938738,-0.4272599999999329,-0.23663400000032198,-0.33194700000012745
2023-04-22 20:15:00,2733.170124,2732.748602,2732.935693,-0.42152200000009543,-0.23443100000031336,-0.3279765000002044
2023-04-22 20:30:00,2733.173623,2732.747515,2732.93901,-0.42610800000011295,-0.23461300000008123,-0.3303605000000971
2023-04-22 20:45:00,2733.192287,2732.749263,2732.942055,-0.44302399999969566,-0.250231999999869,-0.34662799999978233
2023-04-22 21:00:00,2733.192287,2732.752494,2732.943805,-0.43979300000000876,-0.24848199999996723,-0.344137499999988
2023-04-22 21:15:00,2733.189368,2732.751815,2732.93959,-0.4375529999997525,-0.24977799999987838,-0.34366549999981544
2023-04-22 21:30:00,2733.186449,2732.751324,2732.938873,-0.4351249999999709,-0.24757599999975355,-0.3413504999998622
2023-04-22 21:45:00,2733.187608,2732.756303,2732.939612,-0.4313050000000658,-0.2479960000000574,-0.3396505000000616
2023-04-22 22:00:00,2733.191107,2732.754823,2732.937576,-0.4362839999998869,-0.2535310000002937,-0.3449075000000903
2023-04-22 22:15:00,2733.185859,2732.752806,2732.935826,-0.4330530000002,-0.25003300000025774,-0.34154300000022886
2023-04-22 22:30:00,2733.187608,2732.753074,2732.94091,-0.4345339999999851,-0.24669800000037867,-0.3406160000001819
2023-04-22 22:45:00,2733.190527,2732.757473,2732.941792,-0.43305400000008376,-0.24873500000012427,-0.340894500000104
2023-04-22 23:00:00,2733.192277,2732.756714,2732.940783,-0.4355630000000019,-0.25149400000009337,-0.34352850000004764
2023-04-22 23:30:00,2733.18295,2732.756035,2732.937124,-0.42691500000000815,-0.24582599999985177,-0.33637049999992996
2023-04-22 23:45:00,2733.186449,2732.752315,2732.942207,-0.43413399999963076,-0.24424199999975826,-0.3391879999996945
2023-04-23 00:45:00,2733.186449,2732.757024,2732.939615,-0.4294249999998101,-0.2468340000000353,-0.3381294999999227
2023-04-23 01:00:00,2733.192856,2732.756034,2732.94266,-0.43682200000012017,-0.2501959999999599,-0.34350900000004003
2023-04-23 01:30:00,2733.187618,2732.758955,2732.944282,-0.42866300000014235,-0.24333599999999933,-0.33599950000007084
2023-04-23 01:45:00,2733.185869,2732.754965,2732.94208,-0.43090399999982765,-0.24378900000010617,-0.3373464999999669
2023-04-23 02:00:00,2733.185869,2732.757204,2732.945127,-0.4286649999999099,-0.24074199999995471,-0.3347034999999323
2023-04-23 02:15:00,2733.184119,2732.754555,2732.946136,-0.4295640000000276,-0.23798299999998562,-0.3337735000000066
2023-04-23 02:30:00,2733.187038,2732.760435,2732.947307,-0.4266029999998864,-0.23973100000011982,-0.3331670000000031
2023-04-23 02:45:00,2733.185289,2732.758194,2732.945556,-0.42709500000000844,-0.2397329999998874,-0.3334139999999479
2023-04-23 03:00:00,2733.188788,2732.759674,2732.942511,-0.42911400000002686,-0.2462769999997363,-0.3376954999998816
2023-04-23 03:15:00,2733.187038,2732.761033,2732.941667,-0.42600499999980457,-0.24537099999997736,-0.33568799999989096
2023-04-23 03:30:00,2733.188788,2732.758954,2732.94601,-0.429834000000028,-0.24277799999981653,-0.3363059999999223
2023-04-23 04:00:00,2733.185289,2732.754964,2732.94426,-0.43032499999981155,-0.24102899999979854,-0.33567699999980505
2023-04-23 04:15:00,2733.185289,2732.758193,2732.947594,-0.42709599999989223,-0.23769499999980326,-0.33239549999984774
2023-04-23 04:30:00,2733.187038,2732.757925,2732.941214,-0.4291130000001431,-0.2458240000000842,-0.33746850000011364
2023-04-23 04:45:00,2733.190537,2732.762905,2732.947306,-0.4276319999999032,-0.24323099999992337,-0.3354314999999133
2023-04-23 05:00:00,2733.186449,2732.760834,2732.948467,-0.42561499999965235,-0.2379819999996471,-0.3317984999996497
2023-04-23 05:30:00,2733.184699,2732.759354,2732.947744,-0.42534500000010667,-0.2369549999998526,-0.3311499999999796
2023-04-23 06:15:00,2733.188788,2732.763312,2732.944261,-0.4254759999998896,-0.24452699999983452,-0.33500149999986206
2023-04-23 07:00:00,2733.191697,2732.764073,2732.94675,-0.42762400000037815,-0.24494700000013836,-0.33628550000025825
2023-04-23 07:15:00,2733.184119,2732.764383,2732.943831,-0.4197359999998298,-0.24028799999996409,-0.33001199999989694
2023-04-23 07:30:00,2733.180621,2732.757923,2732.942083,-0.4226979999998548,-0.2385380000000623,-0.33061799999995856
2023-04-23 07:45:00,2733.18237,2732.762634,2732.938749,-0.4197359999998298,-0.24362100000007558,-0.3316784999999527
2023-04-23 08:00:00,2733.18295,2732.758235,2732.937127,-0.42471500000010565,-0.24582299999974566,-0.33526899999992565
2023-04-23 08:15:00,2733.177702,2732.759714,2732.939164,-0.41798800000015035,-0.2385380000000623,-0.32826300000010633
2023-04-23 08:30:00,2733.1812,2732.759223,2732.940912,-0.42197699999996985,-0.24028799999996409,-0.33113249999996697
2023-04-23 08:45:00,2733.1812,2732.762454,2732.938875,-0.4187459999998282,-0.24232500000016444,-0.3305354999999963
2023-04-23 09:30:00,2733.184109,2732.756485,2732.938423,-0.4276239999999234,-0.2456859999997505,-0.33665499999983695
2023-04-23 09:45:00,2733.176542,2732.753844,2732.935967,-0.42269800000030955,-0.24057500000026266,-0.3316365000002861
2023-04-23 10:00:00,2733.173043,2732.752094,2732.939587,-0.4209489999998368,-0.23345599999993283,-0.3272024999998848
2023-04-23 10:15:00,2733.174793,2732.753574,2732.936255,-0.421219000000292,-0.2385380000000623,-0.32987850000017716
2023-04-23 10:45:00,2733.174793,2732.751335,2732.937552,-0.4234580000002097,-0.23724100000026738,-0.33034950000023855
2023-04-23 11:45:00,2733.18179,2732.749936,2732.9393,-0.43185399999993024,-0.2424900000000889,-0.3371720000000096
2023-04-23 12:00:00,2733.174783,2732.752084,2732.941757,-0.4226989999997386,-0.2330259999998816,-0.3278624999998101
2023-04-23 12:15:00,2733.174203,2732.748585,2732.936962,-0.4256180000002132,-0.23724099999981263,-0.3314295000000129
2023-04-23 12:45:00,2733.179451,2732.747375,2732.93972,-0.43207600000005186,-0.23973100000011982,-0.33590350000008584
2023-04-23 13:00:00,2733.178871,2732.748864,2732.937843,-0.4300069999999323,-0.24102799999991475,-0.33551749999992353
2023-04-23 13:15:00,2733.1812,2732.746714,2732.937972,-0.4344860000001063,-0.24322799999981726,-0.33885699999996177
2023-04-23 13:30:00,2733.184119,2732.744922,2732.94089,-0.4391970000001493,-0.2432290000001558,-0.34121300000015253
2023-04-23 14:00:00,2733.187618,2732.741693,2732.936095,-0.44592499999998836,-0.25152299999990646,-0.3487239999999474
2023-04-23 15:00:00,2733.188788,2732.746093,2732.939014,-0.4426949999997305,-0.24977399999988847,-0.3462344999998095
2023-04-23 15:15:00,2733.196945,2732.747843,2732.936994,-0.44910200000003897,-0.25995100000000093,-0.35452650000001995
2023-04-23 15:45:00,2733.198694,2732.744614,2732.941337,-0.4540799999999763,-0.2573569999999563,-0.3557184999999663
2023-04-23 16:15:00,2733.196945,2732.743134,2732.936542,-0.4538110000003144,-0.260403000000224,-0.3571070000002692
2023-04-23 16:30:00,2733.199284,2732.739493,2732.935245,-0.45979099999976825,-0.26403899999968417,-0.3619149999997262
2023-04-23 17:30:00,2733.200444,2732.736264,2732.940884,-0.4641799999999421,-0.25955999999996493,-0.3618699999999535
2023-04-23 18:45:00,2733.195196,2732.746044,2732.936119,-0.4491520000001401,-0.2590770000001612,-0.35411450000015066
2023-04-23 19:00:00,2733.198694,2732.745276,2732.934959,-0.45341800000005605,-0.26373499999999694,-0.3585765000000265
2023-04-23 19:30:00,2733.203943,2732.746035,2732.938744,-0.4579079999998612,-0.2651989999999387,-0.36155349999989994
2023-04-23 19:45:00,2733.198694,2732.747024,2732.940764,-0.4516700000003766,-0.25793000000021493,-0.35480000000029577
2023-04-23 20:15:00,2733.202193,2732.747125,2732.935699,-0.4550680000002103,-0.26649399999996604,-0.36078100000008817
2023-04-23 20:30:00,2733.195196,2732.747126,2732.939016,-0.44806999999991604,-0.25618000000031316,-0.3521250000001146
2023-04-23 20:45:00,2733.194026,2732.750667,2732.939596,-0.4433590000003278,-0.25442999999995664,-0.3488945000001422
2023-04-23 21:00:00,2733.202773,2732.750935,2732.941344,-0.45183799999995244,-0.2614290000001347,-0.35663350000004357
2023-04-23 21:15:00,2733.196355,2732.747418,2732.941472,-0.4489370000001145,-0.2548830000000635,-0.351910000000089
2023-04-23 21:30:00,2733.201024,2732.747107,2732.944678,-0.4539169999998194,-0.2563460000001214,-0.3551314999999704
2023-04-23 21:45:00,2733.198105,2732.750648,2732.940176,-0.4474569999997584,-0.2579289999998764,-0.3526929999998174
2023-04-23 22:00:00,2733.202193,2732.753486,2732.942085,-0.44870700000001307,-0.2601079999999456,-0.35440749999997934
2023-04-23 22:15:00,2733.197525,2732.752808,2732.937131,-0.44471699999985503,-0.26039399999990565,-0.35255549999988034
2023-04-23 22:30:00,2733.201024,2732.755727,2732.94005,-0.4452969999997549,-0.26097399999980553,-0.3531354999997802
2023-04-23 22:45:00,2733.197525,2732.757475,2732.943835,-0.4400500000001557,-0.25369000000000597,-0.34687000000008084
2023-04-23 23:00:00,2733.195775,2732.754289,2732.940336,-0.44148600000016813,-0.25543900000002395,-0.34846250000009604
2023-04-23 23:15:00,2733.199274,2732.754556,2732.942086,-0.44471800000019357,-0.25718800000004194,-0.35095300000011775
2023-04-23 23:30:00,2733.197525,2732.754288,2732.939597,-0.4432369999999537,-0.2579279999999926,-0.35058249999997315
2023-04-24 00:00:00,2733.196945,2732.752497,2732.942516,-0.44444800000019313,-0.25442900000007285,-0.349438500000133
2023-04-24 00:45:00,2733.196945,2732.751469,2732.940767,-0.44547600000032617,-0.25617800000009083,-0.3508270000002085
2023-04-24 01:00:00,2733.195196,2732.750747,2732.939201,-0.4444490000000769,-0.25599499999998443,-0.3502220000000307
2023-04-24 01:15:00,2733.195196,2732.751077,2732.937451,-0.44411900000022797,-0.25774500000034095,-0.35093200000028446
2023-04-24 01:30:00,2733.195785,2732.754967,2732.94095,-0.4408180000000357,-0.2548349999997299,-0.3478264999998828
2023-04-24 01:45:00,2733.196945,2732.757428,2732.945563,-0.43951700000025085,-0.2513819999999214,-0.3454495000000861
2023-04-24 02:15:00,2733.193446,2732.757214,2732.94802,-0.43623200000001816,-0.24542600000040693,-0.34082900000021255
2023-04-24 02:45:00,2733.195196,2732.756718,2732.945426,-0.4384780000000319,-0.24976999999989857,-0.34412399999996524
2023-04-24 03:00:00,2733.195196,2732.758198,2732.944703,-0.43699800000013056,-0.25049300000000585,-0.3437455000000682
2023-04-24 03:15:00,2733.191697,2732.754019,2732.941927,-0.4376780000002327,-0.24977000000035332,-0.343724000000293
2023-04-24 03:30:00,2733.194036,2732.751076,2732.938749,-0.44295999999985725,-0.25528699999995297,-0.3491234999999051
2023-04-24 03:45:00,2733.190537,2732.754307,2732.937453,-0.43622999999979584,-0.25308399999994435,-0.3446569999998701
2023-04-24 04:00:00,2733.194026,2732.749139,2732.937579,-0.44488700000010795,-0.2564470000002075,-0.3506670000001577
2023-04-24 04:30:00,2733.188198,2732.752539,2732.942954,-0.43565899999975954,-0.24524399999972957,-0.34045149999974456
2023-04-24 05:00:00,2733.195196,2732.755769,2732.946001,-0.4394270000002507,-0.24919500000032713,-0.3443110000002889
2023-04-24 05:30:00,2733.193446,2732.758508,2732.944705,-0.43493800000032934,-0.2487410000003365,-0.3418395000003329
2023-04-24 06:00:00,2733.191697,2732.756489,2732.944251,-0.4352080000003298,-0.24744600000030914,-0.34132700000031946
2023-04-24 06:15:00,2733.185279,2732.752187,2732.942502,-0.43309199999976045,-0.24277699999993274,-0.3379344999998466
2023-04-24 06:30:00,2733.192866,2732.756589,2732.945421,-0.43627699999979086,-0.2474449999999706,-0.34186099999988073
2023-04-24 06:45:00,2733.185279,2732.755418,2732.942216,-0.4298609999996188,-0.24306299999989278,-0.3364619999997558
2023-04-24 07:15:00,2733.18178,2732.753668,2732.939169,-0.42811200000005556,-0.24261099999966973,-0.33536149999986264
2023-04-24 08:00:00,2733.188198,2732.75151,2732.944253,-0.43668799999977637,-0.2439449999997123,-0.34031649999974434
2023-04-24 08:30:00,2733.185289,2732.75251,2732.940045,-0.43277900000020963,-0.24524400000018431,-0.339011500000197
2023-04-24 08:45:00,2733.186449,2732.752188,2732.938161,-0.43426099999987855,-0.2482879999997749,-0.34127449999982673
2023-04-24 10:00:00,2733.18354,2732.752508,2732.938297,-0.4310319999999592,-0.24524299999984578,-0.3381374999999025
2023-04-24 10:30:00,2733.179451,2732.75282,2732.93583,-0.4266309999998157,-0.24362100000007558,-0.33512599999994563
2023-04-24 13:15:00,2733.189947,2732.748957,2732.934374,-0.44099000000005617,-0.255572999999913,-0.3482814999999846
2023-04-24 13:30:00,2733.193446,2732.747747,2732.936123,-0.4456990000003316,-0.25732300000026953,-0.35151100000030056
2023-04-24 13:45:00,2733.198115,2732.749988,2732.93859,-0.4481270000001132,-0.2595249999999396,-0.3538260000000264
2023-04-24 14:15:00,2733.200444,2732.745319,2732.936538,-0.4551249999999527,-0.26390600000013364,-0.3595155000000432
2023-04-24 14:30:00,2733.196365,2732.745276,2732.941206,-0.45108899999968344,-0.2551589999998214,-0.3531239999997524
2023-04-24 14:45:00,2733.205112,2732.739888,2732.93641,-0.4652240000000347,-0.2687020000003031,-0.3669630000001689
2023-04-24 15:00:00,2733.209781,2732.739578,2732.939887,-0.4702029999998558,-0.26989400000002206,-0.37004849999993894
2023-04-24 15:15:00,2733.201034,2732.738588,2732.93684,-0.4624459999999999,-0.264194000000316,-0.36332000000015796
2023-04-24 15:30:00,2733.206862,2732.731228,2732.936968,-0.47563399999989997,-0.26989400000002206,-0.372763999999961
2023-04-24 15:45:00,2733.209771,2732.731997,2732.939003,-0.47777399999995396,-0.2707679999998618,-0.37427099999990787
2023-04-24 16:00:00,2733.206272,2732.735226,2732.93742,-0.4710460000001149,-0.268851999999697,-0.36994899999990594
2023-04-24 16:15:00,2733.206282,2732.737788,2732.933794,-0.4684940000001916,-0.2724880000000667,-0.37049100000012913
2023-04-24 17:00:00,2733.217348,2732.743518,2732.93975,-0.47382999999990716,-0.27759800000012547,-0.3757140000000163
2023-04-24 17:15:00,2733.214439,2732.739627,2732.938,-0.47481199999992896,-0.27643899999975474,-0.37562549999984185
2023-04-24 17:30:00,2733.209781,2732.734149,2732.938137,-0.4756320000001324,-0.27164399999992384,-0.3736380000000281
2023-04-24 17:45:00,2733.215019,2732.736978,2732.941764,-0.47804100000030303,-0.27325500000006286,-0.37564800000018295
2023-04-24 18:00:00,2733.21094,2732.738149,2732.940627,-0.47279100000014296,-0.27031299999998737,-0.37155200000006516
2023-04-24 18:15:00,2733.216188,2732.743495,2732.940214,-0.47269299999970826,-0.2759739999996782,-0.37433349999969323
2023-04-24 18:30:00,2733.21269,2732.742057,2732.939044,-0.47063299999990704,-0.2736459999996441,-0.3721394999997756
2023-04-24 18:45:00,2733.206282,2732.740039,2732.936841,-0.46624300000030416,-0.2694409999999152,-0.3678420000001097
2023-04-24 19:00:00,2733.215599,2732.744698,2732.938453,-0.4709010000001399,-0.2771459999999024,-0.37402350000002116
2023-04-24 19:15:00,2733.209191,2732.747839,2732.940204,-0.46135199999980614,-0.2689869999999246,-0.36516949999986537
2023-04-24 19:30:00,2733.21094,2732.74384,2732.938034,-0.46709999999984575,-0.2729060000001482,-0.370002999999997
2023-04-24 19:45:00,2733.209191,2732.74352,2732.937157,-0.46567099999992934,-0.27203400000007605,-0.3688525000000027
2023-04-24 20:00:00,2733.215599,2732.745001,2732.939752,-0.47059800000033647,-0.27584699999988516,-0.3732225000001108
2023-04-24 20:15:00,2733.209191,2732.746481,2732.938455,-0.4627099999997881,-0.2707359999999426,-0.36672299999986535
2023-04-24 20:30:00,2733.21094,2732.748552,2732.941081,-0.462387999999919,-0.26985899999999674,-0.36612349999995786
2023-04-24 20:45:00,2733.209191,2732.7465,2732.942377,-0.4626909999997224,-0.2668140000000676,-0.364752499999895
2023-04-24 21:00:00,2733.202783,2732.747892,2732.938465,-0.4548910000003161,-0.26431800000000294,-0.35960450000015953
2023-04-24 21:15:00,2733.208021,2732.751433,2732.937295,-0.45658800000001065,-0.27072599999974045,-0.36365699999987555
2023-04-24 21:30:00,2733.204522,2732.751163,2732.937297,-0.45335900000009133,-0.2672250000000531,-0.3602920000000722
2023-04-24 21:45:00,2733.203353,2732.750762,2732.936867,-0.4525909999997566,-0.26648599999998623,-0.3595384999998714
2023-04-24 22:00:00,2733.215609,2732.752504,2732.940502,-0.463104999999814,-0.2751069999999345,-0.36910599999987426
2023-04-24 22:15:00,2733.208601,2732.758972,2732.942114,-0.4496289999997316,-0.26648699999987,-0.3580579999998008
2023-04-24 22:30:00,2733.21152,2732.756911,2732.942092,-0.45460899999989124,-0.26942800000006173,-0.3620184999999765
2023-04-24 22:45:00,2733.204522,2732.757624,2732.940342,-0.44689800000014657,-0.264180000000124,-0.3555390000001353
2023-04-24 23:00:00,2733.209771,2732.759372,2732.940796,-0.4503989999998339,-0.2689749999999549,-0.3596869999998944
2023-04-24 23:15:00,2733.208021,2732.758962,2732.942832,-0.44905900000003385,-0.26518899999973655,-0.3571239999998852
2023-04-24 23:30:00,2733.202773,2732.753983,2732.939785,-0.4487899999999172,-0.26298799999995026,-0.35588899999993373
2023-04-25 00:00:00,2733.209771,2732.756723,2732.940795,-0.45304799999985335,-0.2689759999998387,-0.361011999999846
2023-04-25 00:15:00,2733.202773,2732.756944,2732.937296,-0.445828999999776,-0.2654769999999189,-0.35565299999984745
2023-04-25 00:30:00,2733.202783,2732.759372,2732.943262,-0.4434110000001965,-0.25952100000040446,-0.3514660000003005
2023-04-25 00:45:00,2733.201613,2732.755384,2732.941084,-0.4462290000001303,-0.26052900000013324,-0.3533790000001318
2023-04-25 01:00:00,2733.206852,2732.758203,2732.941664,-0.44864899999993213,-0.26518799999985276,-0.35691849999989245
2023-04-25 01:30:00,2733.208021,2732.762602,2732.940797,-0.445419000000129,-0.2672239999997146,-0.3563214999999218
2023-04-25 01:45:00,2733.205692,2732.761522,2732.943254,-0.4441700000002129,-0.262438000000202,-0.35330400000020745
2023-04-25 02:00:00,2733.207441,2732.763002,2732.938187,-0.4444389999998748,-0.2692539999998189,-0.35684649999984686
2023-04-25 02:15:00,2733.205112,2732.760942,2732.940654,-0.4441700000002129,-0.2644580000001042,-0.35431400000015856
2023-04-25 02:30:00,2733.203943,2732.762993,2732.943701,-0.44095000000015716,-0.26024199999983466,-0.3505959999999959
2023-04-25 02:45:00,2733.208611,2732.764474,2732.945721,-0.44413699999995515,-0.2628899999999703,-0.35351349999996273
2023-04-25 03:00:00,2733.206862,2732.761245,2732.944997,-0.4456169999998565,-0.2618649999999434,-0.35374099999989994
2023-04-25 03:30:00,2733.202193,2732.758014,2732.940925,-0.4441790000000765,-0.2612680000002001,-0.3527235000001383
2023-04-25 04:15:00,2733.205112,2732.762725,2732.939629,-0.4423870000000534,-0.26548300000013114,-0.35393500000009226
2023-04-25 04:30:00,2733.195775,2732.763715,2732.941505,-0.43206000000009226,-0.2542700000003606,-0.34316500000022643
2023-04-25 05:00:00,2733.208611,2732.767214,2732.941831,-0.4413970000000518,-0.2667799999999261,-0.3540884999999889
2023-04-25 05:15:00,2733.200444,2732.765463,2732.944424,-0.4349809999998797,-0.25602000000026237,-0.34550050000007104
2023-04-25 05:45:00,2733.201613,2732.767394,2732.944298,-0.43421900000021196,-0.25731500000028973,-0.34576700000025085
2023-04-25 06:00:00,2733.203363,2732.768875,2732.945594,-0.43448799999987386,-0.25776900000028036,-0.3461285000000771
2023-04-25 06:30:00,2733.203363,2732.765644,2732.948639,-0.4377190000000155,-0.2547239999998965,-0.346221499999956
2023-04-25 07:00:00,2733.202193,2732.767972,2732.947923,-0.43422099999997954,-0.25426999999990585,-0.3442454999999427
2023-04-25 07:15:00,2733.205112,2732.769453,2732.944878,-0.4356590000002143,-0.2602340000003096,-0.34794650000026195
2023-04-25 07:30:00,2733.203943,2732.767712,2732.940662,-0.4362310000001344,-0.2632810000000063,-0.34975600000007034
2023-04-25 07:45:00,2733.195196,2732.767704,2732.943127,-0.42749200000025667,-0.25206900000011956,-0.3397805000001881
2023-04-25 08:00:00,2733.199274,2732.765962,2732.941959,-0.4333120000001145,-0.257314999999835,-0.34531349999997474
2023-04-25 08:45:00,2733.194616,2732.765515,2732.938596,-0.42910100000017337,-0.25602000000026237,-0.34256050000021787
2023-04-25 09:15:00,2733.195775,2732.769414,2732.944552,-0.42636100000027,-0.25122300000020914,-0.33879200000023957
2023-04-25 09:45:00,2733.196365,2732.764035,2732.940799,-0.43232999999963795,-0.255565999999817,-0.34394799999972747
2023-04-25 10:00:00,2733.192866,2732.765784,2732.943392,-0.4270819999997002,-0.2494739999997364,-0.3382779999997183
2023-04-25 10:30:00,2733.196365,2732.764033,2732.942095,-0.4323319999998603,-0.25426999999990585,-0.34330099999988306
2023-04-25 10:45:00,2733.192866,2732.762285,2732.940347,-0.4305810000000747,-0.25251899999966554,-0.3415499999998701
2023-04-25 11:45:00,2733.195785,2732.765514,2732.943678,-0.4302709999997205,-0.25210699999979624,-0.3411889999997584
2023-04-25 12:00:00,2733.193446,2732.764345,2732.940927,-0.42910100000017337,-0.2525190000001203,-0.34081000000014683
2023-04-25 12:45:00,2733.194026,2732.761965,2732.943256,-0.43206099999997605,-0.2507700000001023,-0.3414155000000392
2023-04-25 13:00:00,2733.194026,2732.766264,2732.938191,-0.4277620000002571,-0.25583499999993364,-0.3417985000000954
2023-04-25 13:15:00,2733.198694,2732.768424,2732.939359,-0.4302700000002915,-0.25933500000019194,-0.3448025000002417
2023-04-25 14:15:00,2733.198694,2732.758734,2732.93761,-0.43996000000015556,-0.2610840000002099,-0.35052200000018274
2023-04-25 14:30:00,2733.199864,2732.763734,2732.940529,-0.4361300000000483,-0.25933500000019194,-0.3477325000001201
2023-04-25 15:00:00,2733.201024,2732.761663,2732.946031,-0.4393609999997352,-0.2549930000000131,-0.34717699999987417
2023-04-25 15:15:00,2733.201613,2732.760805,2732.939789,-0.4408080000002883,-0.2618240000001606,-0.35131600000022445
2023-04-25 15:30:00,2733.194606,2732.763446,2732.939201,-0.4311600000000908,-0.2554049999998824,-0.3432824999999866
2023-04-25 15:45:00,2733.199854,2732.761206,2732.940209,-0.43864799999983006,-0.2596450000000914,-0.3491464999999607
2023-04-25 16:00:00,2733.197525,2732.762375,2732.942675,-0.43515000000024884,-0.2548500000002605,-0.34500000000025466
2023-04-25 16:15:00,2733.201024,2732.765295,2732.943129,-0.4357289999998102,-0.25789499999973486,-0.3468119999997725
2023-06-03 19:45:00,2733.101897,2732.732021,2732.88229,-0.36987600000020393,-0.21960699999999633,-0.29474150000010013
2023-06-03 20:00:00,2733.101897,2732.73525,2732.880993,-0.36664699999982986,-0.22090399999979127,-0.29377549999981056
2023-06-03 21:00:00,2733.098978,2732.737702,2732.88287,-0.36127600000008897,-0.21610800000007657,-0.28869200000008277
2023-06-03 21:15:00,2733.102477,2732.739943,2732.881573,-0.3625339999998687,-0.22090399999979127,-0.29171899999983
2023-06-03 21:30:00,2733.098978,2732.741423,2732.882869,-0.3575550000000476,-0.21610899999996036,-0.286832000000004
2023-06-03 22:00:00,2733.100728,2732.743184,2732.879385,-0.35754399999996167,-0.22134299999970608,-0.2894434999998339
2023-06-03 22:15:00,2733.097809,2732.745922,2732.878215,-0.351886999999806,-0.2195939999996881,-0.28574049999974704
2023-06-03 22:30:00,2733.098978,2732.747092,2732.881565,-0.3518859999999222,-0.2174129999998513,-0.28464949999988676
2023-06-03 22:45:00,2733.098978,2732.746413,2732.884612,-0.35256500000014057,-0.2143660000001546,-0.2834655000001476
2023-06-03 23:15:00,2733.097819,2732.741434,2732.881422,-0.3563850000000457,-0.21639700000014273,-0.2863910000000942
2023-06-03 23:30:00,2733.097819,2732.736722,2732.884469,-0.36109699999997247,-0.21334999999999127,-0.28722349999998187
2023-06-03 23:45:00,2733.104227,2732.739953,2732.883172,-0.3642740000000231,-0.22105499999997846,-0.29266450000000077
2023-06-04 00:00:00,2733.101887,2732.744342,2732.884332,-0.35754499999984546,-0.21755499999972017,-0.2875499999997828
2023-06-04 00:30:00,2733.098978,2732.741432,2732.880555,-0.357546000000184,-0.21842299999980241,-0.2879844999999932
2023-06-04 00:45:00,2733.100728,2732.744663,2732.878805,-0.3560649999999441,-0.2219230000000607,-0.2889940000000024
2023-06-04 01:00:00,2733.100728,2732.750634,2732.881135,-0.3500939999998991,-0.2195929999998043,-0.2848434999998517
2023-06-04 01:45:00,2733.100728,2732.74609,2732.882295,-0.3546379999997953,-0.21843300000000454,-0.2865354999998999
2023-06-04 02:15:00,2733.098978,2732.745823,2732.880545,-0.35315499999978783,-0.21843300000000454,-0.2857939999998962
2023-06-04 02:30:00,2733.101887,2732.74434,2732.883592,-0.35754699999961304,-0.21829499999967084,-0.28792099999964194
2023-06-04 02:45:00,2733.101887,2732.749321,2732.885342,-0.35256600000002436,-0.21654499999976906,-0.2845554999998967
2023-06-04 03:00:00,2733.100728,2732.749642,2732.883315,-0.3510859999996683,-0.2174129999998513,-0.2842494999997598
2023-06-04 04:45:00,2733.101887,2732.748559,2732.882295,-0.3533279999996921,-0.21959199999992052,-0.2864599999998063
2023-06-04 05:00:00,2733.102477,2732.744167,2732.881135,-0.35831000000007407,-0.2213419999998223,-0.2898259999999482
2023-06-04 05:45:00,2733.105386,2732.751788,2732.880999,-0.3535980000001473,-0.22438700000020617,-0.28899250000017673
2023-06-04 06:00:00,2733.107136,2732.743848,2732.884045,-0.3632880000000114,-0.22309100000029503,-0.2931895000001532
2023-06-04 06:15:00,2733.103637,2732.747567,2732.883465,-0.35607000000027256,-0.22017200000027515,-0.28812100000027385
2023-06-04 06:30:00,2733.099568,2732.752787,2732.882305,-0.34678100000019185,-0.21726300000000265,-0.28202200000009725
2023-06-04 06:45:00,2733.098978,2732.747887,2732.880555,-0.3510909999999967,-0.21842299999980241,-0.28475699999989956
2023-06-04 07:15:00,2733.101308,2732.756767,2732.882885,-0.3445409999999356,-0.21842299999980241,-0.281481999999869
2023-06-04 07:30:00,2733.097809,2732.756497,2732.87634,-0.34131200000001627,-0.22146900000007008,-0.2813905000000432
2023-06-04 07:45:00,2733.098389,2732.761787,2732.87692,-0.3366020000003118,-0.22146900000007008,-0.27903550000019095
2023-06-04 08:00:00,2733.101308,2732.765427,2732.879514,-0.3358809999999721,-0.2217939999995906,-0.27883749999978136
2023-06-04 08:15:00,2733.098978,2732.750936,2732.877511,-0.3480420000000777,-0.22146699999984776,-0.2847544999999627
2023-06-04 08:30:00,2733.100728,2732.748795,2732.878807,-0.35193299999991723,-0.2219209999998384,-0.2869269999998778
2023-06-04 08:45:00,2733.09548,2732.757887,2732.879093,-0.33759299999974246,-0.2163869999999406,-0.27698999999984153
2023-06-04 09:00:00,2733.097229,2732.786568,2732.877796,-0.31066099999998187,-0.21943299999975352,-0.2650469999998677
2023-06-04 09:15:00,2733.09548,2732.787558,2732.877057,-0.3079219999999623,-0.21842299999980241,-0.26317249999988235
2023-06-04 09:30:00,2733.100148,2732.771709,2732.877058,-0.32843899999988935,-0.2230899999999565,-0.2757644999999229
2023-06-04 09:45:00,2733.100138,2732.750934,2732.881263,-0.349203999999645,-0.21887499999957072,-0.28403949999960787
2023-06-04 10:00:00,2733.096639,2732.750665,2732.880809,-0.3459739999998419,-0.2158299999996416,-0.28090199999974175
2023-06-04 10:15:00,2733.100138,2732.753575,2732.878216,-0.3465629999996054,-0.22192199999972217,-0.2842424999996638
2023-06-04 10:45:00,2733.096639,2732.738512,2732.88081,-0.35812699999996767,-0.2158289999997578,-0.28697799999986273
2023-06-04 11:00:00,2733.096639,2732.739583,2732.879513,-0.3570559999998295,-0.21712600000000748,-0.2870909999999185
2023-06-04 11:15:00,2733.096059,2732.741733,2732.878933,-0.35432600000012826,-0.21712600000000748,-0.28572600000006787
2023-06-04 11:30:00,2733.098389,2732.739584,2732.876466,-0.35880500000030224,-0.2219230000000607,-0.2903640000001815
2023-06-04 11:45:00,2733.096639,2732.737833,2732.877763,-0.3588059999997313,-0.21887599999990925,-0.28884099999982027
2023-06-04 12:15:00,2733.097809,2732.740665,2732.875887,-0.3571440000000621,-0.22192199999972217,-0.2895329999998921
2023-06-04 12:30:00,2733.103057,2732.743894,2732.879385,-0.35916299999962575,-0.22367199999962395,-0.29141749999962485
2023-06-04 12:45:00,2733.098389,2732.741744,2732.877762,-0.35664500000029875,-0.22062700000014956,-0.28863600000022416
2023-06-04 13:00:00,2733.100148,2732.742334,2732.877055,-0.3578139999999621,-0.2230930000000626,-0.29045350000001235
2023-06-04 13:15:00,2733.097229,2732.740584,2732.877342,-0.356644999999844,-0.21988699999974415,-0.2882659999997941
2023-06-04 13:30:00,2733.098978,2732.743485,2732.876498,-0.35549300000002404,-0.22247999999990498,-0.2889864999999645
2023-06-04 13:45:00,2733.098389,2732.740263,2732.873871,-0.3581260000000839,-0.22451800000044386,-0.29132200000026387
2023-06-04 14:00:00,2733.100138,2732.737336,2732.873131,-0.3628019999996468,-0.22700699999995777,-0.2949044999998023
2023-06-04 14:15:00,2733.098389,2732.738817,2732.876465,-0.35957200000029843,-0.22192400000039925,-0.29074800000034884
2023-06-04 14:45:00,2733.097809,2732.740666,2732.875885,-0.35714299999972354,-0.2219239999999445,-0.289533499999834
2023-06-04 15:30:00,2733.0949,2732.740979,2732.876463,-0.35392099999990023,-0.21843699999999444,-0.28617899999994734
2023-06-04 15:45:00,2733.096069,2732.740668,2732.877633,-0.3554010000002563,-0.21843600000011065,-0.2869185000001835
2023-06-04 16:00:00,2733.096069,2732.735688,2732.873865,-0.3603809999999612,-0.22220400000014706,-0.29129250000005413
2023-06-04 16:15:00,2733.098978,2732.733136,2732.875883,-0.365842000000157,-0.22309499999983018,-0.2944684999999936
2023-06-04 16:45:00,2733.098978,2732.73645,2732.873863,-0.3625280000001112,-0.22511500000018714,-0.29382150000014917
2023-06-04 17:00:00,2733.0949,2732.73676,2732.871666,-0.3581400000002759,-0.22323400000004767,-0.2906870000001618
2023-06-04 17:30:00,2733.097819,2732.738511,2732.877633,-0.35930800000005547,-0.22018600000001243,-0.28974700000003395
2023-06-04 18:00:00,2733.096069,2732.741744,2732.87691,-0.35432500000024447,-0.21915900000021793,-0.2867420000002312
2023-06-04 18:15:00,2733.097819,2732.736271,2732.878206,-0.361547999999857,-0.21961300000020856,-0.29058050000003277
2023-06-04 18:30:00,2733.099568,2732.740983,2732.876909,-0.3585849999999482,-0.22265900000002148,-0.29062199999998484
2023-06-04 18:45:00,2733.09432,2732.738515,2732.873862,-0.3558050000001458,-0.2204580000002352,-0.2881315000001905
2023-06-04 19:00:00,2733.097819,2732.740675,2732.875612,-0.3571440000000621,-0.22220700000025317,-0.2896755000001576
2023-06-04 19:15:00,2733.097819,2732.737713,2732.874316,-0.3601060000000871,-0.22350300000016432,-0.2918045000001257
2023-06-04 19:30:00,2733.09432,2732.737444,2732.872565,-0.35687600000028397,-0.22175500000003012,-0.28931550000015704
2023-06-04 19:45:00,2733.101318,2732.740944,2732.878658,-0.3603739999998652,-0.22265999999990527,-0.29151699999988523
2023-06-04 20:00:00,2733.09432,2732.737525,2732.874585,-0.3567950000001474,-0.2197350000001279,-0.28826500000013766
2023-06-04 20:30:00,2733.097809,2732.734876,2732.875594,-0.3629329999998845,-0.22221499999977823,-0.29257399999983136
2023-06-04 20:45:00,2733.101308,2732.743495,2732.877343,-0.35781299999962357,-0.22396499999968,-0.2908889999996518
2023-06-04 21:00:00,2733.098389,2732.740005,2732.871377,-0.3583840000001146,-0.2270120000002862,-0.2926980000002004
2023-06-04 21:15:00,2733.096639,2732.741756,2732.875164,-0.3548829999999725,-0.22147499999982756,-0.28817899999990004
2023-06-04 21:30:00,2733.097229,2732.740595,2732.875301,-0.3566339999997581,-0.2219279999999344,-0.28928099999984624
2023-06-04 21:45:00,2733.097229,2732.738435,2732.874871,-0.3587939999997616,-0.22235799999998562,-0.2905759999998736
2023-06-04 22:15:00,2733.097809,2732.735186,2732.874423,-0.36262299999998504,-0.2233859999996639,-0.2930044999998245
2023-06-04 22:30:00,2733.097809,2732.736937,2732.878211,-0.36087199999974473,-0.219597999999678,-0.29023499999971136
2023-06-04 23:00:00,2733.096059,2732.738687,2732.87922,-0.3573719999999412,-0.21683900000016365,-0.2871055000000524
2023-06-04 23:30:00,2733.099558,2732.739865,2732.874876,-0.35969299999987925,-0.2246820000000298,-0.2921874999999545
2023-06-04 23:45:00,2733.099558,2732.743397,2732.877923,-0.35616099999970174,-0.22163499999987835,-0.28889799999979004
2023-06-05 00:00:00,2733.098978,2732.741336,2732.88039,-0.3576419999999416,-0.21858800000018164,-0.2881150000000616
2023-06-05 00:15:00,2733.098978,2732.739096,2732.877343,-0.3598820000001979,-0.22163499999987835,-0.2907585000000381
2023-06-05 01:00:00,2733.102477,2732.742597,2732.879093,-0.35987999999997555,-0.22338399999989633,-0.29163199999993594
2023-06-05 01:30:00,2733.102477,2732.741607,2732.880843,-0.36086999999997715,-0.22163399999999456,-0.29125199999998586
2023-06-05 02:15:00,2733.102477,2732.745825,2732.876501,-0.35665199999994,-0.22597599999971862,-0.2913139999998293
2023-06-05 02:45:00,2733.097229,2732.741933,2732.875779,-0.35529600000018036,-0.22145000000000437,-0.28837300000009236
2023-06-05 03:00:00,2733.097229,2732.740185,2732.87228,-0.3570439999998598,-0.22494899999992413,-0.29099649999989197
2023-06-05 03:15:00,2733.101897,2732.739872,2732.879542,-0.36202499999990323,-0.2223549999998795,-0.29218999999989137
2023-06-05 03:30:00,2733.098399,2732.741353,2732.876496,-0.35704600000008213,-0.2219030000001112,-0.28947450000009667
2023-06-05 03:45:00,2733.097229,2732.740183,2732.87403,-0.35704600000008213,-0.22319900000002235,-0.29012250000005224
2023-06-05 04:00:00,2733.098978,2732.740943,2732.877077,-0.35803500000019994,-0.22190099999988888,-0.2899680000000444
2023-06-05 04:15:00,2733.100728,2732.744894,2732.87605,-0.3558339999999589,-0.2246780000000399,-0.2902559999999994
2023-06-05 04:30:00,2733.100728,2732.745164,2732.879097,-0.35556399999995847,-0.22163099999988845,-0.28859749999992346
2023-06-05 05:00:00,2733.100728,2732.744565,2732.8778,-0.35616299999992407,-0.22292799999968338,-0.2895454999998037
2023-06-05 05:30:00,2733.100728,2732.743805,2732.880394,-0.35692299999982424,-0.2203340000000935,-0.2886284999999589
2023-06-05 05:45:00,2733.097809,2732.741154,2732.877927,-0.35665500000004613,-0.21988199999987046,-0.2882684999999583
2023-06-05 06:00:00,2733.101308,2732.740164,2732.87488,-0.3611439999999675,-0.22642799999994168,-0.2937859999999546
2023-06-05 06:30:00,2733.101308,2732.744072,2732.879677,-0.3572359999998298,-0.22163099999988845,-0.2894334999998591
2023-06-05 06:45:00,2733.101308,2732.744873,2732.877929,-0.3564349999996921,-0.2233789999995679,-0.28990699999963
2023-06-05 07:00:00,2733.097809,2732.741643,2732.876179,-0.3561660000000302,-0.22163000000000466,-0.2888980000000174
2023-06-05 07:15:00,2733.0949,2732.738734,2732.872712,-0.3561660000000302,-0.22218800000018746,-0.2891770000001088
2023-06-05 07:30:00,2733.104816,2732.742233,2732.874462,-0.36258300000008603,-0.23035399999980655,-0.2964684999999463
2023-06-05 07:45:00,2733.097819,2732.741661,2732.875759,-0.3561580000000504,-0.22206000000005588,-0.28910900000005313
2023-06-05 08:00:00,2733.098399,2732.73901,2732.873292,-0.359389000000192,-0.2251069999997526,-0.2922479999999723
2023-06-05 08:30:00,2733.096649,2732.73874,2732.871542,-0.3579090000002907,-0.22510700000020734,-0.291508000000249
2023-06-05 08:45:00,2733.0949,2732.740221,2732.873293,-0.35467900000003283,-0.22160699999994904,-0.28814299999999093
2023-06-05 10:00:00,2733.09548,2732.73551,2732.87284,-0.3599699999999757,-0.22263999999995576,-0.29130499999996573
2023-06-05 10:45:00,2733.09373,2732.73699,2732.869794,-0.3567400000001726,-0.2239359999998669,-0.29033800000001975
2023-06-05 11:30:00,2733.096649,2732.73443,2732.873556,-0.36221900000009555,-0.2230930000000626,-0.2926560000000791
2023-06-05 11:45:00,2733.100148,2732.737931,2732.875019,-0.3622169999998732,-0.22512899999992442,-0.2936729999998988
2023-06-05 12:00:00,2733.096649,2732.735501,2732.871519,-0.3611479999999574,-0.22513000000026295,-0.2931390000001102
2023-06-05 12:15:00,2733.096059,2732.736661,2732.875726,-0.3593980000000556,-0.22033299999975497,-0.2898654999999053
2023-06-05 12:45:00,2733.09548,2732.73403,2732.874136,-0.36144999999987704,-0.22134400000004462,-0.2913969999999608
2023-06-05 13:00:00,2733.096649,2732.73578,2732.870803,-0.36086900000009337,-0.22584600000027422,-0.2933575000001838
2023-06-05 13:15:00,2733.097229,2732.735102,2732.875887,-0.3621269999998731,-0.2213419999998223,-0.2917344999998477
2023-06-05 13:30:00,2733.0949,2732.739503,2732.87401,-0.3553970000002664,-0.220890000000054,-0.2881435000001602
2023-06-05 13:45:00,2733.097819,2732.735201,2732.870963,-0.36261800000011135,-0.22685600000022532,-0.29473700000016834
2023-06-05 14:00:00,2733.101897,2732.741932,2732.877509,-0.359965000000102,-0.22438800000008996,-0.292176500000096
2023-06-05 14:30:00,2733.096649,2732.736541,2732.877055,-0.36010799999985466,-0.21959400000014284,-0.28985099999999875
2023-06-05 14:45:00,2733.0949,2732.736953,2732.871973,-0.3579469999999674,-0.22292700000025434,-0.29043700000011086
2023-06-05 15:00:00,2733.098399,2732.752035,2732.873269,-0.3463639999999941,-0.2251299999998082,-0.28574699999990116
2023-06-05 15:15:00,2733.0949,2732.792173,2732.875018,-0.3027270000002318,-0.21988199999987046,-0.2613045000000511
2023-06-05 15:30:00,2733.099558,2732.743806,2732.873131,-0.35575199999993856,-0.2264270000000579,-0.2910894999999982
2023-06-05 15:45:00,2733.096059,2732.750268,2732.875455,-0.34579100000019025,-0.22060400000009395,-0.2831975000001421
2023-06-05 16:00:00,2733.097229,2732.744566,2732.873578,-0.3526630000001205,-0.22365099999979066,-0.2881569999999556
2023-06-05 16:45:00,2733.09548,2732.718643,2732.874875,-0.3768369999997958,-0.22060499999997774,-0.29872099999988677
2023-06-05 17:00:00,2733.09548,2732.731974,2732.871828,-0.3635060000001431,-0.2236520000001292,-0.29357900000013615
2023-06-05 18:00:00,2733.097229,2732.739097,2732.870531,-0.35813199999984136,-0.2266979999999421,-0.29241499999989173
2023-06-05 18:15:00,2733.098399,2732.709365,2732.872998,-0.3890339999998105,-0.22540100000014718,-0.3072174999999788
2023-06-05 18:30:00,2733.098978,2732.716895,2732.871827,-0.382082999999966,-0.22715100000004895,-0.30461700000000747
2023-06-05 18:45:00,2733.096059,2732.731976,2732.87053,-0.3640829999999369,-0.225528999999824,-0.29480599999988044
2023-06-05 19:15:00,2733.097229,2732.717968,2732.873577,-0.37926100000004226,-0.2236520000001292,-0.3014565000000857
2023-06-05 19:30:00,2733.09548,2732.719716,2732.874874,-0.3757639999998901,-0.22060599999986152,-0.2981849999998758
2023-06-05 19:45:00,2733.097809,2732.718647,2732.873704,-0.3791619999997238,-0.22410499999978128,-0.30163349999975253
2023-06-05 20:00:00,2733.097809,2732.725107,2732.87138,-0.3727019999996628,-0.22642899999982546,-0.29956549999974413
2023-06-05 20:30:00,2733.098978,2732.73488,2732.873003,-0.3640980000000127,-0.22597499999983484,-0.29503649999992376
2023-06-05 20:45:00,2733.098978,2732.727267,2732.875327,-0.3717109999997774,-0.22365099999979066,-0.29768099999978404
2023-06-05 21:00:00,2733.097809,2732.721878,2732.875453,-0.3759310000000369,-0.2223559999997633,-0.2991434999999001
2023-06-05 21:30:00,2733.099558,2732.728998,2732.874879,-0.37055999999984124,-0.2246789999999237,-0.29761949999988246
2023-06-05 21:45:00,2733.096649,2732.726857,2732.873721,-0.36979199999996126,-0.22292800000013813,-0.2963600000000497
2023-06-05 22:00:00,2733.096649,2732.733049,2732.874008,-0.36360000000013315,-0.2226410000002943,-0.2931205000002137
2023-06-05 22:15:00,2733.096649,2732.735379,2732.873291,-0.36126999999987675,-0.22335800000018935,-0.29231400000003305
2023-06-05 22:30:00,2733.09548,2732.734799,2732.874588,-0.36068100000011327,-0.22089199999982156,-0.2907864999999674
2023-06-05 23:00:00,2733.098399,2732.731428,2732.875041,-0.36697099999992133,-0.22335800000018935,-0.29516450000005534
2023-06-05 23:15:00,2733.098399,2732.730847,2732.876211,-0.36755200000015975,-0.22218800000018746,-0.2948700000001736
2023-06-05 23:30:00,2733.098399,2732.726179,2732.872431,-0.3722200000001976,-0.22596800000019357,-0.2990940000001956
2023-06-05 23:45:00,2733.096649,2732.732148,2732.876338,-0.3645010000000184,-0.2203110000000379,-0.29240600000002814
2023-06-06 00:15:00,2733.099568,2732.732328,2732.871414,-0.367240000000038,-0.22815399999990404,-0.297696999999971
2023-06-06 00:30:00,2733.099568,2732.734078,2732.871127,-0.3654900000001362,-0.22844100000020262,-0.2969655000001694
2023-06-06 00:45:00,2733.101318,2732.735068,2732.877508,-0.3662500000000364,-0.22380999999995765,-0.295029999999997
2023-06-06 01:00:00,2733.101308,2732.737709,2732.875621,-0.3635989999997946,-0.22568699999965247,-0.29464299999972354
2023-06-06 01:15:00,2733.099558,2732.734478,2732.876918,-0.3650800000000345,-0.22263999999995576,-0.2938599999999951
2023-06-06 01:45:00,2733.099558,2732.732997,2732.876633,-0.3665609999998196,-0.22292500000003201,-0.2947429999999258
2023-06-06 02:00:00,2733.099558,2732.735959,2732.874882,-0.3635989999997946,-0.22467599999981758,-0.2941374999998061
2023-06-06 02:45:00,2733.101308,2732.736228,2732.875336,-0.36507999999957974,-0.22597199999972872,-0.29552599999965423
2023-06-06 03:30:00,2733.096059,2732.733709,2732.871835,-0.3623499999998785,-0.22422400000004927,-0.2932869999999639
2023-06-06 03:45:00,2733.098978,2732.741338,2732.876053,-0.35764000000017404,-0.22292500000003201,-0.290282500000103
2023-06-06 04:00:00,2733.09548,2732.737617,2732.874033,-0.35786300000017945,-0.22144699999989825,-0.28965500000003885
2023-06-06 04:15:00,2733.100148,2732.742018,2732.87825,-0.3581300000000738,-0.22189799999978277,-0.2900139999999283
2023-06-06 04:30:00,2733.098978,2732.739098,2732.874035,-0.35987999999997555,-0.22494300000016665,-0.2924115000000711
2023-06-06 04:45:00,2733.100148,2732.738126,2732.875203,-0.3620219999997971,-0.22494499999993423,-0.29348349999986567
2023-06-06 05:00:00,2733.098978,2732.733315,2732.871998,-0.3656630000000405,-0.22697999999991225,-0.29632149999997637
2023-06-06 05:45:00,2733.096059,2732.731466,2732.873134,-0.3645929999997861,-0.22292500000003201,-0.29375899999990907
2023-06-06 06:00:00,2733.097809,2732.733707,2732.874884,-0.3641020000000026,-0.22292500000003201,-0.2935135000000173
2023-06-06 06:15:00,2733.098978,2732.741337,2732.874757,-0.35764100000005783,-0.22422099999994316,-0.2909310000000005
2023-06-06 06:30:00,2733.100728,2732.747717,2732.876054,-0.35301099999969665,-0.22467400000005,-0.2888424999998733
2023-06-06 06:45:00,2733.096059,2732.750847,2732.86807,-0.34521200000017416,-0.22798899999997957,-0.28660050000007686
2023-06-06 07:15:00,2733.099558,2732.744878,2732.869818,-0.3546799999999166,-0.22973999999976513,-0.2922099999998409
2023-06-06 07:30:00,2733.096059,2732.749506,2732.871115,-0.346552999999858,-0.22494400000005044,-0.2857484999999542
2023-06-06 07:45:00,2733.09431,2732.752737,2732.867042,-0.3415730000001531,-0.22726800000009462,-0.28442050000012387
2023-06-06 08:30:00,2733.09315,2732.736496,2732.870226,-0.35665400000016234,-0.22292400000014823,-0.2897890000001553
2023-06-06 08:45:00,2733.096059,2732.754976,2732.872683,-0.34108299999979863,-0.22337599999991653,-0.2822294999998576
2023-06-06 09:00:00,2733.0949,2732.755976,2732.868929,-0.3389240000001337,-0.22597099999984493,-0.2824474999999893
2023-06-06 09:15:00,2733.09431,2732.764586,2732.868339,-0.3297240000001693,-0.22597099999984493,-0.27784750000000713
2023-06-06 09:30:00,2733.09431,2732.737654,2732.86834,-0.3566559999999299,-0.22596999999996115,-0.29131299999994553
2023-06-06 09:45:00,2733.09431,2732.748024,2732.869367,-0.3462859999999637,-0.22494300000016665,-0.28561450000006516
2023-06-06 10:00:00,2733.096059,2732.739404,2732.871117,-0.35665500000004613,-0.2249419999998281,-0.2907984999999371
2023-06-06 10:15:00,2733.09373,2732.730223,2732.868787,-0.3635070000000269,-0.22494300000016665,-0.29422500000009677
2023-06-06 10:30:00,2733.091391,2732.782218,2732.867617,-0.30917300000010073,-0.22377400000004855,-0.26647350000007464
2023-06-06 11:30:00,2733.09548,2732.725242,2732.86675,-0.3702379999999721,-0.22872999999981403,-0.29948399999989306
2023-06-06 11:45:00,2733.098399,2732.724932,2732.870965,-0.3734669999998914,-0.22743399999990288,-0.30045049999989715
2023-06-06 12:15:00,2733.09548,2732.722013,2732.870514,-0.3734669999998914,-0.22496599999976752,-0.29921649999982947
2023-06-06 12:30:00,2733.096059,2732.727303,2732.871092,-0.3687559999998484,-0.22496700000010605,-0.29686149999997724
2023-06-06 12:45:00,2733.097229,2732.731703,2732.872262,-0.3655260000000453,-0.22496700000010605,-0.2952465000000757
2023-06-06 13:00:00,2733.09373,2732.729955,2732.872678,-0.36377500000025975,-0.22105199999987235,-0.29241350000006605
2023-06-06 13:15:00,2733.097229,2732.730225,2732.867921,-0.3670040000001791,-0.22930799999994633,-0.2981560000000627
2023-06-06 13:30:00,2733.09373,2732.725244,2732.872263,-0.368485999999848,-0.22146699999984776,-0.2949764999998479
2023-06-06 13:45:00,2733.09431,2732.724076,2732.868047,-0.3702339999999822,-0.2262630000000172,-0.2982484999999997
2023-06-06 14:00:00,2733.09548,2732.729458,2732.870512,-0.3660220000001573,-0.22496799999998984,-0.29549500000007356
2023-06-06 14:15:00,2733.09314,2732.726708,2732.866588,-0.36643199999980425,-0.22655200000008335,-0.2964919999999438
2023-06-06 14:30:00,2733.09489,2732.72986,2732.865867,-0.36502999999993335,-0.22902299999987008,-0.2970264999999017
2023-06-06 14:45:00,2733.09431,2732.727799,2732.867759,-0.3665110000001732,-0.22655099999974482,-0.296530999999959
2023-06-06 15:00:00,2733.09315,2732.728872,2732.869922,-0.364278000000013,-0.2232280000002902,-0.2937530000001516
2023-06-06 15:30:00,2733.0949,2732.727002,2732.871672,-0.3678979999999683,-0.22322799999983545,-0.2955629999999019
2023-06-06 15:45:00,2733.09315,2732.727393,2732.87095,-0.36575700000003053,-0.22220000000015716,-0.29397850000009385
2023-06-06 16:00:00,2733.096069,2732.729164,2732.867776,-0.36690500000031534,-0.22829300000012154,-0.29759900000021844
2023-06-06 16:30:00,2733.09373,2732.729557,2732.871242,-0.364172999999937,-0.22248799999988478,-0.2933304999999109
2023-06-06 16:45:00,2733.09373,2732.731037,2732.869492,-0.3626930000000357,-0.2242380000002413,-0.2934655000001385
2023-06-06 17:00:00,2733.09373,2732.727808,2732.866445,-0.365921999999955,-0.227284999999938,-0.2966034999999465
2023-06-06 17:15:00,2733.09373,2732.726828,2732.869492,-0.3669020000002092,-0.2242380000002413,-0.29557000000022526
2023-06-06 17:30:00,2733.091981,2732.729561,2732.868195,-0.36241999999992913,-0.22378600000001825,-0.2931029999999737
2023-06-06 18:00:00,2733.090821,2732.726652,2732.868332,-0.3641689999999471,-0.22248899999976857,-0.29332899999985784
2023-06-06 18:15:00,2733.09432,2732.728133,2732.868331,-0.36618700000008175,-0.22598900000002686,-0.2960880000000543
2023-06-06 18:30:00,2733.091981,2732.728613,2732.869038,-0.3633679999998094,-0.22294300000021394,-0.29315550000001167
2023-06-06 18:45:00,2733.09373,2732.729293,2732.869491,-0.36443700000018,-0.2242390000001251,-0.29433800000015253
2023-06-06 19:00:00,2733.09432,2732.721762,2732.870368,-0.37255800000002637,-0.22395200000028126,-0.2982550000001538
2023-06-06 19:15:00,2733.097819,2732.739255,2732.875888,-0.3585640000001149,-0.2219310000000405,-0.2902475000000777
2023-06-06 19:30:00,2733.09314,2732.727405,2732.8705,-0.3657349999998587,-0.22263999999995576,-0.29418749999990723
2023-06-06 19:45:00,2733.100138,2732.714073,2732.87167,-0.38606499999968946,-0.2284679999997934,-0.3072664999997414
2023-06-06 20:00:00,2733.099558,2732.739713,2732.871543,-0.35984499999995023,-0.22801499999968655,-0.2939299999998184
2023-06-06 20:15:00,2733.099558,2732.741765,2732.869506,-0.35779299999967407,-0.2300519999998869,-0.2939224999997805
2023-06-06 20:30:00,2733.100138,2732.734225,2732.868336,-0.36591299999963667,-0.23180199999978868,-0.2988574999997127
2023-06-06 20:45:00,2733.098978,2732.741686,2732.870509,-0.35729200000014316,-0.22846900000013193,-0.29288050000013754
2023-06-06 21:00:00,2733.102477,2732.736295,2732.868496,-0.3661819999997533,-0.23398099999985789,-0.3000814999998056
2023-06-06 21:15:00,2733.107725,2732.740866,2732.870533,-0.36685899999974936,-0.23719200000005003,-0.3020254999998997
2023-06-06 21:30:00,2733.105396,2732.751727,2732.86662,-0.3536690000000817,-0.23877600000014354,-0.29622250000011263
2023-06-06 21:45:00,2733.103647,2732.745267,2732.869214,-0.3583800000001247,-0.23443300000008094,-0.2964065000001028
2023-06-06 22:15:00,2733.104227,2732.743107,2732.867487,-0.3611200000000281,-0.23673999999982698,-0.29892999999992753
2023-06-06 22:30:00,2733.102477,2732.741626,2732.870534,-0.36085099999991144,-0.23194299999977375,-0.2963969999998426
2023-06-06 22:45:00,2733.101308,2732.735475,2732.869364,-0.36583299999983865,-0.23194399999965754,-0.2988884999997481
2023-06-06 23:00:00,2733.102477,2732.734183,2732.869237,-0.368293999999878,-0.23324000000002343,-0.3007669999999507
2023-06-06 23:30:00,2733.098978,2732.741356,2732.868785,-0.3576219999999921,-0.23019299999987197,-0.29390749999993204
2023-06-06 23:45:00,2733.100148,2732.745266,2732.869214,-0.35488200000008874,-0.23093400000016118,-0.29290800000012496
2023-06-07 00:00:00,2733.097229,2732.740164,2732.869668,-0.35706500000014785,-0.22756100000015067,-0.29231300000014926
2023-06-07 00:15:00,2733.098389,2732.731632,2732.86704,-0.36675700000023426,-0.23134900000013658,-0.2990530000001854
2023-06-07 00:30:00,2733.097809,2732.729161,2732.871671,-0.36864799999966635,-0.22613799999999173,-0.29739299999982904
2023-06-07 00:45:00,2733.099558,2732.732392,2732.864442,-0.36716599999999744,-0.23511599999983446,-0.30114099999991595
2023-06-07 01:15:00,2733.097809,2732.734861,2732.864013,-0.3629479999999603,-0.2337959999999839,-0.2983719999999721
2023-06-07 01:30:00,2733.097819,2732.735263,2732.869526,-0.3625560000000405,-0.22829300000012154,-0.295424500000081
2023-06-07 01:45:00,2733.100728,2732.732032,2732.865183,-0.3686959999999999,-0.2355450000000019,-0.3021205000000009
2023-06-07 02:00:00,2733.097809,2732.734093,2732.868212,-0.3637159999998403,-0.22959700000001249,-0.2966564999999264
2023-06-07 02:15:00,2733.099558,2732.733413,2732.871403,-0.3661449999999604,-0.22815499999978783,-0.2971499999998741
2023-06-07 02:30:00,2733.102477,2732.730691,2732.866481,-0.37178599999970174,-0.2359959999998864,-0.3038909999997941
2023-06-07 02:45:00,2733.102477,2732.734583,2732.868231,-0.3678939999999784,-0.23424599999998463,-0.3010699999999815
2023-06-07 03:00:00,2733.100728,2732.736064,2732.870251,-0.36466399999972055,-0.23047700000006444,-0.2975704999998925
2023-06-07 03:30:00,2733.101308,2732.738534,2732.865313,-0.3627739999997175,-0.23599500000000262,-0.29938449999986005
2023-06-07 03:45:00,2733.102477,2732.740283,2732.871278,-0.3621939999998176,-0.23119899999983318,-0.2966964999998254
2023-06-07 04:00:00,2733.101887,2732.744673,2732.872438,-0.35721399999965797,-0.2294489999999314,-0.2933314999997947
2023-06-07 04:15:00,2733.099568,2732.741763,2732.868233,-0.3578050000000985,-0.23133499999994456,-0.29457000000002154
2023-06-07 04:30:00,2733.098978,2732.736733,2732.875485,-0.36224499999980253,-0.2234929999999622,-0.29286899999988236
2023-06-07 04:45:00,2733.100728,2732.740684,2732.87244,-0.36004400000001624,-0.2282879999997931,-0.29416599999990467
2023-06-07 05:00:00,2733.098978,2732.738934,2732.868653,-0.36004400000001624,-0.23032499999999345,-0.29518450000000485
2023-06-07 05:15:00,2733.102477,2732.734982,2732.869106,-0.3674949999999626,-0.23337099999980637,-0.3004329999998845
2023-06-07 05:30:00,2733.098978,2732.737183,2732.867643,-0.3617949999998018,-0.23133499999994456,-0.2965649999998732
2023-06-07 05:45:00,2733.098978,2732.737944,2732.87069,-0.36103400000001784,-0.2282879999997931,-0.29466099999990547
2023-06-07 06:00:00,2733.096069,2732.735303,2732.86953,-0.36076600000023973,-0.22653900000022986,-0.2936525000002348
2023-06-07 06:15:00,2733.097819,2732.737463,2732.868235,-0.360356000000138,-0.229584000000159,-0.2949700000001485
2023-06-07 06:30:00,2733.098978,2732.746563,2732.866348,-0.35241499999983716,-0.23262999999997191,-0.29252249999990454
2023-06-07 06:45:00,2733.099568,2732.743923,2732.871282,-0.355645000000095,-0.22828600000002552,-0.2919655000000603
2023-06-07 07:00:00,2733.096069,2732.745402,2732.867637,-0.3506670000001577,-0.22843200000033903,-0.28954950000024837
2023-06-07 07:15:00,2733.096649,2732.749211,2732.873428,-0.3474380000002384,-0.22322100000019418,-0.2853295000002163
2023-06-07 07:30:00,2733.096649,2732.747463,2732.870112,-0.34918599999991784,-0.22653700000000754,-0.2878614999999627
2023-06-07 08:15:00,2733.09431,2732.752173,2732.868631,-0.3421370000000934,-0.22567900000012742,-0.2839080000001104
2023-06-07 08:30:00,2733.09431,2732.748942,2732.866468,-0.3453679999997803,-0.22784199999978227,-0.2866049999997813
2023-06-07 08:45:00,2733.101308,2732.742482,2732.869515,-0.3588259999996808,-0.2317929999999251,-0.29530949999980294
2023-06-07 09:00:00,2733.096059,2732.757564,2732.86429,-0.33849499999996624,-0.23176899999998568,-0.28513199999997596
2023-06-07 09:15:00,2733.099558,2732.769663,2732.868218,-0.3298949999998513,-0.23133999999981825,-0.28061749999983476
2023-06-07 09:45:00,2733.0949,2732.761062,2732.870382,-0.3338380000000143,-0.22451799999998912,-0.2791780000000017
2023-06-07 10:15:00,2733.09431,2732.735341,2732.866884,-0.3589689999998882,-0.22742599999992308,-0.29319749999990563
2023-06-07 10:30:00,2733.09431,2732.757562,2732.868632,-0.3367480000001706,-0.22567799999978888,-0.28121299999997973
2023-06-07 10:45:00,2733.097809,2732.725919,2732.867335,-0.3718899999998939,-0.23047399999995832,-0.3011819999999261
2023-06-07 11:00:00,2733.096059,2732.728879,2732.866614,-0.36718000000018947,-0.2294449999999415,-0.2983125000000655
2023-06-07 11:15:00,2733.096649,2732.727008,2732.869086,-0.3696410000002288,-0.22756299999991825,-0.29860200000007353
2023-06-07 11:30:00,2733.097809,2732.729149,2732.870383,-0.3686600000000908,-0.22742599999992308,-0.29804300000000694
2023-06-07 12:00:00,2733.097819,2732.7318,2732.869533,-0.36601900000005116,-0.22828600000002552,-0.29715250000003834
2023-06-07 12:15:00,2733.096649,2732.729478,2732.868363,-0.36717099999987113,-0.22828600000002552,-0.2977284999999483
2023-06-07 12:45:00,2733.09432,2732.727809,2732.86908,-0.3665110000001732,-0.2252400000002126,-0.2958755000001929
2023-06-07 13:00:00,2733.097819,2732.72742,2732.867783,-0.37039899999990666,-0.2300359999999273,-0.300217499999917
2023-06-07 13:15:00,2733.09432,2732.7289,2732.867332,-0.36542000000008557,-0.2269880000003468,-0.2962040000002162
2023-06-07 13:30:00,2733.097229,2732.731809,2732.868203,-0.36542000000008557,-0.2290259999999762,-0.2972230000000309
2023-06-07 13:45:00,2733.092571,2732.729881,2732.863996,-0.36268999999992957,-0.22857500000009168,-0.2956325000000106
2023-06-07 14:00:00,2733.09373,2732.731042,2732.865156,-0.362688000000162,-0.2285740000002079,-0.29563100000018494
2023-06-07 14:15:00,2733.092561,2732.733102,2732.86487,-0.3594589999997879,-0.22769100000004983,-0.2935749999999189
2023-06-07 14:30:00,2733.097229,2732.726332,2732.87125,-0.3708969999997862,-0.22597899999982474,-0.29843799999980547
2023-06-07 15:15:00,2733.09373,2732.731046,2732.869374,-0.3626840000001721,-0.22435600000017075,-0.2935200000001714
2023-06-07 15:30:00,2733.090231,2732.729707,2732.867623,-0.3605240000001686,-0.22260800000003655,-0.2915660000001026
2023-06-07 15:45:00,2733.09373,2732.727549,2732.86717,-0.3661809999998695,-0.22656000000006316,-0.29637049999996634
2023-06-07 16:00:00,2733.090231,2732.729029,2732.863836,-0.36120200000004843,-0.22639500000013868,-0.29379850000009355
2023-06-07 16:15:00,2733.09548,2732.72782,2732.862539,-0.3676599999998871,-0.23294099999975515,-0.3003004999998211
2023-06-07 16:30:00,2733.088482,2732.729301,2732.860519,-0.35918100000026243,-0.2279630000002726,-0.2935720000002675
2023-06-07 17:00:00,2733.09373,2732.729303,2732.865586,-0.36442699999997785,-0.22814400000015667,-0.29628550000006726
2023-06-07 17:15:00,2733.09315,2732.728232,2732.866302,-0.3649180000002161,-0.22684800000024552,-0.2958830000002308
2023-06-07 17:30:00,2733.091981,2732.727824,2732.866882,-0.3641569999999774,-0.22509900000022753,-0.2946280000001025
2023-06-07 18:00:00,2733.090811,2732.727826,2732.865155,-0.36298500000020795,-0.2256560000000718,-0.2943205000001399
2023-06-07 18:15:00,2733.09373,2732.729887,2732.866452,-0.36384300000008807,-0.227277999999842,-0.29556049999996503
2023-06-07 18:30:00,2733.09373,2732.728897,2732.868202,-0.36483300000008967,-0.22552799999994022,-0.29518050000001494
2023-06-07 18:45:00,2733.0949,2732.728996,2732.866325,-0.3659040000002278,-0.22857500000009168,-0.29723950000015975
2023-06-07 19:00:00,2733.091981,2732.729309,2732.865585,-0.3626720000002024,-0.22639600000002247,-0.29453400000011243
2023-06-07 19:15:00,2733.0949,2732.730479,2732.8698,-0.3644210000002204,-0.22510000000011132,-0.29476050000016585
2023-06-07 19:30:00,2733.09373,2732.731059,2732.867621,-0.36267099999986385,-0.22610900000017864,-0.29439000000002125
2023-06-07 19:45:00,2733.091981,2732.727828,2732.868918,-0.3641529999999875,-0.22306299999991097,-0.29360799999994924
2023-06-07 20:00:00,2733.09315,2732.732539,2732.866325,-0.36061100000006263,-0.2268250000001899,-0.29371800000012627
2023-06-07 20:15:00,2733.091981,2732.731369,2732.866451,-0.3606119999999464,-0.22553000000016254,-0.2930710000000545
2023-06-07 20:30:00,2733.09548,2732.731328,2732.865608,-0.3641520000001037,-0.2298719999998866,-0.29701199999999517
2023-06-07 21:15:00,2733.096649,2732.732498,2732.86474,-0.36415100000021994,-0.23190900000008696,-0.29803000000015345
2023-06-07 21:30:00,2733.0949,2732.731819,2732.866777,-0.36308099999996557,-0.22812299999986863,-0.2956019999999171
2023-06-07 21:45:00,2733.09373,2732.737209,2732.868527,-0.3565210000001571,-0.22520299999996496,-0.290862000000061
2023-06-07 22:00:00,2733.096649,2732.733979,2732.871121,-0.36266999999998006,-0.22552799999994022,-0.29409899999996014
2023-06-07 22:15:00,2733.09373,2732.733307,2732.866904,-0.36042300000008254,-0.2268260000000737,-0.2936245000000781
2023-06-07 22:45:00,2733.096069,2732.733897,2732.86315,-0.3621720000001005,-0.23291900000003807,-0.2975455000000693
2023-06-07 23:00:00,2733.09432,2732.733628,2732.86778,-0.3606920000001992,-0.22654000000011365,-0.2936160000001564
2023-06-07 23:30:00,2733.096069,2732.732147,2732.864448,-0.3639220000000023,-0.23162100000035934,-0.2977715000001808
2023-06-08 00:00:00,2733.092571,2732.73784,2732.861401,-0.3547310000003563,-0.23117000000002008,-0.2929505000001882
2023-06-08 00:15:00,2733.097229,2732.735055,2732.866348,-0.3621739999998681,-0.23088099999995393,-0.296527499999911
2023-06-08 00:30:00,2733.098978,2732.738286,2732.869395,-0.3606920000001992,-0.22958299999982046,-0.2951375000000098
2023-06-08 00:45:00,2733.098978,2732.738677,2732.870692,-0.3603010000001632,-0.22828600000002552,-0.29429350000009435
2023-06-08 01:30:00,2733.097819,2732.739267,2732.866938,-0.3585520000001452,-0.23088099999995393,-0.29471650000004956
2023-06-08 01:45:00,2733.09548,2732.738677,2732.864313,-0.3568030000001272,-0.23116699999991397,-0.2939850000000206
2023-06-08 02:00:00,2733.097229,2732.736427,2732.867647,-0.36080200000014884,-0.22958199999993667,-0.29519200000004275
2023-06-08 02:30:00,2733.09432,2732.739979,2732.86519,-0.3543410000002041,-0.22913000000016837,-0.2917355000001862
2023-06-08 03:00:00,2733.092571,2732.735765,2732.863439,-0.3568060000002333,-0.22913199999993594,-0.29296900000008463
2023-06-08 03:15:00,2733.09432,2732.738996,2732.868237,-0.35532400000010966,-0.2260830000000169,-0.2907035000000633
2023-06-08 04:00:00,2733.096059,2732.732124,2732.867067,-0.3639349999998558,-0.22899199999983466,-0.2964634999998452
2023-06-08 04:15:00,2733.0949,2732.736345,2732.865174,-0.3585550000002513,-0.22972600000002785,-0.2941405000001396
2023-06-08 04:30:00,2733.097229,2732.734381,2732.868094,-0.36284799999975803,-0.22913500000004206,-0.29599149999990004
2023-06-08 04:45:00,2733.097809,2732.738502,2732.871266,-0.35930699999971694,-0.22654299999976502,-0.292924999999741
2023-06-08 05:00:00,2733.096059,2732.739573,2732.867791,-0.35648600000013175,-0.2282679999998436,-0.2923769999999877
2023-06-08 05:15:00,2733.09315,2732.737103,2732.864744,-0.35604700000021694,-0.2284060000001773,-0.2922265000001971
2023-06-08 05:30:00,2733.096059,2732.738991,2732.862994,-0.3570679999997992,-0.23306499999989683,-0.295066499999848
2023-06-08 06:00:00,2733.09431,2732.736831,2732.864291,-0.3574789999997847,-0.2300190000000839,-0.2937489999999343
2023-06-08 06:15:00,2733.09431,2732.738312,2732.862273,-0.3559979999999996,-0.2320369999997638,-0.2940174999998817
2023-06-08 06:30:00,2733.096059,2732.73926,2732.863877,-0.3567990000001373,-0.2321820000001935,-0.2944905000001654
2023-06-08 06:45:00,2733.096059,2732.737508,2732.863424,-0.35855099999980666,-0.2326349999998456,-0.29559299999982613
2023-06-08 07:00:00,2733.096059,2732.74146,2732.864293,-0.35459899999978006,-0.23176599999987957,-0.2931824999998298
2023-06-08 07:15:00,2733.097809,2732.743701,2732.86213,-0.35410799999999654,-0.23567899999989095,-0.29489349999994374
2023-06-08 07:30:00,2733.09314,2732.745761,2732.862256,-0.3473789999998189,-0.23088400000006004,-0.2891314999999395
2023-06-08 07:45:00,2733.09314,2732.744279,2732.86096,-0.3488609999999426,-0.2321799999999712,-0.2905204999999569
2023-06-08 08:00:00,2733.09373,2732.74635,2732.863587,-0.34738000000015745,-0.23014300000022558,-0.2887615000001915
2023-06-08 08:15:00,2733.09373,2732.739888,2732.864884,-0.353841999999986,-0.2288459999999759,-0.29134399999998095
2023-06-08 08:45:00,2733.09548,2732.751739,2732.863134,-0.3437410000001364,-0.23234599999977945,-0.28804349999995793
2023-06-08 09:00:00,2733.09548,2732.774743,2732.861837,-0.32073700000000827,-0.23364300000002913,-0.2771900000000187
2023-06-08 09:30:00,2733.091981,2732.755361,2732.860087,-0.336620000000039,-0.23189400000001115,-0.2842570000000251
2023-06-08 10:00:00,2733.09373,2732.721984,2732.863134,-0.3717460000002575,-0.23059599999987768,-0.3011710000000676
2023-06-08 10:15:00,2733.09373,2732.723055,2732.861097,-0.3706750000001193,-0.23263300000007803,-0.3016540000000987
2023-06-08 10:30:00,2733.091981,2732.726286,2732.8598,-0.3656949999999597,-0.23218099999985498,-0.29893799999990733
2023-06-08 11:45:00,2733.090811,2732.725115,2732.861678,-0.3656959999998435,-0.22913299999981973,-0.2974144999998316
2023-06-08 12:00:00,2733.091981,2732.722065,2732.862395,-0.36991600000010294,-0.22958599999992657,-0.29975100000001476
2023-06-08 12:30:00,2733.092561,2732.725116,2732.862973,-0.36744499999986147,-0.2295880000001489,-0.2985165000000052
2023-06-08 12:45:00,2733.090231,2732.728446,2732.861098,-0.3617850000000544,-0.22913300000027448,-0.29545900000016445
2023-06-08 13:00:00,2733.09373,2732.729517,2732.859348,-0.36421299999983603,-0.234382000000096,-0.299297499999966
2023-06-08 13:15:00,2733.089642,2732.726375,2732.859209,-0.36326699999972334,-0.23043299999972078,-0.29684999999972206
2023-06-08 13:30:00,2733.091981,2732.725215,2732.858049,-0.36676600000009785,-0.23393200000009529,-0.30034900000009657
2023-06-08 13:45:00,2733.09314,2732.728535,2732.863123,-0.3646049999997558,-0.23001699999986158,-0.2973109999998087
2023-06-08 14:00:00,2733.091391,2732.727858,2732.863553,-0.3635329999997339,-0.22783799999979237,-0.2956854999997631
2023-06-08 14:30:00,2733.091981,2732.727449,2732.863554,-0.3645320000000538,-0.2284270000000106,-0.2964795000000322
2023-06-08 14:45:00,2733.091391,2732.725209,2732.861374,-0.3661819999997533,-0.23001699999986158,-0.29809949999980745
2023-06-08 15:15:00,2733.088482,2732.722471,2732.857604,-0.36601100000007136,-0.23087800000030256,-0.29844450000018696
2023-06-08 15:30:00,2733.087902,2732.724631,2732.860524,-0.363271000000168,-0.22737800000004427,-0.2953245000001061
2023-06-08 15:45:00,2733.087902,2732.725722,2732.861821,-0.3621800000000803,-0.22608100000024933,-0.29413050000016483
2023-06-08 16:00:00,2733.086153,2732.721813,2732.857907,-0.3643400000000838,-0.22824600000012651,-0.29629300000010517
2023-06-08 16:15:00,2733.09315,2732.724135,2732.866616,-0.3690150000002177,-0.22653400000035617,-0.29777450000028693
2023-06-08 16:30:00,2733.091401,2732.725313,2732.860524,-0.366088000000218,-0.23087699999996403,-0.298482500000091
2023-06-08 16:45:00,2733.091401,2732.726386,2732.859227,-0.3650150000003123,-0.2321740000002137,-0.298594500000263
2023-06-08 17:00:00,2733.087902,2732.725725,2732.863569,-0.36217700000042896,-0.22433300000011513,-0.29325500000027205
2023-06-08 17:30:00,2733.091401,2732.728459,2732.862272,-0.3629420000002028,-0.22912900000028458,-0.2960355000002437
2023-06-08 17:45:00,2733.086153,2732.725621,2732.860522,-0.3605320000001484,-0.2256310000002486,-0.2930815000001985
2023-06-08 18:15:00,2733.09315,2732.725231,2732.859225,-0.36791900000025635,-0.23392499999999927,-0.3009220000001278
2023-06-08 18:45:00,2733.091401,2732.729941,2732.861531,-0.36146000000007916,-0.22987000000011903,-0.2956650000000991
2023-06-08 19:00:00,2733.089652,2732.728193,2732.860521,-0.3614590000001954,-0.22913100000005215,-0.29529500000012376
2023-06-08 19:15:00,2733.089652,2732.727104,2732.861818,-0.3625480000000607,-0.22783400000025722,-0.29519100000015897
2023-06-08 19:30:00,2733.087902,2732.729674,2732.85877,-0.3582280000000537,-0.2291320000003907,-0.2936800000002222
2023-06-08 19:45:00,2733.089652,2732.728692,2732.86095,-0.3609599999999773,-0.22870200000033947,-0.2948310000001584
2023-06-08 20:00:00,2733.089652,2732.729353,2732.861817,-0.36029899999994086,-0.227835000000141,-0.29406700000004093
2023-06-08 20:15:00,2733.091391,2732.729933,2732.862397,-0.36145799999985684,-0.22899400000005699,-0.2952259999999569
2023-06-08 20:30:00,2733.091401,2732.731103,2732.86472,-0.3602980000000571,-0.22668100000009872,-0.2934895000000779
2023-06-08 20:45:00,2733.090231,2732.727465,2732.860073,-0.36276600000019243,-0.2301580000003014,-0.2964620000002469
2023-06-08 21:00:00,2733.090231,2732.728454,2732.863119,-0.3617770000000746,-0.22711200000003373,-0.2944445000000542
2023-06-08 21:15:00,2733.091391,2732.728864,2732.862252,-0.36252699999977267,-0.22913900000003196,-0.2958329999999023
2023-06-08 21:30:00,2733.09373,2732.726304,2732.861092,-0.3674260000002505,-0.23263799999995172,-0.3000320000001011
2023-06-08 21:45:00,2733.090231,2732.725504,2732.859795,-0.3647270000001299,-0.23043600000028164,-0.2975815000002058
2023-06-08 22:00:00,2733.091981,2732.725233,2732.85675,-0.3667479999999159,-0.23523100000011254,-0.30098950000001423
2023-06-08 22:15:00,2733.090231,2732.726983,2732.865436,-0.36324800000011237,-0.22479500000008557,-0.29402150000009897
2023-06-08 22:45:00,2733.09548,2732.728813,2732.864879,-0.36666699999977936,-0.23060099999975137,-0.29863399999976536
2023-06-08 23:00:00,2733.096639,2732.729973,2732.862707,-0.3666659999998956,-0.23393200000009529,-0.30029899999999543
2023-06-08 23:15:00,2733.09314,2732.730963,2732.862253,-0.3621769999999742,-0.23088700000016615,-0.2965320000000702
2023-06-08 23:45:00,2733.09373,2732.730212,2732.859796,-0.3635180000001128,-0.23393399999986286,-0.29872599999998783
2023-06-09 00:00:00,2733.091981,2732.731693,2732.858046,-0.36028799999985495,-0.2339350000002014,-0.2971115000000282
2023-06-09 00:30:00,2733.09373,2732.731283,2732.864593,-0.36244699999997465,-0.22913700000026438,-0.2957920000001195
2023-06-09 01:30:00,2733.091981,2732.733173,2732.861548,-0.3588079999999536,-0.23043300000017553,-0.29462050000006457
2023-06-09 01:45:00,2733.09489,2732.736082,2732.865755,-0.3588079999999536,-0.22913500000004206,-0.29397149999999783
2023-06-09 02:00:00,2733.09314,2732.734911,2732.859661,-0.3582289999999375,-0.23347899999998845,-0.295853999999963
2023-06-09 02:15:00,2733.09489,2732.733921,2732.864871,-0.3609689999998409,-0.23001899999962916,-0.295493999999735
2023-06-09 02:30:00,2733.096059,2732.737562,2732.863878,-0.3584970000001704,-0.23218099999985498,-0.2953390000000127
2023-06-09 02:45:00,2733.091391,2732.736392,2732.86096,-0.3549990000001344,-0.2304309999999532,-0.2927150000000438
2023-06-09 03:00:00,2733.09431,2732.735091,2732.860977,-0.3592189999999391,-0.2333330000001297,-0.2962760000000344
2023-06-09 03:30:00,2733.096059,2732.73501,2732.86388,-0.36104900000009366,-0.2321790000000874,-0.2966140000000905
2023-06-09 04:00:00,2733.092561,2732.736079,2732.86213,-0.35648200000014185,-0.2304309999999532,-0.2934565000000475
2023-06-09 04:15:00,2733.097809,2732.733938,2732.865177,-0.3638710000000174,-0.2326319999997395,-0.29825149999987843
2023-06-09 04:30:00,2733.09314,2732.7354,2732.865304,-0.35773999999992157,-0.2278360000000248,-0.2927879999999732
2023-06-09 04:45:00,2733.09314,2732.735319,2732.864007,-0.3578210000000581,-0.22913299999981973,-0.2934769999999389
2023-06-09 05:00:00,2733.09314,2732.733919,2732.856618,-0.35922100000016144,-0.23652200000015,-0.2978715000001557
2023-06-09 05:15:00,2733.09548,2732.738148,2732.862849,-0.35733200000004217,-0.2326309999998557,-0.29498149999994894
2023-06-09 05:30:00,2733.098389,2732.737828,2732.867794,-0.36056100000041624,-0.23059500000044864,-0.29557800000043244
2023-06-09 05:45:00,2733.096639,2732.733918,2732.864009,-0.362720999999965,-0.23262999999997191,-0.29767549999996845
2023-06-09 06:00:00,2733.096639,2732.739308,2732.861415,-0.35733099999970364,-0.23522400000001653,-0.2962774999998601
2023-06-09 06:30:00,2733.09548,2732.736666,2732.859802,-0.35881400000016583,-0.23567800000000716,-0.2972460000000865
2023-06-09 06:45:00,2733.09314,2732.736076,2732.859665,-0.3570639999998093,-0.23347499999999854,-0.29526949999990393
2023-06-09 07:15:00,2733.09373,2732.733476,2732.858505,-0.36025400000016816,-0.23522499999990032,-0.29773950000003424
2023-06-09 07:30:00,2733.09373,2732.737386,2732.861552,-0.3563440000002629,-0.2321780000002036,-0.29426100000023325
2023-06-09 07:45:00,2733.09373,2732.738865,2732.86083,-0.35486500000024535,-0.23289999999997235,-0.29388250000010885
2023-06-09 08:00:00,2733.09373,2732.737875,2732.859802,-0.35585500000024695,-0.23392800000010538,-0.29489150000017617
2023-06-09 08:15:00,2733.088482,2732.734644,2732.861099,-0.3538379999999961,-0.22738299999991796,-0.29061049999995703
2023-06-09 08:30:00,2733.089062,2732.734955,2732.855587,-0.35410700000011275,-0.23347499999999854,-0.29379100000005565
2023-06-09 08:45:00,2733.09373,2732.736125,2732.858054,-0.3576050000001487,-0.23567600000023958,-0.29664050000019415
2023-06-09 09:00:00,2733.091981,2732.732894,2732.856034,-0.35908699999981764,-0.2359470000001238,-0.2975169999999707
2023-06-09 09:30:00,2733.090231,2732.732892,2732.856035,-0.3573390000001382,-0.23419600000033824,-0.2957675000002382
2023-06-09 09:45:00,2733.091981,2732.733472,2732.860379,-0.3585090000001401,-0.23160199999983888,-0.2950554999999895
2023-06-09 10:00:00,2733.088482,2732.735632,2732.86083,-0.3528500000002168,-0.2276520000000346,-0.2902510000001257
2023-06-09 10:45:00,2733.088482,2732.732132,2732.860647,-0.3563500000000204,-0.227835000000141,-0.2920925000000807
2023-06-09 11:15:00,2733.088482,2732.729251,2732.85935,-0.3592309999999088,-0.22913199999993594,-0.2941814999999224
2023-06-09 11:30:00,2733.090231,2732.7281,2732.858054,-0.3621310000003177,-0.23217700000031982,-0.2971540000003188
2023-06-09 11:45:00,2733.090231,2732.730241,2732.859351,-0.3599899999999252,-0.23088000000007014,-0.29543499999999767
2023-06-09 12:15:00,2733.088482,2732.72958,2732.857171,-0.35890199999994365,-0.23131100000000515,-0.2951064999999744
2023-06-09 12:30:00,2733.088482,2732.732811,2732.856034,-0.35567100000025675,-0.23244800000020405,-0.2940595000002304
2023-06-09 12:45:00,2733.091391,2732.73249,2732.858061,-0.35890100000005987,-0.23333000000002357,-0.2961155000000417
2023-06-09 13:00:00,2733.091981,2732.730651,2732.858055,-0.36133000000018,-0.23392599999988306,-0.29762800000003153
2023-06-09 13:15:00,2733.089642,2732.730633,2732.857035,-0.3590089999997872,-0.2326069999999163,-0.29580799999985175
2023-06-09 13:30:00,2733.090231,2732.733863,2732.860082,-0.3563680000002023,-0.23014899999998306,-0.2932585000000927
2023-06-09 13:45:00,2733.090231,2732.732115,2732.854148,-0.3581160000003365,-0.2360830000002352,-0.29709950000028584
2023-06-09 14:00:00,2733.091401,2732.729663,2732.853568,-0.3617380000000594,-0.23783300000013696,-0.2997855000000982
2023-06-09 14:15:00,2733.086153,2732.729394,2732.858779,-0.3567590000002383,-0.22737400000005437,-0.29206650000014633
2023-06-09 14:45:00,2733.089652,2732.728305,2732.854435,-0.3613470000000234,-0.23521699999992052,-0.29828199999997196
2023-06-09 15:00:00,2733.089652,2732.726745,2732.857482,-0.3629070000001775,-0.2321700000002238,-0.29753850000020066
2023-06-09 15:15:00,2733.091401,2732.729974,2732.857193,-0.36142700000027617,-0.23420800000030795,-0.29781750000029206
2023-06-09 15:45:00,2733.089652,2732.727424,2732.852398,-0.36222799999995914,-0.23725400000012087,-0.29974100000004
2023-06-09 16:00:00,2733.089072,2732.728595,2732.854576,-0.3604770000001736,-0.23449600000003556,-0.29748650000010457
2023-06-09 16:15:00,2733.090231,2732.728585,2732.854726,-0.3616460000002917,-0.23550500000010288,-0.2985755000001973
2023-06-09 16:30:00,2733.087902,2732.728907,2732.85791,-0.3589950000000499,-0.2299920000000384,-0.29449350000004415
2023-06-09 16:45:00,2733.087312,2732.725356,2732.853986,-0.3619560000001911,-0.23332600000003367,-0.2976410000001124
2023-06-09 17:00:00,2733.089062,2732.731547,2732.857033,-0.3575150000001486,-0.23202900000023874,-0.29477200000019366
2023-06-09 17:15:00,2733.085563,2732.725089,2732.855283,-0.36047400000006746,-0.23028000000022075,-0.2953770000001441
2023-06-09 17:30:00,2733.087902,2732.725679,2732.854123,-0.36222300000008545,-0.2337790000001405,-0.298001000000113
2023-06-09 18:00:00,2733.090811,2732.72957,2732.858781,-0.36124100000006365,-0.23203000000012253,-0.2966355000000931
2023-06-09 18:15:00,2733.089062,2732.731051,2732.861375,-0.3580109999998058,-0.22768700000005992,-0.29284899999993286
2023-06-09 18:30:00,2733.087312,2732.726072,2732.859626,-0.36124000000017986,-0.22768600000017614,-0.294463000000178
2023-06-09 18:45:00,2733.089062,2732.72509,2732.858327,-0.36397200000010344,-0.23073500000009517,-0.2973535000000993
2023-06-09 19:00:00,2733.089062,2732.72495,2732.860077,-0.3641120000002047,-0.2289850000001934,-0.29654850000019906
2023-06-09 19:15:00,2733.089062,2732.728321,2732.853985,-0.3607409999999618,-0.23507699999981924,-0.2979089999998905
2023-06-09 19:30:00,2733.090811,2732.725092,2732.85703,-0.3657189999998991,-0.2337809999999081,-0.2997499999999036
2023-06-09 19:45:00,2733.087312,2732.726573,2732.857318,-0.3607390000001942,-0.2299940000002607,-0.29536650000022746
2023-06-09 20:45:00,2733.090231,2732.726842,2732.857771,-0.36338900000009744,-0.23246000000017375,-0.2979245000001356
2023-06-09 21:00:00,2733.090231,2732.728592,2732.859067,-0.36163900000019567,-0.2311640000002626,-0.29640150000022913
2023-06-09 21:15:00,2733.090821,2732.727923,2732.859657,-0.36289799999985917,-0.23116399999980786,-0.2970309999998335
2023-06-09 22:00:00,2733.090821,2732.73035,2732.860954,-0.36047099999996135,-0.22986699999955817,-0.29516899999975976
2023-06-09 22:15:00,2733.089652,2732.729182,2732.855442,-0.36047000000007756,-0.23421000000007552,-0.29734000000007654
2023-06-09 22:45:00,2733.092571,2732.727122,2732.855313,-0.3654490000003534,-0.23725800000011077,-0.3013535000002321
2023-06-09 23:15:00,2733.090821,2732.725372,2732.856612,-0.36544899999989866,-0.234208999999737,-0.2998289999998178
2023-06-09 23:30:00,2733.09373,2732.733261,2732.862567,-0.3604690000001938,-0.23116299999992407,-0.2958160000000589
2023-06-10 00:00:00,2733.090821,2732.729671,2732.857908,-0.36114999999972497,-0.23291299999982584,-0.2970314999997754
2023-06-10 00:15:00,2733.092571,2732.72249,2732.854574,-0.3700810000000274,-0.23799700000017765,-0.30403900000010253
2023-06-10 00:30:00,2733.090821,2732.722489,2732.855871,-0.3683319999995547,-0.23494999999957145,-0.30164099999956306
2023-06-10 00:45:00,2733.089072,2732.717778,2732.852824,-0.37129400000003443,-0.23624800000015966,-0.30377100000009705
2023-06-10 01:00:00,2733.090821,2732.72424,2732.857621,-0.3665809999997691,-0.23319999999966967,-0.2998904999997194
2023-06-10 01:15:00,2733.090231,2732.722169,2732.853984,-0.368062000000009,-0.23624700000027588,-0.30215450000014243
2023-06-10 01:30:00,2733.088482,2732.722087,2732.860365,-0.36639500000001135,-0.22811700000011115,-0.29725600000006125
2023-06-10 01:45:00,2733.091981,2732.724637,2732.857318,-0.36734400000023015,-0.23466300000018236,-0.30100350000020626
2023-06-10 02:00:00,2733.086153,2732.721996,2732.854122,-0.3641569999999774,-0.23203100000000632,-0.29809399999999187
2023-06-10 02:15:00,2733.089072,2732.726708,2732.857168,-0.3623640000000705,-0.23190400000021327,-0.2971340000001419
2023-06-10 03:00:00,2733.091981,2732.722887,2732.857771,-0.3690940000001319,-0.23421000000007552,-0.3016520000001037
2023-06-10 03:15:00,2733.0949,2732.730517,2732.863285,-0.36438300000008894,-0.23161500000014712,-0.29799900000011803
2023-06-10 03:30:00,2733.090231,2732.727866,2732.859068,-0.3623649999999543,-0.23116299999992407,-0.2967639999999392
2023-06-10 03:45:00,2733.0949,2732.729036,2732.861248,-0.36586399999987407,-0.23365199999989272,-0.2997579999998834
2023-06-10 04:00:00,2733.091401,2732.728276,2732.858202,-0.36312500000030923,-0.23319900000024063,-0.29816200000027493
2023-06-10 04:15:00,2733.0949,2732.731917,2732.853859,-0.3629829999999856,-0.241041000000223,-0.3020120000001043
2023-06-10 04:30:00,2733.09315,2732.731505,2732.856906,-0.36164499999995314,-0.23624400000016976,-0.29894450000006145
2023-06-10 04:45:00,2733.091401,2732.727595,2732.858203,-0.36380600000029517,-0.23319800000035684,-0.298502000000326
2023-06-10 05:30:00,2733.09315,2732.728274,2732.86024,-0.3648760000000948,-0.23291000000017448,-0.29889300000013463
2023-06-10 06:15:00,2733.091981,2732.725311,2732.855736,-0.3666699999998855,-0.23624500000005355,-0.3014574999999695
2023-06-10 06:30:00,2733.09373,2732.725662,2732.854439,-0.3680680000002212,-0.23929099999986647,-0.30367950000004384
2023-06-10 06:45:00,2733.09548,2732.723911,2732.857033,-0.37156899999990856,-0.23844700000017838,-0.30500800000004347
2023-06-10 07:00:00,2733.090821,2732.724232,2732.851529,-0.3665889999997489,-0.23929199999975026,-0.3029404999997496
2023-06-10 07:15:00,2733.090821,2732.722482,2732.852826,-0.3683389999996507,-0.23799499999995533,-0.303166999999803
2023-06-10 07:30:00,2733.089072,2732.719249,2732.852828,-0.3698229999999967,-0.23624400000016976,-0.3030335000000832
2023-06-10 07:45:00,2733.089652,2732.72495,2732.852398,-0.3647020000003067,-0.23725400000012087,-0.3009780000002138
2023-06-10 08:15:00,2733.087902,2732.728179,2732.855444,-0.3597230000000309,-0.23245800000040617,-0.2960905000002185
2023-06-10 08:30:00,2733.091401,2732.724949,2732.852399,-0.3664520000002085,-0.23900200000025507,-0.3027270000002318
2023-06-10 08:45:00,2733.089652,2732.727419,2732.850649,-0.3622330000002876,-0.23900300000013885,-0.3006180000002132
2023-06-10 09:15:00,2733.089652,2732.73038,2732.851946,-0.35927200000014636,-0.23770599999988917,-0.29848900000001777
2023-06-10 09:30:00,2733.089652,2732.728899,2732.852397,-0.3607529999999315,-0.23725500000000466,-0.2990039999999681
2023-06-10 10:15:00,2733.089652,2732.725669,2732.853694,-0.36398300000018935,-0.23595800000020972,-0.29997050000019954
2023-06-10 11:00:00,2733.089072,2732.729309,2732.854865,-0.35976300000038464,-0.23420700000042416,-0.2969850000004044
2023-06-10 12:00:00,2733.087902,2732.721678,2732.851658,-0.3662240000003294,-0.23624400000016976,-0.3012340000002496
2023-06-10 12:15:00,2733.087322,2732.724329,2732.851078,-0.362992999999733,-0.23624399999971502,-0.299618499999724
2023-06-10 12:30:00,2733.089072,2732.726079,2732.855875,-0.36299300000018775,-0.2331970000000183,-0.298095000000103
2023-06-10 12:45:00,2733.086153,2732.725399,2732.855422,-0.36075400000027,-0.23073100000010527,-0.29574250000018765
2023-06-10 13:00:00,2733.087322,2732.720689,2732.853116,-0.36663299999963783,-0.23420599999963088,-0.30041949999963435
2023-06-10 13:15:00,2733.090821,2732.725669,2732.854866,-0.3651519999998527,-0.23595499999964886,-0.3005534999997508
2023-06-10 13:30:00,2733.086153,2732.722169,2732.852375,-0.36398400000007314,-0.23377800000025672,-0.29888100000016493
2023-06-10 13:45:00,2733.087902,2732.72069,2732.849328,-0.3672120000001087,-0.23857400000042617,-0.3028930000002674
2023-06-10 14:00:00,2733.089062,2732.72144,2732.848922,-0.3676220000002104,-0.240139999999883,-0.3038810000000467
2023-06-10 14:15:00,2733.090811,2732.723903,2732.853266,-0.3669079999999667,-0.2375449999999546,-0.30222649999996065
2023-06-10 14:30:00,2733.087312,2732.719601,2732.853534,-0.36771100000032675,-0.23377800000025672,-0.30074450000029174
2023-06-10 14:45:00,2733.085563,2732.717443,2732.850488,-0.36812000000008993,-0.23507500000005166,-0.3015975000000708
2023-06-10 15:30:00,2733.083814,2732.720676,2732.848467,-0.3631380000001627,-0.23534700000027442,-0.29924250000021857
2023-06-10 15:45:00,2733.086733,2732.723326,2732.850934,-0.36340700000027937,-0.23579900000004272,-0.29960300000016105
2023-06-10 16:00:00,2733.090231,2732.719704,2732.85009,-0.37052700000003824,-0.24014100000022154,-0.3053340000001299
2023-06-10 16:15:00,2733.081484,2732.720098,2732.84659,-0.3613860000000386,-0.23489399999971283,-0.2981399999998757
2023-06-10 16:30:00,2733.084983,2732.718617,2732.852684,-0.36636600000019826,-0.23229900000023918,-0.2993325000002187
2023-06-10 16:45:00,2733.085563,2732.715305,2732.850216,-0.3702579999999216,-0.23534700000027442,-0.302802500000098
2023-06-10 17:00:00,2733.088482,2732.724318,2732.849636,-0.36416400000007343,-0.23884600000019418,-0.3015050000001338
2023-06-10 17:30:00,2733.086733,2732.715389,2732.852683,-0.37134400000013557,-0.23405000000002474,-0.30269700000008015
2023-06-10 17:45:00,2733.086733,2732.71648,2732.851386,-0.3702530000000479,-0.23534700000027442,-0.30280000000016116
2023-06-10 18:30:00,2733.090231,2732.719611,2732.852681,-0.3706200000001445,-0.23755000000028303,-0.30408500000021377
2023-06-10 18:45:00,2733.083234,2732.717472,2732.849636,-0.36576200000035897,-0.23359800000025643,-0.2996800000003077
2023-06-10 19:15:00,2733.090231,2732.719613,2732.848339,-0.3706179999999222,-0.2418920000000071,-0.30625499999996464
2023-06-10 19:30:00,2733.090231,2732.720373,2732.847598,-0.369858000000022,-0.2426330000002963,-0.30624550000015915
2023-06-10 19:45:00,2733.088482,2732.718623,2732.849635,-0.3698589999999058,-0.23884700000007797,-0.3043529999999919
2023-06-10 20:15:00,2733.090231,2732.721854,2732.855727,-0.3683770000002369,-0.23450400000001537,-0.3014405000001261
2023-06-10 20:30:00,2733.088482,2732.722846,2732.851383,-0.36563599999999497,-0.23709899999994377,-0.30136749999996937
2023-06-10 20:45:00,2733.088482,2732.721365,2732.850086,-0.36711700000023484,-0.23839600000019345,-0.30275650000021415
2023-06-10 21:00:00,2733.090231,2732.724596,2732.853133,-0.3656350000001112,-0.23709800000005998,-0.3013665000000856
2023-06-10 21:30:00,2733.088482,2732.723336,2732.849634,-0.3651460000000952,-0.23884799999996176,-0.3019970000000285
2023-06-10 21:45:00,2733.088482,2732.725087,2732.851384,-0.36339500000030966,-0.23709800000005998,-0.3002465000001848
2023-06-10 22:00:00,2733.089062,2732.723916,2732.848917,-0.3651460000000952,-0.24014500000021144,-0.30264550000015333
2023-06-10 22:15:00,2733.09373,2732.725667,2732.850214,-0.3680629999998928,-0.24351599999999962,-0.3057894999999462
2023-06-10 22:30:00,2733.091981,2732.728013,2732.84879,-0.36396800000011353,-0.24319100000002436,-0.30357950000006895
2023-06-10 22:45:00,2733.085563,2732.725094,2732.84789,-0.3604690000001938,-0.23767300000008618,-0.29907100000014
2023-06-10 23:00:00,2733.092561,2732.725666,2732.84964,-0.3668950000001132,-0.24292100000002392,-0.30490800000006857
2023-06-10 23:30:00,2733.090231,2732.722624,2732.851383,-0.3676070000001346,-0.23884799999996176,-0.30322750000004817
2023-06-10 23:45:00,2733.089062,2732.724684,2732.844572,-0.36437800000021525,-0.24449000000004162,-0.30443400000012844
2023-06-11 00:00:00,2733.09373,2732.726836,2732.850086,-0.3668940000002294,-0.2436440000001312,-0.3052690000001803
2023-06-11 00:15:00,2733.088482,2732.722534,2732.848338,-0.36594800000011674,-0.24014400000032765,-0.3030460000002222
2023-06-11 01:00:00,2733.09548,2732.722124,2732.849348,-0.373356000000058,-0.24613199999976132,-0.30974399999990965
2023-06-11 01:30:00,2733.090231,2732.727824,2732.851385,-0.36240700000007564,-0.23884600000019418,-0.3006265000001349
2023-06-11 02:15:00,2733.089652,2732.722532,2732.849508,-0.36712000000034095,-0.24014400000032765,-0.3036320000003343
2023-06-11 03:00:00,2733.089062,2732.730154,2732.848633,-0.3589080000001559,-0.24042899999994916,-0.2996685000000525
2023-06-11 03:15:00,2733.090811,2732.725442,2732.85168,-0.36536900000010064,-0.23913099999981569,-0.30224999999995816
2023-06-11 03:30:00,2733.09431,2732.726921,2732.853717,-0.36738900000000285,-0.24059299999998984,-0.30399099999999635
2023-06-11 04:00:00,2733.089652,2732.728002,2732.849223,-0.3616500000002816,-0.24042899999994916,-0.30103950000011537
2023-06-11 04:15:00,2733.089062,2732.72702,2732.849373,-0.36204200000020137,-0.2396889999999985,-0.30086550000009993
2023-06-11 05:15:00,2733.0949,2732.72975,2732.85227,-0.36515000000008513,-0.2426300000001902,-0.30389000000013766
2023-06-11 05:30:00,2733.089652,2732.73047,2732.853856,-0.3591820000001462,-0.2357959999999366,-0.2974890000000414
2023-06-11 05:45:00,2733.091401,2732.73222,2732.851262,-0.35918100000026243,-0.24013899999999921,-0.2996600000001308
2023-06-11 06:00:00,2733.091401,2732.724769,2732.849512,-0.3666320000002088,-0.24188900000035574,-0.30426050000028226
2023-06-11 06:15:00,2733.086733,2732.721849,2732.846592,-0.3648840000000746,-0.24014100000022154,-0.30251250000014807
2023-06-11 06:45:00,2733.090231,2732.729789,2732.848342,-0.36044200000014825,-0.24188900000035574,-0.301165500000252
2023-06-11 07:00:00,2733.091981,2732.727138,2732.848922,-0.36484299999983705,-0.24305899999990288,-0.30395099999986996
2023-06-11 07:15:00,2733.091981,2732.730468,2732.850092,-0.36151299999983166,-0.241888999999901,-0.3017009999998663
2023-06-11 07:30:00,2733.087312,2732.727548,2732.850489,-0.3597640000002684,-0.23682300000018586,-0.29829350000022714
2023-06-11 07:45:00,2733.089072,2732.725978,2732.848032,-0.3630940000002738,-0.2410400000003392,-0.3020670000003065
2023-06-11 08:00:00,2733.090231,2732.726067,2732.847172,-0.36416400000007343,-0.24305900000035763,-0.30361150000021553
2023-06-11 08:15:00,2733.089072,2732.726387,2732.846014,-0.3626850000000559,-0.2430580000000191,-0.3028715000000375
2023-06-11 08:30:00,2733.085563,2732.727546,2732.847173,-0.358017000000018,-0.23838999999998123,-0.2982034999999996
2023-06-11 09:00:00,2733.090821,2732.728136,2732.846736,-0.36268499999960113,-0.2440849999998136,-0.30338499999970736
2023-06-11 09:15:00,2733.089072,2732.723654,2732.846285,-0.365418000000318,-0.24278700000013487,-0.30410250000022643
2023-06-11 09:45:00,2733.087322,2732.722476,2732.843238,-0.36484599999994316,-0.2440839999999298,-0.3044649999999365
2023-06-11 10:00:00,2733.092571,2732.724226,2732.844988,-0.36834500000031767,-0.2475830000003043,-0.307964000000311
2023-06-11 10:30:00,2733.089072,2732.721904,2732.844988,-0.36716800000021976,-0.24408400000038455,-0.30562600000030216
2023-06-11 11:15:00,2733.089072,2732.723344,2732.848034,-0.36572800000021743,-0.24103800000011688,-0.30338300000016716
2023-06-11 11:30:00,2733.087902,2732.722174,2732.845567,-0.36572800000021743,-0.24233500000036656,-0.304031500000292
2023-06-11 11:45:00,2733.084403,2732.722484,2732.845114,-0.3619189999999435,-0.23928899999964415,-0.3006039999997938
2023-06-11 12:30:00,2733.086153,2732.720014,2732.843817,-0.36613900000020294,-0.24233600000025035,-0.30423750000022665
2023-06-11 12:45:00,2733.087322,2732.723655,2732.846284,-0.3636670000000777,-0.24103799999966213,-0.3023524999998699
2023-06-11 13:15:00,2733.086153,2732.718264,2732.844987,-0.3678890000001047,-0.24116600000024846,-0.3045275000001766
2023-06-11 13:30:00,2733.087902,2732.717765,2732.846015,-0.3701370000003408,-0.2418870000001334,-0.3060120000002371
2023-06-11 13:45:00,2733.089062,2732.720406,2732.843675,-0.3686560000001009,-0.24538699999993696,-0.30702150000001893
2023-06-11 14:00:00,2733.087312,2732.722156,2732.844128,-0.36515600000029735,-0.24318399999992835,-0.30417000000011285
2023-06-11 14:15:00,2733.085563,2732.723638,2732.843387,-0.3619250000001557,-0.24217600000019956,-0.30205050000017764
2023-06-11 14:45:00,2733.089062,2732.718927,2732.848472,-0.37013500000011845,-0.24058999999988373,-0.3053625000000011
2023-06-11 15:00:00,2733.089062,2732.717775,2732.851517,-0.3712869999999384,-0.2375449999999546,-0.3044159999999465
2023-06-11 15:15:00,2733.088482,2732.719339,2732.84964,-0.3691429999998945,-0.23884200000020428,-0.3039925000000494
2023-06-11 15:30:00,2733.085563,2732.721399,2732.846722,-0.36416400000007343,-0.23884099999986574,-0.3015024999999696
2023-06-11 15:45:00,2733.083234,2732.720819,2732.845853,-0.36241500000005544,-0.23738100000036866,-0.29989800000021205
2023-06-11 16:15:00,2733.084983,2732.72043,2732.84789,-0.36455300000034185,-0.2370930000001863,-0.3008230000002641
2023-06-11 16:30:00,2733.090231,2732.72218,2732.848343,-0.3680509999999231,-0.2418880000000172,-0.30496949999997014
2023-06-11 16:45:00,2733.086153,2732.719359,2732.845726,-0.36679400000002715,-0.24042700000018158,-0.30361050000010437
2023-06-11 17:00:00,2733.086733,2732.72033,2732.84715,-0.36640299999999115,-0.23958300000003874,-0.30299300000001494
2023-06-11 17:15:00,2733.087902,2732.719361,2732.843976,-0.36854100000027756,-0.24392600000010134,-0.30623350000018945
2023-06-11 17:30:00,2733.087902,2732.715451,2732.838892,-0.37245100000018283,-0.2490099999999984,-0.3107305000000906
2023-06-11 17:45:00,2733.086153,2732.716621,2732.845272,-0.36953200000016295,-0.2408810000001722,-0.3052065000001676
2023-06-11 18:00:00,2733.084983,2732.712883,2732.847889,-0.37210000000004584,-0.23709400000007008,-0.30459700000005796
2023-06-11 18:30:00,2733.087902,2732.719362,2732.847022,-0.3685400000003938,-0.24088000000028842,-0.3047100000003411
2023-06-11 19:00:00,2733.084403,2732.712222,2732.843975,-0.37218099999972765,-0.24042800000006537,-0.3063044999998965
2023-06-11 19:15:00,2733.084403,2732.710742,2732.848319,-0.373660999999629,-0.23608399999966423,-0.3048724999996466
2023-06-11 19:45:00,2733.087902,2732.706442,2732.845271,-0.381460000000061,-0.24263100000007398,-0.3120455000000675
2023-06-11 20:30:00,2733.083234,2732.699881,2732.847148,-0.38335300000017014,-0.2360860000003413,-0.3097195000002557
2023-06-11 20:45:00,2733.083234,2732.710744,2732.845851,-0.37249000000019805,-0.23738300000013624,-0.30493650000016714
2023-06-11 21:00:00,2733.086733,2732.720434,2732.844554,-0.3662990000002537,-0.24217900000030568,-0.3042390000002797
2023-06-11 21:15:00,2733.088482,2732.725806,2732.847888,-0.3626760000001923,-0.24059400000032838,-0.30163500000026033
2023-06-11 21:30:00,2733.086733,2732.724326,2732.842247,-0.36240700000007564,-0.24448600000005172,-0.3034465000000637
2023-06-11 22:00:00,2733.088482,2732.721586,2732.84585,-0.366895999999997,-0.24263199999995777,-0.3047639999999774
2023-06-11 22:15:00,2733.089062,2732.725396,2732.844124,-0.3636660000001939,-0.24493799999982002,-0.30430200000000696
2023-06-11 22:45:00,2733.087312,2732.723155,2732.843384,-0.3641569999999774,-0.24392800000032366,-0.30404250000015054
2023-06-11 23:30:00,2733.090231,2732.725806,2732.846591,-0.3644250000002103,-0.2436400000001413,-0.3040325000001758
2023-06-12 00:00:00,2733.091981,2732.722845,2732.845007,-0.36913600000025326,-0.24697400000013658,-0.3080550000001949
2023-06-12 00:15:00,2733.090231,2732.726076,2732.845747,-0.36415500000020984,-0.24448400000028414,-0.304319500000247
2023-06-12 00:45:00,2733.086733,2732.724056,2732.844842,-0.3626770000000761,-0.2418910000001233,-0.3022840000000997
2023-06-12 01:00:00,2733.089652,2732.723353,2732.847761,-0.3662990000002537,-0.2418910000001233,-0.3040950000001885
2023-06-12 01:15:00,2733.087902,2732.725495,2732.847475,-0.36240700000007564,-0.24042700000018158,-0.3014170000001286
2023-06-12 01:30:00,2733.088482,2732.721094,2732.843258,-0.36738800000011906,-0.2452240000002348,-0.30630600000017694
2023-06-12 02:00:00,2733.090231,2732.721363,2732.847045,-0.3688680000000204,-0.24318600000015067,-0.30602700000008554
2023-06-12 02:45:00,2733.090231,2732.724325,2732.841961,-0.3659059999999954,-0.24827000000004773,-0.30708800000002157
2023-06-12 03:45:00,2733.091401,2732.726974,2732.845168,-0.36442699999997785,-0.24623300000030213,-0.30533000000014
2023-06-12 04:00:00,2733.091401,2732.728724,2732.846178,-0.3626770000000761,-0.24522300000035102,-0.30395000000021355
2023-06-12 04:15:00,2733.088482,2732.725804,2732.84326,-0.36267799999995987,-0.24522200000001249,-0.3039499999999862
2023-06-12 04:30:00,2733.089652,2732.725493,2732.84443,-0.36415900000019974,-0.24522200000001249,-0.3046905000001061
2023-06-12 05:00:00,2733.090231,2732.722181,2732.848344,-0.3680500000000393,-0.2418870000001334,-0.30496850000008635
2023-06-12 05:15:00,2733.089652,2732.722262,2732.850811,-0.3673900000003414,-0.2388410000003205,-0.30311550000033094
2023-06-12 05:30:00,2733.089652,2732.724012,2732.84618,-0.36563999999998487,-0.2434720000001107,-0.3045560000000478
2023-06-12 06:45:00,2733.089652,2732.728722,2732.84517,-0.3609300000002804,-0.24448200000006182,-0.3027060000001711
2023-06-12 07:00:00,2733.089652,2732.725491,2732.846467,-0.3641609999999673,-0.24318500000026688,-0.3036730000001171
2023-06-12 07:15:00,2733.088482,2732.725801,2732.841512,-0.362681000000066,-0.24697000000014668,-0.30482550000010633
2023-06-12 07:30:00,2733.090231,2732.724321,2732.846307,-0.3659099999999853,-0.24392400000033376,-0.30491700000015953
2023-06-12 07:45:00,2733.088482,2732.72755,2732.848058,-0.360932000000048,-0.24042400000007547,-0.30067800000006173
2023-06-12 08:00:00,2733.088482,2732.725799,2732.843263,-0.3626830000002883,-0.24521899999990637,-0.30395100000009734
2023-06-12 08:15:00,2733.090231,2732.72257,2732.844559,-0.3676610000002256,-0.2456720000000132,-0.3066665000001194
2023-06-12 09:00:00,2733.088482,2732.724049,2732.844559,-0.3644330000001901,-0.24392299999999523,-0.30417800000009265
2023-06-12 09:45:00,2733.088482,2732.727278,2732.841513,-0.36120400000027075,-0.2469690000002629,-0.3040865000002668
2023-06-12 10:30:00,2733.087902,2732.721906,2732.843693,-0.36599599999999555,-0.24420900000041001,-0.3051025000002028
2023-06-12 10:45:00,2733.089652,2732.723387,2732.843239,-0.3662650000001122,-0.24641300000030242,-0.3063390000002073
2023-06-12 11:00:00,2733.087902,2732.724066,2732.840646,-0.36383599999999205,-0.24725600000010672,-0.3055460000000494
2023-06-12 11:15:00,2733.086153,2732.720835,2732.84499,-0.3653180000001157,-0.24116300000014235,-0.30324050000012903
2023-06-12 11:30:00,2733.086153,2732.720566,2732.844536,-0.36558700000023236,-0.24161700000013298,-0.30360200000018267
2023-06-12 12:00:00,2733.089652,2732.724336,2732.84674,-0.3653159999998934,-0.24291200000016033,-0.30411400000002686
2023-06-12 12:15:00,2733.087902,2732.720067,2732.840193,-0.3678350000000137,-0.24770900000021356,-0.3077720000001136
2023-06-12 13:15:00,2733.087892,2732.720817,2732.843104,-0.3670750000001135,-0.24478799999997136,-0.30593150000004243
2023-06-12 13:30:00,2733.086143,2732.717318,2732.84265,-0.3688250000000153,-0.243492999999944,-0.30615899999997964
2023-06-12 14:00:00,2733.089642,2732.722218,2732.843102,-0.3674240000000282,-0.24654000000009546,-0.3069820000000618
2023-06-12 14:15:00,2733.087892,2732.720058,2732.841352,-0.3678340000001299,-0.24654000000009546,-0.3071870000001127
2023-06-12 14:30:00,2733.086143,2732.71732,2732.842219,-0.36882299999979296,-0.24392399999987902,-0.306373499999836
2023-06-12 14:45:00,2733.086143,2732.7122,2732.84195,-0.37394300000005387,-0.24419299999999566,-0.30906800000002477
2023-06-12 15:00:00,2733.084393,2732.71683,2732.8402,-0.36756300000024567,-0.24419299999999566,-0.30587800000012066
2023-06-12 15:15:00,2733.087312,2732.71948,2732.84137,-0.36783199999990757,-0.24594200000001365,-0.3068869999999606
2023-06-12 15:30:00,2733.087312,2732.718002,2732.842522,-0.3693100000000413,-0.24479000000019369,-0.3070500000001175
2023-06-12 15:45:00,2733.085563,2732.712611,2732.841799,-0.3729520000001685,-0.24376400000028298,-0.30835800000022573
2023-06-12 16:00:00,2733.087312,2732.716523,2732.843819,-0.3707890000000589,-0.243492999999944,-0.30714100000000144
2023-06-12 16:15:00,2733.085563,2732.715574,2732.838752,-0.3699890000002597,-0.24681099999997969,-0.3084000000001197
2023-06-12 16:30:00,2733.085563,2732.718004,2732.844416,-0.36755900000025576,-0.24114700000018274,-0.30435300000021925
2023-06-12 16:45:00,2733.085563,2732.717327,2732.840502,-0.3682360000002518,-0.2450610000000779,-0.30664850000016486
2023-06-12 17:00:00,2733.087312,2732.716256,2732.836285,-0.3710559999999532,-0.25102700000024925,-0.3110415000001012
2023-06-12 17:15:00,2733.087312,2732.717329,2732.838322,-0.36998300000004747,-0.2489900000000489,-0.3094865000000482
2023-06-12 17:30:00,2733.083814,2732.719079,2732.841369,-0.3647350000001097,-0.24244499999986147,-0.3035899999999856
2023-06-12 18:00:00,2733.085563,2732.7141,2732.839619,-0.3714629999999488,-0.24594400000023597,-0.3087035000000924
2023-06-12 18:15:00,2733.084393,2732.71832,2732.839332,-0.3660730000001422,-0.2450610000000779,-0.30556700000011006
2023-06-12 18:30:00,2733.087312,2732.71801,2732.841368,-0.3693020000000615,-0.24594400000023597,-0.30762300000014875
2023-06-12 18:45:00,2733.086143,2732.716841,2732.843968,-0.3693020000000615,-0.24217499999986103,-0.3057384999999613
2023-06-12 19:00:00,2733.086143,2732.717912,2732.840054,-0.36823099999992337,-0.24608900000021094,-0.30716000000006716
2023-06-12 19:15:00,2733.087892,2732.720563,2732.845695,-0.36732900000015434,-0.24219700000003286,-0.3047630000000936
2023-06-12 19:30:00,2733.084983,2732.717922,2732.840191,-0.3670610000003762,-0.244792000000416,-0.3059265000003961
2023-06-12 19:45:00,2733.084983,2732.721153,2732.843978,-0.3638300000002346,-0.24100500000031388,-0.30241750000027423
2023-06-12 20:00:00,2733.084983,2732.721832,2732.841938,-0.3631510000000162,-0.2430450000001656,-0.3030980000000909
2023-06-12 20:15:00,2733.084403,2732.716853,2732.838893,-0.3675499999999374,-0.2455099999997401,-0.30652999999983876
2023-06-12 20:30:00,2733.086733,2732.721161,2732.842807,-0.36557200000015655,-0.24392600000010134,-0.30474900000012894
2023-06-12 20:45:00,2733.088482,2732.719681,2732.84151,-0.3688010000000759,-0.24697199999991426,-0.30788649999999507
2023-06-12 21:00:00,2733.086733,2732.721921,2732.843547,-0.3648120000002564,-0.24318600000015067,-0.3039990000002035
2023-06-12 21:30:00,2733.087312,2732.719662,2732.840339,-0.3676500000001397,-0.2469730000002528,-0.30731150000019625
2023-06-12 21:45:00,2733.087312,2732.721143,2732.839042,-0.3661689999998998,-0.24827000000004773,-0.3072194999999738
2023-06-12 22:15:00,2733.091981,2732.722893,2732.840792,-0.3690879999999197,-0.2511890000000676,-0.31013849999999366
2023-06-12 22:45:00,2733.085563,2732.721412,2732.839782,-0.36415100000021994,-0.24578100000007908,-0.3049660000001495
2023-06-12 23:00:00,2733.089062,2732.726124,2732.844126,-0.3629380000002129,-0.24493600000005245,-0.3039370000001327
2023-06-12 23:15:00,2733.090811,2732.724643,2732.841079,-0.36616800000001604,-0.2497320000002219,-0.30795000000011896
2023-06-12 23:45:00,2733.090231,2732.723073,2732.838915,-0.36715800000001764,-0.2513160000003154,-0.3092370000001665
2023-06-13 00:00:00,2733.091981,2732.724063,2732.841509,-0.3679179999999178,-0.25047200000017256,-0.3091950000000452
2023-06-13 00:15:00,2733.090231,2732.722582,2732.838915,-0.3676490000002559,-0.2513160000003154,-0.30948250000028565
2023-06-13 00:30:00,2733.090231,2732.721101,2732.840952,-0.36913000000004104,-0.24927900000011505,-0.30920450000007804
2023-06-13 00:45:00,2733.089652,2732.723091,2732.838336,-0.36656100000027436,-0.2513160000003154,-0.3089385000002949
2023-06-13 01:00:00,2733.091401,2732.724081,2732.84268,-0.36732000000029075,-0.24872099999993225,-0.3080205000001115
2023-06-13 01:15:00,2733.088482,2732.722581,2732.840213,-0.3659010000001217,-0.24826900000016394,-0.3070850000001428
2023-06-13 01:30:00,2733.090231,2732.715459,2732.842807,-0.3747720000001209,-0.2474240000001373,-0.3110980000001291
2023-06-13 01:45:00,2733.088482,2732.71869,2732.84225,-0.36979199999996126,-0.2462319999999636,-0.3080119999999624
2023-06-13 02:00:00,2733.086733,2732.72083,2732.838463,-0.3659029999998893,-0.24827000000004773,-0.3070864999999685
2023-06-13 02:15:00,2733.090231,2732.72258,2732.84326,-0.3676510000000235,-0.24697100000003047,-0.307311000000027
2023-06-13 02:45:00,2733.088482,2732.72406,2732.840953,-0.36442200000010416,-0.24752900000021327,-0.3059755000001587
2023-06-13 03:00:00,2733.088482,2732.720438,2732.838916,-0.3680440000002818,-0.24956599999995888,-0.30880500000012034
2023-06-13 03:15:00,2733.09315,2732.723358,2732.841837,-0.36979199999996126,-0.2513130000002093,-0.3105525000000853
2023-06-13 03:30:00,2733.091401,2732.723356,2732.844431,-0.3680450000001656,-0.24697000000014668,-0.30750750000015614
2023-06-13 03:45:00,2733.09315,2732.722186,2732.845441,-0.3709640000001855,-0.24770900000021356,-0.3093365000001995
2023-06-13 04:00:00,2733.091401,2732.722596,2732.844433,-0.3688050000000658,-0.24696799999992436,-0.30788649999999507
2023-06-13 04:30:00,2733.092561,2732.725504,2732.843556,-0.3670569999999316,-0.2490050000001247,-0.30803100000002814
2023-06-13 04:45:00,2733.092561,2732.725896,2732.844853,-0.3666650000000118,-0.24770799999987503,-0.3071864999999434
2023-06-13 05:00:00,2733.092561,2732.723425,2732.842259,-0.3691359999997985,-0.25030199999991964,-0.3097189999998591
2023-06-13 05:45:00,2733.09431,2732.725094,2732.844009,-0.3692160000000513,-0.25030100000003586,-0.30975850000004357
2023-06-13 06:00:00,2733.092561,2732.722665,2732.84689,-0.36989600000015344,-0.24567100000012942,-0.30778350000014143
2023-06-13 06:15:00,2733.090811,2732.723752,2732.845595,-0.3670590000001539,-0.245216000000255,-0.30613750000020445
2023-06-13 06:30:00,2733.09315,2732.721112,2732.844435,-0.372037999999975,-0.24871500000017477,-0.3103765000000749
2023-06-13 07:00:00,2733.089652,2732.723083,2732.840935,-0.36656900000025416,-0.24871699999994235,-0.30764300000009825
2023-06-13 07:15:00,2733.087902,2732.718761,2732.837601,-0.36914100000012695,-0.25030100000003586,-0.3097210000000814
2023-06-13 07:30:00,2733.090231,2732.722572,2732.841515,-0.3676590000000033,-0.24871600000005856,-0.3081875000000309
2023-06-13 07:45:00,2733.088482,2732.719341,2732.840218,-0.36914100000012695,-0.24826400000029025,-0.3087025000002086
2023-06-13 08:00:00,2733.089062,2732.71778,2732.840345,-0.3712820000000647,-0.24871699999994235,-0.30999950000000354
2023-06-13 08:15:00,2733.089062,2732.7214,2732.839048,-0.3676620000001094,-0.250014000000192,-0.3088380000001507
2023-06-13 08:30:00,2733.087312,2732.72216,2732.842096,-0.36515200000030745,-0.245216000000255,-0.30518400000028123
2023-06-13 08:45:00,2733.087312,2732.723641,2732.839049,-0.3636710000000676,-0.24826299999995172,-0.30596700000000965
2023-06-13 09:15:00,2733.089062,2732.71817,2732.840346,-0.3708919999999125,-0.24871600000005856,-0.30980399999998554
2023-06-13 09:30:00,2733.090231,2732.722298,2732.839766,-0.3679329999999936,-0.25046500000007654,-0.3091990000000351
2023-06-13 10:00:00,2733.088482,2732.722897,2732.838469,-0.36558500000001004,-0.25001300000030824,-0.30779900000015914
2023-06-13 10:15:00,2733.086733,2732.723288,2732.838016,-0.36344499999995605,-0.24871699999994235,-0.3060809999999492
2023-06-13 10:30:00,2733.086733,2732.721149,2732.839767,-0.36558400000012625,-0.24696600000015678,-0.3062750000001415
2023-06-13 11:15:00,2733.088482,2732.723658,2732.841517,-0.3648240000002261,-0.246965000000273,-0.30589450000024954
2023-06-13 11:30:00,2733.090231,2732.721908,2732.845861,-0.36832300000014584,-0.2443700000003446,-0.3063465000002452
2023-06-13 12:00:00,2733.090231,2732.719667,2732.841517,-0.3705640000002859,-0.24871400000029098,-0.30963900000028843
2023-06-13 12:15:00,2733.086733,2732.721147,2732.83948,-0.36558599999989383,-0.2472530000000006,-0.3064194999999472
2023-06-13 12:30:00,2733.086153,2732.721548,2732.840197,-0.36460500000021057,-0.24595600000020568,-0.3052805000002081
2023-06-13 12:45:00,2733.086733,2732.72038,2732.838017,-0.36635299999989,-0.24871600000005856,-0.3075344999999743
2023-06-13 13:00:00,2733.086153,2732.718319,2732.840483,-0.3678340000001299,-0.24567000000024564,-0.30675200000018776
2023-06-13 13:30:00,2733.087902,2732.723299,2732.838899,-0.36460299999998824,-0.24900300000035713,-0.3068030000001727
2023-06-13 13:45:00,2733.084983,2732.720068,2732.840196,-0.36491500000011,-0.24478700000008757,-0.3048510000000988
2023-06-13 14:15:00,2733.088482,2732.716438,2732.840776,-0.3720440000001872,-0.24770600000010745,-0.30987500000014734
2023-06-13 14:30:00,2733.083234,2732.72007,2732.838899,-0.36316400000032445,-0.24433500000031927,-0.30374950000032186
2023-06-13 15:15:00,2733.086733,2732.72182,2732.843982,-0.3649129999998877,-0.24275100000022576,-0.3038320000000567
2023-06-13 15:30:00,2733.087902,2732.721141,2732.841945,-0.36676100000022416,-0.24595700000008947,-0.3063590000001568
2023-06-13 15:45:00,2733.084983,2732.718591,2732.838444,-0.36639200000036,-0.24653900000021167,-0.30646550000028583
2023-06-13 16:00:00,2733.086143,2732.718312,2732.838451,-0.3678310000000238,-0.24769199999991542,-0.3077614999999696
2023-06-13 16:30:00,2733.087892,2732.717902,2732.841355,-0.3699900000001435,-0.24653699999998935,-0.3082635000000664
2023-06-13 16:45:00,2733.086143,2732.719072,2732.839335,-0.3670710000001236,-0.24680799999987357,-0.3069394999999986
2023-06-13 17:00:00,2733.084983,2732.721553,2732.838174,-0.363430000000335,-0.2468090000002121,-0.30511950000027355
2023-06-13 17:15:00,2733.087892,2732.716253,2732.835404,-0.3716389999999592,-0.25248800000008487,-0.31206350000002203
2023-06-13 17:30:00,2733.086733,2732.717914,2732.838897,-0.3688190000002578,-0.2478360000000066,-0.3083275000001322
2023-06-13 18:00:00,2733.082644,2732.720555,2732.837584,-0.3620890000001964,-0.24506000000019412,-0.30357450000019526
2023-06-13 18:30:00,2733.087892,2732.719485,2732.83499,-0.36840699999993376,-0.2529020000001765,-0.3106545000000551
2023-06-13 18:45:00,2733.083234,2732.716576,2732.834673,-0.3666580000003705,-0.2485610000003362,-0.30760950000035336
2023-06-13 19:00:00,2733.083234,2732.716846,2732.835396,-0.3663880000003701,-0.24783800000022893,-0.3071130000002995
2023-06-13 19:15:00,2733.084983,2732.718907,2732.839308,-0.3660760000002483,-0.24567500000011933,-0.3058755000001838
2023-06-13 19:30:00,2733.086153,2732.715864,2732.837144,-0.37028900000041176,-0.2490090000001146,-0.3096490000002632
2023-06-13 19:45:00,2733.087902,2732.719095,2732.843525,-0.3688070000002881,-0.24437699999998586,-0.306592000000137
2023-06-13 20:00:00,2733.084983,2732.717925,2732.836715,-0.3670580000002701,-0.24826800000028015,-0.30766300000027513
2023-06-13 20:15:00,2733.087902,2732.721113,2732.842682,-0.36678900000015346,-0.2452200000002449,-0.3060045000001992
2023-06-13 20:45:00,2733.089652,2732.721603,2732.840932,-0.3680490000001555,-0.24872000000004846,-0.308384500000102
2023-06-13 21:15:00,2733.088482,2732.720433,2732.836427,-0.3680490000001555,-0.25205499999992753,-0.3100520000000415
2023-06-13 21:30:00,2733.086733,2732.718685,2732.839761,-0.3680480000002717,-0.24697199999991426,-0.307510000000093
2023-06-13 22:15:00,2733.087312,2732.716426,2732.837581,-0.37088600000015504,-0.2497310000003381,-0.31030850000024657
2023-06-13 22:30:00,2733.087312,2732.721405,2732.838034,-0.36590700000033394,-0.24927800000023126,-0.3075925000002826
2023-06-13 23:00:00,2733.087312,2732.718174,2732.836284,-0.36913800000002084,-0.25102800000013303,-0.31008300000007694
2023-06-13 23:15:00,2733.090231,2732.720415,2732.839331,-0.3698160000003554,-0.25090000000000146,-0.31035800000017844
2023-06-14 00:15:00,2733.086733,2732.719344,2732.837167,-0.36738900000000285,-0.24956599999995888,-0.30847749999998086
2023-06-14 00:30:00,2733.090231,2732.719614,2732.840214,-0.3706170000000384,-0.25001700000029814,-0.31031700000016826
2023-06-14 01:15:00,2733.09373,2732.724323,2732.838466,-0.3694070000001375,-0.25526399999989735,-0.3123355000000174
2023-06-14 01:30:00,2733.091981,2732.721092,2732.840216,-0.3708889999998064,-0.2517649999999776,-0.311326999999892
2023-06-14 01:45:00,2733.084983,2732.722304,2732.839763,-0.3626790000002984,-0.2452200000002449,-0.30394950000027166
2023-06-14 02:00:00,2733.089652,2732.721993,2732.839636,-0.3676590000000033,-0.2500159999999596,-0.30883749999998145
2023-06-14 02:15:00,2733.091401,2732.725822,2732.839348,-0.36557900000025256,-0.25205300000015995,-0.30881600000020626
2023-06-14 02:30:00,2733.087902,2732.722591,2732.836302,-0.3653110000000197,-0.2516000000000531,-0.3084555000000364
2023-06-14 03:00:00,2733.089062,2732.726301,2732.837462,-0.362760999999864,-0.2516000000000531,-0.30718049999995856
2023-06-14 03:15:00,2733.09315,2732.727301,2732.840645,-0.365849000000253,-0.25250499999992826,-0.30917700000009063
2023-06-14 03:30:00,2733.091401,2732.72325,2732.841386,-0.36815100000012535,-0.2500150000000758,-0.3090830000001006
2023-06-14 03:45:00,2733.087902,2732.7216,2732.838339,-0.36630200000035984,-0.2495630000003075,-0.3079325000003337
2023-06-14 04:15:00,2733.091401,2732.72308,2732.834552,-0.3683209999999235,-0.2568490000003294,-0.31258500000012646
2023-06-14 04:30:00,2733.091401,2732.724829,2732.837598,-0.36657199999990553,-0.25380300000006173,-0.31018749999998363
2023-06-14 05:00:00,2733.091401,2732.720838,2732.834552,-0.37056299999994735,-0.2568490000003294,-0.3137060000001384
2023-06-14 05:15:00,2733.091401,2732.725819,2732.839349,-0.3655820000003587,-0.25205200000027617,-0.3088170000003174
2023-06-14 05:30:00,2733.089652,2732.72621,2732.837599,-0.3634420000003047,-0.25205300000015995,-0.3077475000002323
2023-06-14 05:45:00,2733.089652,2732.725218,2732.838339,-0.36443400000007387,-0.2513130000002093,-0.3078735000001416
2023-06-14 06:00:00,2733.088482,2732.725798,2732.840216,-0.3626840000001721,-0.24826600000005783,-0.30547500000011496
2023-06-14 06:15:00,2733.090231,2732.721907,2732.834122,-0.3683240000000296,-0.256108999999924,-0.3122164999999768
2023-06-14 06:30:00,2733.086733,2732.722298,2732.837169,-0.36443499999995765,-0.2495640000001913,-0.3069995000000745
2023-06-14 06:45:00,2733.090231,2732.720817,2732.838466,-0.3694140000002335,-0.2517649999999776,-0.31058950000010555
2023-06-14 07:15:00,2733.089062,2732.720735,2732.839333,-0.36832700000013574,-0.24972900000011578,-0.30902800000012576
2023-06-14 07:30:00,2733.090811,2732.722876,2732.83674,-0.36793500000021595,-0.25407099999983984,-0.3110030000000279
2023-06-14 07:45:00,2733.089062,2732.719646,2732.838037,-0.3694160000000011,-0.2510250000000269,-0.310220500000014
2023-06-14 08:00:00,2733.088482,2732.721126,2732.833242,-0.36735600000019986,-0.25523999999995794,-0.3112980000000789
2023-06-14 08:30:00,2733.084403,2732.719654,2732.838176,-0.364748999999847,-0.24622699999963515,-0.3054879999997411
2023-06-14 08:45:00,2733.084403,2732.720376,2732.835129,-0.3640269999996235,-0.2492739999997866,-0.30665049999970506
2023-06-14 09:15:00,2733.084403,2732.721444,2732.834389,-0.3629590000000462,-0.2500139999997373,-0.30648649999989175
2023-06-14 09:30:00,2733.086153,2732.724675,2732.837436,-0.3614780000002611,-0.2487170000003971,-0.3050975000003291
2023-06-14 09:45:00,2733.084403,2732.723194,2732.833092,-0.3612089999996897,-0.25131099999998696,-0.30625999999983833
2023-06-14 10:00:00,2733.089062,2732.729064,2732.834251,-0.359997999999905,-0.2548109999997905,-0.30740449999984776
2023-06-14 10:15:00,2733.083814,2732.722605,2732.833241,-0.36120900000014444,-0.2505730000002586,-0.30589100000020153
2023-06-14 10:45:00,2733.089062,2732.722603,2732.838038,-0.36645899999984977,-0.25102400000014313,-0.30874149999999645
2023-06-14 11:15:00,2733.089062,2732.722873,2732.837298,-0.36618899999984933,-0.2517640000000938,-0.30897649999997157
2023-06-14 12:00:00,2733.085563,2732.718223,2732.836289,-0.36734000000024025,-0.24927400000024136,-0.3083070000002408
2023-06-14 12:15:00,2733.089062,2732.719971,2732.836002,-0.3690910000000258,-0.25306000000000495,-0.3110755000000154
2023-06-14 12:30:00,2733.084983,2732.721632,2732.835978,-0.363350999999966,-0.2490050000001247,-0.30617800000004536
2023-06-14 12:45:00,2733.083814,2732.719704,2732.830464,-0.3641099999999824,-0.2533499999999549,-0.30872999999996864
2023-06-14 13:00:00,2733.084983,2732.720375,2732.834681,-0.3646080000003167,-0.2503020000003744,-0.30745500000034554
2023-06-14 13:15:00,2733.084983,2732.716162,2732.829884,-0.3688210000000254,-0.2550989999999729,-0.3119599999999991
2023-06-14 13:45:00,2733.083234,2732.715083,2732.8341,-0.36815100000012535,-0.24913400000014008,-0.3086425000001327
2023-06-14 14:00:00,2733.087902,2732.720064,2732.837147,-0.3678380000001198,-0.2507550000000265,-0.30929650000007314
2023-06-14 14:15:00,2733.086733,2732.718673,2732.8376,-0.3680600000002414,-0.2491330000002563,-0.30859650000024885
2023-06-14 14:30:00,2733.083234,2732.716424,2732.83383,-0.36680999999998676,-0.2494040000001405,-0.30810700000006364
2023-06-14 14:45:00,2733.084983,2732.718316,2732.83208,-0.3666670000002341,-0.2529030000000603,-0.3097850000001472
2023-06-14 15:00:00,2733.077986,2732.712925,2732.83033,-0.36506099999996877,-0.24765600000000632,-0.30635849999998754
2023-06-14 15:15:00,2733.084393,2732.717586,2732.837154,-0.36680699999988065,-0.24723900000026333,-0.307023000000072
2023-06-14 15:30:00,2733.086143,2732.715157,2732.837424,-0.37098599999990256,-0.24871900000016467,-0.3098525000000336
2023-06-14 15:45:00,2733.082644,2732.716828,2732.83324,-0.36581599999999526,-0.2494040000001405,-0.3076100000000679
2023-06-14 16:00:00,2733.085563,2732.719477,2732.835707,-0.3660859999999957,-0.24985599999990882,-0.30797099999995226
2023-06-14 16:15:00,2733.082064,2732.715839,2732.830623,-0.3662250000002132,-0.25144100000034086,-0.308833000000277
2023-06-14 16:30:00,2733.082644,2732.71333,2732.829309,-0.36931400000003123,-0.2533349999998791,-0.31132449999995515
2023-06-14 16:45:00,2733.080905,2732.716831,2732.833239,-0.36407399999961854,-0.2476659999997537,-0.3058699999996861
2023-06-14 17:15:00,2733.082074,2732.717233,2732.830622,-0.36484100000006947,-0.25145199999997203,-0.30814650000002075
2023-06-14 17:30:00,2733.082074,2732.718001,2732.833956,-0.36407299999973475,-0.24811799999997675,-0.30609549999985575
2023-06-14 17:45:00,2733.082064,2732.715083,2732.831489,-0.36698100000012346,-0.2505750000000262,-0.3087780000000748
2023-06-14 18:00:00,2733.082064,2732.718805,2732.833667,-0.3632590000001983,-0.24839700000029552,-0.3058280000002469
2023-06-14 18:15:00,2733.085563,2732.717245,2732.832497,-0.36831800000027215,-0.2530660000002172,-0.31069200000024466
2023-06-14 18:30:00,2733.083824,2732.717736,2732.830621,-0.36608799999976327,-0.2532029999997576,-0.30964549999976043
2023-06-14 18:45:00,2733.082064,2732.716565,2732.833524,-0.3654989999999998,-0.24854000000004817,-0.307019500000024
2023-06-14 19:00:00,2733.082074,2732.717738,2732.82961,-0.3643360000000939,-0.25246400000014546,-0.3084000000001197
2023-06-14 19:15:00,2733.084983,2732.720968,2732.835703,-0.36401500000010856,-0.24927999999999884,-0.3066475000000537
2023-06-14 19:30:00,2733.084983,2732.719488,2732.834406,-0.3654950000000099,-0.2505770000002485,-0.3080360000001292
2023-06-14 19:45:00,2733.085573,2732.721238,2732.833109,-0.3643349999997554,-0.2524639999996907,-0.30839949999972305
2023-06-14 20:30:00,2733.082074,2732.717739,2732.827573,-0.3643349999997554,-0.25450099999989106,-0.3094179999998232
2023-06-14 20:45:00,2733.086733,2732.719489,2732.829323,-0.3672440000000279,-0.25741000000016356,-0.3123270000000957
2023-06-14 21:00:00,2733.084983,2732.718009,2732.831917,-0.36697400000002744,-0.2530660000002172,-0.3100200000001223
2023-06-14 21:30:00,2733.083814,2732.717249,2732.829449,-0.36656500000026426,-0.25436500000023443,-0.31046500000024935
2023-06-14 22:00:00,2733.083814,2732.72056,2732.828439,-0.36325399999986985,-0.25537500000018554,-0.3093145000000277
2023-06-14 22:15:00,2733.083814,2732.717329,2732.830476,-0.3664850000000115,-0.2533379999999852,-0.30991149999999834
2023-06-14 22:30:00,2733.086143,2732.716839,2732.833236,-0.3693039999998291,-0.2529070000000502,-0.31110549999993964
2023-06-14 22:45:00,2733.083814,2732.719489,2732.830189,-0.364325000000008,-0.25362500000028376,-0.3089750000001459
2023-06-14 23:00:00,2733.087312,2732.719079,2732.831072,-0.3682330000001457,-0.25624000000016167,-0.3122365000001537
2023-06-14 23:15:00,2733.085563,2732.719759,2732.830189,-0.36580400000002555,-0.25537400000030175,-0.31058900000016365
2023-06-14 23:30:00,2733.087892,2732.71643,2732.831939,-0.371462000000065,-0.2559529999998631,-0.31370749999996406
2023-06-14 23:45:00,2733.082644,2732.71293,2732.831056,-0.3697139999999308,-0.2515880000000834,-0.3106510000000071
2023-06-15 00:00:00,2733.086143,2732.71468,2732.825106,-0.3714629999999488,-0.2610370000002149,-0.31625000000008185
2023-06-15 00:15:00,2733.082644,2732.71369,2732.825973,-0.36895400000003065,-0.2566710000000967,-0.31281250000006366
2023-06-15 00:45:00,2733.087892,2732.715359,2732.828893,-0.3725330000002032,-0.25899900000013076,-0.31576600000016697
2023-06-15 01:00:00,2733.085563,2732.71949,2732.829323,-0.3660730000001422,-0.25624000000016167,-0.31115650000015194
2023-06-15 01:30:00,2733.085563,2732.71585,2732.831487,-0.36971300000004703,-0.2540760000001683,-0.31189450000010766
2023-06-15 01:45:00,2733.083814,2732.718811,2732.830477,-0.36500299999988783,-0.2533370000001014,-0.3091699999999946
2023-06-15 02:00:00,2733.088482,2732.72025,2732.828313,-0.3682320000002619,-0.26016900000013266,-0.3142005000001973
2023-06-15 02:30:00,2733.086733,2732.72124,2732.829322,-0.3654930000002423,-0.25741100000004735,-0.31145200000014484
2023-06-15 03:15:00,2733.085573,2732.71949,2732.826277,-0.3660829999998896,-0.25929599999972197,-0.3126894999998058
2023-06-15 03:30:00,2733.088482,2732.716529,2732.832658,-0.3719530000003033,-0.2558240000003025,-0.3138885000003029
2023-06-15 03:45:00,2733.085573,2732.71899,2732.834408,-0.36658299999999144,-0.25116499999967346,-0.30887399999983245
2023-06-15 04:00:00,2733.084983,2732.717689,2732.832521,-0.367294000000129,-0.2524620000003779,-0.30987800000025345
2023-06-15 04:15:00,2733.086733,2732.715939,2732.828734,-0.37079399999993257,-0.25799899999992704,-0.3143964999999298
2023-06-15 04:30:00,2733.086733,2732.719169,2732.830485,-0.36756400000012945,-0.2562480000001415,-0.31190600000013546
2023-06-15 05:00:00,2733.089652,2732.719948,2732.837749,-0.36970400000018344,-0.2519030000003113,-0.31080350000024737
2023-06-15 05:15:00,2733.086733,2732.7219,2732.833532,-0.36483300000008967,-0.25320099999999,-0.30901700000003984
2023-06-15 05:30:00,2733.087902,2732.723568,2732.832952,-0.36433400000032634,-0.254950000000008,-0.3096420000001672
2023-06-15 05:45:00,2733.084983,2732.721631,2732.830487,-0.36335200000030454,-0.2544960000000174,-0.30892400000016096
2023-06-15 06:00:00,2733.088482,2732.721238,2732.832235,-0.3672440000000279,-0.2562470000002577,-0.3117455000001428
2023-06-15 06:15:00,2733.089642,2732.720256,2732.832524,-0.36938599999984945,-0.2571179999999913,-0.31325199999992037
2023-06-15 06:30:00,2733.086733,2732.722988,2732.836159,-0.3637450000001081,-0.2505740000001424,-0.30715950000012526
2023-06-15 07:00:00,2733.083814,2732.720558,2732.830194,-0.36325600000009217,-0.2536199999999553,-0.30843800000002375
2023-06-15 07:15:00,2733.085563,2732.720968,2732.828444,-0.36459500000000844,-0.2571189999998751,-0.31085699999994176
2023-06-15 07:30:00,2733.084393,2732.720068,2732.828157,-0.364325000000008,-0.25623600000017177,-0.3102805000000899
2023-06-15 08:15:00,2733.086733,2732.722628,2732.827737,-0.3641050000001087,-0.25899600000002465,-0.3115505000000667
2023-06-15 08:30:00,2733.087892,2732.722307,2732.827601,-0.36558500000001004,-0.260291000000052,-0.312938000000031
2023-06-15 08:45:00,2733.084393,2732.718315,2732.828446,-0.3660780000000159,-0.2559470000001056,-0.31101250000006075
2023-06-15 09:00:00,2733.087892,2732.719796,2732.827149,-0.3680960000001505,-0.2607429999998203,-0.3144194999999854
2023-06-15 09:45:00,2733.084393,2732.721546,2732.831493,-0.36284699999987424,-0.25289999999995416,-0.3078734999999142
2023-06-15 10:00:00,2733.083234,2732.722627,2732.830786,-0.36060700000007273,-0.25244800000018586,-0.3065275000001293
2023-06-15 10:15:00,2733.086143,2732.724775,2732.830196,-0.3613679999998567,-0.2559470000001056,-0.30865749999998116
2023-06-15 10:30:00,2733.086733,2732.723617,2732.832083,-0.3631159999999909,-0.2546500000003107,-0.3088830000001508
2023-06-15 10:45:00,2733.086153,2732.724785,2732.82774,-0.36136800000031144,-0.25841300000001866,-0.30989050000016505
2023-06-15 11:00:00,2733.084983,2732.723035,2732.829037,-0.3619480000002113,-0.25594600000022183,-0.3089470000002166
2023-06-15 11:15:00,2733.084983,2732.721554,2732.832084,-0.36342899999999645,-0.2528990000000704,-0.3081640000000334
2023-06-15 11:30:00,2733.084983,2732.718636,2732.829164,-0.36634700000013254,-0.25581899999997404,-0.3110830000000533
2023-06-15 11:45:00,2733.083234,2732.718905,2732.82657,-0.3643289999999979,-0.25666400000000067,-0.3104964999999993
2023-06-15 12:00:00,2733.086733,2732.717155,2732.829887,-0.3695780000002742,-0.2568460000002233,-0.31321200000024874
2023-06-15 12:15:00,2733.083234,2732.720386,2732.83034,-0.3628480000002128,-0.2528940000001967,-0.30787100000020473
2023-06-15 12:30:00,2733.079735,2732.716886,2732.829434,-0.3628489999996418,-0.2503009999995811,-0.30657499999961146
2023-06-15 13:15:00,2733.084403,2732.718325,2732.829038,-0.3660780000000159,-0.2553649999999834,-0.31072149999999965
2023-06-15 13:30:00,2733.086153,2732.719127,2732.830334,-0.3670260000003509,-0.25581899999997404,-0.31142250000016247
2023-06-15 13:45:00,2733.082064,2732.715716,2732.826117,-0.3663480000000163,-0.2559470000001056,-0.311147500000061
2023-06-15 14:00:00,2733.079735,2732.721867,2732.825991,-0.3578679999995984,-0.25374399999964226,-0.3058059999996203
2023-06-15 14:45:00,2733.082644,2732.719798,2732.828448,-0.36284599999999045,-0.2541959999998653,-0.3085209999999279
2023-06-15 15:00:00,2733.084393,2732.718048,2732.827708,-0.3663449999999102,-0.2566850000002887,-0.31151500000009946
2023-06-15 15:30:00,2733.087312,2732.724199,2732.826282,-0.3631129999998848,-0.2610300000001189,-0.31207150000000183
2023-06-15 15:45:00,2733.080895,2732.718049,2732.829456,-0.36284599999999045,-0.25143900000011854,-0.3071425000000545
2023-06-15 16:00:00,2733.082644,2732.718629,2732.829026,-0.36401500000010856,-0.25361800000018775,-0.30881650000014815
2023-06-15 16:15:00,2733.082644,2732.71657,2732.826408,-0.366074000000026,-0.25623600000017177,-0.3111550000000989
2023-06-15 16:45:00,2733.082064,2732.716571,2732.829742,-0.3654930000002423,-0.2523220000002766,-0.30890750000025946
2023-06-15 17:00:00,2733.080895,2732.715402,2732.827275,-0.3654930000002423,-0.2536199999999553,-0.3095565000000988
2023-06-15 17:15:00,2733.082644,2732.718633,2732.825978,-0.36401100000011866,-0.256666000000223,-0.3103385000001708
2023-06-15 17:30:00,2733.084393,2732.720793,2732.828158,-0.36360000000013315,-0.256235000000288,-0.30991750000021057
2023-06-15 18:00:00,2733.085563,2732.719804,2732.830482,-0.36575900000025285,-0.2550810000002457,-0.3104200000002493
2023-06-15 18:45:00,2733.082644,2732.720116,2732.829312,-0.3625280000001112,-0.2533320000002277,-0.30793000000016946
2023-06-15 19:30:00,2733.083234,2732.720128,2732.830331,-0.3631060000002435,-0.2529030000000603,-0.3080045000001519
2023-06-15 20:45:00,2733.083234,2732.721878,2732.826836,-0.36135600000034174,-0.25639799999999013,-0.30887700000016594
2023-06-15 21:00:00,2733.083814,2732.719726,2732.829166,-0.3640880000002653,-0.25464800000008836,-0.30936800000017683
2023-06-15 21:15:00,2733.083814,2732.718246,2732.830463,-0.36556800000016665,-0.2533510000002934,-0.30945950000023004
2023-06-15 21:45:00,2733.082654,2732.721468,2732.830043,-0.3611859999996341,-0.252610999999888,-0.30689849999976104
2023-06-15 22:00:00,2733.084403,2732.721468,2732.830045,-0.36293499999965206,-0.25435799999968367,-0.30864649999966787
2023-06-15 22:15:00,2733.084403,2732.718239,2732.830044,-0.36616400000002614,-0.2543590000000222,-0.31026150000002417
2023-06-15 22:30:00,2733.087322,2732.721469,2732.825701,-0.36585299999978815,-0.26162099999964994,-0.31373699999971905
2023-06-15 22:45:00,2733.085573,2732.724698,2732.827451,-0.36087499999985084,-0.2581219999997302,-0.3094984999997905
2023-06-15 23:00:00,2733.087902,2732.727929,2732.827904,-0.3599730000000818,-0.25999799999999595,-0.3099855000000389
2023-06-15 23:15:00,2733.087322,2732.726448,2732.834282,-0.36087399999996705,-0.25304000000005544,-0.30695700000001125
2023-06-16 00:15:00,2733.087322,2732.7247,2732.832534,-0.3626219999996465,-0.2547879999997349,-0.3087049999996907
2023-06-16 01:00:00,2733.085573,2732.7212,2732.828747,-0.3643729999998868,-0.25682599999981903,-0.3105994999998529
2023-06-16 01:30:00,2733.085573,2732.725379,2732.8292,-0.3601939999998649,-0.2563729999997122,-0.30828349999978855
2023-06-16 02:00:00,2733.085573,2732.722949,2732.835128,-0.36262399999986883,-0.2504449999996723,-0.30653449999977056
2023-06-16 02:30:00,2733.082654,2732.725688,2732.827022,-0.35696599999982936,-0.25563199999987773,-0.30629899999985355
2023-06-16 02:45:00,2733.084403,2732.723629,2732.829489,-0.3607739999997648,-0.25491399999964415,-0.30784399999970447
2023-06-16 03:45:00,2733.087322,2732.722948,2732.826999,-0.3643739999997706,-0.2603229999999712,-0.3123484999998709
2023-06-16 04:15:00,2733.089072,2732.720477,2732.832536,-0.3685950000003686,-0.25653600000032384,-0.3125655000003462
2023-06-16 05:00:00,2733.087322,2732.729098,2732.832538,-0.3582240000000638,-0.254783999999745,-0.3065039999999044
2023-06-16 05:15:00,2733.084403,2732.724698,2732.830071,-0.35970499999984895,-0.2543319999999767,-0.3070184999999128
2023-06-16 05:30:00,2733.086153,2732.727928,2732.828321,-0.35822500000040236,-0.257832000000235,-0.3080285000003187
2023-06-16 06:15:00,2733.089652,2732.726446,2732.833118,-0.36320599999999104,-0.2565340000001015,-0.3098700000000463
2023-06-16 06:30:00,2733.086153,2732.724696,2732.827454,-0.36145699999997305,-0.2586989999999787,-0.3100779999999759
2023-06-16 06:45:00,2733.083234,2732.722544,2732.827151,-0.36068999999997686,-0.256083000000217,-0.30838650000009693
2023-06-16 07:15:00,2733.086733,2732.725775,2732.833969,-0.3609580000002097,-0.25276400000029753,-0.3068610000002536
2023-06-16 07:30:00,2733.086733,2732.721384,2732.822801,-0.36534900000015114,-0.2639320000002954,-0.31464050000022326
2023-06-16 07:45:00,2733.087322,2732.723544,2732.828012,-0.3637779999999111,-0.259309999999914,-0.31154399999991256
2023-06-16 08:00:00,2733.082074,2732.723274,2732.827432,-0.3587999999999738,-0.25464199999987613,-0.30672099999992497
2023-06-16 08:15:00,2733.085573,2732.725023,2732.824965,-0.3605499999998756,-0.26060800000004747,-0.3105789999999615
2023-06-16 08:45:00,2733.083814,2732.722102,2732.822928,-0.36171199999989767,-0.2608860000000277,-0.3112989999999627
2023-06-16 09:00:00,2733.083824,2732.719631,2732.821918,-0.3641929999998865,-0.2619059999997262,-0.31304949999980636
2023-06-16 10:00:00,2733.083814,2732.720621,2732.825975,-0.36319300000013754,-0.25783899999987625,-0.3105160000000069
2023-06-16 10:30:00,2733.083814,2732.719632,2732.824679,-0.36418200000025536,-0.25913500000024214,-0.31165850000024875
2023-06-16 10:45:00,2733.085563,2732.722861,2732.827726,-0.36270199999989927,-0.2578370000001087,-0.310269500000004
2023-06-16 11:00:00,2733.085563,2732.724341,2732.825976,-0.36122199999999793,-0.25958700000001045,-0.3104045000000042
2023-06-16 11:15:00,2733.083814,2732.72111,2732.827273,-0.3627040000001216,-0.2565410000001975,-0.30962250000015956
2023-06-16 11:45:00,2733.080905,2732.71788,2732.824226,-0.3630249999996522,-0.25667899999962174,-0.309851999999637
2023-06-16 12:00:00,2733.087312,2732.72138,2732.823383,-0.36593200000015713,-0.26392900000018926,-0.3149305000001732
2023-06-16 12:15:00,2733.083824,2732.724031,2732.824099,-0.3597929999996268,-0.2597249999998894,-0.3097589999997581
2023-06-16 12:30:00,2733.083824,2732.7208,2732.827147,-0.3630239999997684,-0.25667699999985416,-0.3098504999998113
2023-06-16 12:45:00,2733.082074,2732.72004,2732.827433,-0.3620339999997668,-0.25464099999999235,-0.3083374999998796
2023-06-16 13:00:00,2733.085563,2732.71739,2732.831926,-0.3681730000002972,-0.25363700000025347,-0.3109050000002753
2023-06-16 13:15:00,2733.079155,2732.71465,2732.826263,-0.3645050000000083,-0.25289199999997436,-0.3086984999999913
2023-06-16 13:30:00,2733.082064,2732.71613,2732.826262,-0.36593400000037946,-0.25580200000013065,-0.31086800000025505
2023-06-16 13:45:00,2733.083814,2732.7164,2732.827725,-0.3674140000002808,-0.2560889999999745,-0.31175150000012763
2023-06-16 14:00:00,2733.080325,2732.716812,2732.826692,-0.36351299999978437,-0.2536329999998088,-0.3085729999997966
2023-06-16 14:30:00,2733.078575,2732.716402,2732.825395,-0.3621729999999843,-0.2531800000001567,-0.3076765000000705
2023-06-16 14:45:00,2733.084983,2732.718543,2732.829602,-0.3664400000002388,-0.25538100000039776,-0.3109105000003183
2023-06-16 15:15:00,2733.083234,2732.716383,2732.821059,-0.3668510000002243,-0.2621750000002976,-0.31451300000026094
2023-06-16 15:30:00,2733.083234,2732.714633,2732.825403,-0.3686010000001261,-0.2578310000003512,-0.31321600000023864
2023-06-16 15:45:00,2733.083234,2732.719042,2732.826555,-0.36419200000000274,-0.2566790000000765,-0.3104355000000396
2023-06-16 16:00:00,2733.079735,2732.718276,2732.822355,-0.3614589999997406,-0.25738000000001193,-0.3094194999998763
2023-06-16 16:15:00,2733.084403,2732.717965,2732.824822,-0.3664380000000165,-0.2595809999997982,-0.31300949999990735
2023-06-16 16:30:00,2733.080905,2732.716795,2732.823525,-0.3641099999999824,-0.25738000000001193,-0.31074499999999716
2023-06-16 16:45:00,2733.084403,2732.715047,2732.827869,-0.3693559999996978,-0.25653399999964677,-0.3129449999996723
2023-06-16 17:00:00,2733.081484,2732.716797,2732.820191,-0.36468699999977616,-0.2612930000000233,-0.31298999999989974
2023-06-16 17:30:00,2733.080905,2732.718278,2732.821488,-0.36262699999997494,-0.25941699999975754,-0.31102199999986624
2023-06-16 18:00:00,2733.082654,2732.715049,2732.827128,-0.36760499999991225,-0.255525999999918,-0.3115654999999151
2023-06-16 18:15:00,2733.082654,2732.716138,2732.822784,-0.3665160000000469,-0.2598699999998644,-0.31319299999995565
2023-06-16 18:45:00,2733.086153,2732.718279,2732.827866,-0.3678740000000289,-0.2582870000001094,-0.31308050000006915
2023-06-16 19:00:00,2733.083234,2732.720029,2732.825272,-0.36320500000010725,-0.25796200000013414,-0.3105835000001207
2023-06-16 20:00:00,2733.081484,2732.716039,2732.822352,-0.36544499999990876,-0.2591319999996813,-0.312288499999795
2023-06-16 20:15:00,2733.079735,2732.716531,2732.823648,-0.3632039999997687,-0.25608699999975215,-0.30964549999976043
2023-06-16 20:30:00,2733.083824,2732.72035,2732.821047,-0.36347399999976915,-0.26277699999991455,-0.31312549999984185
2023-06-16 20:45:00,2733.083824,2732.7221,2732.826258,-0.3617239999998674,-0.2575659999997697,-0.30964499999981854
2023-06-16 21:00:00,2733.082654,2732.718199,2732.82422,-0.36445499999990716,-0.25843399999985195,-0.31144449999987955
2023-06-16 21:15:00,2733.082064,2732.71888,2732.824961,-0.36318400000027395,-0.25710300000037023,-0.3101435000003221
2023-06-16 21:30:00,2733.079145,2732.71995,2732.825089,-0.3591949999999997,-0.2540560000002188,-0.30662550000010924
2023-06-16 21:45:00,2733.083814,2732.722599,2732.823664,-0.3612149999999019,-0.26015000000006694,-0.31068249999998443
2023-06-16 22:15:00,2733.084393,2732.721699,2732.828588,-0.36269399999991947,-0.25580500000023676,-0.3092495000000781
2023-06-16 22:45:00,2733.089062,2732.718159,2732.82671,-0.37090299999999843,-0.26235200000019177,-0.3166275000000951
2023-06-16 23:00:00,2733.082644,2732.71847,2732.825542,-0.36417400000027556,-0.2571020000000317,-0.3106380000001536
2023-06-16 23:15:00,2733.082644,2732.72022,2732.822948,-0.36242399999991903,-0.2596960000000763,-0.31105999999999767
2023-06-16 23:45:00,2733.084393,2732.71923,2732.824245,-0.3651629999999386,-0.26014800000029936,-0.312655500000119
2023-06-17 00:30:00,2733.087312,2732.723531,2732.824118,-0.36378100000001723,-0.2631940000001123,-0.31348750000006476
2023-06-17 00:45:00,2733.087312,2732.72071,2732.825415,-0.36660200000005716,-0.26189700000031735,-0.31424950000018725
2023-06-17 01:00:00,2733.087312,2732.727849,2732.827165,-0.35946300000023257,-0.2601469999999608,-0.3098050000000967
2023-06-17 01:15:00,2733.085563,2732.72287,2732.826712,-0.3626930000000357,-0.2588510000000497,-0.3107720000000427
2023-06-17 01:45:00,2733.085573,2732.721388,2732.826585,-0.3641849999999067,-0.25898800000004485,-0.3115864999999758
2023-06-17 02:00:00,2733.082074,2732.71964,2732.825844,-0.36243400000012116,-0.25622999999995955,-0.30933200000004035
2023-06-17 02:15:00,2733.088482,2732.722869,2732.824548,-0.36561299999993935,-0.26393400000006295,-0.31477350000000115
2023-06-17 02:45:00,2733.086733,2732.724349,2732.828749,-0.36238400000002,-0.25798400000030597,-0.310184000000163
2023-06-17 03:15:00,2733.085573,2732.726009,2732.827594,-0.3595639999998639,-0.25797899999997753,-0.3087714999999207
2023-06-17 03:30:00,2733.088482,2732.725509,2732.82571,-0.36297300000023824,-0.26277200000004086,-0.31287250000013955
2023-06-17 03:45:00,2733.083824,2732.721118,2732.823666,-0.3627059999998892,-0.26015800000004674,-0.31143199999996796
2023-06-17 04:15:00,2733.087892,2732.724029,2732.827007,-0.3638630000000376,-0.2608850000001439,-0.31237400000009075
2023-06-17 05:00:00,2733.087322,2732.722868,2732.825847,-0.36445400000002337,-0.2614749999997912,-0.3129644999999073
2023-06-17 05:15:00,2733.088482,2732.723529,2732.830921,-0.36495300000024145,-0.257560999999896,-0.31125700000006873
2023-06-17 05:45:00,2733.089642,2732.723259,2732.823237,-0.36638300000004165,-0.2664049999998497,-0.31639399999994566
2023-06-17 06:00:00,2733.089642,2732.720795,2732.827008,-0.36884699999973236,-0.26263399999970716,-0.31574049999971976
2023-06-17 06:45:00,2733.086733,2732.723257,2732.825258,-0.3634759999999915,-0.2614750000002459,-0.3124755000001187
2023-06-17 07:00:00,2733.086733,2732.722276,2732.824107,-0.3644570000001295,-0.2626260000001821,-0.3135415000001558
2023-06-17 07:15:00,2733.086733,2732.724347,2732.824099,-0.36238600000024235,-0.2626340000001619,-0.3125100000002021
2023-06-17 07:45:00,2733.083824,2732.722595,2732.823217,-0.3612289999996392,-0.26060699999970893,-0.31091799999967407
2023-06-17 08:00:00,2733.085573,2732.723576,2732.822349,-0.3619969999999739,-0.26322399999980917,-0.31261049999989154
2023-06-17 08:15:00,2733.085573,2732.722096,2732.822947,-0.36347699999987526,-0.26262599999972736,-0.3130514999998013
2023-06-17 08:30:00,2733.082074,2732.724345,2732.822803,-0.35772899999983565,-0.2592709999998988,-0.3084999999998672
2023-06-17 08:45:00,2733.083824,2732.720346,2732.823217,-0.36347799999975905,-0.26060699999970893,-0.312042499999734
2023-06-17 09:00:00,2733.082074,2732.723575,2732.825397,-0.35849899999993795,-0.25667699999985416,-0.30758799999989606
2023-06-17 09:15:00,2733.083824,2732.718594,2732.823647,-0.36522999999988315,-0.2601769999996577,-0.31270349999977043
2023-06-17 09:45:00,2733.080325,2732.721825,2732.81858,-0.35849999999982174,-0.2617449999997916,-0.3101224999998067
2023-06-17 10:00:00,2733.085573,2732.722815,2732.822495,-0.3627579999997579,-0.2630779999999504,-0.31291799999985415
2023-06-17 10:15:00,2733.083234,2732.726213,2732.822358,-0.35702100000025894,-0.26087600000028033,-0.30894850000026963
2023-06-17 10:30:00,2733.084983,2732.723975,2732.825675,-0.36100800000031086,-0.2593080000001464,-0.31015800000022864
2023-06-17 11:00:00,2733.080325,2732.718324,2732.818851,-0.3620009999999638,-0.2614739999999074,-0.3117374999999356
2023-06-17 11:30:00,2733.083824,2732.721823,2732.824245,-0.3620009999999638,-0.25957900000003065,-0.31078999999999724
2023-06-17 12:00:00,2733.083234,2732.720823,2732.822359,-0.36241100000006554,-0.26087500000039654,-0.31164300000023104
2023-06-17 12:15:00,2733.081484,2732.719342,2732.820195,-0.3621419999999489,-0.2612890000000334,-0.31171549999999115
2023-06-17 12:30:00,2733.083234,2732.720332,2732.825406,-0.3629020000003038,-0.2578280000002451,-0.31036500000027445
2023-06-17 12:45:00,2733.079735,2732.719752,2732.819312,-0.3599829999998292,-0.26042299999971874,-0.31020299999977397
2023-06-17 13:45:00,2733.082654,2732.720431,2732.823529,-0.3622229999996307,-0.25912500000004,-0.31067399999983536
2023-06-17 14:00:00,2733.082654,2732.720162,2732.829168,-0.36249199999974735,-0.2534859999996115,-0.30798899999967944
2023-06-17 14:15:00,2733.080905,2732.718681,2732.826123,-0.36222399999996924,-0.2547819999999774,-0.3085029999999733
2023-06-17 14:30:00,2733.084403,2732.716791,2732.822231,-0.36761200000000827,-0.2621719999997367,-0.3148919999998725
2023-06-17 14:45:00,2733.082654,2732.714773,2732.819742,-0.36788099999967017,-0.2629119999996874,-0.3153964999996788
2023-06-17 15:00:00,2733.082654,2732.713292,2732.821037,-0.36936199999991004,-0.26161699999966004,-0.31548949999978504
2023-06-17 15:30:00,2733.086153,2732.721503,2732.824537,-0.36464999999998327,-0.261616000000231,-0.31313300000010713
2023-06-17 15:45:00,2733.082654,2732.717513,2732.821777,-0.3651409999997668,-0.26087699999970937,-0.3130089999997381
2023-06-17 16:00:00,2733.082654,2732.716211,2732.823401,-0.36644299999989016,-0.25925299999971685,-0.3128479999998035
2023-06-17 16:15:00,2733.084403,2732.723663,2732.823957,-0.36073999999962325,-0.26044599999977436,-0.3105929999996988
2023-06-17 16:30:00,2733.082654,2732.720164,2732.82091,-0.3624899999999798,-0.26174399999990783,-0.3121169999999438
2023-06-17 16:45:00,2733.084403,2732.720434,2732.818873,-0.3639689999999973,-0.2655299999996714,-0.31474949999983437
2023-06-17 17:30:00,2733.082654,2732.718684,2732.823216,-0.3639699999998811,-0.2594380000000456,-0.31170399999996334
2023-06-17 17:45:00,2733.080905,2732.717526,2732.82192,-0.3633789999998953,-0.25898499999993874,-0.311181999999917
2023-06-17 18:15:00,2733.082654,2732.723395,2732.823956,-0.3592589999998381,-0.25869799999964016,-0.30897849999973914
2023-06-17 18:30:00,2733.082654,2732.717917,2732.82655,-0.3647369999998773,-0.25610399999959554,-0.3104204999997364
2023-06-17 18:45:00,2733.084403,2732.720746,2732.823527,-0.36365699999987555,-0.2608759999998256,-0.31226649999985057
2023-06-17 19:00:00,2733.080905,2732.718726,2732.82437,-0.3621789999997418,-0.2565349999999853,-0.30935699999986355
2023-06-17 19:15:00,2733.080905,2732.718996,2732.821777,-0.36190899999974135,-0.2591279999996914,-0.31051849999971637
2023-06-17 19:30:00,2733.082654,2732.719487,2732.816692,-0.3631669999999758,-0.26596199999994496,-0.3145644999999604
2023-06-17 19:45:00,2733.083234,2732.722227,2732.819309,-0.3610069999999723,-0.26392500000019936,-0.31246600000008584
2023-06-17 20:00:00,2733.077986,2732.717516,2732.820606,-0.3604699999996228,-0.2573799999995572,-0.30892499999959
2023-06-17 20:30:00,2733.085573,2732.720346,2732.819899,-0.36522699999977704,-0.2656739999997626,-0.3154504999997698
2023-06-17 20:45:00,2733.083824,2732.721827,2732.820329,-0.3619969999999739,-0.2634949999996934,-0.31274599999983366
2023-06-17 21:15:00,2733.080905,2732.720355,2732.818131,-0.3605499999998756,-0.26277399999980844,-0.311661999999842
2023-06-17 21:30:00,2733.086733,2732.724756,2732.82105,-0.3619770000000244,-0.26568300000008094,-0.3138300000000527
2023-06-17 21:45:00,2733.082064,2732.723316,2732.819881,-0.3587480000001051,-0.2621830000002774,-0.31046550000019124
2023-06-17 22:00:00,2733.080895,2732.720666,2732.820008,-0.3602289999998902,-0.2608869999999115,-0.31055799999990086
2023-06-17 22:15:00,2733.085563,2732.723586,2732.821631,-0.3619770000000244,-0.2639320000002954,-0.3129545000001599
2023-06-17 22:30:00,2733.085563,2732.725826,2732.822369,-0.3597370000002229,-0.2631940000001123,-0.3114655000001676
2023-06-17 22:45:00,2733.083814,2732.726816,2732.823379,-0.3569980000002033,-0.2604350000001432,-0.30871650000017326
2023-06-17 23:45:00,2733.085563,2732.723855,2732.819037,-0.36170799999990777,-0.26652599999988524,-0.3141169999998965
2023-06-18 00:00:00,2733.086733,2732.727487,2732.822799,-0.35924599999998463,-0.26393400000006295,-0.3115900000000238
2023-06-18 00:15:00,2733.088482,2732.726487,2732.823529,-0.36199500000020635,-0.2649530000003324,-0.31347400000026937
2023-06-18 01:15:00,2733.084983,2732.724737,2732.823078,-0.36024600000018836,-0.26190500000029715,-0.31107550000024276
2023-06-18 02:30:00,2733.083234,2732.721506,2732.818441,-0.361728000000312,-0.2647930000002816,-0.3132605000002968
2023-06-18 03:30:00,2733.086153,2732.725145,2732.819181,-0.36100800000031086,-0.2669720000003508,-0.31399000000033084
2023-06-18 03:45:00,2733.087902,2732.726895,2732.823525,-0.36100700000042707,-0.2643770000004224,-0.31269200000042474
2023-06-18 04:00:00,2733.086153,2732.719755,2732.821775,-0.36639800000011746,-0.2643780000003062,-0.31538800000021183
2023-06-18 04:15:00,2733.086153,2732.721505,2732.825276,-0.3646480000002157,-0.2608770000001641,-0.3127625000001899
2023-06-18 04:30:00,2733.084403,2732.723665,2732.822229,-0.3607379999998557,-0.26217399999995905,-0.31145599999990736
2023-06-18 04:45:00,2733.086733,2732.722495,2732.821059,-0.36423800000011397,-0.26567400000021735,-0.31495600000016566
2023-06-18 05:00:00,2733.086733,2732.727964,2732.823961,-0.3587689999999384,-0.26277200000004086,-0.3107704999999896
2023-06-18 05:15:00,2733.084983,2732.724734,2732.822211,-0.3602490000002945,-0.26277200000004086,-0.31151050000016767
2023-06-18 05:45:00,2733.086733,2732.726484,2732.824989,-0.3602490000002945,-0.26174399999990783,-0.31099650000010115
2023-06-18 06:15:00,2733.086733,2732.721093,2732.821942,-0.36563999999998487,-0.2647910000000593,-0.3152155000000221
2023-06-18 06:45:00,2733.085573,2732.723573,2732.821649,-0.3619999999996253,-0.2639239999998608,-0.31296199999974306
2023-06-18 07:00:00,2733.084983,2732.723251,2732.820193,-0.3617320000003019,-0.2647900000001755,-0.3132610000002387
2023-06-18 07:30:00,2733.083824,2732.722091,2732.821198,-0.36173299999973096,-0.26262599999972736,-0.31217949999972916
2023-06-18 07:45:00,2733.084983,2732.71886,2732.821052,-0.36612300000024334,-0.2639310000004116,-0.31502700000032746
2023-06-18 08:00:00,2733.080905,2732.72133,2732.817704,-0.3595749999999498,-0.26320099999975355,-0.3113879999998517
2023-06-18 08:30:00,2733.083814,2732.721829,2732.822048,-0.3619850000000042,-0.26176600000007966,-0.31187550000004194
2023-06-18 09:15:00,2733.083814,2732.722809,2732.822929,-0.36100500000020475,-0.2608850000001439,-0.31094500000017433
2023-06-18 09:30:00,2733.080905,2732.72213,2732.823798,-0.35877499999969586,-0.2571069999999054,-0.3079409999998006
2023-06-18 09:45:00,2733.083814,2732.720649,2732.819885,-0.36316500000020824,-0.26392900000018926,-0.31354700000019875
2023-06-18 10:30:00,2733.080905,2732.72254,2732.822049,-0.35836499999959415,-0.25885599999992337,-0.30861049999975876
2023-06-18 10:45:00,2733.083824,2732.723298,2732.819305,-0.3605259999999362,-0.2645189999998365,-0.31252249999988635
2023-06-18 11:30:00,2733.082074,2732.720069,2732.821627,-0.3620049999999537,-0.2604470000001129,-0.3112260000000333
2023-06-18 11:45:00,2733.080325,2732.721057,2732.818153,-0.3592679999997017,-0.2621719999997367,-0.3107199999997192
2023-06-18 12:15:00,2733.076826,2732.719309,2732.815536,-0.35751699999991615,-0.2612899999999172,-0.3094034999999167
2023-06-18 12:30:00,2733.083234,2732.718987,2732.817563,-0.36424699999997756,-0.26567100000011123,-0.3149590000000444
2023-06-18 12:45:00,2733.081484,2732.716827,2732.819311,-0.36465699999962453,-0.2621729999996205,-0.3134149999996225
2023-06-18 13:00:00,2733.077986,2732.716068,2732.821905,-0.36191799999960494,-0.2560809999999947,-0.3089994999997998
2023-06-18 13:15:00,2733.082654,2732.720737,2732.821778,-0.36191699999972116,-0.2608759999998256,-0.31139649999977337
2023-06-18 13:30:00,2733.081484,2732.722218,2732.817704,-0.35926599999993414,-0.26377999999976964,-0.3115229999998519
2023-06-18 13:45:00,2733.079735,2732.720468,2732.815954,-0.3592669999998179,-0.26378099999965343,-0.3115239999997357
2023-06-18 14:00:00,2733.080905,2732.72262,2732.818874,-0.3582849999997961,-0.26203099999975166,-0.3101579999997739
2023-06-18 14:30:00,2733.082654,2732.719391,2732.817124,-0.36326299999973344,-0.2655299999996714,-0.31439649999970243
2023-06-18 15:00:00,2733.080315,2732.717239,2732.819581,-0.3630760000000919,-0.2607339999999567,-0.3119050000000243
2023-06-18 15:45:00,2733.080315,2732.71792,2732.822628,-0.36239500000010594,-0.25768700000026,-0.310041000000183
2023-06-18 16:45:00,2733.083234,2732.716663,2732.818277,-0.36657100000002174,-0.2649570000003223,-0.315764000000172
2023-06-18 17:45:00,2733.083234,2732.712714,2732.81916,-0.370520000000397,-0.26407400000016423,-0.3172970000002806
2023-06-18 18:00:00,2733.080315,2732.713703,2732.818277,-0.3666120000002593,-0.2620380000003024,-0.31432500000028085
2023-06-18 18:15:00,2733.082064,2732.714693,2732.820025,-0.36737100000027567,-0.2620390000001862,-0.31470500000023094
2023-06-18 18:30:00,2733.081484,2732.715184,2732.81698,-0.36629999999968277,-0.2645039999997607,-0.31540199999972174
2023-06-18 18:45:00,2733.080315,2732.716934,2732.818728,-0.36338100000011764,-0.26158699999996315,-0.3124840000000404
2023-06-18 19:00:00,2733.079735,2732.715186,2732.818274,-0.3645489999998972,-0.26146099999959915,-0.3130049999997482
2023-06-18 19:30:00,2733.076816,2732.714695,2732.820151,-0.36212099999966085,-0.25666499999988446,-0.30939299999977266
2023-06-18 19:45:00,2733.078565,2732.717926,2732.814512,-0.36063899999999194,-0.2640529999998762,-0.31234599999993407
2023-06-18 20:00:00,2733.078565,2732.716936,2732.817557,-0.36162899999999354,-0.26100799999994706,-0.3113184999999703
2023-06-18 20:30:00,2733.080315,2732.720166,2732.817826,-0.3601490000000922,-0.26248900000018693,-0.31131900000013957
2023-06-18 20:45:00,2733.080905,2732.719008,2732.818416,-0.36189699999977165,-0.2624889999997322,-0.3121929999997519
2023-06-18 21:00:00,2733.077406,2732.714796,2732.816668,-0.3626099999996768,-0.2607379999999466,-0.3116739999998117
2023-06-18 21:15:00,2733.079155,2732.720168,2732.815822,-0.3589870000000701,-0.26333299999987503,-0.31115999999997257
2023-06-18 21:30:00,2733.077986,2732.720479,2732.815948,-0.357506999999714,-0.26203799999984767,-0.30977249999978085
2023-06-18 21:45:00,2733.077986,2732.717248,2732.816236,-0.3607379999998557,-0.2617499999996653,-0.3112439999997605
2023-06-18 22:00:00,2733.079155,2732.71725,2732.814939,-0.36190499999975145,-0.2642160000000331,-0.31306049999989227
2023-06-18 22:15:00,2733.080905,2732.719491,2732.81494,-0.3614139999999679,-0.26596499999959633,-0.31368949999978213
2023-06-18 22:30:00,2733.083234,2732.718321,2732.815067,-0.36491300000034244,-0.2681670000001759,-0.31654000000025917
2023-06-18 22:45:00,2733.079735,2732.720071,2732.814223,-0.3596639999996114,-0.26551199999994424,-0.3125879999997778
2023-06-18 23:00:00,2733.081484,2732.713609,2732.816817,-0.3678749999999127,-0.2646669999999176,-0.31627099999991515
2023-06-18 23:15:00,2733.084983,2732.720481,2732.816258,-0.36450200000035693,-0.2687250000003587,-0.3166135000003578
2023-06-18 23:30:00,2733.079735,2732.719,2732.817557,-0.36073499999974956,-0.26217799999994895,-0.31145649999984926
2023-06-19 00:15:00,2733.084983,2732.723981,2732.815973,-0.36100200000009863,-0.2690099999999802,-0.3150060000000394
2023-06-19 00:45:00,2733.081484,2732.717521,2732.811176,-0.3639629999997851,-0.27030799999965893,-0.317135499999722
2023-06-19 01:00:00,2733.081484,2732.722233,2732.81552,-0.3592509999998583,-0.26596399999971254,-0.31260749999978543
2023-06-19 01:15:00,2733.079735,2732.719002,2732.814223,-0.360732999999982,-0.26551199999994424,-0.3131224999999631
2023-06-19 01:30:00,2733.080905,2732.721243,2732.820477,-0.35966199999984383,-0.26042799999959243,-0.31004499999971813
2023-06-19 01:45:00,2733.084403,2732.719762,2732.816133,-0.3646409999996649,-0.26827000000002954,-0.31645549999984723
2023-06-19 02:00:00,2733.082654,2732.720172,2732.816689,-0.36248199999999997,-0.26596499999959633,-0.31422349999979815
2023-06-19 02:15:00,2733.080905,2732.721652,2732.817986,-0.3592529999996259,-0.2629189999997834,-0.31108599999970465
2023-06-19 03:30:00,2733.082654,2732.722232,2732.81743,-0.360421999999744,-0.2652239999997619,-0.31282299999975294
2023-06-19 04:45:00,2733.079155,2732.721654,2732.818728,-0.35750099999995655,-0.26042699999970864,-0.3089639999998326
2023-06-19 05:00:00,2733.079155,2732.720173,2732.817431,-0.3589819999997417,-0.2617239999999583,-0.31035299999985
2023-06-19 05:45:00,2733.081484,2732.720753,2732.812474,-0.36073099999975966,-0.2690099999999802,-0.31487049999986993
2023-06-19 06:00:00,2733.079735,2732.719003,2732.814224,-0.36073199999964345,-0.2655109999996057,-0.3131214999996246
2023-06-19 06:30:00,2733.082654,2732.718692,2732.815681,-0.3639619999999013,-0.26697299999977986,-0.3154674999998406
2023-06-19 07:30:00,2733.080325,2732.719592,2732.814363,-0.360732999999982,-0.26596199999994496,-0.3133474999999635
2023-06-19 07:45:00,2733.082074,2732.720083,2732.812486,-0.3619909999997617,-0.2695880000001125,-0.3157894999999371
2023-06-19 08:15:00,2733.082654,2732.722142,2732.81698,-0.36051199999974415,-0.2656739999997626,-0.3130929999997534
2023-06-19 08:30:00,2733.079155,2732.718911,2732.811316,-0.36024399999996604,-0.26783900000009453,-0.3140415000000303
2023-06-19 08:45:00,2733.085563,2732.721341,2732.817704,-0.36422200000015437,-0.26785900000004403,-0.3160405000000992
2023-06-19 09:00:00,2733.082064,2732.722821,2732.81379,-0.35924300000033327,-0.26827400000001944,-0.31375850000017635
2023-06-19 10:30:00,2733.082064,2732.720392,2732.817251,-0.36167199999999866,-0.2648130000002311,-0.3132425000001149
2023-06-19 10:45:00,2733.079155,2732.720802,2732.810021,-0.3583530000000792,-0.2691340000001219,-0.31374350000010054
2023-06-19 11:00:00,2733.077986,2732.718151,2732.812167,-0.3598349999997481,-0.26581899999973757,-0.31282699999974284
2023-06-19 11:15:00,2733.079155,2732.719321,2732.813337,-0.3598339999998643,-0.2658179999998538,-0.31282599999985905
2023-06-19 11:30:00,2733.080905,2732.722552,2732.811771,-0.35835299999962444,-0.26913399999966714,-0.3137434999996458
2023-06-19 11:45:00,2733.077396,2732.717882,2732.809265,-0.3595140000002175,-0.2681310000002668,-0.31382250000024214
2023-06-19 12:15:00,2733.077406,2732.72039,2732.807841,-0.3570159999999305,-0.2695650000000569,-0.3132904999999937
2023-06-19 12:30:00,2733.077406,2732.713661,2732.807818,-0.3637450000001081,-0.26958799999965777,-0.31666649999988294
2023-06-19 12:45:00,2733.078575,2732.72156,2732.814238,-0.3570150000000467,-0.26433700000006866,-0.3106760000000577
2023-06-19 13:00:00,2733.078575,2732.717569,2732.810308,-0.36100600000008853,-0.26826699999992343,-0.314636500000006
2023-06-19 13:15:00,2733.076826,2732.71434,2732.808558,-0.36248599999998987,-0.2682679999998072,-0.31537699999989854
2023-06-19 13:30:00,2733.076826,2732.71609,2732.810738,-0.3607360000000881,-0.2660879999998542,-0.31341199999997116
2023-06-19 13:45:00,2733.080325,2732.717571,2732.813785,-0.362753999999768,-0.26654000000007727,-0.3146469999999226
2023-06-19 14:15:00,2733.079735,2732.715811,2732.812765,-0.3639239999997699,-0.26696999999967375,-0.3154469999997218
2023-06-19 14:30:00,2733.079735,2732.716981,2732.815812,-0.362753999999768,-0.26392299999997704,-0.3133384999998725
2023-06-19 15:00:00,2733.080325,2732.714651,2732.812902,-0.3656740000001264,-0.2674229999997806,-0.3165484999999535
2023-06-19 15:15:00,2733.079735,2732.719042,2732.814062,-0.3606929999996282,-0.2656729999998788,-0.3131829999997535
2023-06-19 15:30:00,2733.079735,2732.719311,2732.815525,-0.3604239999999663,-0.26420999999982087,-0.3123169999998936
2023-06-19 15:45:00,2733.077986,2732.718321,2732.812478,-0.35966499999994994,-0.26550799999995434,-0.31258649999995214
2023-06-19 16:00:00,2733.079735,2732.717561,2732.810728,-0.3621739999998681,-0.2690069999998741,-0.3155904999998711
2023-06-19 16:15:00,2733.076236,2732.718733,2732.813195,-0.3575029999997241,-0.26304099999970276,-0.31027199999971344
2023-06-19 16:30:00,2733.075067,2732.716573,2732.808978,-0.35849400000006426,-0.26608900000019275,-0.3122915000001285
2023-06-19 16:45:00,2733.077986,2732.720484,2732.809431,-0.35750199999984034,-0.26855499999965105,-0.3130284999997457
2023-06-19 17:15:00,2733.076816,2732.715423,2732.806097,-0.3613929999996799,-0.27071899999964444,-0.31605599999966216
2023-06-19 17:30:00,2733.077986,2732.718735,2732.808564,-0.3592509999998583,-0.2694219999998495,-0.3143364999998539
2023-06-19 17:45:00,2733.076816,2732.715815,2732.80869,-0.3610009999997601,-0.26812599999993836,-0.3145634999998492
2023-06-19 18:00:00,2733.074487,2732.718466,2732.80811,-0.3560210000000552,-0.26637699999992037,-0.3111989999999878
2023-06-19 18:30:00,2733.077986,2732.720216,2732.80986,-0.35776999999961845,-0.26812599999993836,-0.3129479999997784
2023-06-19 18:45:00,2733.080905,2732.721966,2732.81161,-0.35893899999973655,-0.2692949999996017,-0.31411699999966913
2023-06-19 19:00:00,2733.077986,2732.720528,2732.80869,-0.3574579999999514,-0.26929599999994025,-0.31337699999994584
2023-06-19 19:30:00,2733.077986,2732.719047,2732.80943,-0.35893899999973655,-0.2685559999999896,-0.31374749999986307
2023-06-19 19:45:00,2733.076236,2732.717567,2732.810726,-0.3586689999997361,-0.2655099999997219,-0.312089499999729
2023-06-19 20:00:00,2733.076826,2732.718567,2732.809566,-0.35825900000008915,-0.26726000000007843,-0.3127595000000838
2023-06-19 20:45:00,2733.078575,2732.719059,2732.809565,-0.35951599999998507,-0.2690099999999802,-0.31426299999998264
2023-06-19 21:00:00,2733.077406,2732.719639,2732.809136,-0.3577669999999671,-0.26827000000002954,-0.3130184999999983
2023-06-19 21:45:00,2733.076236,2732.71816,2732.812165,-0.35807599999998274,-0.2640710000000581,-0.31107350000002043
2023-06-19 22:00:00,2733.075646,2732.71691,2732.804774,-0.35873599999968064,-0.2708719999995992,-0.3148039999996399
2023-06-19 22:15:00,2733.079145,2732.722872,2732.812164,-0.35627300000032847,-0.2669810000002144,-0.31162700000027144
2023-06-19 22:30:00,2733.077396,2732.720712,2732.806523,-0.35668400000031397,-0.27087299999993775,-0.31377850000012586
2023-06-19 23:00:00,2733.076236,2732.7175,2732.809707,-0.35873599999968064,-0.26652899999999136,-0.312632499999836
2023-06-19 23:15:00,2733.079735,2732.717501,2732.812754,-0.3622339999997166,-0.26698099999975966,-0.31460749999973814
2023-06-19 23:30:00,2733.079735,2732.720732,2732.810448,-0.35900299999957497,-0.2692869999996219,-0.31414499999959844
2023-06-19 23:45:00,2733.083234,2732.719251,2732.811744,-0.36398300000018935,-0.2714900000000853,-0.3177365000001373
2023-06-20 00:00:00,2733.077986,2732.715341,2732.811004,-0.3626449999997021,-0.26698199999964345,-0.3148134999996728
2023-06-20 00:15:00,2733.079735,2732.720322,2732.813207,-0.3594129999996767,-0.2665279999996528,-0.31297049999966475
2023-06-20 00:30:00,2733.079735,2732.722482,2732.811457,-0.3572529999996732,-0.26827800000000934,-0.31276549999984127
2023-06-20 00:45:00,2733.077986,2732.717501,2732.80666,-0.36048499999969863,-0.27132599999958984,-0.31590549999964423
2023-06-20 01:00:00,2733.074487,2732.718981,2732.807402,-0.35550599999987753,-0.26708499999995183,-0.3112954999999147
2023-06-20 01:15:00,2733.077986,2732.719252,2732.811744,-0.35873399999991307,-0.2662419999996928,-0.3124879999998029
2023-06-20 01:30:00,2733.083234,2732.721001,2732.816541,-0.3622330000002876,-0.26669300000003204,-0.3144630000001598
2023-06-20 01:45:00,2733.084393,2732.720412,2732.810868,-0.363980999999967,-0.2735250000000633,-0.31875300000001516
2023-06-20 02:00:00,2733.081484,2732.720733,2732.81016,-0.36075099999970917,-0.27132399999982226,-0.3160374999997657
2023-06-20 02:30:00,2733.079735,2732.716022,2732.813495,-0.36371299999973417,-0.2662399999999252,-0.3149764999998297
2023-06-20 03:15:00,2733.081484,2732.721002,2732.811458,-0.3604819999995925,-0.2700259999996888,-0.31525399999964066
2023-06-20 03:30:00,2733.079735,2732.722214,2732.809708,-0.35752099999990605,-0.27002700000002733,-0.3137739999999667
2023-06-20 04:15:00,2733.079735,2732.716023,2732.814792,-0.3637119999998504,-0.2649429999996755,-0.31432749999976295
2023-06-20 05:00:00,2733.077986,2732.716513,2732.80796,-0.36147299999993265,-0.2700259999996888,-0.3157494999998107
2023-06-20 05:15:00,2733.079735,2732.719253,2732.813044,-0.3604819999995925,-0.2666909999998097,-0.3135864999997011
2023-06-20 05:30:00,2733.083234,2732.718655,2732.816091,-0.36457900000004884,-0.26714300000003277,-0.3158610000000408
2023-06-20 05:45:00,2733.077986,2732.719645,2732.811747,-0.35834099999965474,-0.26623899999958667,-0.3122899999996207
2023-06-20 06:15:00,2733.080315,2732.723186,2732.80854,-0.35712899999998626,-0.2717750000001615,-0.3144520000000739
2023-06-20 06:30:00,2733.078565,2732.718574,2732.808827,-0.359990999999809,-0.2697379999999612,-0.3148644999998851
2023-06-20 06:45:00,2733.079735,2732.720055,2732.810577,-0.35968000000002576,-0.26915799999960655,-0.31441899999981615
2023-06-20 07:00:00,2733.079735,2732.726206,2732.81045,-0.35352899999998044,-0.26928499999985434,-0.3114069999999174
2023-06-20 07:30:00,2733.075067,2732.721805,2732.80928,-0.3532620000000861,-0.2657870000002731,-0.3095245000001796
2023-06-20 08:00:00,2733.078565,2732.725427,2732.81103,-0.35313799999994444,-0.26753499999995256,-0.3103364999999485
2023-06-20 08:15:00,2733.078565,2732.722776,2732.80885,-0.35578899999973146,-0.26971499999990556,-0.3127519999998185
2023-06-20 08:30:00,2733.080905,2732.718878,2732.812034,-0.3620269999996708,-0.2688709999997627,-0.31544899999971676
2023-06-20 08:45:00,2733.082654,2732.721306,2732.810737,-0.3613479999999072,-0.2719170000000304,-0.3166324999999688
2023-06-20 09:00:00,2733.080905,2732.721036,2732.809441,-0.35986899999988964,-0.27146399999992354,-0.3156664999999066
2023-06-20 09:15:00,2733.078565,2732.722196,2732.813195,-0.35636899999963134,-0.26536999999962063,-0.310869499999626
2023-06-20 09:30:00,2733.080315,2732.722506,2732.81015,-0.3578090000000884,-0.27016500000036103,-0.3139870000002247
2023-06-20 10:00:00,2733.078565,2732.724666,2732.808853,-0.3538989999997284,-0.26971199999979945,-0.3118054999997639
2023-06-20 10:15:00,2733.081484,2732.722466,2732.81233,-0.3590179999996508,-0.26915399999961664,-0.3140859999996337
2023-06-20 10:30:00,2733.082064,2732.721026,2732.80941,-0.36103800000000774,-0.2726540000003297,-0.3168460000001687
2023-06-20 10:45:00,2733.078565,2732.717795,2732.808113,-0.3607699999997749,-0.2704519999997501,-0.3156109999997625
2023-06-20 11:00:00,2733.078565,2732.719546,2732.81116,-0.3590189999999893,-0.26740499999959866,-0.313211999999794
2023-06-20 11:30:00,2733.078565,2732.720716,2732.806236,-0.3578489999999874,-0.2723289999998997,-0.31508899999994355
2023-06-20 11:45:00,2733.080315,2732.719955,2732.807986,-0.3603600000001279,-0.2723290000003544,-0.31634450000024117
2023-06-20 12:00:00,2733.078565,2732.717215,2732.807533,-0.36134999999967476,-0.27103199999965,-0.3161909999996624
2023-06-20 12:15:00,2733.080315,2732.714974,2732.81058,-0.36534100000017133,-0.2697350000003098,-0.3175380000002406
2023-06-20 12:45:00,2733.081484,2732.718205,2732.809283,-0.36327899999969304,-0.2722009999997681,-0.31773999999973057
2023-06-20 13:00:00,2733.076816,2732.716063,2732.807533,-0.3607529999999315,-0.269282999999632,-0.31501799999978175
2023-06-20 13:15:00,2733.077986,2732.715753,2732.808703,-0.3622329999998328,-0.269282999999632,-0.3157579999997324
2023-06-20 13:30:00,2733.079735,2732.714003,2732.806953,-0.3657319999997526,-0.2727820000000065,-0.31925699999987955
2023-06-20 15:30:00,2733.084393,2732.716414,2732.809576,-0.36797900000010486,-0.27481699999998455,-0.3213980000000447
2023-06-20 15:45:00,2733.077396,2732.720446,2732.809123,-0.3569500000003245,-0.26827300000013565,-0.3126115000002301
2023-06-20 16:15:00,2733.072737,2732.716457,2732.804057,-0.35627999999996973,-0.26868000000013126,-0.3124800000000505
2023-06-20 16:30:00,2733.074487,2732.714976,2732.804779,-0.35951099999965663,-0.26970799999980954,-0.3146094999997331
2023-06-20 17:00:00,2733.079145,2732.718207,2732.807104,-0.3609380000002602,-0.27204100000017206,-0.31648950000021614
2023-06-20 17:15:00,2733.073327,2732.712828,2732.807963,-0.36049899999989066,-0.26536399999986315,-0.3129314999998769
2023-06-20 17:30:00,2733.076236,2732.717219,2732.805807,-0.359016999999767,-0.2704289999996945,-0.31472299999973075
2023-06-20 17:45:00,2733.074487,2732.714978,2732.805353,-0.35950899999988906,-0.26913399999966714,-0.3143214999997781
2023-06-20 18:15:00,2733.075646,2732.715469,2732.807373,-0.36017699999956676,-0.2682729999996809,-0.31422499999962383
2023-06-20 18:45:00,2733.075646,2732.716148,2732.806076,-0.35949799999980314,-0.2695699999999306,-0.31453399999986686
2023-06-20 19:15:00,2733.076236,2732.71458,2732.808416,-0.36165600000003906,-0.2678200000000288,-0.31473800000003394
2023-06-20 19:30:00,2733.077986,2732.71283,2732.804916,-0.3651559999998426,-0.27306999999973414,-0.31911299999978837
2023-06-20 19:45:00,2733.074487,2732.719291,2732.806212,-0.3551959999999781,-0.26827499999990323,-0.31173549999994066
2023-06-20 20:15:00,2733.074487,2732.717239,2732.804915,-0.3572479999997995,-0.26957199999969816,-0.31340999999974883
2023-06-20 20:30:00,2733.077986,2732.720471,2732.806665,-0.3575149999996938,-0.27132099999971615,-0.314417999999705
2023-06-20 20:45:00,2733.076816,2732.716341,2732.808542,-0.36047499999995125,-0.2682739999995647,-0.314374499999758
2023-06-20 21:00:00,2733.075067,2732.716071,2732.805495,-0.35899600000038845,-0.2695720000001529,-0.3142840000002707
2023-06-20 21:15:00,2733.078565,2732.718212,2732.806235,-0.36035299999957715,-0.27232999999978347,-0.3163414999996803
2023-06-20 21:45:00,2733.078565,2732.717492,2732.809282,-0.3610729999995783,-0.269282999999632,-0.31517799999960516
2023-06-20 22:00:00,2733.078565,2732.720372,2732.808111,-0.35819299999957366,-0.27045399999997244,-0.31432349999977305
2023-06-20 22:15:00,2733.080315,2732.719552,2732.811158,-0.3607630000001336,-0.2691570000001775,-0.31496000000015556
2023-06-20 22:30:00,2733.080315,2732.721033,2732.805517,-0.3592820000003485,-0.2747980000003736,-0.31704000000036103
2023-06-20 23:00:00,2733.078565,2732.721035,2732.806814,-0.35752999999976964,-0.2717509999997674,-0.3146404999997685
2023-06-20 23:15:00,2733.081484,2732.720724,2732.807984,-0.3607600000000275,-0.27349999999978536,-0.31712999999990643
2023-06-20 23:30:00,2733.081484,2732.720063,2732.809281,-0.3614209999996092,-0.2722029999999904,-0.3168119999997998
2023-06-22 00:00:00,2733.077396,,,,,
2023-06-22 00:15:00,2733.074487,2732.710007,2732.664795,-0.36447999999973035,-0.4096919999997226,-0.3870859999997265
2023-06-22 00:30:00,2733.079145,2732.713505,2732.666545,-0.36563999999998487,-0.4126000000001113,-0.3891200000000481
2023-06-22 00:45:00,2733.072158,2732.715479,2732.663498,-0.35667899999998554,-0.4086600000000544,-0.38266950000002
2023-06-22 01:45:00,2733.070408,2732.713729,2732.662178,-0.35667899999998554,-0.4082300000000032,-0.38245449999999437
2023-06-22 02:45:00,2733.077406,2732.712519,2732.662201,-0.36488699999972596,-0.4152049999997871,-0.39004599999975653
2023-06-22 03:15:00,2733.075656,2732.712249,2732.66175,-0.3634069999998246,-0.41390599999976985,-0.38865649999979723
2023-06-22 03:45:00,2733.073907,2732.71616,2732.666547,-0.3577470000000176,-0.4073600000001534,-0.3825535000000855
2023-06-22 04:00:00,2733.078575,2732.71517,2732.667717,-0.36340500000005704,-0.41085800000018935,-0.3871315000001232
2023-06-22 04:15:00,2733.076826,2732.716159,2732.66467,-0.36066699999992125,-0.4121559999998681,-0.38641149999989466
2023-06-22 04:30:00,2733.073907,2732.713999,2732.6635,-0.35990799999990486,-0.4104069999998501,-0.3851574999998775
2023-06-22 05:00:00,2733.072737,2732.71431,2732.66233,-0.35842700000011973,-0.4104069999998501,-0.3844169999999849
2023-06-22 05:15:00,2733.076236,2732.711348,2732.665377,-0.3648880000000645,-0.41085900000007314,-0.3878735000000688
2023-06-22 06:30:00,2733.077986,2732.714999,2732.66234,-0.3629869999999755,-0.41564599999992424,-0.3893164999999499
2023-06-22 07:00:00,2733.076236,2732.71607,2732.661043,-0.3601659999999356,-0.4151929999998174,-0.3876794999998765
2023-06-22 07:15:00,2733.076236,2732.715088,2732.665387,-0.3611479999999574,-0.410848999999871,-0.3859984999999142
2023-06-22 07:45:00,2733.076236,2732.717551,2732.663638,-0.3586849999996957,-0.412597999999889,-0.38564149999979236
2023-06-22 08:45:00,2733.077986,2732.71432,2732.664362,-0.36366599999973914,-0.4136239999997997,-0.3886449999997694
2023-06-22 09:00:00,2733.076816,2732.713918,2732.661895,-0.36289799999985917,-0.41492099999959464,-0.3889094999997269
2023-06-22 09:45:00,2733.078565,2732.714328,2732.663192,-0.36423699999977543,-0.4153729999998177,-0.38980499999979656
2023-06-22 10:15:00,2733.075067,2732.712168,2732.666239,-0.3628990000001977,-0.408828000000085,-0.38586350000014136
2023-06-22 10:45:00,2733.077986,2732.709608,2732.663065,-0.3683779999996659,-0.41492099999959464,-0.3916494999996303
2023-06-22 11:00:00,2733.076236,2732.711089,2732.667409,-0.365146999999979,-0.4088269999997465,-0.38698699999986275
2023-06-22 11:15:00,2733.072737,2732.709339,2732.661889,-0.36339799999996103,-0.4108479999999872,-0.3871229999999741
2023-06-22 11:45:00,2733.073327,2732.711087,2732.661046,-0.36223999999992884,-0.41228099999989354,-0.3872604999999112
2023-06-22 12:00:00,2733.076236,2732.712568,2732.662343,-0.36366799999996147,-0.41389299999991636,-0.3887804999999389
2023-06-22 12:15:00,2733.074487,2732.707588,2732.660593,-0.36689899999964837,-0.41389399999980014,-0.39039649999972426
2023-06-22 12:45:00,2733.073897,2732.710497,2732.660456,-0.36340000000018335,-0.41344100000014805,-0.3884205000001657
2023-06-22 13:00:00,2733.075646,2732.711756,2732.665253,-0.36388999999962834,-0.41039299999965806,-0.3871414999996432
2023-06-22 13:30:00,2733.076236,2732.708526,2732.662206,-0.3677099999999882,-0.4140299999999115,-0.39086999999994987
2023-06-22 13:45:00,2733.075656,2732.711176,2732.661339,-0.3644800000001851,-0.41431699999975535,-0.3893984999999702
2023-06-22 14:00:00,2733.073907,2732.708936,2732.665683,-0.3649709999999686,-0.408223999999791,-0.3865974999998798
2023-06-22 14:30:00,2733.070408,2732.708256,2732.661753,-0.362152000000151,-0.40865500000018073,-0.3854035000001659
2023-06-22 15:00:00,2733.070988,2732.705338,2732.658833,-0.36564999999973224,-0.4121549999999843,-0.38890249999985826
2023-06-22 15:15:00,2733.072158,2732.706508,2732.660003,-0.36564999999973224,-0.4121549999999843,-0.38890249999985826
2023-06-22 15:45:00,2733.075656,2732.710329,2732.661466,-0.3653269999999793,-0.4141899999999623,-0.3897584999999708
2023-06-22 16:00:00,2733.073327,2732.710018,2732.663933,-0.3633089999998447,-0.4093940000002476,-0.38635150000004614
2023-06-22 16:15:00,2733.070408,2732.705037,2732.662183,-0.3653709999998682,-0.4082250000001295,-0.38679799999999886
2023-06-22 16:45:00,2733.075067,2732.702254,2732.662046,-0.37281300000040574,-0.41302100000029895,-0.39291700000035235
2023-06-22 17:15:00,2733.073317,2732.704717,2732.66464,-0.36859999999978754,-0.4086769999998978,-0.3886384999998427
2023-06-22 17:30:00,2733.075067,2732.707678,2732.661593,-0.36738900000000285,-0.4134740000004058,-0.3904315000002043
2023-06-22 18:00:00,2733.076816,2732.707949,2732.663342,-0.36886699999968187,-0.41347399999995105,-0.39117049999981646
2023-06-22 18:15:00,2733.075077,2732.70827,2732.663479,-0.36680699999988065,-0.41159800000014,-0.38920250000001033
2023-06-22 19:00:00,2733.072158,2732.703869,2732.665356,-0.3682890000000043,-0.4068019999999706,-0.38754549999998744
2023-06-22 19:15:00,2733.073327,2732.705808,2732.665229,-0.367518999999902,-0.4080979999998817,-0.38780849999989186
2023-06-22 19:30:00,2733.075646,2732.70686,2732.663049,-0.36878600000000006,-0.4125970000000052,-0.39069150000000263
2023-06-22 19:45:00,2733.073327,2732.705702,2732.663931,-0.36762499999986176,-0.4093960000000152,-0.3885104999999385
2023-06-22 20:00:00,2733.073327,2732.708272,2732.662181,-0.3650550000002113,-0.41114599999991697,-0.38810050000006413
2023-06-22 20:15:00,2733.070408,2732.710521,2732.665228,-0.35988700000007157,-0.4051800000002004,-0.382533500000136
2023-06-22 21:30:00,2733.073907,2732.707872,2732.661011,-0.36603500000001077,-0.41289599999981874,-0.38946549999991475
2023-06-22 21:45:00,2733.077406,2732.706391,2732.663501,-0.37101499999971566,-0.41390499999988606,-0.39245999999980086
2023-06-22 22:00:00,2733.077406,2732.707543,2732.658417,-0.3698629999998957,-0.4189889999997831,-0.3944259999998394
2023-06-22 22:30:00,2733.075656,2732.709024,2732.661753,-0.36663199999975404,-0.4139030000001185,-0.39026749999993626
2023-06-22 22:45:00,2733.077986,2732.706375,2732.661465,-0.37161099999957514,-0.41652099999964776,-0.39406599999961145
2023-06-22 23:00:00,2733.077986,2732.708123,2732.667415,-0.3698629999998957,-0.4105709999998908,-0.39021699999989323
2023-06-22 23:30:00,2733.079145,2732.710285,2732.666549,-0.3688600000000406,-0.4125960000001214,-0.390728000000081
2023-06-22 23:45:00,2733.074487,2732.707855,2732.662762,-0.36663199999975404,-0.41172499999993306,-0.38917849999984355
2023-06-23 00:00:00,2733.076236,2732.709606,2732.661465,-0.36662999999998647,-0.414770999999746,-0.3907004999998662
2023-06-23 00:15:00,2733.077986,2732.711086,2732.664511,-0.3668999999999869,-0.41347499999983484,-0.39018749999991087
2023-06-23 00:45:00,2733.077396,2732.706786,2732.661464,-0.3706099999999424,-0.41593200000033903,-0.3932710000001407
2023-06-23 01:00:00,2733.074487,2732.706867,2732.659714,-0.36761999999998807,-0.4147729999999683,-0.3911964999999782
2023-06-23 01:45:00,2733.080315,2732.711537,2732.666421,-0.36877800000002026,-0.4138940000002549,-0.3913360000001376
2023-06-23 02:15:00,2733.079145,2732.706788,2732.66276,-0.3723570000001928,-0.4163849999999911,-0.39437100000009195
2023-06-23 02:30:00,2733.076236,2732.711089,2732.664797,-0.365146999999979,-0.411438999999973,-0.388292999999976
2023-06-23 02:45:00,2733.080315,2732.710778,2732.66568,-0.36953700000003664,-0.41463500000008935,-0.392086000000063
2023-06-23 03:30:00,2733.077406,2732.714009,2732.665252,-0.36339700000007724,-0.4121540000001005,-0.38777550000008887
2023-06-23 03:45:00,2733.073907,2732.709028,2732.663502,-0.36487899999974616,-0.4104050000000825,-0.38764199999991433
2023-06-23 04:15:00,2733.079155,2732.711188,2732.660455,-0.3679669999996804,-0.41869999999971697,-0.3933334999996987
2023-06-23 04:30:00,2733.077406,2732.707958,2732.657408,-0.3694479999999203,-0.41999799999985044,-0.39472299999988536
2023-06-23 05:45:00,2733.079155,2732.714008,2732.662207,-0.365146999999979,-0.4169480000000476,-0.3910475000000133
2023-06-23 06:00:00,2733.077406,2732.710779,2732.665254,-0.36662699999988035,-0.41215199999987817,-0.38938949999987926
2023-06-23 06:45:00,2733.076236,2732.70934,2732.662765,-0.366895999999997,-0.41347099999984493,-0.39018349999992097
2023-06-23 07:15:00,2733.079145,2732.71109,2732.662766,-0.3680550000003677,-0.41637900000023365,-0.3922170000003007
2023-06-23 07:45:00,2733.075646,2732.709028,2732.660459,-0.366617999999562,-0.4151869999996052,-0.3909024999995836
2023-06-23 08:00:00,2733.073327,2732.707868,2732.662346,-0.3654590000001008,-0.4109809999999925,-0.38822000000004664
2023-06-23 08:15:00,2733.072737,2732.710338,2732.660598,-0.36239900000009584,-0.4121390000000247,-0.38726900000006026
2023-06-23 08:30:00,2733.074487,2732.708858,2732.659301,-0.36562899999989895,-0.4151859999997214,-0.39040749999981017
2023-06-23 08:45:00,2733.077986,2732.712088,2732.662347,-0.36589799999956085,-0.41563899999982823,-0.39076849999969454
2023-06-23 09:15:00,2733.077396,2732.711498,2732.660462,-0.3658980000000156,-0.41693400000031033,-0.39141600000016297
2023-06-23 09:30:00,2733.077396,2732.713248,2732.662212,-0.3641480000001138,-0.4151839999999538,-0.3896660000000338
2023-06-23 10:00:00,2733.074487,2732.707858,2732.661759,-0.36662899999964793,-0.41272799999978815,-0.38967849999971804
2023-06-23 10:15:00,2733.074487,2732.710016,2732.663056,-0.36447099999986676,-0.4114309999999932,-0.38795099999993
2023-06-23 10:30:00,2733.077396,2732.713247,2732.661472,-0.3641489999999976,-0.41592400000035923,-0.3900365000001784
2023-06-23 11:30:00,2733.079145,2732.711087,2732.663511,-0.3680580000000191,-0.41563399999995454,-0.3918459999999868
2023-06-23 12:00:00,2733.075656,2732.710776,2732.658301,-0.3648800000000847,-0.4173550000000432,-0.39111750000006396
2023-06-23 12:15:00,2733.077406,2732.709026,2732.663512,-0.36837999999988824,-0.41389399999980014,-0.3911369999998442
2023-06-23 12:30:00,2733.073327,2732.705544,2732.662191,-0.36778300000014497,-0.4111360000001696,-0.3894595000001573
2023-06-23 12:45:00,2733.072158,2732.701535,2732.659271,-0.37062299999979587,-0.41288699999995515,-0.3917549999998755
2023-06-23 13:00:00,2733.066909,2732.699286,2732.657521,-0.3676230000000942,-0.4093880000000354,-0.3885055000000648
2023-06-23 13:15:00,2733.073327,2732.702974,2732.660895,-0.3703530000002502,-0.41243200000008073,-0.39139250000016546
2023-06-23 13:30:00,2733.069828,2732.698314,2732.655645,-0.37151399999993373,-0.41418300000032104,-0.3928485000001274
2023-06-23 13:45:00,2733.073327,2732.696564,2732.661739,-0.37676300000021,-0.4115879999999379,-0.39417550000007395
2023-06-23 14:00:00,2733.070408,2732.703295,2732.656098,-0.36711300000024494,-0.4143100000001141,-0.3907115000001795
2023-06-23 14:45:00,2733.066909,2732.701276,2732.652598,-0.3656330000003436,-0.4143109999999979,-0.38997200000017074
2023-06-23 15:00:00,2733.072158,2732.707187,2732.654801,-0.3649709999999686,-0.4173569999998108,-0.3911639999998897
2023-06-23 15:15:00,2733.06574,2732.702786,2732.653178,-0.3629540000001725,-0.4125619999999799,-0.3877580000000762
2023-06-23 15:30:00,2733.066909,2732.703026,2732.658692,-0.3638829999999871,-0.4082170000001497,-0.3860500000000684
2023-06-23 15:45:00,2733.072158,2732.698894,2732.660569,-0.3732639999998355,-0.4115889999998217,-0.3924264999998286
2023-06-23 16:00:00,2733.067489,2732.700377,2732.657522,-0.3671119999999064,-0.4099670000000515,-0.38853949999997894
2023-06-23 16:30:00,2733.066909,2732.699797,2732.657395,-0.3671119999999064,-0.40951399999994464,-0.3883129999999255
2023-06-23 16:45:00,2733.069239,2732.703608,2732.654928,-0.3656310000001213,-0.4143109999999979,-0.3899710000000596
2023-06-23 17:15:00,2733.072158,2732.704368,2732.660442,-0.36778999999978623,-0.41171600000006947,-0.38975299999992785
2023-06-23 17:30:00,2733.073317,2732.706518,2732.659581,-0.36679899999990084,-0.4137359999999717,-0.39026749999993626
2023-06-23 18:00:00,2733.070408,2732.705358,2732.655374,-0.36504999999988286,-0.41503400000010515,-0.390041999999994
2023-06-23 18:30:00,2733.072158,2732.705769,2732.658421,-0.3663889999997991,-0.41373699999985547,-0.3900629999998273
2023-06-23 18:45:00,2733.070408,2732.70684,2732.659144,-0.36356800000021394,-0.4112639999998464,-0.3874160000000302
2023-06-23 19:00:00,2733.073317,2732.71016,2732.664648,-0.3631569999997737,-0.408668999999918,-0.38591299999984585
2023-06-23 19:30:00,2733.072158,2732.704779,2732.659143,-0.3673789999998007,-0.41301500000008673,-0.3901969999999437
2023-06-23 20:00:00,2733.071578,2732.709491,2732.657846,-0.36208699999997407,-0.4137319999999818,-0.3879094999999779
2023-06-23 20:30:00,2733.068659,2732.708323,2732.657972,-0.3603360000001885,-0.41068700000005265,-0.3855115000001206
2023-06-23 20:45:00,2733.070988,2732.703601,2732.654495,-0.36738699999978053,-0.41649299999971845,-0.3919399999997495
2023-06-23 21:00:00,2733.076236,2732.705351,2732.657542,-0.3708849999998165,-0.4186939999999595,-0.394789499999888
2023-06-23 21:15:00,2733.072737,2732.705842,2732.657971,-0.3668950000001132,-0.4147659999998723,-0.39083049999999275
2023-06-23 21:30:00,2733.072737,2732.707592,2732.659721,-0.3651449999997567,-0.4130159999999705,-0.3890804999998636
2023-06-23 21:45:00,2733.074487,2732.708182,2732.657264,-0.3663050000000112,-0.41722299999992174,-0.3917639999999665
2023-06-23 22:00:00,2733.074487,2732.706432,2732.657551,-0.368054999999913,-0.4169360000000779,-0.39249549999999545
2023-06-23 22:15:00,2733.071578,2732.707111,2732.656254,-0.36446699999987686,-0.4153240000000551,-0.389895499999966
2023-06-23 22:30:00,2733.072737,2732.710342,2732.659301,-0.36239500000010594,-0.4134359999998196,-0.3879154999999628
2023-06-23 22:45:00,2733.074487,2732.708594,2732.657552,-0.36589299999968716,-0.4169349999997394,-0.39141399999971327
2023-06-23 23:15:00,2733.073317,2732.707915,2732.655085,-0.36540199999990364,-0.41823199999998906,-0.39181699999994635
2023-06-23 23:30:00,2733.071568,2732.709665,2732.656835,-0.3619029999999839,-0.4147330000000693,-0.3883180000000266
2023-06-24 00:15:00,2733.071568,2732.713885,2732.659881,-0.3576829999997244,-0.41168699999980163,-0.384684999999763
2023-06-24 00:30:00,2733.074487,2732.710344,2732.661051,-0.3641429999997854,-0.4134359999998196,-0.3887894999998025
2023-06-24 00:45:00,2733.074487,2732.713575,2732.659301,-0.36091199999964374,-0.4151859999997214,-0.38804899999968256
2023-06-24 01:00:00,2733.072737,2732.712305,2732.659721,-0.36043199999994613,-0.4130159999999705,-0.3867239999999583
2023-06-24 01:15:00,2733.072737,2732.708584,2732.660588,-0.3641529999999875,-0.41214899999977206,-0.3881509999998798
2023-06-24 01:30:00,2733.074487,2732.710065,2732.65884,-0.3644219999996494,-0.41564699999980803,-0.3900344999997287
2023-06-24 02:15:00,2733.076236,2732.710825,2732.656675,-0.3654109999997672,-0.4195609999997032,-0.3924859999997352
2023-06-24 02:30:00,2733.076236,2732.715805,2732.660175,-0.36043100000006234,-0.41606099999989965,-0.388245999999981
2023-06-24 02:45:00,2733.077986,2732.713564,2732.661472,-0.3644219999996494,-0.4165140000000065,-0.39046799999982795
2023-06-24 03:15:00,2733.077396,2732.710824,2732.658427,-0.3665720000003603,-0.41896900000028836,-0.3927705000003243
2023-06-24 03:30:00,2733.074487,2732.712305,2732.659294,-0.3621819999998479,-0.4151929999998174,-0.38868749999983265
2023-06-24 03:45:00,2733.077396,2732.714055,2732.661044,-0.36334100000021863,-0.4163520000001881,-0.3898465000002034
2023-06-24 04:00:00,2733.076236,2732.710343,2732.660171,-0.36589299999968716,-0.41606499999988955,-0.39097899999978836
2023-06-24 04:15:00,2733.079145,2732.713253,2732.660917,-0.3658920000002581,-0.41822799999999916,-0.39206000000012864
2023-06-24 04:30:00,2733.075646,2732.712984,2732.659167,-0.36266200000000026,-0.41647899999998117,-0.3895704999999907
2023-06-24 05:15:00,2733.077986,2732.715054,2732.655973,-0.3629320000000007,-0.42201299999987896,-0.39247249999993983
2023-06-24 05:30:00,2733.074487,2732.709663,2732.654223,-0.36482399999977133,-0.42026399999986097,-0.39254399999981615
2023-06-24 05:45:00,2733.074487,2732.710823,2732.655383,-0.36366399999997157,-0.4191040000000612,-0.3913840000000164
2023-06-24 06:00:00,2733.074487,2732.714054,2732.65843,-0.3604329999998299,-0.41605699999990975,-0.38824499999986983
2023-06-24 06:15:00,2733.077396,2732.714464,2732.661334,-0.3629320000000007,-0.4160620000002382,-0.38949700000011944
2023-06-24 06:30:00,2733.077986,2732.713573,2732.662354,-0.3644129999997858,-0.4156319999997322,-0.390022499999759
2023-06-24 06:45:00,2733.077986,2732.712581,2732.658011,-0.36540500000000975,-0.4199749999997948,-0.3926899999999023
2023-06-24 07:00:00,2733.076236,2732.710831,2732.658012,-0.36540500000000975,-0.41822400000000926,-0.3918145000000095
2023-06-24 07:15:00,2733.076816,2732.711411,2732.659889,-0.365404999999555,-0.4169269999997596,-0.3911659999996573
2023-06-24 07:30:00,2733.073317,2732.70859,2732.658409,-0.36472699999967517,-0.41490799999974115,-0.38981749999970816
2023-06-24 07:45:00,2733.073897,2732.710239,2732.654646,-0.3636580000002141,-0.4192510000002585,-0.3914545000002363
2023-06-24 08:00:00,2733.075067,2732.708899,2732.652896,-0.36616800000001604,-0.42217100000016217,-0.3941695000000891
2023-06-24 08:15:00,2733.076816,2732.710647,2732.657693,-0.3661689999998998,-0.4191229999996722,-0.392645999999786
2023-06-24 08:30:00,2733.072148,2732.713878,2732.653349,-0.35827000000017506,-0.41879900000003545,-0.38853450000010525
2023-06-24 08:45:00,2733.075646,2732.712128,2732.654647,-0.36351799999965806,-0.42099899999993795,-0.392258499999798
2023-06-24 09:00:00,2733.073897,2732.708897,2732.655943,-0.36500000000023647,-0.4179540000000088,-0.39147700000012264
2023-06-24 09:15:00,2733.075067,2732.708896,2732.652897,-0.36617100000012215,-0.4221700000002784,-0.39417050000020026
2023-06-24 09:45:00,2733.073897,2732.706734,2732.654194,-0.3671630000003461,-0.4197030000000268,-0.39343300000018644
2023-06-24 10:00:00,2733.072148,2732.708894,2732.652897,-0.3632540000003246,-0.4192510000002585,-0.39125250000029155
2023-06-24 10:15:00,2733.075067,2732.709662,2732.657694,-0.36540500000000975,-0.41737300000022515,-0.39138900000011745
2023-06-24 10:30:00,2733.070988,2732.706752,2732.650441,-0.36423599999989165,-0.42054700000016965,-0.39239150000003065
2023-06-24 11:00:00,2733.070988,2732.708233,2732.653035,-0.3627550000001065,-0.41795300000012503,-0.3903540000001158
2023-06-24 11:15:00,2733.070408,2732.706485,2732.656083,-0.3639229999998861,-0.4143250000001899,-0.389124000000038
2023-06-24 12:00:00,2733.070988,2732.707465,2732.653036,-0.3635229999999865,-0.4179519999997865,-0.3907374999998865
2023-06-24 12:15:00,2733.070988,2732.707144,2732.651739,-0.36384399999997186,-0.4192490000000362,-0.391546500000004
2023-06-24 12:30:00,2733.069239,2732.704733,2732.651287,-0.3645059999998921,-0.4179519999997865,-0.3912289999998393
2023-06-24 13:00:00,2733.070398,2732.710375,2732.652899,-0.3600229999997282,-0.41749899999967965,-0.3887609999997039
2023-06-24 13:15:00,2733.072737,2732.709215,2732.654786,-0.3635220000001027,-0.4179509999999027,-0.3907365000000027
2023-06-24 13:30:00,2733.070988,2732.705985,2732.656083,-0.36500299999988783,-0.4149050000000898,-0.3899539999999888
2023-06-24 14:00:00,2733.072148,2732.704682,2732.657696,-0.3674660000001495,-0.41445199999998295,-0.3909590000000662
2023-06-24 14:15:00,2733.072148,2732.706161,2732.651603,-0.36598700000013196,-0.42054500000040207,-0.393266000000267
2023-06-24 14:30:00,2733.069239,2732.706484,2732.649989,-0.3627550000001065,-0.41924999999991996,-0.39100250000001324
2023-06-24 15:00:00,2733.069239,2732.708232,2732.650443,-0.3610069999999723,-0.41879599999992934,-0.38990149999995083
2023-06-24 15:15:00,2733.069818,2732.70235,2732.648819,-0.3674679999999171,-0.42099899999993795,-0.3942334999999275
2023-06-24 15:30:00,2733.073907,2732.706751,2732.65174,-0.3671559999997953,-0.42216700000017227,-0.3946614999999838
2023-06-24 15:45:00,2733.072737,2732.708502,2732.65349,-0.36423500000000786,-0.41924699999981385,-0.39174099999991085
2023-06-24 16:00:00,2733.072148,2732.705752,2732.652898,-0.3663960000003499,-0.4192500000003747,-0.3928230000003623
2023-06-24 16:45:00,2733.070988,2732.704505,2732.654785,-0.36648299999978917,-0.4162029999997685,-0.39134299999977884
2023-06-24 17:45:00,2733.069239,2732.699882,2732.651016,-0.36935700000003635,-0.41822300000012547,-0.3937900000000809
2023-06-24 18:45:00,2733.069239,2732.705004,2732.651738,-0.36423500000000786,-0.417500999999902,-0.3908679999999549
2023-06-24 19:00:00,2733.070988,2732.706754,2732.652192,-0.36423400000012407,-0.41879599999992934,-0.3915150000000267
2023-06-24 19:30:00,2733.069239,2732.705315,2732.649269,-0.3639239999997699,-0.41996999999992113,-0.3919469999998455
2023-06-24 19:45:00,2733.072737,2732.705584,2732.651019,-0.36715300000014395,-0.4217180000000553,-0.39443550000009964
2023-06-24 20:15:00,2733.074487,2732.705975,2732.651306,-0.3685120000000097,-0.4231809999996585,-0.3958464999998341
2023-06-24 21:00:00,2733.072737,2732.711055,2732.653056,-0.36168199999974604,-0.419680999999855,-0.3906814999998005
2023-06-24 21:30:00,2733.071568,2732.708796,2732.651886,-0.3627719999999499,-0.41968199999973876,-0.39122699999984434
2023-06-24 21:45:00,2733.073317,2732.707317,2732.654932,-0.36599999999998545,-0.41838499999994383,-0.39219249999996464
2023-06-24 22:00:00,2733.071568,2732.707048,2732.648838,-0.36451999999962936,-0.422729999999774,-0.3936249999997017
2023-06-24 22:15:00,2733.075067,2732.708798,2732.653635,-0.3662690000001021,-0.4214320000000953,-0.3938505000000987
2023-06-24 23:15:00,2733.071568,2732.707727,2732.651885,-0.36384099999986574,-0.41968299999962255,-0.39176199999974415
2023-06-25 00:15:00,2733.071568,2732.705567,2732.650135,-0.36600099999986924,-0.4214329999999791,-0.39371699999992416
2023-06-25 00:45:00,2733.076236,2732.709968,2732.653055,-0.36626799999976356,-0.4231809999996585,-0.39472449999971104
2023-06-25 01:30:00,2733.076236,2732.708487,2732.651758,-0.36774900000000343,-0.4244779999999082,-0.3961134999999558
2023-06-25 02:00:00,2733.072737,2732.709307,2732.653056,-0.36342999999988024,-0.419680999999855,-0.3915554999998676
2023-06-25 02:15:00,2733.074487,2732.707827,2732.650009,-0.36665999999968335,-0.4244779999999082,-0.3955689999997958
2023-06-25 03:30:00,2733.074487,2732.711718,2732.654066,-0.3627689999998438,-0.42042099999980564,-0.3915949999998247
2023-06-25 03:45:00,2733.074487,2732.708218,2732.654353,-0.36626899999964735,-0.4201339999999618,-0.3932014999998046
2023-06-25 04:00:00,2733.076236,2732.713199,2732.654806,-0.36303700000007666,-0.42142999999987296,-0.3922334999999748
2023-06-25 05:45:00,2733.076236,2732.707808,2732.652629,-0.36842799999976705,-0.42360699999971985,-0.39601749999974345
2023-06-25 06:00:00,2733.076816,2732.709556,2732.653639,-0.3672599999999875,-0.4231769999996686,-0.39521849999982805
2023-06-25 06:15:00,2733.075067,2732.707806,2732.653926,-0.367261000000326,-0.42114100000026156,-0.3942010000002938
2023-06-25 06:30:00,2733.073327,2732.708126,2732.649719,-0.36520100000007005,-0.4236080000000584,-0.3944045000000642
2023-06-25 06:45:00,2733.073327,2732.709877,2732.651469,-0.3634500000002845,-0.4218580000001566,-0.39265400000022055
2023-06-25 08:15:00,2733.068659,2732.709112,2732.650736,-0.3595470000000205,-0.4179229999999734,-0.38873499999999694
2023-06-25 08:30:00,2733.073327,2732.710282,2732.651907,-0.36304500000005646,-0.4214200000001256,-0.392232500000091
2023-06-25 09:15:00,2733.077406,2732.710861,2732.64944,-0.36654499999986,-0.42796599999974205,-0.39725549999980103
2023-06-25 10:00:00,2733.073907,2732.709111,2732.651007,-0.364795999999842,-0.4229000000000269,-0.3938479999999345
2023-06-25 10:15:00,2733.069239,2732.709421,2732.646792,-0.3598179999999047,-0.4224469999999201,-0.3911324999999124
2023-06-25 10:30:00,2733.070408,2732.709521,2732.646665,-0.36088699999982055,-0.4237429999998312,-0.3923149999998259
2023-06-25 10:45:00,2733.072737,2732.707671,2732.644772,-0.36506599999984246,-0.42796499999985826,-0.39651549999985036
2023-06-25 11:45:00,2733.072158,2732.709111,2732.648414,-0.36304699999982404,-0.42374400000016976,-0.3933954999999969
2023-06-25 12:00:00,2733.072158,2732.710281,2732.651908,-0.36187699999982215,-0.4202500000001237,-0.3910634999999729
2023-06-25 12:15:00,2733.072158,2732.707361,2732.651007,-0.3647969999997258,-0.42115100000000893,-0.3929739999998674
2023-06-25 12:30:00,2733.068659,2732.705611,2732.649257,-0.3630480000001626,-0.41940199999999095,-0.39122500000007676
2023-06-25 12:45:00,2733.070408,2732.703861,2732.647238,-0.36654700000008233,-0.42317000000002736,-0.39485850000005485
2023-06-25 13:00:00,2733.070408,2732.708842,2732.648988,-0.3615660000000389,-0.4214200000001256,-0.39149300000008225
2023-06-25 13:30:00,2733.070408,2732.703141,2732.648862,-0.3672670000000835,-0.42154600000003484,-0.39440650000005917
2023-06-25 13:45:00,2733.066909,2732.702381,2732.644924,-0.3645280000000639,-0.42198499999994965,-0.3932565000000068
2023-06-25 14:00:00,2733.069818,2732.703541,2732.649131,-0.3662770000000819,-0.4206869999998162,-0.39348199999994904
2023-06-25 14:15:00,2733.066909,2732.702379,2732.642887,-0.36453000000028624,-0.42402200000015,-0.3942760000002181
2023-06-25 14:30:00,2733.069818,2732.702058,2732.651438,-0.36776000000008935,-0.41838000000007014,-0.39307000000007974
2023-06-25 14:45:00,2733.068659,2732.704129,2732.645934,-0.3645299999998315,-0.4227249999999003,-0.3936274999998659
2023-06-25 15:00:00,2733.071568,2732.702878,2732.651436,-0.3686899999997877,-0.4201319999997395,-0.3944109999997636
2023-06-25 15:30:00,2733.068069,2732.703147,2732.646233,-0.3649219999997513,-0.4218359999999848,-0.39337899999986803
2023-06-25 15:45:00,2733.069818,2732.704137,2732.645055,-0.36568099999976766,-0.42476299999998446,-0.39522199999987606
2023-06-25 16:00:00,2733.06632,2732.702118,2732.644602,-0.3642019999997501,-0.4217180000000553,-0.3929599999999027
2023-06-25 16:30:00,2733.06632,2732.700907,2732.647092,-0.36541299999998955,-0.41922799999974814,-0.39232049999986884
2023-06-25 16:45:00,2733.068069,2732.705307,2732.649272,-0.3627619999997478,-0.4187969999998131,-0.39077949999978046
2023-06-25 17:00:00,2733.06632,2732.703557,2732.647522,-0.3627630000000863,-0.4187979999996969,-0.3907804999998916
2023-06-25 17:15:00,2733.070988,2732.699116,2732.650567,-0.37187200000016674,-0.42042099999980564,-0.3961464999999862
2023-06-25 17:30:00,2733.06632,2732.703058,2732.647521,-0.36326199999984965,-0.41879900000003545,-0.39103049999994255
2023-06-25 18:00:00,2733.069239,2732.702069,2732.648691,-0.36716999999998734,-0.42054800000005343,-0.3938590000000204
2023-06-25 18:15:00,2733.072737,2732.706068,2732.650441,-0.3666690000000017,-0.42229600000018763,-0.39448250000009466
2023-06-25 18:30:00,2733.06574,2732.69884,2732.645644,-0.3668999999999869,-0.4200959999998304,-0.39349799999990864
2023-06-25 19:30:00,2733.073907,2732.70275,2732.647392,-0.37115700000003926,-0.42651500000010856,-0.3988360000000739
2023-06-25 20:00:00,2733.072737,2732.702079,2732.650566,-0.3706579999998212,-0.42217100000016217,-0.3964144999999917
2023-06-25 20:45:00,2733.069239,2732.700598,2732.649269,-0.3686410000000251,-0.41996999999992113,-0.3943054999999731
2023-06-25 21:00:00,2733.070988,2732.699509,2732.647518,-0.3714789999999084,-0.4234699999997247,-0.39747449999981654
2023-06-25 21:15:00,2733.069818,2732.700582,2732.647088,-0.3692360000000008,-0.422729999999774,-0.3959829999998874
2023-06-25 21:45:00,2733.06632,2732.70019,2732.650135,-0.3661299999998846,-0.4161850000000413,-0.39115749999996297
2023-06-25 22:30:00,2733.072158,2732.700182,2732.646819,-0.37197599999990416,-0.42533899999989444,-0.3986574999998993
2023-06-25 22:45:00,2733.070408,2732.698701,2732.647678,-0.37170700000024226,-0.42273000000022876,-0.3972185000002355
2023-06-25 23:15:00,2733.068069,2732.702823,2732.648384,-0.36524599999984275,-0.4196849999998449,-0.3924654999998438
2023-06-25 23:30:00,2733.069818,2732.701344,2732.651431,-0.3684739999998783,-0.41838700000016615,-0.3934305000000222
2023-06-25 23:45:00,2733.070408,2732.702344,2732.646818,-0.3680640000002313,-0.42358999999987645,-0.3958270000000539
2023-06-26 00:00:00,2733.068659,2732.699113,2732.645927,-0.36954599999990023,-0.42273199999999633,-0.3961389999999483
2023-06-26 00:15:00,2733.070408,2732.698703,2732.644631,-0.37170500000001994,-0.42577699999992547,-0.3987409999999727
2023-06-26 00:30:00,2733.070408,2732.697721,2732.647677,-0.37268700000004173,-0.42273100000011254,-0.39770900000007714
2023-06-26 00:45:00,2733.071568,2732.698881,2732.650136,-0.37268700000004173,-0.42143199999964054,-0.39705949999984114
2023-06-26 02:30:00,2733.073317,2732.703096,2732.648839,-0.37022099999967395,-0.4244779999999082,-0.3973494999997911
2023-06-26 03:45:00,2733.069239,2732.702126,2732.648261,-0.3671129999997902,-0.42097800000010466,-0.3940454999999474
2023-06-26 04:00:00,2733.073317,2732.701946,2732.64635,-0.37137099999972634,-0.42696699999987686,-0.3991689999998016
2023-06-26 04:15:00,2733.074487,2732.704597,2732.644927,-0.3698899999999412,-0.4295600000000377,-0.39972499999998945
2023-06-26 05:00:00,2733.069239,2732.701365,2732.64752,-0.3678740000000289,-0.4217189999999391,-0.394796499999984
2023-06-26 05:30:00,2733.072737,2732.703116,2732.648263,-0.36962099999982456,-0.4244739999999183,-0.39704749999987143
2023-06-26 05:45:00,2733.071568,2732.699866,2732.648843,-0.3717019999999138,-0.4227249999999003,-0.39721349999990707
2023-06-26 06:00:00,2733.075067,2732.701347,2732.647983,-0.37372000000004846,-0.4270840000003773,-0.40040200000021287
2023-06-26 06:30:00,2733.072158,2732.698706,2732.647683,-0.3734519999998156,-0.4244749999998021,-0.39896349999980885
2023-06-26 06:45:00,2733.075067,2732.703097,2732.647546,-0.3719700000001467,-0.42752100000006976,-0.3997455000001082
2023-06-26 07:00:00,2733.074487,2732.698116,2732.645796,-0.3763709999998355,-0.42869100000007165,-0.40253099999995356
2023-06-26 07:45:00,2733.071568,2732.702827,2732.645797,-0.3687409999997726,-0.42577099999971324,-0.3972559999997429
2023-06-26 08:00:00,2733.072158,2732.703417,2732.647684,-0.3687409999997726,-0.4244739999999183,-0.39660749999984546
2023-06-26 08:15:00,2733.072158,2732.701937,2732.645528,-0.3702210000001287,-0.4266299999999319,-0.3984255000000303
2023-06-26 08:30:00,2733.073327,2732.702347,2732.648425,-0.3709800000001451,-0.42490200000020195,-0.3979410000001735
2023-06-26 09:45:00,2733.069818,2732.703817,2732.647095,-0.36600099999986924,-0.42272300000013274,-0.394362000000001
2023-06-26 10:15:00,2733.068659,2732.698766,2732.645935,-0.3698930000000473,-0.42272400000001653,-0.3963085000000319
2023-06-26 10:30:00,2733.071568,2732.699926,2732.645347,-0.3716420000000653,-0.42622099999971397,-0.39893149999988964
2023-06-26 11:00:00,2733.074487,2732.706468,2732.641886,-0.36801900000000387,-0.4326009999999769,-0.4003099999999904
2023-06-26 11:15:00,2733.070988,2732.704327,2732.645218,-0.3666610000000219,-0.42576999999982945,-0.39621549999992567
2023-06-26 11:30:00,2733.069239,2732.702577,2732.64448,-0.3666619999999057,-0.42475899999999456,-0.3957104999999501
2023-06-26 11:45:00,2733.072737,2732.701096,2732.64522,-0.3716410000001815,-0.42751700000007986,-0.3995790000001307
2023-06-26 12:00:00,2733.069818,2732.698176,2732.640263,-0.3716420000000653,-0.429555000000164,-0.40059850000011465
2023-06-26 12:15:00,2733.076236,2732.699615,2732.646684,-0.3766209999998864,-0.4295520000000579,-0.40308649999997215
2023-06-26 13:00:00,2733.067489,2732.691673,2732.638386,-0.37581600000021353,-0.42910299999994095,-0.40245950000007724
2023-06-26 13:15:00,2733.070408,2732.695394,2732.643901,-0.375014000000192,-0.42650700000012876,-0.4007605000001604
2023-06-26 13:30:00,2733.072158,2732.696073,2732.645651,-0.37608499999987544,-0.42650700000012876,-0.4012960000000021
2023-06-26 13:45:00,2733.067489,2732.693563,2732.639287,-0.3739260000002105,-0.4282020000000557,-0.4010640000001331
2023-06-26 14:00:00,2733.072148,2732.697045,2732.644791,-0.3751030000003084,-0.4273570000000291,-0.40123000000016873
2023-06-26 14:30:00,2733.066899,2732.691795,2732.641291,-0.3751039999997374,-0.4256080000000111,-0.40035599999987426
2023-06-26 14:45:00,2733.06574,2732.692385,2732.644928,-0.3733550000001742,-0.42081199999984165,-0.3970835000000079
2023-06-26 15:00:00,2733.06632,2732.697186,2732.643471,-0.36913400000003094,-0.422849000000042,-0.39599150000003647
2023-06-26 15:15:00,2733.06515,2732.692785,2732.6423,-0.37236499999971784,-0.4228499999999258,-0.3976074999998218
2023-06-26 15:45:00,2733.06516,2732.695436,2732.644767,-0.36972400000013295,-0.4203930000003311,-0.395058500000232
2023-06-26 16:00:00,2733.06632,2732.698667,2732.648101,-0.36765299999979106,-0.4182189999996808,-0.39293599999973594
2023-06-26 16:15:00,2733.068069,2732.696507,2732.642173,-0.37156199999981254,-0.4258959999997387,-0.3987289999997756
2023-06-26 16:45:00,2733.069818,2732.696016,2732.647814,-0.3738020000000688,-0.42200400000001537,-0.3979030000000421
2023-06-26 17:15:00,2733.06516,2732.692516,2732.643016,-0.3726440000000366,-0.42214400000011665,-0.39739400000007663
2023-06-26 17:30:00,2733.066909,2732.697497,2732.641719,-0.3694120000000112,-0.42518999999992957,-0.3973009999999704
2023-06-26 19:00:00,2733.070398,2732.698838,2732.646642,-0.37156000000004497,-0.4237559999996847,-0.39765799999986484
2023-06-26 19:15:00,2733.068649,2732.697768,2732.644336,-0.3708809999998266,-0.42431299999998373,-0.39759699999990517
2023-06-26 19:30:00,2733.071568,2732.695976,2732.648265,-0.3755919999998696,-0.4233030000000326,-0.3994474999999511
2023-06-26 19:45:00,2733.073317,2732.695707,2732.646515,-0.3776100000000042,-0.4268019999999524,-0.4022059999999783
2023-06-26 20:00:00,2733.06632,2732.695029,2732.644765,-0.3712909999999283,-0.4215549999998984,-0.3964229999999134
2023-06-26 20:15:00,2733.066899,2732.698529,2732.639705,-0.36837000000014086,-0.4271939999998722,-0.3977820000000065
2023-06-26 20:30:00,2733.069828,2732.698939,2732.643898,-0.37088900000026115,-0.425930000000335,-0.39840950000029807
2023-06-26 20:45:00,2733.068069,2732.695709,2732.640134,-0.37235999999984415,-0.42793499999970663,-0.4001474999997754
2023-06-26 21:15:00,2733.073897,2732.694619,2732.643594,-0.3792780000003404,-0.43030300000009447,-0.40479050000021743
2023-06-26 21:30:00,2733.072158,2732.695317,2732.64058,-0.3768409999997857,-0.4315779999997176,-0.40420949999975164
2023-06-26 21:45:00,2733.070988,2732.69814,2732.640579,-0.3728479999999763,-0.4304090000000542,-0.40162850000001526
2023-06-26 22:00:00,2733.070988,2732.691989,2732.642726,-0.3789990000000216,-0.4282619999999042,-0.4036304999999629
2023-06-26 22:15:00,2733.070408,2732.694909,2732.645646,-0.3754990000002181,-0.42476200000010067,-0.4001305000001594
2023-06-26 22:30:00,2733.069239,2732.693838,2732.640579,-0.3754009999997834,-0.42866000000003623,-0.4020304999999098
2023-06-26 22:45:00,2733.070988,2732.692668,2732.641428,-0.37831999999980326,-0.4295600000000377,-0.4039399999999205
2023-06-26 23:00:00,2733.072158,2732.69343,2732.64233,-0.3787280000001374,-0.4298279999998158,-0.4042779999999766
2023-06-26 23:15:00,2733.069239,2732.694911,2732.643627,-0.37432799999987765,-0.425612000000001,-0.3999699999999393
2023-06-26 23:30:00,2733.069239,2732.692662,2732.637533,-0.3765769999999975,-0.43170599999984915,-0.4041414999999233
2023-06-26 23:45:00,2733.072148,2732.698802,2732.644787,-0.3733460000003106,-0.427361000000019,-0.4003535000001648
2023-06-27 00:30:00,2733.070398,2732.695573,2732.640999,-0.3748249999998734,-0.42939899999964837,-0.4021119999997609
2023-06-27 00:45:00,2733.073317,2732.696064,2732.645216,-0.377252999999655,-0.42810099999996964,-0.4026769999998123
2023-06-27 01:00:00,2733.071568,2732.697545,2732.645218,-0.3740229999998519,-0.42634999999972933,-0.4001864999997906
2023-06-27 01:30:00,2733.071568,2732.693823,2732.643467,-0.37774499999977706,-0.42810099999996964,-0.40292299999987335
2023-06-27 02:00:00,2733.071578,2732.696476,2732.6426,-0.37510199999996985,-0.4289779999999155,-0.40203999999994267
2023-06-27 02:15:00,2733.076236,2732.693844,2732.64435,-0.38239199999998164,-0.43188599999984945,-0.40713899999991554
2023-06-27 02:30:00,2733.070988,2732.695004,2732.640713,-0.3759839999997894,-0.43027500000016516,-0.40312949999997727
2023-06-27 02:45:00,2733.074487,2732.692854,2732.643469,-0.38163299999996525,-0.4310179999997672,-0.4063254999998662
2023-06-27 03:00:00,2733.070988,2732.692584,2732.643898,-0.3784040000000459,-0.42709000000013475,-0.40274700000009034
2023-06-27 03:15:00,2733.070988,2732.693245,2732.644765,-0.3777430000000095,-0.4262229999999363,-0.4019829999999729
2023-06-27 03:30:00,2733.071578,2732.694995,2732.646515,-0.3765830000002097,-0.4250630000001365,-0.4008230000001731
2023-06-27 03:45:00,2733.071578,2732.694336,2732.641719,-0.37724200000002384,-0.4298589999998512,-0.40355049999993753
2023-06-27 04:00:00,2733.072737,2732.696086,2732.641449,-0.37665100000003804,-0.43128799999976764,-0.40396949999990284
2023-06-27 04:15:00,2733.071578,2732.695326,2732.644767,-0.37625200000002224,-0.4268110000002707,-0.4015315000001465
2023-06-27 04:45:00,2733.071578,2732.698287,2732.640853,-0.373290999999881,-0.4307250000001659,-0.40200800000002346
2023-06-27 05:00:00,2733.071578,2732.693845,2732.640583,-0.3777330000002621,-0.43099500000016633,-0.4043640000002142
2023-06-27 05:15:00,2733.070988,2732.692586,2732.637806,-0.3784019999998236,-0.4331819999997606,-0.4057919999997921
2023-06-27 05:30:00,2733.069828,2732.694727,2732.640855,-0.37510100000008606,-0.4289730000000418,-0.4020370000000639
2023-06-27 06:00:00,2733.071578,2732.694996,2732.645652,-0.3765819999998712,-0.42592599999989034,-0.40125399999988076
2023-06-27 06:30:00,2733.075067,2732.692347,2732.641436,-0.382720000000063,-0.4336310000003323,-0.40817550000019764
2023-06-27 07:15:00,2733.075067,2732.698806,2732.643928,-0.3762610000003406,-0.4311390000002575,-0.40370000000029904
2023-06-27 07:45:00,2733.073317,2732.694318,2732.644771,-0.3789990000000216,-0.42854599999964194,-0.4037724999998318
2023-06-27 08:00:00,2733.073897,2732.697058,2732.644054,-0.37683900000001813,-0.42984300000034636,-0.40334100000018225
2023-06-27 08:15:00,2733.075646,2732.693148,2732.641008,-0.3824979999999414,-0.4346379999997225,-0.40856799999983195
2023-06-27 08:30:00,2733.073317,2732.691087,2732.643475,-0.3822299999997085,-0.42984200000000783,-0.4060359999998582
2023-06-27 08:45:00,2733.075067,2732.696068,2732.642178,-0.3789990000000216,-0.4328890000001593,-0.40594400000009045
2023-06-27 09:15:00,2733.076816,2732.695575,2732.641891,-0.3812409999995907,-0.43492499999956635,-0.40808299999957853
2023-06-27 09:30:00,2733.076236,2732.694997,2732.641311,-0.38123899999982314,-0.4349250000000211,-0.4080819999999221
2023-06-27 09:45:00,2733.072737,2732.694728,2732.639562,-0.37800900000002,-0.4331750000001193,-0.4055920000000697
2023-06-27 10:00:00,2733.069828,2732.695717,2732.642611,-0.37411100000008446,-0.4272169999999278,-0.4006640000000061
2023-06-27 10:15:00,2733.072737,2732.696478,2732.641314,-0.37625900000011825,-0.4314229999999952,-0.40384100000005674
2023-06-27 10:30:00,2733.072737,2732.695327,2732.643478,-0.3774100000000544,-0.42925900000000183,-0.40333450000002813
2023-06-27 10:45:00,2733.071578,2732.696806,2732.643908,-0.3747720000001209,-0.42767000000003463,-0.40122100000007777
2023-06-27 11:00:00,2733.069828,2732.695055,2732.640861,-0.3747730000000047,-0.4289670000002843,-0.4018700000001445
2023-06-27 11:15:00,2733.073897,2732.697965,2732.648115,-0.3759320000003754,-0.4257820000002539,-0.40085700000031466
2023-06-27 11:30:00,2733.069828,2732.696535,2732.642158,-0.37329300000010335,-0.42767000000003463,-0.400481500000069
2023-06-27 12:00:00,2733.070988,2732.693965,2732.637822,-0.3770230000000083,-0.433165999999801,-0.40509449999990466
2023-06-27 12:30:00,2733.072737,2732.692984,2732.638705,-0.3797530000001643,-0.43403200000011566,-0.40689250000014
2023-06-27 12:45:00,2733.067489,2732.694465,2732.640869,-0.3730239999999867,-0.4266200000001845,-0.3998220000000856
2023-06-27 13:00:00,2733.068079,2732.690074,2732.632748,-0.3780050000000301,-0.4353310000001329,-0.4066680000000815
2023-06-27 13:15:00,2733.072737,2732.695715,2732.637408,-0.37702200000012454,-0.4353289999999106,-0.40617550000001756
2023-06-27 13:30:00,2733.069239,2732.690735,2732.636526,-0.37850399999979345,-0.4327130000001489,-0.4056084999999712
2023-06-27 14:00:00,2733.069818,2732.689664,2732.647826,-0.3801539999999477,-0.42199200000004566,-0.4010729999999967
2023-06-27 14:15:00,2733.074487,2732.693245,2732.641316,-0.38124199999992925,-0.4331709999996747,-0.40720649999980196
2023-06-27 14:45:00,2733.072158,2732.695405,2732.636399,-0.3767530000000079,-0.4357589999999618,-0.40625599999998485
2023-06-27 15:00:00,2733.072158,2732.693245,2732.643792,-0.3789130000000114,-0.4283660000000964,-0.4036395000000539
2023-06-27 15:15:00,2733.079145,2732.695764,2732.644226,-0.38338100000009945,-0.4349190000002636,-0.40915000000018154
2023-06-27 15:30:00,2733.071578,2732.692094,2732.637388,-0.37948400000004767,-0.4341899999999441,-0.4068369999999959
2023-06-27 15:45:00,2733.072737,2732.693254,2732.640298,-0.3794830000001639,-0.43243900000015856,-0.4059610000001612
2023-06-27 16:00:00,2733.074487,2732.690023,2732.64087,-0.38446399999975256,-0.4336169999996855,-0.40904049999971903
2023-06-27 16:15:00,2733.071568,2732.692075,2732.637099,-0.37949299999991126,-0.43446899999980815,-0.4069809999998597
2023-06-27 16:30:00,2733.072737,2732.692755,2732.636979,-0.3799819999999272,-0.435758000000078,-0.4078700000000026
2023-06-27 16:45:00,2733.071578,2732.694415,2732.639876,-0.3771630000001096,-0.43170199999985925,-0.40443249999998443
2023-06-27 17:00:00,2733.072158,2732.692175,2732.642924,-0.379982999999811,-0.4292339999997239,-0.40460849999976745
2023-06-27 17:30:00,2733.076826,2732.690694,2732.642922,-0.38613200000008874,-0.4339039999999841,-0.4100180000000364
2023-06-27 17:45:00,2733.071568,2732.693335,2732.638998,-0.3782329999999092,-0.4325699999999415,-0.40540149999992536
2023-06-27 18:00:00,2733.072158,2732.691495,2732.640431,-0.38066299999991315,-0.4317270000001372,-0.4061950000000252
2023-06-27 18:15:00,2733.073317,2732.691175,2732.642332,-0.3821419999999307,-0.4309849999999642,-0.40656349999994745
2023-06-27 18:30:00,2733.073317,2732.691854,2732.638998,-0.38146299999971234,-0.4343189999999595,-0.4078909999998359
2023-06-27 19:30:00,2733.070408,2732.690427,2732.64247,-0.3799810000000434,-0.4279380000002675,-0.40395950000015546
2023-06-27 19:45:00,2733.075077,2732.693927,2732.641626,-0.3811500000001615,-0.43345099999987724,-0.4073005000000194
2023-06-27 20:00:00,2733.075077,2732.692177,2732.64117,-0.3829000000000633,-0.4339070000000902,-0.40840350000007675
2023-06-27 20:15:00,2733.076826,2732.695675,2732.644672,-0.3811510000000453,-0.4321540000000823,-0.4066525000000638
2023-06-27 20:30:00,2733.073327,2732.691187,2732.641912,-0.3821400000001631,-0.4314150000000154,-0.4067775000000893
2023-06-27 21:15:00,2733.072737,2732.693525,2732.643341,-0.3792119999998249,-0.429395999999997,-0.40430399999991096
2023-06-27 21:30:00,2733.074487,2732.691775,2732.641591,-0.3827120000000832,-0.43289599999980055,-0.4078039999999419
2023-06-27 22:15:00,2733.073327,2732.692856,2732.642611,-0.38047099999994316,-0.43071599999984755,-0.40559349999989536
2023-06-27 22:45:00,2733.074487,2732.694606,2732.644361,-0.37988099999984115,-0.43012599999974555,-0.40500349999979335
2023-06-27 23:45:00,2733.076236,2732.691768,2732.639563,-0.38446799999974246,-0.43667299999970055,-0.4105704999997215
2023-08-12 00:00:00,,2732.637914,2732.643326,,,
2023-08-12 00:15:00,,2732.638984,2732.649421,,,
2023-08-12 00:30:00,,2732.634683,2732.646374,,,
2023-08-12 00:45:00,,2732.633202,2732.648124,,,
2023-08-12 01:00:00,,2732.634685,2732.645077,,,
2023-08-12 01:15:00,,2732.634275,2732.646827,,,
2023-08-12 01:45:00,,2732.639669,2732.646827,,,
2023-08-12 02:15:00,,2732.638679,2732.646247,,,
2023-08-12 02:45:00,,2732.632488,2732.647544,,,
2023-08-12 03:15:00,,2732.628989,2732.645794,,,
2023-08-12 03:30:00,,2732.632221,2732.644497,,,
2023-08-12 03:45:00,,2732.633702,2732.646248,,,
2023-08-12 04:00:00,,2732.62899,2732.645796,,,
2023-08-12 04:15:00,,2732.633972,2732.649295,,,
2023-08-12 04:30:00,,2732.632222,2732.647545,,,
2023-08-12 05:00:00,,2732.635453,2732.645508,,,
2023-08-12 05:15:00,,2732.633583,2732.649297,,,
2023-08-12 05:30:00,,2732.632493,2732.650594,,,
2023-08-12 06:15:00,,2732.632804,2732.645078,,,
2023-08-12 06:30:00,,2732.631323,2732.648127,,,
2023-08-12 06:45:00,,2732.631814,2732.64508,,,
2023-08-12 07:15:00,,2732.634556,2732.64566,,,
2023-08-12 07:45:00,,2732.632084,2732.648151,,,
2023-08-12 08:00:00,,2732.634244,2732.649321,,,
2023-08-12 08:15:00,,2732.635315,2732.649901,,,
2023-08-12 08:30:00,,2732.628585,2732.647699,,,
2023-08-12 08:45:00,,2732.630924,2732.649586,,,
2023-08-12 09:15:00,,2732.632406,2732.645241,,,
2023-08-12 09:45:00,,2732.627104,2732.647698,,,
2023-08-12 10:00:00,,2732.627102,2732.645947,,,
2023-08-12 10:15:00,,2732.629172,2732.644787,,,
2023-08-12 10:30:00,,2732.632135,2732.646538,,,
2023-08-12 10:45:00,,2732.633295,2732.646401,,,
2023-08-12 11:30:00,,2732.635455,2732.645821,,,
2023-08-12 11:45:00,,2732.631054,2732.644651,,,
2023-08-12 12:15:00,,2732.629795,2732.646378,,,
2023-08-12 12:30:00,,2732.632533,2732.650723,,,
2023-08-12 12:45:00,,2732.635766,2732.649425,,,
2023-08-12 13:00:00,,2732.634285,2732.651177,,,
2023-08-12 13:45:00,,2732.635764,2732.652474,,,
2023-08-12 14:15:00,,2732.633703,2732.650597,,,
2023-08-12 14:45:00,,2732.634683,2732.653644,,,
2023-08-12 15:15:00,,2732.631182,2732.647096,,,
2023-08-12 15:30:00,,2732.63402,2732.649857,,,
2023-08-12 16:00:00,,2732.637652,2732.651017,,,
2023-08-12 16:15:00,,2732.634421,2732.647968,,,
2023-08-12 16:30:00,,2732.6359,2732.648835,,,
2023-08-12 16:45:00,,2732.63689,2732.645788,,,
2023-08-12 17:30:00,,2732.640122,2732.64972,,,
2023-08-12 18:30:00,,2732.633659,2732.651884,,,
2023-08-12 18:45:00,,2732.63573,2732.651894,,,
2023-08-12 19:00:00,,2732.63474,2732.646808,,,
2023-08-12 20:45:00,,2732.631491,2732.647675,,,
2023-08-12 21:00:00,,2732.63432,2732.648255,,,
2023-08-12 21:15:00,,2732.633551,2732.645208,,,
2023-08-12 21:30:00,,2732.633251,2732.650294,,,
2023-08-12 21:45:00,,2732.633841,2732.649587,,,
2023-08-12 23:00:00,,2732.637243,2732.650747,,,
2023-08-12 23:15:00,,2732.634602,2732.648289,,,
2023-08-12 23:30:00,,2732.634604,2732.645242,,,
2023-08-13 00:00:00,,2732.635012,2732.64654,,,
2023-08-13 01:00:00,,2732.645057,2732.650309,,,
2023-08-13 01:15:00,,2732.637515,2732.650746,,,
2023-08-13 01:45:00,,2732.632535,2732.647699,,,
2023-08-13 02:00:00,,2732.629304,2732.653795,,,
2023-08-13 02:45:00,,2732.624592,2732.648871,,,
2023-08-13 03:00:00,,2732.634965,2732.651918,,,
2023-08-13 03:15:00,,2732.634697,2732.650168,,,
2023-08-13 03:30:00,,2732.629306,2732.648129,,,
2023-08-13 04:00:00,,2732.635767,2732.643785,,,
2023-08-13 04:15:00,,2732.639,2732.646834,,,
2023-08-13 04:30:00,,2732.637921,2732.647264,,,
2023-08-13 04:45:00,,2732.635767,2732.649428,,,
2023-08-13 05:00:00,,2732.630394,2732.649881,,,
2023-08-13 05:15:00,,2732.627244,2732.649301,,,
2023-08-13 05:30:00,,2732.634288,2732.651178,,,
2023-08-13 05:45:00,,2732.638688,2732.651052,,,
2023-08-13 06:15:00,,2732.632807,2732.651632,,,
2023-08-13 06:30:00,,2732.64143,2732.65367,,,
2023-08-13 06:45:00,,2732.638198,2732.65192,,,
2023-08-13 07:00:00,,2732.635278,2732.65075,,,
2023-08-13 07:15:00,,2732.637518,2732.649453,,,
2023-08-13 07:45:00,,2732.654084,2732.642617,,,
2023-08-13 08:15:00,,2732.637528,2732.645244,,,
2023-08-13 08:30:00,,2732.652203,2732.648293,,,
2023-08-13 09:00:00,,2732.637118,2732.650312,,,
2023-08-13 09:15:00,,2732.645471,2732.649859,,,
2023-08-13 09:30:00,,2732.638599,2732.64959,,,
2023-08-13 10:00:00,,2732.635368,2732.649015,,,
2023-08-13 10:15:00,,2732.634564,2732.653361,,,
2023-08-13 10:45:00,,2732.634296,2732.651609,,,
2023-08-13 11:30:00,,2732.635775,2732.648562,,,
2023-08-13 11:45:00,,2732.637527,2732.647265,,,
2023-08-13 12:00:00,,2732.633124,2732.652191,,,
2023-08-13 12:15:00,,2732.635676,2732.653488,,,
2023-08-13 13:00:00,,2732.636933,2732.652771,,,
2023-08-13 14:15:00,,2732.638243,2732.654658,,,
2023-08-13 14:30:00,,2732.641742,2732.65511,,,
2023-08-13 15:00:00,,2732.642231,2732.652063,,,
2023-08-13 16:00:00,,2732.643211,2732.652501,,,
2023-08-13 16:15:00,,2732.640738,2732.655548,,,
2023-08-13 16:30:00,,2732.63971,2732.652047,,,
2023-08-13 16:45:00,,2732.636746,2732.653798,,,
2023-08-13 17:15:00,,2732.639396,2732.651921,,,
2023-08-13 17:30:00,,2732.640467,2732.654968,,,
2023-08-13 18:00:00,,2732.642529,2732.655548,,,
2023-08-13 18:15:00,,2732.644689,2732.657568,,,
2023-08-13 18:45:00,,2732.659318,2732.64778,,,
2023-08-13 19:00:00,,2732.640949,2732.641979,,,
2023-08-13 19:15:00,,2732.638486,2732.642846,,,
2023-08-13 19:30:00,,2732.631622,2732.644733,,,
2023-08-13 19:45:00,,2732.629381,2732.646031,,,
2023-08-13 20:15:00,,2732.635574,2732.644279,,,
2023-08-13 20:30:00,,2732.626462,2732.648752,,,
2023-08-13 20:45:00,,2732.623722,2732.653383,,,
2023-08-13 21:00:00,,2732.628703,2732.65079,,,
2023-08-13 21:15:00,,2732.626543,2732.647001,,,
2023-08-13 21:45:00,,2732.629024,2732.647591,,,
2023-08-13 22:00:00,,2732.630774,2732.646293,,,
2023-08-13 22:15:00,,2732.634006,2732.650082,,,
2023-08-13 22:30:00,,2732.630775,2732.64833,,,
2023-08-13 22:45:00,,2732.634317,2732.64716,,,
2023-08-13 23:00:00,,2732.631086,2732.650209,,,
2023-08-13 23:45:00,,2732.634728,2732.64658,,,
2023-08-14 00:15:00,,2732.636479,2732.654428,,,
2023-08-14 00:30:00,,2732.631497,2732.651379,,,
2023-08-14 01:00:00,,2732.638851,2732.649492,,,
2023-08-14 01:30:00,,2732.635451,2732.649629,,,
2023-08-14 03:00:00,,2732.639173,2732.654697,,,
2023-08-14 03:30:00,,2732.636933,2732.647162,,,
2023-08-14 03:45:00,,2732.641236,2732.648912,,,
2023-08-14 04:30:00,,2732.636834,2732.647742,,,
2023-08-14 05:15:00,,2732.639486,2732.65398,,,
2023-08-14 05:30:00,,2732.640066,2732.65281,,,
2023-08-14 05:45:00,,2732.639796,2732.651061,,,
2023-08-14 06:15:00,,2732.636575,2732.649343,,,
2023-08-14 06:30:00,,2732.639406,2732.65122,,,
2023-08-14 06:45:00,,2732.642637,2732.648914,,,
2023-08-14 07:00:00,,2732.635084,2732.653258,,,
2023-08-14 07:15:00,,2732.643295,2732.656306,,,
2023-08-14 07:30:00,,2732.644777,2732.654555,,,
2023-08-14 07:45:00,,2732.642126,2732.655135,,,
2023-08-14 08:00:00,,2732.642536,2732.656432,,,
2023-08-14 08:15:00,,2732.645767,2732.653838,,,
2023-08-14 09:00:00,,2732.645367,2732.6547,,,
2023-08-14 09:15:00,,2732.633923,2732.654245,,,
2023-08-14 09:30:00,,2732.642625,2732.659331,,,
2023-08-14 09:45:00,,2732.631763,2732.657707,,,
2023-08-14 10:00:00,,2732.634993,2732.660754,,,
2023-08-14 10:15:00,,2732.636071,2732.660881,,,
2023-08-14 10:45:00,,2732.641053,2732.664669,,,
2023-08-14 11:15:00,,2732.644692,2732.664215,,,
2023-08-14 11:45:00,,2732.643212,2732.658287,,,
2023-08-14 12:30:00,,2732.64146,2732.659177,,,
2023-08-14 12:45:00,,2732.64469,2732.657879,,,
2023-08-14 13:00:00,,2732.644682,2732.650814,,,
2023-08-14 13:15:00,,2732.647913,2732.643485,,,
2023-08-14 13:30:00,,2732.646842,2732.653862,,,
2023-08-14 13:45:00,,2732.640869,2732.650234,,,
2023-08-14 14:00:00,,2732.642619,2732.64865,,,
2023-08-14 14:15:00,,2732.648,2732.648514,,,
2023-08-14 14:30:00,,2732.643018,2732.655405,,,
2023-08-14 15:00:00,,2732.642528,2732.659027,,,
2023-08-14 15:15:00,,2732.645178,2732.650664,,,
2023-08-14 15:30:00,,2732.639786,2732.651961,,,
2023-08-14 16:30:00,,2732.641937,2732.651381,,,
2023-08-14 16:45:00,,2732.642246,2732.650211,,,
2023-08-14 17:00:00,,2732.639015,2732.64846,,,
2023-08-14 17:15:00,,2732.641935,2732.649342,,,
2023-08-14 17:30:00,,2732.643416,2732.650639,,,
2023-08-14 17:45:00,,2732.645166,2732.652391,,,
2023-08-14 18:15:00,,2732.643994,2732.655008,,,
2023-08-14 18:45:00,,2732.643324,2732.657155,,,
2023-08-14 19:00:00,,2732.632909,2732.658182,,,
2023-08-14 19:15:00,,2732.629678,2732.65773,,,
2023-08-14 19:30:00,,2732.64077,2732.661889,,,
2023-08-14 19:45:00,,2732.636139,2732.662917,,,
2023-08-14 20:00:00,,2732.633897,2732.656431,,,
2023-08-14 20:15:00,,2732.638609,2732.658453,,,
2023-08-14 20:30:00,,2732.634388,2732.65975,,,
2023-08-14 20:45:00,,2732.630266,2732.662934,,,
2023-08-14 21:00:00,,2732.642609,2732.662479,,,
2023-08-14 21:15:00,,2732.642118,2732.660465,,,
2023-08-14 21:45:00,,2732.642618,2732.662502,,,
2023-08-14 22:00:00,,2732.643198,2732.666418,,,
2023-08-14 22:15:00,,2732.644678,2732.655571,,,
2023-08-14 22:45:00,,2732.647909,2732.66251,,,
2023-08-14 23:15:00,,2732.644179,2732.660035,,,
2023-08-14 23:45:00,,2732.644368,2732.655157,,,
2023-08-15 00:15:00,,2732.645081,2732.651656,,,
2023-08-15 00:30:00,,2732.645079,2732.650359,,,
2023-08-15 01:45:00,,2732.645661,2732.655283,,,
2023-08-15 02:45:00,,2732.64333,2732.654703,,,
2023-08-15 03:00:00,,2732.648312,2732.653406,,,
2023-08-15 03:15:00,,2732.649302,2732.652666,,,
2023-08-15 03:30:00,,2732.64607,2732.650914,,,
2023-08-15 04:30:00,,2732.64576,2732.655132,,,
2023-08-15 04:45:00,,2732.642428,2732.65526,,,
2023-08-15 05:15:00,,2732.636147,2732.65729,,,
2023-08-15 05:30:00,,2732.634975,2732.657417,,,
2023-08-15 05:45:00,,2732.65006,2732.658714,,,
2023-08-15 06:00:00,,2732.65105,2732.663058,,,
2023-08-15 06:30:00,,2732.649791,2732.663346,,,
2023-08-15 06:45:00,,2732.648621,2732.662176,,,
2023-08-15 07:00:00,,2732.650371,2732.660879,,,
2023-08-15 07:15:00,,2732.653994,2732.646036,,,
2023-08-15 07:30:00,,2732.650102,2732.652522,,,
2023-08-15 07:45:00,,2732.64764,2732.65557,,,
2023-08-15 08:00:00,,2732.648619,2732.654863,,,
2023-08-15 08:15:00,,2732.645389,2732.651816,,,
2023-08-15 08:30:00,,2732.650369,2732.65791,,,
2023-08-15 09:00:00,,2732.646458,2732.652394,,,
2023-08-15 09:30:00,,2732.646868,2732.655133,,,
2023-08-15 10:30:00,,2732.650097,2732.654861,,,
2023-08-15 11:00:00,,2732.649776,2732.656023,,,
2023-08-15 11:15:00,,2732.651257,2732.656021,,,
2023-08-15 11:30:00,,2732.647846,2732.654862,,,
2023-08-15 11:45:00,,2732.648025,2732.657319,,,
2023-08-15 12:30:00,,2732.649004,2732.654272,,,
2023-08-15 12:45:00,,2732.651843,2732.657771,,,
2023-08-15 13:00:00,,2732.651084,2732.656022,,,
2023-08-15 13:15:00,,2732.647271,2732.6547,,,
2023-08-15 13:30:00,,2732.648441,2732.655872,,,
2023-08-15 13:45:00,,2732.646691,2732.657169,,,
2023-08-15 14:15:00,,2732.65266,2732.658919,,,
2023-08-15 14:30:00,,2732.649019,2732.656444,,,
2023-08-15 14:45:00,,2732.647267,2732.657739,,,
2023-08-15 15:00:00,,2732.649409,2732.657149,,,
2023-08-15 15:15:00,,2732.646981,2732.655399,,,
2023-08-15 15:30:00,,2732.646667,2732.653253,,,
2023-08-15 15:45:00,,2732.649139,2732.655847,,,
2023-08-15 16:00:00,,2732.649407,2732.657597,,,
2023-08-15 16:15:00,,2732.646585,2732.651501,,,
2023-08-15 16:30:00,,2732.649096,2732.655003,,,
2023-08-15 16:45:00,,2732.650165,2732.65805,,,
2023-08-15 17:00:00,,2732.648415,2732.659347,,,
2023-08-15 17:15:00,,2732.645862,2732.658767,,,
2023-08-15 17:30:00,,2732.649094,2732.660517,,,
2023-08-15 17:45:00,,2732.647343,2732.653681,,,
2023-08-15 18:00:00,,2732.648824,2732.656728,,,
2023-08-15 18:15:00,,2732.650573,2732.653682,,,
2023-08-15 18:30:00,,2732.647343,2732.655719,,,
2023-08-15 19:00:00,,2732.649091,2732.657468,,,
2023-08-15 19:15:00,,2732.648431,2732.655429,,,
2023-08-15 19:30:00,,2732.647671,2732.65368,,,
2023-08-15 20:00:00,,2732.648822,2732.65442,,,
2023-08-15 20:15:00,,2732.647342,2732.656169,,,
2023-08-15 20:45:00,,2732.646931,2732.656297,,,
2023-08-15 21:15:00,,2732.646932,2732.659344,,,
2023-08-15 21:30:00,,2732.648412,2732.658047,,,
2023-08-15 22:00:00,,2732.645762,2732.65558,,,
2023-08-15 22:15:00,,2732.647242,2732.656877,,,
2023-08-16 00:30:00,,2732.6472,2732.654711,,,
2023-08-16 00:45:00,,2732.643969,2732.656008,,,
2023-08-16 01:00:00,,2732.644871,2732.654131,,,
2023-08-16 03:15:00,,2732.647613,2732.649787,,,
2023-08-16 03:45:00,,2732.64574,2732.654584,,,
2023-08-16 04:30:00,,2732.64399,2732.655428,,,
2023-08-16 05:00:00,,2732.64224,2732.652381,,,
2023-08-16 05:15:00,,2732.646232,2732.657178,,,
2023-08-16 06:30:00,,2732.644481,2732.657465,,,
2023-08-16 07:00:00,,2732.646625,2732.653121,,,
2023-08-16 08:30:00,,2732.663768,2732.654998,,,
2023-08-16 08:45:00,,2732.642222,2732.659795,,,
2023-08-16 09:00:00,,2732.644873,2732.658763,,,
2023-08-16 10:15:00,,2732.643451,2732.655716,,,
2023-08-16 10:30:00,,2732.644112,2732.65137,,,
2023-08-16 10:45:00,,2732.641968,2732.652667,,,
2023-08-16 11:00:00,,2732.640218,2732.651927,,,
2023-08-16 11:30:00,,2732.646358,2732.654836,,,
2023-08-16 11:45:00,,2732.639138,2732.652634,,,
2023-08-16 12:15:00,,2732.642635,2732.653539,,,
2023-08-16 12:30:00,,2732.645597,2732.656134,,,
2023-08-16 13:15:00,,2732.648828,2732.654837,,,
2023-08-16 13:30:00,,2732.646767,2732.65222,,,
2023-08-16 13:45:00,,2732.643526,2732.654687,,,
2023-08-16 14:45:00,,2732.644246,2732.652218,,,
2023-08-16 15:00:00,,2732.66184,2732.656437,,,
2023-08-16 15:15:00,,2732.661349,2732.657734,,,
2023-08-16 15:30:00,,2732.655367,2732.653827,,,
2023-08-16 15:45:00,,2732.658107,2732.655577,,,
2023-08-16 16:00:00,,2732.662818,2732.656874,,,
2023-08-16 16:45:00,,2732.662507,2732.654708,,,
2023-08-16 17:00:00,,2732.663677,2732.654128,,,
2023-08-16 17:15:00,,2732.646343,2732.658043,,,
2023-08-16 17:30:00,,2732.646842,2732.654996,,,
2023-08-16 17:45:00,,2732.640381,2732.653246,,,
2023-08-16 18:00:00,,2732.643612,2732.657589,,,
2023-08-16 18:15:00,,2732.647112,2732.656746,,,
2023-08-16 18:30:00,,2732.647422,2732.655576,,,
2023-08-16 18:45:00,,2732.646352,2732.65891,,,
2023-08-16 19:00:00,,2732.639971,2732.655121,,,
2023-08-16 19:15:00,,2732.645272,2732.652664,,,
2023-08-16 19:30:00,,2732.650922,2732.653537,,,
2023-08-16 19:45:00,,2732.647692,2732.65774,,,
2023-08-16 20:00:00,,2732.637728,2732.656545,,,
2023-08-16 20:15:00,,2732.645942,2732.662186,,,
2023-08-16 20:30:00,,2732.64123,2732.656871,,,
2023-08-16 20:45:00,,2732.644952,2732.659919,,,
2023-08-16 21:00:00,,2732.643792,2732.655137,,,
2023-08-16 21:30:00,,2732.650255,2732.658185,,,
2023-08-16 21:45:00,,2732.653896,2732.656434,,,
2023-08-16 22:00:00,,2732.652415,2732.656887,,,
2023-08-16 22:45:00,,2732.645544,2732.654867,,,
2023-08-16 23:00:00,,2732.648184,2732.658048,,,
2023-08-16 23:15:00,,2732.645222,2732.659076,,,
2023-08-16 23:30:00,,2732.647694,2732.656027,,,
2023-08-17 01:30:00,,2732.646436,2732.654994,,,
2023-08-17 02:15:00,,2732.664754,2732.653697,,,
2023-08-17 02:45:00,,2732.650928,2732.656457,,,
2023-08-17 03:00:00,,2732.645947,2732.654707,,,
2023-08-17 03:30:00,,2732.649178,2732.656744,,,
2023-08-17 03:45:00,,2732.650348,2732.655877,,,
2023-08-17 04:30:00,,2732.648188,2732.657754,,,
2023-08-17 05:30:00,,2732.646707,2732.661543,,,
2023-08-17 07:30:00,,2732.647018,2732.655574,,,
2023-08-17 08:30:00,,2732.651419,2732.656297,,,
2023-08-17 08:45:00,,2732.646269,2732.653117,,,
2023-08-17 09:45:00,,2732.648508,2732.65384,,,
2023-08-17 10:30:00,,2732.645008,2732.654684,,,
2023-08-17 11:00:00,,2732.645996,2732.650338,,,
2023-08-17 12:00:00,,2732.649227,2732.65773,,,
2023-08-17 12:30:00,,2732.647744,2732.657461,,,
2023-08-17 12:45:00,,2732.644245,2732.652662,,,
2023-08-17 13:00:00,,2732.647476,2732.649615,,,
2023-08-17 13:15:00,,2732.648142,2732.653822,,,
2023-08-17 14:00:00,,2732.647152,2732.65889,,,
2023-08-17 14:15:00,,2732.650381,2732.660188,,,
2023-08-17 14:30:00,,2732.648141,2732.656869,,,
2023-08-17 15:15:00,,2732.647149,2732.654992,,,
2023-08-17 15:30:00,,2732.651052,2732.659791,,,
2023-08-17 15:45:00,,2732.647821,2732.658039,,,
2023-08-17 16:00:00,,2732.645989,2732.65512,,,
2023-08-17 16:15:00,,2732.65039,2732.65804,,,
2023-08-17 16:30:00,,2732.64963,2732.65629,,,
2023-08-17 16:45:00,,2732.647159,2732.656003,,,
2023-08-17 17:00:00,,2732.649309,2732.65846,,,
2023-08-17 17:30:00,,2732.648319,2732.657163,,,
2023-08-17 17:45:00,,2732.647558,2732.652364,,,
2023-08-17 18:30:00,,2732.651109,2732.657298,,,
2023-08-17 18:45:00,,2732.652842,2732.656741,,,
2023-08-17 19:00:00,,2732.664384,2732.661517,,,
2023-08-17 19:15:00,,2732.666445,2732.660345,,,
2023-08-17 19:30:00,,2732.664964,2732.661212,,,
2023-08-17 19:45:00,,2732.655771,2732.664094,,,
2023-08-17 20:00:00,,2732.645669,2732.662471,,,
2023-08-17 20:15:00,,2732.646749,2732.668972,,,
2023-08-17 20:30:00,,2732.651239,2732.661355,,,
2023-08-17 20:45:00,,2732.647337,2732.663066,,,
2023-08-17 21:00:00,,2732.647026,2732.660902,,,
2023-08-17 21:15:00,,2732.652722,2732.662199,,,
2023-08-17 21:30:00,,2732.6485,2732.665963,,,
2023-08-17 21:45:00,,2732.651731,2732.665533,,,
2023-08-17 22:15:00,,2732.64918,2732.663822,,,
2023-08-17 22:30:00,,2732.646529,2732.663949,,,
2023-08-17 23:15:00,,2732.649082,2732.658306,,,
2023-08-17 23:30:00,,2732.648502,2732.660775,,,
2023-08-17 23:45:00,,2732.653483,2732.655132,,,
2023-08-18 00:00:00,,2732.650252,2732.658181,,,
2023-08-18 00:45:00,,2732.650654,2732.657591,,,
2023-08-18 01:00:00,,2732.652404,2732.657321,,,
2023-08-18 01:30:00,,2732.649175,2732.658618,,,
2023-08-18 01:45:00,,2732.646704,2732.660368,,,
2023-08-18 02:00:00,,2732.650345,2732.661085,,,
2023-08-18 02:15:00,,2732.651416,2732.658491,,,
2023-08-18 02:30:00,,2732.645944,2732.657608,,,
2023-08-18 02:45:00,,2732.650927,2732.661538,,,
2023-08-18 03:15:00,,2732.650347,2732.661825,,,
2023-08-18 03:30:00,,2732.649545,2732.660241,,,
2023-08-18 03:45:00,,2732.649276,2732.659788,,,
2023-08-18 04:00:00,,2732.649856,2732.659073,,,
2023-08-18 05:00:00,,2732.649177,2732.654274,,,
2023-08-18 06:30:00,,2732.65241,2732.66037,,,
2023-08-18 07:30:00,,2732.65125,2732.658183,,,
2023-08-18 09:15:00,,2732.64851,2732.656433,,,
2023-08-18 11:00:00,,2732.649229,2732.658309,,,
2023-08-18 11:45:00,,2732.651389,2732.656885,,,
2023-08-18 12:00:00,,2732.64789,2732.654681,,,
2023-08-18 12:30:00,,2732.649949,2732.651634,,,
2023-08-18 13:15:00,,2732.646717,2732.652661,,,
2023-08-18 13:30:00,,2732.653349,2732.661087,,,
2023-08-18 14:00:00,,2732.652848,2732.656743,,,
2023-08-18 14:30:00,,2732.65258,2732.652954,,,
2023-08-18 14:45:00,,2732.649349,2732.653821,,,
2023-08-18 15:15:00,,2732.652596,2732.653241,,,
2023-08-18 15:45:00,,2732.653265,2732.655411,,,
2023-08-18 16:15:00,,2732.652996,2732.653661,,,
2023-08-18 16:30:00,,2732.649765,2732.650614,,,
2023-08-18 16:45:00,,2732.650525,2732.654831,,,
2023-08-18 17:00:00,,2732.647106,2732.651641,,,
2023-08-18 17:30:00,,2732.671571,2732.652811,,,
2023-08-18 17:45:00,,2732.655006,2732.655858,,,
2023-08-18 18:00:00,,2732.656488,2732.657155,,,
2023-08-18 18:15:00,,2732.639661,2732.64989,,,
2023-08-18 18:30:00,,2732.638172,2732.65281,,,
2023-08-18 18:45:00,,2732.62965,2732.651942,,,
2023-08-18 19:00:00,,2732.646795,2732.652069,,,
2023-08-18 20:00:00,,2732.649457,2732.657878,,,
2023-08-18 20:15:00,,2732.649047,2732.654829,,,
2023-08-18 20:45:00,,2732.651208,2732.656581,,,
2023-08-18 21:15:00,,2732.647888,2732.655999,,,
2023-08-18 21:30:00,,2732.643837,2732.654991,,,
2023-08-18 21:45:00,,2732.645239,2732.653819,,,
2023-08-18 22:00:00,,2732.646391,2732.658905,,,
2023-08-18 23:00:00,,2732.647172,2732.658038,,,
2023-08-19 00:45:00,,2732.639494,2732.655118,,,
2023-08-19 01:00:00,,2732.646986,2732.652237,,,
2023-08-19 01:45:00,,2732.649638,2732.655571,,,
2023-08-19 02:30:00,,2732.639538,2732.654704,,,
2023-08-19 03:00:00,,2732.639808,2732.657195,,,
2023-08-19 03:15:00,,2732.634828,2732.653406,,,
2023-08-19 04:00:00,,2732.641602,2732.652978,,,
2023-08-19 04:15:00,,2732.636893,2732.655573,,,
2023-08-19 04:30:00,,2732.634159,2732.652524,,,
2023-08-19 05:00:00,,2732.638373,2732.653823,,,
2023-08-19 06:00:00,,2732.642777,2732.656742,,,
2023-08-19 06:15:00,,2732.641608,2732.654275,,,
2023-08-19 07:15:00,,2732.640537,2732.652525,,,
2023-08-19 08:15:00,,2732.637407,2732.650793,,,
2023-08-19 08:30:00,,2732.639467,2732.649623,,,
2023-08-19 09:30:00,,2732.636647,2732.651367,,,
2023-08-19 09:45:00,,2732.641627,2732.656166,,,
2023-08-19 10:00:00,,2732.638397,2732.654414,,,
2023-08-19 11:00:00,,2732.637807,2732.655845,,,
2023-08-19 11:15:00,,2732.63911,2732.654685,,,
2023-08-19 12:15:00,,2732.644981,2732.656873,,,
2023-08-19 12:30:00,,2732.641749,2732.656293,,,
2023-08-19 12:45:00,,2732.639999,2732.65716,,,
2023-08-19 13:15:00,,2732.641479,2732.652958,,,
2023-08-19 13:45:00,,2732.642159,2732.652378,,,
2023-08-19 14:15:00,,2732.641498,2732.651082,,,
2023-08-19 14:30:00,,2732.642978,2732.653675,,,
2023-08-19 15:00:00,,2732.643638,2732.655415,,,
2023-08-19 15:30:00,,2732.642878,2732.649322,,,
2023-08-19 15:45:00,,2732.639646,2732.648025,,,
2023-08-19 16:00:00,,2732.644357,2732.652368,,,
2023-08-19 16:15:00,,2732.640717,2732.651072,,,
2023-08-19 16:45:00,,2732.644626,2732.652821,,,
2023-08-19 19:30:00,,2732.647189,2732.648614,,,
2023-08-19 19:45:00,,2732.64544,2732.649044,,,
2023-08-19 20:45:00,,2732.646012,2732.649194,,,
2023-08-19 21:00:00,,2732.646014,2732.648184,,,
2023-08-19 21:15:00,,2732.647494,2732.649482,,,
2023-08-19 21:30:00,,2732.646334,2732.650072,,,
2023-08-19 21:45:00,,2732.647015,2732.651821,,,
2023-08-19 22:00:00,,2732.646025,2732.648774,,,
2023-08-19 22:15:00,,2732.647776,2732.647477,,,
2023-08-19 22:30:00,,2732.647098,2732.649624,,,
2023-08-19 23:45:00,,2732.642969,2732.648454,,,
2023-08-20 00:00:00,,2732.64661,2732.650204,,,
2023-08-20 00:30:00,,2732.648364,2732.651955,,,
2023-08-20 00:45:00,,2732.645133,2732.653252,,,
2023-08-20 01:00:00,,2732.651015,2732.651375,,,
2023-08-20 01:30:00,,2732.645626,2732.649625,,,
2023-08-20 02:30:00,,2732.648098,2732.647158,,,
2023-08-20 02:45:00,,2732.646209,2732.644564,,,
2023-08-20 03:00:00,,2732.646397,2732.650078,,,
2023-08-20 03:45:00,,2732.64631,2732.651377,,,
2023-08-20 04:15:00,,2732.64514,2732.645139,,,
2023-08-20 04:30:00,,2732.64415,2732.647606,,,
2023-08-20 04:45:00,,2732.649132,2732.651831,,,
2023-08-20 05:00:00,,2732.647382,2732.652674,,,
2023-08-20 05:15:00,,2732.648595,2732.649627,,,
2023-08-20 05:30:00,,2732.645632,2732.651376,,,
2023-08-20 06:15:00,,2732.649274,2732.652675,,,
2023-08-20 06:30:00,,2732.643391,2732.648457,,,
2023-08-20 06:45:00,,2732.645641,2732.648911,,,
2023-08-20 07:00:00,,2732.64416,2732.647614,,,
2023-08-20 07:30:00,,2732.645241,2732.648491,,,
2023-08-20 07:45:00,,2732.644481,2732.648038,,,
2023-08-20 08:15:00,,2732.643491,2732.643693,,,
2023-08-20 08:30:00,,2732.646721,2732.646741,,,
2023-08-20 08:45:00,,2732.644069,2732.650655,,,
2023-08-20 09:00:00,,2732.64555,2732.646868,,,
2023-08-20 09:30:00,,2732.648782,2732.644274,,,
2023-08-20 10:00:00,,2732.649172,2732.647608,,,
2023-08-20 10:15:00,,2732.647691,2732.647321,,,
2023-08-20 10:30:00,,2732.641719,2732.645858,,,
2023-08-20 11:30:00,,2732.646758,2732.644108,,,
2023-08-20 11:45:00,,2732.643528,2732.647155,,,
2023-08-20 12:00:00,,2732.647829,2732.648325,,,
2023-08-20 12:15:00,,2732.644206,2732.643241,,,
2023-08-20 12:30:00,,2732.643936,2732.646288,,,
2023-08-20 12:45:00,,2732.642455,2732.647585,,,
2023-08-20 13:00:00,,2732.640515,2732.644666,,,
2023-08-20 13:15:00,,2732.643165,2732.642788,,,
2023-08-20 13:30:00,,2732.642184,2732.648882,,,
2023-08-20 14:15:00,,2732.644592,2732.644401,,,
2023-08-20 14:30:00,,2732.644861,2732.647161,,,
2023-08-20 14:45:00,,2732.641359,2732.645698,,,
2023-08-20 15:00:00,,2732.642841,2732.648005,,,
2023-08-20 15:30:00,,2732.649302,2732.646708,,,
2023-08-20 16:30:00,,2732.643908,2732.643661,,,
2023-08-20 17:00:00,,2732.646379,2732.644958,,,
2023-08-20 17:15:00,,2732.644898,2732.64164,,,
2023-08-20 17:30:00,,2732.644585,2732.642364,,,
2023-08-20 17:45:00,,2732.645655,2732.644688,,,
2023-08-20 18:15:00,,2732.646066,2732.646581,,,
2023-08-20 19:30:00,,2732.646065,2732.646706,,,
2023-08-20 20:00:00,,2732.644906,2732.644537,,,
2023-08-20 20:30:00,,2732.647155,2732.646287,,,
2023-08-20 20:45:00,,2732.646256,2732.646867,,,
2023-08-20 21:00:00,,2732.645657,2732.645857,,,
2023-08-20 21:15:00,,2732.646647,2732.64456,,,
2023-08-20 21:30:00,,2732.647718,2732.644687,,,
2023-08-20 21:45:00,,2732.648709,2732.646437,,,
2023-08-20 22:15:00,,2732.646239,2732.64514,,,
2023-08-20 23:15:00,,2732.644491,2732.64339,,,
2023-08-20 23:45:00,,2732.648313,2732.64398,,,
2023-08-21 00:00:00,,2732.646833,2732.647028,,,
2023-08-21 00:45:00,,2732.643604,2732.64222,,,
2023-08-21 01:15:00,,2732.649487,2732.646438,,,
2023-08-21 01:30:00,,2732.648006,2732.648188,,,
2023-08-21 01:45:00,,2732.646525,2732.644417,,,
2023-08-21 03:00:00,,2732.644367,2732.643122,,,
2023-08-21 03:15:00,,2732.642886,2732.640073,,,
2023-08-21 03:45:00,,2732.644778,2732.644419,,,
2023-08-21 04:00:00,,2732.646528,2732.646169,,,
2023-08-21 04:15:00,,2732.644368,2732.643981,,,
2023-08-21 04:30:00,,2732.642887,2732.640935,,,
2023-08-21 05:00:00,,2732.641138,2732.641372,,,
2023-08-21 06:15:00,,2732.642219,2732.637155,,,
2023-08-21 06:45:00,,2732.642897,2732.643973,,,
2023-08-21 07:00:00,,2732.639666,2732.638905,,,
2023-08-21 07:15:00,,2732.638676,2732.640924,,,
2023-08-21 07:30:00,,2732.641907,2732.639627,,,
2023-08-21 07:45:00,,2732.637196,2732.642676,,,
2023-08-21 08:00:00,,2732.640737,2732.642803,,,
2023-08-21 08:15:00,,2732.641416,2732.642246,,,
2023-08-21 09:00:00,,2732.641147,2732.643543,,,
2023-08-21 09:15:00,,2732.637915,2732.640496,,,
2023-08-21 10:15:00,,2732.640155,2732.64484,,,
2023-08-21 11:15:00,,2732.637913,2732.64484,,,
2023-08-21 11:30:00,,2732.638983,2732.643544,,,
2023-08-21 11:45:00,,2732.638403,2732.642963,,,
2023-08-21 12:00:00,,2732.640464,2732.640043,,,
2023-08-21 12:30:00,,2732.637642,2732.641213,,,
2023-08-21 13:15:00,,2732.639392,2732.642222,,,
2023-08-21 13:30:00,,2732.644372,2732.642677,,,
2023-08-21 13:45:00,,2732.63266,2732.638721,,,
2023-08-21 14:00:00,,2732.640103,2732.640473,,,
2023-08-21 14:15:00,,2732.642041,2732.642096,,,
2023-08-21 14:30:00,,2732.639792,2732.640346,,,
2023-08-21 14:45:00,,2732.640863,2732.644689,,,
2023-08-21 15:00:00,,2732.644092,2732.645279,,,
2023-08-21 15:15:00,,2732.640861,2732.64442,,,
2023-08-21 15:45:00,,2732.643011,2732.646441,,,
2023-08-21 16:45:00,,2732.643419,2732.641953,,,
2023-08-21 17:15:00,,2732.641009,2732.640201,,,
2023-08-21 17:30:00,,2732.639528,2732.638164,,,
2023-08-21 17:45:00,,2732.642758,2732.64325,,,
2023-08-21 18:00:00,,2732.645989,2732.639916,,,
2023-08-21 18:45:00,,2732.64424,2732.637727,,,
2023-08-21 19:15:00,,2732.644508,2732.641666,,,
2023-08-21 20:00:00,,2732.64482,2732.638744,,,
2023-08-21 20:15:00,,2732.64307,2732.64383,,,
2023-08-21 20:30:00,,2732.641981,2732.64469,,,
2023-08-21 20:45:00,,2732.641583,2732.643528,,,
2023-08-21 21:00:00,,2732.643332,2732.639622,,,
2023-08-21 21:15:00,,2732.641172,2732.642221,,,
2023-08-21 21:30:00,,2732.640101,2732.643518,,,
2023-08-21 21:45:00,,2732.638352,2732.640471,,,
2023-08-21 22:00:00,,2732.643334,2732.639175,,,
2023-08-21 22:30:00,,2732.643602,2732.641379,,,
2023-08-21 22:45:00,,2732.642346,2732.643392,,,
2023-08-21 23:00:00,,2732.642164,2732.638904,,,
2023-08-21 23:15:00,,2732.640865,2732.640074,,,
2023-08-22 00:15:00,,2732.644417,2732.638457,,,
2023-08-22 00:30:00,,2732.643427,2732.639629,,,
2023-08-22 01:00:00,,2732.639117,2732.640076,,,
2023-08-22 01:15:00,,2732.639118,2732.638324,,,
2023-08-22 01:30:00,,2732.636878,2732.64353,,,
2023-08-22 01:45:00,,2732.641179,2732.641499,,,
2023-08-22 02:00:00,,2732.642349,2732.64267,,,
2023-08-22 03:00:00,,2732.63647,2732.6415,,,
2023-08-22 03:45:00,,2732.642621,2732.644421,,,
2023-08-22 05:30:00,,2732.641141,2732.640937,,,
2023-08-22 06:00:00,,2732.642623,2732.640078,,,
2023-08-22 06:15:00,,2732.639392,2732.638326,,,
2023-08-22 06:45:00,,2732.641142,2732.641375,,,
2023-08-22 07:00:00,,2732.639972,2732.640205,,,
2023-08-22 07:30:00,,2732.641148,2732.63761,,,
2023-08-22 08:00:00,,2732.640782,2732.63846,,,
2023-08-22 08:15:00,,2732.639399,2732.63963,,,
2023-08-22 08:30:00,,2732.640472,2732.63788,,,
2023-08-22 08:45:00,,2732.637649,2732.640927,,,
2023-08-22 10:00:00,,2732.635897,2732.640474,,,
2023-08-22 10:15:00,,2732.644111,2732.638907,,,
2023-08-22 10:30:00,,2732.63913,2732.637158,,,
2023-08-22 10:45:00,,2732.640112,2732.638455,,,
2023-08-22 11:00:00,,2732.638819,2732.641376,,,
2023-08-22 11:15:00,,2732.638049,2732.640921,,,
2023-08-22 11:45:00,,2732.637681,2732.636705,,,
2023-08-22 12:00:00,,2732.638851,2732.637875,,,
2023-08-22 12:15:00,,2732.641591,2732.638734,,,
2023-08-22 12:30:00,,2732.637377,2732.641646,,,
2023-08-22 12:45:00,,2732.638037,2732.63745,,,
2023-08-22 13:00:00,,2732.640508,2732.639607,,,
2023-08-22 13:15:00,,2732.636617,2732.637857,,,
2023-08-22 13:30:00,,2732.639537,2732.640778,,,
2023-08-22 13:45:00,,2732.636615,2732.641191,,,
2023-08-22 14:15:00,,2732.641997,2732.639027,,,
2023-08-22 14:45:00,,2732.639567,2732.63699,,,
2023-08-22 15:00:00,,2732.641007,2732.639457,,,
2023-08-22 15:30:00,,2732.641996,2732.642506,,,
2023-08-22 15:45:00,,2732.641727,2732.640754,,,
2023-08-22 16:15:00,,2732.636426,2732.636847,,,
2023-08-22 16:30:00,,2732.642576,2732.639767,,,
2023-08-22 16:45:00,,2732.640915,2732.640348,,,
2023-08-22 17:15:00,,2732.640065,2732.638017,,,
2023-08-22 17:30:00,,2732.638854,2732.641786,,,
2023-08-22 17:45:00,,2732.633193,2732.636267,,,
2023-08-22 18:00:00,,2732.638175,2732.641064,,,
2023-08-22 18:45:00,,2732.637864,2732.640937,,,
2023-08-22 19:15:00,,2732.641406,2732.642815,,,
2023-08-22 19:45:00,,2732.639927,2732.640489,,,
2023-08-22 20:00:00,,2732.639246,2732.639319,,,
2023-08-22 20:15:00,,2732.642478,2732.642368,,,
2023-08-22 20:30:00,,2732.637017,2732.63816,,,
2023-08-22 20:45:00,,2732.641419,2732.643246,,,
2023-08-22 21:00:00,,2732.641999,2732.643825,,,
2023-08-22 21:15:00,,2732.640518,2732.642528,,,
2023-08-22 21:30:00,,2732.637787,2732.640776,,,
2023-08-22 22:00:00,,2732.64425,2732.639479,,,
2023-08-22 22:15:00,,2732.644519,2732.644278,,,
2023-08-22 22:30:00,,2732.64102,2732.642074,,,
2023-08-22 23:00:00,,2732.639851,2732.635262,,,
2023-08-22 23:45:00,,2732.642007,2732.635692,,,
2023-08-23 00:00:00,,2732.637794,2732.637729,,,
2023-08-23 00:45:00,,2732.636895,2732.638311,,,
2023-08-23 01:15:00,,2732.634735,2732.639608,,,
2023-08-23 01:45:00,,2732.639547,2732.639481,,,
2023-08-23 02:00:00,,2732.637798,2732.639028,,,
2023-08-23 02:45:00,,2732.639541,2732.639911,,,
2023-08-23 03:00:00,,2732.638472,2732.636864,,,
2023-08-23 03:15:00,,2732.637301,2732.635694,,,
2023-08-23 03:45:00,,2732.638062,2732.639913,,,
2023-08-23 04:00:00,,2732.634831,2732.638163,,,
2023-08-23 05:45:00,,2732.636313,2732.635116,,,
2023-08-23 06:00:00,,2732.638475,2732.639914,,,
2023-08-23 06:15:00,,2732.636995,2732.638617,,,
2023-08-23 06:30:00,,2732.635823,2732.639484,,,
2023-08-23 06:45:00,,2732.639055,2732.635138,,,
2023-08-23 07:00:00,,2732.638074,2732.638187,,,
2023-08-23 07:15:00,,2732.639555,2732.636435,,,
2023-08-23 07:45:00,,2732.636322,2732.634685,,,
2023-08-23 08:15:00,,2732.634841,2732.637734,,,
2023-08-23 09:00:00,,2732.636592,2732.63615,,,
2023-08-23 09:15:00,,2732.639823,2732.637447,,,
2023-08-23 09:30:00,,2732.639142,2732.639486,,,
2023-08-23 09:45:00,,2732.637661,2732.638189,,,
2023-08-23 10:00:00,,2732.641302,2732.642533,,,
2023-08-23 10:15:00,,2732.639241,2732.635012,,,
2023-08-23 10:30:00,,2732.640723,2732.640656,,,
2023-08-23 11:30:00,,2732.642453,2732.639778,,,
2023-08-23 11:45:00,,2732.639942,2732.637306,,,
2023-08-23 12:00:00,,2732.640211,2732.642103,,,
2023-08-23 12:30:00,,2732.6407,2732.637178,,,
2023-08-23 12:45:00,,2732.63671,2732.636726,,,
2023-08-23 13:00:00,,2732.641421,2732.635429,,,
2023-08-23 14:00:00,,2732.639627,2732.640225,,,
2023-08-23 14:15:00,,2732.655024,2732.638476,,,
2023-08-23 14:30:00,,2732.642858,2732.635881,,,
2023-08-23 15:00:00,,2732.644339,2732.639646,,,
2023-08-23 15:15:00,,2732.642088,2732.638906,,,
2023-08-23 15:30:00,,2732.642856,2732.639358,,,
2023-08-23 16:00:00,,2732.659814,2732.638316,,,
2023-08-23 16:15:00,,2732.646479,2732.639326,,,
2023-08-23 16:30:00,,2732.642274,2732.636151,,,
2023-08-23 16:45:00,,2732.640034,2732.638746,,,
2023-08-23 17:00:00,,2732.643535,2732.640066,,,
2023-08-23 17:30:00,,2732.643265,2732.638046,,,
2023-08-23 18:15:00,,2732.644253,2732.641363,,,
2023-08-23 18:45:00,,2732.645503,2732.645581,,,
2023-08-23 19:30:00,,2732.639041,2732.641792,,,
2023-08-23 20:45:00,,2732.640012,2732.639613,,,
2023-08-23 21:00:00,,2732.64285,2732.641953,,,
2023-08-23 21:15:00,,2732.64401,2732.643113,,,
2023-08-23 22:00:00,,2732.638139,2732.638904,,,
2023-08-23 23:00:00,,2732.639299,2732.638768,,,
2023-08-23 23:15:00,,2732.634908,2732.64325,,,
2023-08-23 23:45:00,,2732.641638,2732.644442,,,
2023-08-24 00:00:00,,2732.641048,2732.641815,,,
2023-08-24 01:00:00,,2732.661517,2732.641236,,,
2023-08-24 01:15:00,,2732.659055,2732.642987,,,
2023-08-24 01:30:00,,2732.638097,2732.642246,,,
2023-08-24 02:00:00,,2732.64223,2732.644284,,,
2023-08-24 02:30:00,,2732.638997,2732.647331,,,
2023-08-24 04:30:00,,2732.636347,2732.639216,,,
2023-08-24 04:45:00,,2732.637507,2732.642395,,,
2023-08-24 05:15:00,,2732.635357,2732.642265,,,
2023-08-24 07:00:00,,2732.631053,2732.640513,,,
2023-08-24 08:00:00,,2732.633114,2732.637449,,,
2023-08-24 08:15:00,,2732.638095,2732.639199,,,
2023-08-24 08:30:00,,2732.637113,2732.642247,,,
2023-08-24 08:45:00,,2732.635363,2732.636152,,,
2023-08-24 09:15:00,,2732.636844,2732.642534,,,
2023-08-24 10:45:00,,2732.635941,2732.641817,,,
2023-08-24 12:30:00,,2732.647775,2732.643114,,,
2023-08-24 13:00:00,,2732.638592,2732.644284,,,
2023-08-24 13:15:00,,2732.635359,2732.641237,,,
2023-08-24 13:45:00,,2732.636529,2732.643417,,,
2023-08-24 14:30:00,,2732.637779,2732.64212,,,
2023-08-24 15:30:00,,2732.638669,2732.644722,,,
2023-08-24 15:45:00,,2732.637499,2732.643424,,,
2023-08-24 16:00:00,,2732.636018,2732.640375,,,
2023-08-24 17:30:00,,2732.636507,2732.645444,,,
2023-08-24 17:45:00,,2732.636017,2732.648491,,,
2023-08-24 19:00:00,,2732.635746,2732.642396,,,
2023-08-24 19:15:00,,2732.637227,2732.646741,,,
2023-08-24 19:45:00,,2732.637506,2732.646034,,,
2023-08-24 21:30:00,,2732.641818,2732.646033,,,
2023-08-24 22:00:00,,2732.638586,2732.648627,,,
2023-08-24 22:30:00,,2732.637416,2732.644863,,,
2023-08-25 03:00:00,,2732.633876,2732.645292,,,
2023-08-25 03:15:00,,2732.635045,2732.646462,,,
2023-08-25 07:15:00,,2732.632966,2732.64574,,,
2023-08-25 07:30:00,,2732.637088,2732.64515,,,
2023-08-25 08:15:00,,2732.637676,2732.644443,,,
2023-08-25 08:45:00,,2732.634936,2732.64749,,,
2023-08-25 09:00:00,,2732.638167,2732.64574,,,
2023-08-25 09:15:00,,2732.635926,2732.642694,,,
2023-08-25 09:30:00,,2732.636417,2732.642692,,,
2023-08-25 09:45:00,,2732.633766,2732.641522,,,
2023-08-25 10:15:00,,2732.635924,2732.643271,,,
2023-08-25 10:30:00,,2732.634175,2732.643541,,,
2023-08-25 11:45:00,,2732.633904,2732.643989,,,
2023-08-25 12:00:00,,2732.637404,2732.645739,,,
2023-08-25 13:00:00,,2732.636052,2732.643112,,,
2023-08-25 13:15:00,,2732.635661,2732.638765,,,
2023-08-25 13:30:00,,2732.633141,2732.638313,,,
2023-08-25 13:45:00,,2732.634311,2732.637446,,,
2023-08-25 14:00:00,,2732.636061,2732.642245,,,
2023-08-25 15:15:00,,2732.634989,2732.644282,,,
2023-08-25 15:30:00,,2732.63314,2732.640063,,,
2023-08-25 15:45:00,,2732.6353,2732.64311,,,
2023-08-25 16:00:00,,2732.63431,2732.64051,,,
2023-08-25 16:30:00,,2732.635788,2732.637444,,,
2023-08-25 16:45:00,,2732.64225,2732.641788,,,
2023-08-25 17:00:00,,2732.626674,2732.643523,,,
2023-08-25 17:15:00,,2732.640769,2732.642656,,,
2023-08-25 17:30:00,,2732.628115,2732.644693,,,
2023-08-25 17:45:00,,2732.641038,2732.647454,,,
2023-08-25 18:00:00,,2732.632827,2732.643953,,,
2023-08-25 18:15:00,,2732.633407,2732.654352,,,
2023-08-25 18:30:00,,2732.638118,2732.644406,,,
2023-08-25 18:45:00,,2732.635387,2732.641359,,,
2023-08-25 19:00:00,,2732.637798,2732.640514,,,
2023-08-25 19:45:00,,2732.637128,2732.643986,,,
2023-08-25 20:00:00,,2732.635648,2732.642241,,,
2023-08-25 20:15:00,,2732.631515,2732.645868,,,
2023-08-25 20:30:00,,2732.645121,2732.643274,,,
2023-08-25 20:45:00,,2732.645889,2732.642821,,,
2023-08-25 21:15:00,,2732.645621,2732.643664,,,
2023-08-25 21:30:00,,2732.64239,2732.64801,,,
2023-08-25 22:00:00,,2732.637982,2732.644961,,,
2023-08-25 22:15:00,,2732.63552,2732.646713,,,
2023-08-25 22:30:00,,2732.639732,2732.653651,,,
2023-08-25 22:45:00,,2732.638753,2732.644119,,,
2023-08-25 23:15:00,,2732.636522,2732.645551,,,
2023-08-25 23:45:00,,2732.638274,2732.649897,,,
2023-08-26 00:00:00,,2732.639433,2732.648008,,,
2023-08-26 00:30:00,,2732.637684,2732.64976,,,
2023-08-26 00:45:00,,2732.640237,2732.648463,,,
2023-08-26 01:15:00,,2732.637686,2732.651057,,,
2023-08-26 02:00:00,,2732.635028,2732.645416,,,
2023-08-26 02:15:00,,2732.636199,2732.643539,,,
2023-08-26 02:45:00,,2732.641182,2732.648337,,,
2023-08-26 03:00:00,,2732.636201,2732.649634,,,
2023-08-26 03:15:00,,2732.637951,2732.647613,,,
2023-08-26 03:30:00,,2732.638753,2732.651051,,,
2023-08-26 03:45:00,,2732.639434,2732.652801,,,
2023-08-26 04:00:00,,2732.637953,2732.644113,,,
2023-08-26 04:15:00,,2732.636203,2732.64541,,,
2023-08-26 04:45:00,,2732.634454,2732.648005,,,
2023-08-26 05:15:00,,2732.637686,2732.649181,,,
2023-08-26 05:30:00,,2732.637284,2732.648854,,,
2023-08-26 06:00:00,,2732.639034,2732.64587,,,
2023-08-26 06:30:00,,2732.638766,2732.652355,,,
2023-08-26 06:45:00,,2732.632582,2732.651935,,,
2023-08-26 07:00:00,,2732.627192,2732.650185,,,
2023-08-26 07:45:00,,2732.64814,2732.642403,,,
2023-08-26 08:00:00,,2732.636124,2732.63259,,,
2023-08-26 08:15:00,,2732.631903,2732.636935,,,
2023-08-26 08:30:00,,2732.633073,2732.632463,,,
2023-08-26 08:45:00,,2732.651192,2732.637899,,,
2023-08-26 09:00:00,,2732.635134,2732.639936,,,
2023-08-26 09:15:00,,2732.637606,2732.638186,,,
2023-08-26 10:00:00,,2732.638777,2732.639356,,,
2023-08-26 12:30:00,,2732.635943,2732.642825,,,
2023-08-26 12:45:00,,2732.640648,2732.643995,,,
2023-08-26 13:00:00,,2732.636434,2732.645291,,,
2023-08-26 13:15:00,,2732.635264,2732.645871,,,
2023-08-26 13:30:00,,2732.638495,2732.641527,,,
2023-08-26 13:45:00,,2732.638014,2732.644154,,,
2023-08-26 14:45:00,,2732.648187,2732.644574,,,
2023-08-26 15:00:00,,2732.643875,2732.635035,,,
2023-08-26 15:15:00,,2732.650747,2732.642243,,,
2023-08-26 15:30:00,,2732.640333,2732.64055,,,
2023-08-26 15:45:00,,2732.641804,2732.642554,,,
2023-08-26 16:00:00,,2732.638572,2732.649493,,,
2023-08-26 16:15:00,,2732.638081,2732.651799,,,
2023-08-26 16:30:00,,2732.639742,2732.639091,,,
2023-08-26 16:45:00,,2732.637091,2732.636624,,,
2023-08-26 17:00:00,,2732.639293,2732.643955,,,
2023-08-26 17:15:00,,2732.635341,2732.649166,,,
2023-08-26 17:30:00,,2732.637412,2732.64195,,,
2023-08-26 17:45:00,,2732.636822,2732.640515,,,
2023-08-26 18:15:00,,2732.640052,2732.65425,,,
2023-08-26 18:30:00,,2732.63741,2732.65134,,,
2023-08-26 19:00:00,,2732.640641,2732.650926,,,
2023-08-26 19:15:00,,2732.640372,2732.652637,,,
2023-08-26 20:15:00,,2732.642704,2732.65495,,,
2023-08-26 20:30:00,,2732.641222,2732.650214,,,
2023-08-26 20:45:00,,2732.640651,2732.651058,,,
2023-08-26 21:00:00,,2732.639492,2732.648044,,,
2023-08-26 21:30:00,,2732.636841,2732.653812,,,
2023-08-26 21:45:00,,2732.641552,2732.65336,,,
2023-08-26 22:00:00,,2732.643793,2732.646317,,,
2023-08-26 22:15:00,,2732.642312,2732.647614,,,
2023-08-26 22:30:00,,2732.642043,2732.645863,,,
2023-08-26 23:15:00,,2732.639663,2732.649491,,,
2023-08-26 23:45:00,,2732.636432,2732.647742,,,
2023-08-27 00:15:00,,2732.642315,2732.648067,,,
2023-08-27 00:30:00,,2732.640075,2732.64603,,,
2023-08-27 01:00:00,,2732.640255,2732.644153,,,
2023-08-27 01:30:00,,2732.634783,2732.642401,,,
2023-08-27 02:00:00,,2732.638285,2732.645902,,,
2023-08-27 03:00:00,,2732.637016,2732.642823,,,
2023-08-27 03:45:00,,2732.635805,2732.646324,,,
2023-08-27 04:00:00,,2732.638456,2732.644447,,,
2023-08-27 04:15:00,,2732.636707,2732.642695,,,
2023-08-27 04:30:00,,2732.635225,2732.645744,,,
2023-08-27 04:45:00,,2732.636975,2732.650541,,,
2023-08-27 05:45:00,,2732.633744,2732.640675,,,
2023-08-27 06:00:00,,2732.630512,2732.641973,,,
2023-08-27 06:30:00,,2732.631584,2732.642552,,,
2023-08-27 07:00:00,,2732.633333,2732.643277,,,
2023-08-27 07:15:00,,2732.634815,2732.641255,,,
2023-08-27 09:15:00,,2732.631992,2732.642697,,,
2023-08-27 10:30:00,,2732.634856,2732.639776,,,
2023-08-27 11:00:00,,2732.636704,2732.643994,,,
2023-08-27 11:30:00,,2732.637106,2732.645164,,,
2023-08-27 11:45:00,,2732.638175,2732.644442,,,
2023-08-27 12:00:00,,2732.636694,2732.646191,,,
2023-08-27 12:15:00,,2732.634945,2732.64951,,,
2023-08-27 12:30:00,,2732.635933,2732.644441,,,
2023-08-27 12:45:00,,2732.638844,2732.645601,,,
2023-08-27 13:45:00,,2732.636692,2732.647489,,,
2023-08-27 14:15:00,,2732.652178,2732.646899,,,
2023-08-27 14:30:00,,2732.636779,2732.647781,,,
2023-08-27 14:45:00,,2732.634638,2732.644734,,,
2023-08-27 15:15:00,,2732.636798,2732.646914,,,
2023-08-27 15:30:00,,2732.634278,2732.640366,,,
2023-08-27 16:15:00,,2732.636777,2732.645171,,,
2023-08-27 16:30:00,,2732.633278,2732.640373,,,
2023-08-27 16:45:00,,2732.632517,2732.642393,,,
2023-08-27 17:00:00,,2732.637499,2732.648489,,,
2023-08-27 17:15:00,,2732.63575,2732.64544,,,
2023-08-27 17:30:00,,2732.639657,2732.649388,,,
2023-08-27 17:45:00,,2732.636426,2732.650685,,,
2023-08-27 18:15:00,,2732.637908,2732.647638,,,
2023-08-27 18:30:00,,2732.636158,2732.645887,,,
2023-08-27 19:00:00,,2732.635257,2732.646467,,,
2023-08-27 19:15:00,,2732.637497,2732.647189,,,
2023-08-27 20:00:00,,2732.633866,2732.64428,,,
2023-08-27 20:45:00,,2732.634856,2732.64529,,,
2023-08-27 21:00:00,,2732.633875,2732.643991,,,
2023-08-27 22:00:00,,2732.632887,2732.642981,,,
2023-08-27 22:15:00,,2732.637419,2732.638477,,,
2023-08-27 23:00:00,,2732.634848,2732.640061,,,
2023-08-28 00:00:00,,2732.632707,2732.638764,,,
2023-08-28 00:15:00,,2732.635629,2732.641683,,,
2023-08-28 00:30:00,,2732.634459,2732.641811,,,
2023-08-28 01:15:00,,2732.637379,2732.644732,,,
2023-08-28 01:45:00,,2732.63415,2732.645742,,,
2023-08-28 02:15:00,,2732.635319,2732.645163,,,
2023-08-28 02:30:00,,2732.631818,2732.642114,,,
2023-08-28 02:45:00,,2732.636121,2732.643411,,,
2023-08-28 03:15:00,,2732.63141,2732.643413,,,
2023-08-28 04:30:00,,2732.63182,2732.64646,,,
2023-08-28 04:45:00,,2732.635632,2732.643993,,,
2023-08-28 06:00:00,,2732.634133,2732.645312,,,
2023-08-28 06:15:00,,2732.634854,2732.643562,,,
2023-08-28 06:30:00,,2732.635614,2732.642265,,,
2023-08-28 07:00:00,,2732.632383,2732.645599,,,
2023-08-28 07:15:00,,2732.635935,2732.641845,,,
2023-08-28 08:00:00,,2732.633464,2732.638798,,,
2023-08-28 08:30:00,,2732.632292,2732.638926,,,
2023-08-28 09:30:00,,2732.634943,2732.638346,,,
2023-08-28 09:45:00,,2732.634184,2732.641393,,,
2023-08-28 11:15:00,,2732.633192,2732.64269,,,
2023-08-28 12:00:00,,2732.632022,2732.643272,,,
2023-08-28 12:30:00,,2732.620677,2732.635942,,,
2023-08-28 12:45:00,,2732.617893,2732.637111,,,
2023-08-28 13:00:00,,2732.61246,2732.631922,,,
2023-08-28 13:15:00,,2732.61345,2732.630171,,,
2023-08-28 13:30:00,,2732.614209,2732.638409,,,
2023-08-28 13:45:00,,2732.612448,2732.631888,,,
2023-08-28 14:00:00,,2732.615678,2732.639114,,,
2023-08-28 14:15:00,,2732.613929,2732.640411,,,
2023-08-28 14:30:00,,2732.61784,2732.641295,,,
2023-08-28 14:45:00,,2732.617838,2732.642592,,,
2023-08-28 15:00:00,,2732.610387,2732.640841,,,
2023-08-28 15:15:00,,2732.610385,2732.639544,,,
2023-08-28 15:45:00,,2732.615588,2732.638247,,,
2023-08-28 16:00:00,,2732.613617,2732.637404,,,
2023-08-28 16:30:00,,2732.621068,2732.636107,,,
2023-08-28 16:45:00,,2732.614338,2732.640841,,,
2023-08-28 17:00:00,,2732.62255,2732.644342,,,
2023-08-28 17:15:00,,2732.618549,2732.642593,,,
2023-08-28 17:30:00,,2732.621201,2732.642465,,,
2023-08-28 18:00:00,,2732.620073,2732.640969,,,
2023-08-28 18:15:00,,2732.627973,2732.639999,,,
2023-08-28 18:30:00,,2732.626492,2732.634811,,,
2023-08-28 18:45:00,,2732.622502,2732.638702,,,
2023-08-28 19:00:00,,2732.626242,2732.643024,,,
2023-08-28 19:15:00,,2732.626902,2732.643763,,,
2023-08-28 19:30:00,,2732.626633,2732.642012,,,
2023-08-28 20:00:00,,2732.622679,2732.643764,,,
2023-08-28 20:15:00,,2732.627212,2732.644631,,,
2023-08-28 20:30:00,,2732.631923,2732.641297,,,
2023-08-28 21:15:00,,2732.627533,2732.642754,,,
2023-08-28 21:30:00,,2732.632513,2732.646525,,,
2023-08-28 21:45:00,,2732.632243,2732.64218,,,
2023-08-28 22:00:00,,2732.631073,2732.64101,,,
2023-08-28 22:15:00,,2732.632555,2732.643604,,,
2023-08-28 23:30:00,,2732.634715,2732.645354,,,
2023-08-28 23:45:00,,2732.630803,2732.648403,,,
2023-08-29 00:15:00,,2732.632963,2732.645229,,,
2023-08-29 00:30:00,,2732.629322,2732.649293,,,
2023-08-29 00:45:00,,2732.640906,2732.647393,,,
2023-08-29 01:30:00,,2732.638255,2732.644925,,,
2023-08-29 02:00:00,,2732.636192,2732.645355,,,
2023-08-29 02:30:00,,2732.643646,2732.647106,,,
2023-08-29 02:45:00,,2732.640144,2732.643605,,,
2023-08-29 03:00:00,,2732.640904,2732.646527,,,
2023-08-29 03:15:00,,2732.641894,2732.648402,,,
2023-08-29 03:30:00,,2732.643375,2732.647107,,,
2023-08-29 04:00:00,,2732.636501,2732.647996,,,
2023-08-29 04:15:00,,2732.634752,2732.646245,,,
2023-08-29 05:00:00,,2732.640454,2732.643175,,,
2023-08-29 05:15:00,,2732.645123,2732.650441,,,
2023-08-29 05:45:00,,2732.642384,2732.649144,,,
2023-08-29 06:00:00,,2732.644443,2732.644925,,,
2023-08-29 06:15:00,,2732.646194,2732.649724,,,
2023-08-29 06:45:00,,2732.646913,2732.649269,,,
2023-08-29 07:15:00,,2732.651617,2732.64624,,,
2023-08-29 07:30:00,,2732.6667,2732.649287,,,
2023-08-29 07:45:00,,2732.646903,2732.644943,,,
2023-08-29 08:30:00,,2732.655157,2732.64682,,,
2023-08-29 09:00:00,,2732.64623,2732.645068,,,
2023-08-29 09:15:00,,2732.642999,2732.640724,,,
2023-08-29 10:15:00,,2732.64546,2732.643771,,,
2023-08-29 11:00:00,,2732.642727,2732.643319,,,
2023-08-29 11:15:00,,2732.644878,2732.647536,,,
2023-08-29 11:30:00,,2732.640165,2732.645786,,,
2023-08-29 12:15:00,,2732.647346,2732.644489,,,
2023-08-29 12:30:00,,2732.646954,2732.647098,,,
2023-08-29 12:45:00,,2732.64125,2732.642013,,,
2023-08-29 13:15:00,,2732.64241,2732.643173,,,
2023-08-29 13:30:00,,2732.640829,2732.646221,,,
2023-08-29 13:45:00,,2732.639856,2732.647391,,,
2023-08-29 14:15:00,,2732.641647,2732.644907,,,
2023-08-29 14:30:00,,2732.641156,2732.64361,,,
2023-08-29 14:45:00,,2732.644076,2732.648401,,,
2023-08-29 15:00:00,,2732.640845,2732.643602,,,
2023-08-29 15:15:00,,2732.641914,2732.642305,,,
2023-08-29 15:30:00,,2732.641334,2732.646069,,,
2023-08-29 15:45:00,,2732.642815,2732.644772,,,
2023-08-29 16:00:00,,2732.643797,2732.644771,,,
2023-08-29 16:15:00,,2732.640565,2732.646068,,,
2023-08-29 16:45:00,,2732.642314,2732.647818,,,
2023-08-29 17:00:00,,2732.640833,2732.649115,,,
2023-08-29 18:00:00,,2732.643472,2732.650275,,,
2023-08-29 18:15:00,,2732.641723,2732.646506,,,
2023-08-29 18:30:00,,2732.641312,2732.648256,,,
2023-08-29 19:15:00,,2732.642303,2732.64391,,,
2023-08-29 19:45:00,,2732.643794,2732.64477,,,
2023-08-29 20:30:00,,2732.644785,2732.648397,,,
2023-08-29 20:45:00,,2732.643804,2732.646647,,,
2023-08-29 21:00:00,,2732.644384,2732.647514,,,
2023-08-29 21:15:00,,2732.643394,2732.647967,,,
2023-08-29 21:30:00,,2732.641644,2732.647512,,,
2023-08-29 21:45:00,,2732.646625,2732.644918,,,
2023-08-29 22:00:00,,2732.645865,2732.648402,,,
2023-08-29 22:15:00,,2732.649098,2732.645355,,,
2023-08-29 22:45:00,,2732.643717,2732.647242,,,
2023-08-29 23:00:00,,2732.646948,2732.644195,,,
2023-08-29 23:30:00,,2732.644379,2732.645492,,,
2023-08-30 01:00:00,,2732.650852,2732.647105,,,
2023-08-30 03:30:00,,2732.64085,2732.647822,,,
2023-08-30 03:45:00,,2732.64408,2732.648395,,,
2023-08-30 04:00:00,,2732.645153,2732.647098,,,
2023-08-30 04:15:00,,2732.647313,2732.650145,,,
2023-08-30 04:45:00,,2732.644082,2732.645348,,,
2023-08-30 05:45:00,,2732.643402,2732.646645,,,
2023-08-30 08:15:00,,2732.641652,2732.64576,,,
2023-08-30 08:45:00,,2732.643723,2732.643303,,,
2023-08-30 09:00:00,,2732.644883,2732.646215,,,
2023-08-30 09:15:00,,2732.645873,2732.643166,,,
2023-08-30 10:45:00,,2732.642058,2732.643883,,,
2023-08-30 11:30:00,,2732.647031,2732.647815,,,
2023-08-30 11:45:00,,2732.64596,2732.643469,,,
2023-08-30 12:00:00,,2732.642048,2732.64736,,,
2023-08-30 12:15:00,,2732.639977,2732.643453,,,
2023-08-30 12:30:00,,2732.644198,2732.6465,,,
2023-08-30 13:00:00,,2732.643206,2732.64592,,,
2023-08-30 13:30:00,,2732.641865,2732.642132,,,
2023-08-30 13:45:00,,2732.639705,2732.639085,,,
2023-08-30 14:00:00,,2732.637464,2732.637335,,,
2023-08-30 14:15:00,,2732.645096,2732.641264,,,
2023-08-30 14:30:00,,2732.648917,2732.643016,,,
2023-08-30 14:45:00,,2732.647433,2732.646063,,,
2023-08-30 15:00:00,,2732.647165,2732.644313,,,
2023-08-30 15:15:00,,2732.644603,2732.644176,,,
2023-08-30 15:30:00,,2732.639352,2732.640222,,,
2023-08-30 15:45:00,,2732.643922,2732.641702,,,
2023-08-30 16:00:00,,2732.642852,2732.645491,,,
2023-08-30 16:15:00,,2732.647252,2732.649707,,,
2023-08-30 16:30:00,,2732.644332,2732.640693,,,
2023-08-30 17:00:00,,2732.6411,2732.638654,,,
2023-08-30 17:15:00,,2732.643251,2732.644169,,,
2023-08-30 17:30:00,,2732.645001,2732.642745,,,
2023-08-30 17:45:00,,2732.642841,2732.638526,,,
2023-08-30 18:00:00,,2732.644322,2732.641575,,,
2023-08-30 18:15:00,,2732.645482,2732.642735,,,
2023-08-30 18:30:00,,2732.645313,2732.642871,,,
2023-08-30 18:45:00,,2732.647553,2732.640276,,,
2023-08-30 19:00:00,,2732.648713,2732.642733,,,
2023-08-30 20:15:00,,2732.648234,2732.646658,,,
2023-08-30 20:30:00,,2732.645772,2732.643611,,,
2023-08-30 20:45:00,,2732.644022,2732.644908,,,
2023-08-30 21:00:00,,2732.641371,2732.645488,,,
2023-08-30 21:15:00,,2732.644602,2732.641143,,,
2023-08-30 21:30:00,,2732.646084,2732.64419,,,
2023-08-30 22:15:00,,2732.647834,2732.647237,,,
2023-08-30 23:45:00,,2732.644607,2732.641141,,,
2023-08-31 00:15:00,,2732.64685,2732.64621,,,
2023-08-31 00:45:00,,2732.641067,2732.645343,,,
2023-08-31 01:00:00,,2732.6443,2732.64594,,,
2023-08-31 01:15:00,,2732.64331,2732.64536,,,
2023-08-31 01:45:00,,2732.643312,2732.642743,,,
2023-08-31 02:15:00,,2732.646051,2732.644493,,,
2023-08-31 02:30:00,,2732.639589,2732.64361,,,
2023-08-31 03:15:00,,2732.641073,2732.640706,,,
2023-08-31 05:30:00,,2732.642824,2732.646659,,,
2023-08-31 05:45:00,,2732.640666,2732.645362,,,
2023-08-31 06:15:00,,2732.638605,2732.645792,,,
2023-08-31 07:00:00,,2732.641836,2732.647089,,,
2023-08-31 07:15:00,,2732.640355,2732.648839,,,
2023-08-31 07:30:00,,2732.643897,2732.646372,,,
2023-08-31 08:00:00,,2732.642147,2732.644622,,,
2023-08-31 08:45:00,,2732.637165,2732.642872,,,
2023-08-31 09:00:00,,2732.638917,2732.645489,,,
2023-08-31 09:45:00,,2732.638914,2732.646212,,,
2023-08-31 10:30:00,,2732.637163,2732.642712,,,
2023-08-31 10:45:00,,2732.635681,2732.644008,,,
2023-08-31 11:45:00,,2732.632449,2732.638073,,,
2023-08-31 12:15:00,,2732.636401,2732.641987,,,
2023-08-31 12:30:00,,2732.638151,2732.64112,,,
2023-08-31 13:00:00,,2732.640802,2732.644909,,,
2023-08-31 13:15:00,,2732.640121,2732.641862,,,
2023-08-31 13:30:00,,2732.63689,2732.638956,,,
2023-08-31 14:00:00,,2732.640782,2732.644032,,,
2023-08-31 14:15:00,,2732.64267,2732.640983,,,
2023-08-31 15:00:00,,2732.641501,2732.64228,,,
2023-08-31 15:30:00,,2732.643758,2732.64271,,,
2023-08-31 15:45:00,,2732.643579,2732.640243,,,
2023-08-31 16:15:00,,2732.674898,2732.644007,,,
2023-08-31 16:30:00,,2732.628593,2732.64096,,,
2023-08-31 16:45:00,,2732.640695,2732.645757,,,
2023-08-31 17:15:00,,2732.641818,2732.640666,,,
2023-08-31 17:30:00,,2732.660082,2732.645327,,,
2023-08-31 17:45:00,,2732.663312,2732.64403,,,
2023-08-31 18:30:00,,2732.669463,2732.64446,,,
2023-08-31 18:45:00,,2732.651559,2732.644006,,,
2023-08-31 19:15:00,,2732.654479,2732.64563,,,
2023-08-31 19:45:00,,2732.635012,2732.644905,,,
2023-08-31 20:00:00,,2732.647339,2732.643878,,,
2023-08-31 20:15:00,,2732.647919,2732.641411,,,
2023-08-31 20:45:00,,2732.646169,2732.642709,,,
2023-08-31 21:00:00,,2732.65146,2732.641991,,,
2023-08-31 21:30:00,,2732.650472,2732.644028,,,
2023-08-31 21:45:00,,2732.64751,2732.642731,,,
2023-08-31 22:00:00,,2732.646528,2732.645778,,,
2023-08-31 22:15:00,,2732.645457,2732.647075,,,
2023-08-31 22:45:00,,2732.643978,2732.640981,,,
2023-08-31 23:00:00,,2732.646049,2732.641571,,,
2023-08-31 23:15:00,,2732.64928,2732.645358,,,
2023-08-31 23:45:00,,2732.647801,2732.643321,,,
2023-09-01 00:00:00,,2732.649282,2732.644618,,,
2023-09-01 00:30:00,,2732.648213,2732.640704,,,
2023-09-01 01:15:00,,2732.645063,2732.642001,,,
2023-09-01 02:45:00,,2732.648564,2732.64754,,,
2023-09-01 03:00:00,,2732.647227,2732.64579,,,
2023-09-01 05:30:00,,2732.645377,2732.645487,,,
2023-09-01 06:00:00,,2732.647129,2732.644192,,,
2023-09-01 07:00:00,,2732.642104,2732.643594,,,
2023-09-01 07:15:00,,2732.638203,2732.640673,,,
2023-09-01 07:30:00,,2732.639953,2732.643721,,,
2023-09-01 07:45:00,,2732.643185,2732.644174,,,
2023-09-01 08:00:00,,2732.643183,2732.641127,,,
2023-09-01 08:15:00,,2732.642023,2732.639967,,,
2023-09-01 09:00:00,,2732.640273,2732.636919,,,
2023-09-01 09:45:00,,2732.644656,2732.642005,,,
2023-09-01 10:00:00,,2732.641735,2732.642132,,,
2023-09-01 10:30:00,,2732.641733,2732.645178,,,
2023-09-01 10:45:00,,2732.644964,2732.642584,,,
2023-09-01 11:00:00,,2732.647125,2732.645053,,,
2023-09-01 11:15:00,,2732.644204,2732.637788,,,
2023-09-01 12:15:00,,2732.643622,2732.642004,,,
2023-09-01 12:45:00,,2732.645101,2732.638958,,,
2023-09-01 13:15:00,,2732.645422,2732.638957,,,
2023-09-01 13:30:00,,2732.644331,2732.640255,,,
2023-09-01 14:30:00,,2732.642499,2732.641391,,,
2023-09-01 14:45:00,,2732.640707,2732.638216,,,
2023-09-01 15:15:00,,2732.643938,2732.637946,,,
2023-09-01 15:45:00,,2732.642855,2732.638653,,,
2023-09-01 16:15:00,,2732.645817,2732.637626,,,
2023-09-01 16:30:00,,2732.646086,2732.642424,,,
2023-09-01 16:45:00,,2732.645815,2732.64069,,,
2023-09-01 17:00:00,,2732.647878,2732.638223,,,
2023-09-01 17:15:00,,2732.649359,2732.640403,,,
2023-09-01 17:30:00,,2732.647296,2732.639823,,,
2023-09-01 18:00:00,,2732.646127,2732.63952,,,
2023-09-01 18:15:00,,2732.644645,2732.64127,,,
2023-09-01 19:45:00,,2732.642586,2732.639376,,,
2023-09-01 20:00:00,,2732.644928,2732.638669,,,
2023-09-01 20:15:00,,2732.646079,2732.644763,,,
2023-09-01 20:30:00,,2732.645419,2732.63737,,,
2023-09-01 21:00:00,,2732.643159,2732.640831,,,
2023-09-01 21:30:00,,2732.64599,2732.642153,,,
2023-09-01 21:45:00,,2732.643439,2732.640116,,,
2023-09-01 22:00:00,,2732.647742,2732.638819,,,
2023-09-01 22:15:00,,2732.645002,2732.640401,,,
2023-09-01 22:30:00,,2732.645273,2732.640854,,,
2023-09-01 22:45:00,,2732.643043,2732.640991,,,
2023-09-02 00:00:00,,2732.643805,2732.641716,,,
2023-09-02 01:00:00,,2732.645557,2732.640148,,,
2023-09-02 01:15:00,,2732.640578,2732.638399,,,
2023-09-02 01:30:00,,2732.642639,2732.640546,,,
2023-09-02 01:45:00,,2732.638828,2732.63535,,,
2023-09-02 02:15:00,,2732.642061,2732.636647,,,
2023-09-02 04:00:00,,2732.642333,2732.640418,,,
2023-09-02 04:30:00,,2732.640584,2732.639696,,,
2023-09-02 05:00:00,,2732.643817,2732.641447,,,
2023-09-02 05:30:00,,2732.642065,2732.639698,,,
2023-09-02 06:00:00,,2732.639104,2732.6384,,,
2023-09-02 07:00:00,,2732.645877,2732.635933,,,
2023-09-02 07:45:00,,2732.644127,2732.634181,,,
2023-09-02 08:00:00,,2732.644125,2732.63925,,,
2023-09-02 08:15:00,,2732.643856,2732.6375,,,
2023-09-02 08:30:00,,2732.644436,2732.63808,,,
2023-09-02 08:45:00,,2732.642955,2732.639377,,,
2023-09-02 09:00:00,,2732.638743,2732.63633,,,
2023-09-02 09:30:00,,2732.640903,2732.639377,,,
2023-09-02 09:45:00,,2732.644134,2732.635033,,,
2023-09-02 10:00:00,,2732.642116,2732.633283,,,
2023-09-02 10:15:00,,2732.639472,2732.635171,,,
2023-09-02 10:30:00,,2732.642114,2732.634581,,,
2023-09-02 10:45:00,,2732.640954,2732.632559,,,
2023-09-02 11:00:00,,2732.642703,2732.63431,,,
2023-09-02 11:15:00,,2732.637721,2732.633856,,,
2023-09-02 12:00:00,,2732.636999,2732.634598,,,
2023-09-02 12:15:00,,2732.635919,2732.637055,,,
2023-09-02 12:30:00,,2732.637667,2732.636767,,,
2023-09-02 12:45:00,,,2732.641845,,,
2023-09-02 13:00:00,,2732.633856,2732.638344,,,
2023-09-02 13:15:00,,2732.641657,2732.637502,,,
2023-09-02 13:30:00,,2732.636674,2732.637047,,,
2023-09-02 14:00:00,,2732.637656,2732.63575,,,
2023-09-02 14:15:00,,2732.639135,2732.638798,,,
2023-09-02 14:30:00,,2732.638866,2732.633276,,,
2023-09-02 14:45:00,,2732.640616,2732.635027,,,
2023-09-02 15:00:00,,2732.639545,2732.634448,,,
2023-09-02 15:15:00,,2732.640614,2732.63416,,,
2023-09-02 15:30:00,,2732.642095,2732.637207,,,
2023-09-02 15:45:00,,2732.637114,2732.633706,,,
2023-09-02 16:00:00,,2732.641014,2732.63357,,,
2023-09-02 16:15:00,,2732.642493,2732.633569,,,
2023-09-02 16:45:00,,2732.639532,2732.638367,,,
2023-09-02 17:00:00,,2732.642184,2732.63649,,,
2023-09-02 17:45:00,,2732.643164,2732.633441,,,
2023-09-02 18:15:00,,2732.638453,2732.635748,,,
2023-09-02 19:00:00,,2732.644255,2732.631404,,,
2023-09-02 19:15:00,,2732.640714,2732.632574,,,
2023-09-02 19:30:00,,2732.643944,2732.633871,,,
2023-09-02 20:00:00,,2732.641024,2732.633999,,,
2023-09-02 20:30:00,,2732.642496,2732.630974,,,
2023-09-02 20:45:00,,2732.639534,2732.635318,,,
2023-09-02 21:00:00,,2732.643176,2732.634021,,,
2023-09-02 21:15:00,,2732.642097,2732.632861,,,
2023-09-02 22:30:00,,2732.64278,2732.637945,,,
2023-09-02 22:45:00,,2732.645331,2732.633601,,,
2023-09-02 23:15:00,,2732.646013,2732.635351,,,
2023-09-02 23:30:00,,2732.644123,2732.636648,,,
2023-09-03 00:00:00,,2732.644254,2732.632724,,,
2023-09-03 00:30:00,,2732.641615,2732.634611,,,
2023-09-03 00:45:00,,2732.646596,2732.633314,,,
2023-09-03 01:15:00,,2732.644848,2732.631564,,,
2023-09-03 02:30:00,,2732.640579,2732.63707,,,
2023-09-03 02:45:00,,2732.637346,2732.63532,,,
2023-09-03 03:15:00,,2732.638829,2732.634023,,,
2023-09-03 03:30:00,,2732.637079,2732.633568,,,
2023-09-03 04:45:00,,2732.638521,2732.641289,,,
2023-09-03 05:15:00,,2732.640992,2732.638242,,,
2023-09-03 05:30:00,,2732.639242,2732.63474,,,
2023-09-03 05:45:00,,2732.642473,2732.636492,,,
2023-09-03 06:30:00,,2732.637101,2732.634742,,,
2023-09-03 08:00:00,,2732.636592,2732.634024,,,
2023-09-03 08:15:00,,2732.637761,2732.636491,,,
2023-09-03 08:45:00,,2732.633459,2732.633572,,,
2023-09-03 09:15:00,,2732.638251,2732.63779,,,
2023-09-03 09:30:00,,2732.637081,2732.636619,,,
2023-09-03 10:00:00,,2732.63924,2732.63779,,,
2023-09-03 10:15:00,,2732.637367,2732.63954,,,
2023-09-03 10:30:00,,2732.640721,2732.632704,,,
2023-09-03 11:00:00,,2732.63858,2732.634002,,,
2023-09-03 11:15:00,,2732.6375,2732.633422,,,
2023-09-03 11:30:00,,2732.635749,2732.634449,,,
2023-09-03 12:00:00,,2732.635739,2732.63588,,,
2023-09-03 12:15:00,,2732.637489,2732.633859,,,
2023-09-03 12:30:00,,2732.640139,2732.6346,,,
2023-09-03 12:45:00,,2732.640138,2732.633303,,,
2023-09-03 13:00:00,,2732.632916,2732.629944,,,
2023-09-03 13:15:00,,2732.637897,2732.633446,,,
2023-09-03 13:30:00,,2732.633676,2732.63503,,,
2023-09-03 14:00:00,,2732.636583,2732.634893,,,
2023-09-03 14:30:00,,2732.630712,2732.634153,,,
2023-09-03 15:30:00,,2732.63188,2732.630254,,,
2023-09-03 16:00:00,,2732.627887,2732.632849,,,
2023-09-03 16:15:00,,2732.632288,2732.632721,,,
2023-09-03 16:30:00,,2732.631609,2732.631981,,,
2023-09-03 16:45:00,,2732.634349,2732.629387,,,
2023-09-03 17:00:00,,2732.63085,2732.628934,,,
2023-09-03 17:30:00,,2732.629369,2732.633731,,,
2023-09-03 17:45:00,,2732.63201,2732.634891,,,
2023-09-03 18:30:00,,2732.632278,2732.636188,,,
2023-09-03 18:45:00,,2732.634472,2732.634439,,,
2023-09-03 19:00:00,,2732.636543,2732.634576,,,
2023-09-03 19:30:00,,2732.633312,2732.634019,,,
2023-09-03 20:00:00,,2732.636945,2732.631392,,,
2023-09-03 20:30:00,,2732.641257,2732.635029,,,
2023-09-03 21:15:00,,2732.639509,2732.63198,,,
2023-09-03 22:30:00,,2732.638698,2732.633141,,,
2023-09-03 22:45:00,,2732.63843,2732.63139,,,
2023-09-03 23:00:00,,2732.640182,2732.630092,,,
2023-09-03 23:45:00,,2732.640674,2732.630522,,,
2023-09-04 00:00:00,,2732.639193,2732.633571,,,
2023-09-04 00:45:00,,2732.638704,2732.632274,,,
2023-09-04 01:00:00,,2732.639874,2732.631694,,,
2023-09-04 01:15:00,,2732.641356,2732.631264,,,
2023-09-04 01:30:00,,2732.634895,2732.629512,,,
2023-09-04 01:45:00,,2732.636645,2732.632561,,,
2023-09-04 02:15:00,,2732.634774,2732.631424,,,
2023-09-04 02:30:00,,2732.638896,2732.633881,,,
2023-09-04 02:45:00,,2732.637416,2732.630834,,,
2023-09-04 03:15:00,,2732.637738,2732.629244,,,
2023-09-04 04:00:00,,2732.635669,2732.633,,,
2023-09-04 04:30:00,,2732.635169,2732.630406,,,
2023-09-04 05:15:00,,2732.633878,2732.629826,,,
2023-09-04 05:30:00,,2732.632127,2732.632133,,,
2023-09-04 05:45:00,,2732.638091,2732.629086,,,
2023-09-04 06:15:00,,2732.636609,2732.629539,,,
2023-09-04 06:30:00,,2732.637821,2732.627789,,,
2023-09-04 06:45:00,,2732.639571,2732.632875,,,
2023-09-04 07:45:00,,2732.63917,2732.632157,,,
2023-09-04 08:00:00,,2732.638901,2732.631705,,,
2023-09-04 08:45:00,,2732.639882,2732.629953,,,
2023-09-04 09:15:00,,2732.638131,2732.630837,,,
2023-09-04 09:45:00,,2732.641362,2732.632135,,,
2023-09-04 10:00:00,,2732.6349,2732.626039,,,
2023-09-04 10:15:00,,2732.640202,2732.630975,,,
2023-09-04 10:30:00,,2732.636701,2732.629223,,,
2023-09-04 11:00:00,,2732.634899,2732.634299,,,
2023-09-04 11:15:00,,2732.633149,2732.628203,,,
2023-09-04 11:45:00,,2732.636378,2732.631252,,,
2023-09-04 12:00:00,,2732.638539,2732.629375,,,
2023-09-04 12:15:00,,2732.640018,2732.630672,,,
2023-09-04 12:30:00,,2732.636788,2732.627336,,,
2023-09-04 12:45:00,,2732.637366,2732.633432,,,
2023-09-04 13:00:00,,2732.635616,2732.625586,,,
2023-09-04 13:15:00,,2732.638846,2732.630385,,,
2023-09-04 13:30:00,,2732.637095,2732.631682,,,
2023-09-04 13:45:00,,2732.640016,2732.630815,,,
2023-09-04 14:30:00,,2732.636731,2732.630677,,,
2023-09-04 14:45:00,,2732.631339,2732.633272,,,
2023-09-04 15:30:00,,2732.628106,2732.630225,,,
2023-09-04 16:00:00,,2732.626944,2732.629063,,,
2023-09-04 16:30:00,,2732.628104,2732.630223,,,
2023-09-04 17:00:00,,2732.634566,2732.631973,,,
2023-09-04 17:30:00,,2732.632048,2732.628926,,,
2023-09-04 17:45:00,,2732.633529,2732.625879,,,
2023-09-04 18:00:00,,2732.635279,2732.627629,,,
2023-09-04 18:45:00,,2732.632367,2732.624717,,,
2023-09-04 19:15:00,,2732.634618,2732.625744,,,
2023-09-04 19:30:00,,2732.6356,2732.627764,,,
2023-09-04 20:30:00,,2732.636368,2732.626037,,,
2023-09-04 20:45:00,,2732.633406,2732.629084,,,
2023-09-04 21:00:00,,2732.633408,2732.630381,,,
2023-09-04 22:30:00,,2732.63108,2732.629371,,,
2023-09-04 22:45:00,,2732.628118,2732.628074,,,
2023-09-04 23:30:00,,2732.632831,2732.631123,,,
2023-09-05 00:00:00,,2732.63212,2732.63417,,,
2023-09-05 01:00:00,,2732.629469,2732.628654,,,
2023-09-05 01:45:00,,2732.628704,2732.629951,,,
2023-09-05 02:00:00,,2732.632434,2732.626904,,,
2023-09-05 02:30:00,,2732.629205,2732.625607,,,
2023-09-05 03:00:00,,2732.634185,2732.630405,,,
2023-09-05 03:15:00,,2732.631275,2732.627494,,,
2023-09-05 03:45:00,,2732.631544,2732.627948,,,
2023-09-05 04:00:00,,2732.634776,2732.629246,,,
2023-09-05 04:15:00,,2732.628045,2732.624877,,,
2023-09-05 04:30:00,,2732.632035,2732.628378,,,
2023-09-05 04:45:00,,2732.636918,2732.630128,,,
2023-09-05 05:00:00,,2732.634178,2732.627081,,,
2023-09-05 05:15:00,,2732.632427,2732.630398,,,
2023-09-05 05:30:00,,2732.635478,2732.624884,,,
2023-09-05 06:00:00,,2732.632738,2732.629228,,,
2023-09-05 06:15:00,,2732.635969,2732.631265,,,
2023-09-05 06:30:00,,2732.631837,2732.627501,,,
2023-09-05 06:45:00,,2732.633318,2732.628798,,,
2023-09-05 07:15:00,,2732.628345,2732.627639,,,
2023-09-05 07:45:00,,2732.634807,2732.629676,,,
2023-09-05 08:00:00,,2732.632156,2732.628506,,,
2023-09-05 08:45:00,,2732.634405,2732.628958,,,
2023-09-05 09:15:00,,2732.635393,2732.631106,,,
2023-09-05 09:45:00,,2732.634403,2732.626761,,,
2023-09-05 10:00:00,,2732.633963,2732.62385,,,
2023-09-05 10:15:00,,2732.633241,2732.628649,,,
2023-09-05 10:45:00,,2732.63149,2732.626899,,,
2023-09-05 11:30:00,,2732.635709,2732.625602,,,
2023-09-05 12:00:00,,2732.633368,2732.626307,,,
2023-09-05 12:15:00,,2732.635118,2732.629356,,,
2023-09-05 12:30:00,,2732.634846,2732.628901,,,
2023-09-05 13:30:00,,2732.630131,2732.623834,,,
2023-09-05 13:45:00,,2732.63305,2732.628051,,,
2023-09-05 14:00:00,,2732.6348,2732.629803,,,
2023-09-05 15:00:00,,2732.626444,2732.625583,,,
2023-09-05 15:15:00,,2732.619572,2732.623833,,,
2023-09-05 15:30:00,,2732.624282,2732.621796,,,
2023-09-05 15:45:00,,2732.6229,2732.626012,,,
2023-09-05 16:00:00,,2732.62465,2732.624715,,,
2023-09-05 16:15:00,,2732.624379,2732.623706,,,
2023-09-05 16:30:00,,2732.621728,2732.62688,,,
2023-09-05 17:00:00,,2732.623969,2732.628629,,,
2023-09-05 17:30:00,,2732.62545,2732.625583,,,
2023-09-05 17:45:00,,2732.623967,2732.627603,,,
2023-09-05 18:00:00,,2732.626109,2732.624284,,,
2023-09-05 18:15:00,,2732.624949,2732.625598,,,
2023-09-05 18:45:00,,2732.62643,2732.626894,,,
2023-09-05 19:00:00,,2732.627911,2732.623847,,,
2023-09-05 19:15:00,,2732.62742,2732.625597,,,
2023-09-05 19:30:00,,2732.630382,2732.625144,,,
2023-09-05 19:45:00,,2732.630962,2732.625724,,,
2023-09-05 20:15:00,,2732.629704,2732.619629,,,
2023-09-05 20:45:00,,2732.631764,2732.622676,,,
2023-09-05 21:00:00,,2732.630302,2732.624563,,,
2023-09-05 21:15:00,,2732.632053,2732.625303,,,
2023-09-05 21:30:00,,2732.630795,2732.627897,,,
2023-09-05 21:45:00,,2732.631375,2732.62718,,,
2023-09-05 22:00:00,,2732.631376,2732.628477,,,
2023-09-05 22:30:00,,2732.626353,2732.624133,,,
2023-09-05 23:30:00,,2732.62169,2732.624006,,,
2023-09-06 00:00:00,,2732.61756,2732.619787,,,
2023-09-06 00:15:00,,2732.618729,2732.627053,,,
2023-09-06 00:30:00,,2732.616569,2732.622836,,,
2023-09-06 00:45:00,,2732.615498,2732.620957,,,
2023-09-06 01:00:00,,2732.623443,2732.622709,,,
2023-09-06 01:30:00,,2732.621693,2732.623266,,,
2023-09-06 01:45:00,,2732.622273,2732.62543,,,
2023-09-06 03:45:00,,2732.621965,2732.625016,,,
2023-09-06 04:00:00,,2732.617254,2732.626313,,,
2023-09-06 04:15:00,,2732.620485,2732.6301,,,
2023-09-06 06:00:00,,2732.622999,2732.629057,,,
2023-09-06 06:15:00,,2732.625918,2732.62893,,,
2023-09-06 06:30:00,,2732.626229,2732.621664,,,
2023-09-06 07:15:00,,2732.625068,2732.627322,,,
2023-09-06 07:30:00,,2732.627308,2732.627609,,,
2023-09-06 08:00:00,,2732.628468,2732.626176,,,
2023-09-06 08:15:00,,2732.625828,2732.628064,,,
2023-09-06 08:30:00,,2732.626978,2732.626025,,,
2023-09-06 08:45:00,,2732.625227,2732.630658,,,
2023-09-06 09:00:00,,2732.624076,2732.625572,,,
2023-09-06 09:15:00,,2732.622906,2732.626439,,,
2023-09-06 09:30:00,,2732.624467,2732.622524,,,
2023-09-06 09:45:00,,2732.626215,2732.624275,,,
2023-09-06 11:15:00,,2732.625283,2732.620774,,,
2023-09-06 12:00:00,,2732.630985,2732.625573,,,
2023-09-06 12:15:00,,2732.628734,2732.62761,,,
2023-09-06 12:30:00,,2732.633125,2732.628769,,,
2023-09-06 12:45:00,,2732.632034,2732.62803,,,
2023-09-06 13:00:00,,2732.628599,2732.624854,,,
2023-09-06 13:15:00,,2732.627427,2732.628028,,,
2023-09-06 14:00:00,,2732.624597,2732.627448,,,
2023-09-06 14:15:00,,2732.626346,2732.625698,,,
2023-09-06 14:30:00,,2732.622712,2732.624981,,,
2023-09-06 14:45:00,,2732.623693,2732.62323,,,
2023-09-06 15:00:00,,2732.621631,2732.623103,,,
2023-09-06 15:15:00,,2732.626342,2732.622833,,,
2023-09-06 15:30:00,,2732.627413,2732.625882,,,
2023-09-06 15:45:00,,2732.62634,2732.624004,,,
2023-09-06 16:00:00,,2732.630642,2732.627177,,,
2023-09-06 16:15:00,,2732.627822,2732.627894,,,
2023-09-06 16:30:00,,2732.629571,2732.6253,,,
2023-09-06 16:45:00,,2732.630293,2732.62456,,,
2023-09-06 17:00:00,,2732.62706,2732.621511,,,
2023-09-06 17:15:00,,2732.62607,2732.623548,,,
2023-09-06 17:45:00,,2732.627861,2732.624845,,,
2023-09-06 18:00:00,,2732.630772,2732.62646,,,
2023-09-06 18:15:00,,2732.633914,2732.62572,,,
2023-09-06 18:30:00,,2732.633503,2732.624421,,,
2023-09-06 18:45:00,,2732.630773,2732.619624,,,
2023-09-06 19:30:00,,2732.631754,2732.627755,,,
2023-09-06 19:45:00,,2732.632754,2732.625298,,,
2023-09-06 20:30:00,,2732.629613,2732.624849,,,
2023-09-06 20:45:00,,2732.632534,2732.623552,,,
2023-09-06 21:00:00,,2732.632354,2732.624134,,,
2023-09-06 21:15:00,,2732.630604,2732.624977,,,
2023-09-06 21:30:00,,2732.630874,2732.622382,,,
2023-09-06 21:45:00,,2732.630875,2732.626726,,,
2023-09-06 22:45:00,,2732.632046,2732.627897,,,
2023-09-06 23:15:00,,2732.631778,2732.62485,,,
2023-09-06 23:30:00,,2732.629618,2732.6231,,,
2023-09-06 23:45:00,,2732.63137,2732.624127,,,
2023-09-07 00:15:00,,2732.628818,2732.62458,,,
2023-09-07 00:30:00,,2732.631372,2732.62283,,,
2023-09-07 00:45:00,,2732.63106,2732.624,,,
2023-09-07 01:00:00,,2732.632542,2732.625297,,,
2023-09-07 01:15:00,,2732.62608,2732.62225,,,
2023-09-07 01:30:00,,2732.629313,2732.622249,,,
2023-09-07 02:45:00,,2732.629305,2732.622668,,,
2023-09-07 03:00:00,,2732.632947,2732.621371,,,
2023-09-07 03:15:00,,2732.631467,2732.62442,,,
2023-09-07 03:30:00,,2732.633537,2732.624557,,,
2023-09-07 03:45:00,,2732.632057,2732.62326,,,
2023-09-07 05:00:00,,2732.632058,2732.621963,,,
2023-09-07 05:45:00,,2732.631789,2732.618461,,,
2023-09-07 06:15:00,,2732.630799,2732.619202,,,
2023-09-07 06:30:00,,2732.633129,2732.621533,,,
2023-09-07 07:15:00,,2732.63286,2732.619783,,,
2023-09-07 08:45:00,,2732.63502,2732.621803,,,
2023-09-07 09:00:00,,2732.633848,2732.620633,,,
2023-09-07 09:15:00,,2732.635598,2732.62368,,,
2023-09-07 10:15:00,,2732.635328,2732.62543,,,
2023-09-07 11:00:00,,2732.635057,2732.62193,,,
2023-09-07 11:30:00,,2732.636038,2732.62077,,,
2023-09-07 12:00:00,,2732.638286,2732.616287,,,
2023-09-07 12:15:00,,2732.641516,2732.621928,,,
2023-09-07 13:00:00,,2732.632502,2732.616735,,,
2023-09-07 13:30:00,,2732.6325,2732.620051,,,
2023-09-07 13:45:00,,2732.631099,2732.619782,,,
2023-09-07 14:15:00,,2732.631196,2732.617164,,,
2023-09-07 14:30:00,,2732.632847,2732.617744,,,
2023-09-07 14:45:00,,2732.627374,2732.621079,,,
2023-09-07 15:00:00,,2732.628855,2732.61729,,,
2023-09-07 15:30:00,,2732.626794,2732.618007,,,
2023-09-07 15:45:00,,2732.626792,2732.619757,,,
2023-09-07 16:00:00,,2732.626793,2732.620624,,,
2023-09-07 16:15:00,,2732.628221,2732.61962,,,
2023-09-07 16:30:00,,2732.630005,2732.620917,,,
2023-09-07 17:00:00,,2732.627361,2732.622374,,,
2023-09-07 17:15:00,,2732.627862,2732.61671,,,
2023-09-07 17:30:00,,2732.630594,2732.621507,,,
2023-09-07 17:45:00,,2732.627093,2732.618873,,,
2023-09-07 18:15:00,,2732.626791,2732.619756,,,
2023-09-07 18:30:00,,2732.62737,2732.621077,,,
2023-09-07 18:45:00,,2732.630603,2732.622374,,,
2023-09-07 19:15:00,,2732.62638,2732.619326,,,
2023-09-07 19:45:00,,2732.629924,2732.621203,,,
2023-09-07 20:00:00,,2732.626962,2732.619906,,,
2023-09-07 20:30:00,,2732.626382,2732.617582,,,
2023-09-07 21:15:00,,2732.626974,2732.615122,,,
2023-09-07 21:30:00,,2732.622761,2732.61642,,,
2023-09-07 21:45:00,,2732.624511,2732.619469,,,
2023-09-07 22:15:00,,2732.625174,2732.618171,,,
2023-09-07 23:15:00,,2732.624783,2732.621219,,,
2023-09-07 23:45:00,,2732.623036,2732.620765,,,
2023-09-08 01:30:00,,2732.624521,2732.618172,,,
2023-09-08 02:45:00,,2732.628145,2732.618879,,,
2023-09-08 05:00:00,,2732.624916,2732.616422,,,
2023-09-08 05:15:00,,2732.629897,2732.622515,,,
2023-09-08 05:45:00,,2732.625496,2732.620049,,,
2023-09-08 06:00:00,,2732.627246,2732.622086,,,
2023-09-08 06:30:00,,2732.626315,2732.618586,,,
2023-09-08 07:00:00,,2732.624504,2732.620336,,,
2023-09-08 07:15:00,,2732.626253,2732.622087,,,
2023-09-08 07:30:00,,2732.623602,2732.619619,,,
2023-09-08 07:45:00,,2732.621853,2732.617869,,,
2023-09-08 08:00:00,,2732.624091,2732.622213,,,
2023-09-08 08:15:00,,2732.625082,2732.620916,,,
2023-09-08 09:00:00,,2732.624502,2732.618156,,,
2023-09-08 09:45:00,,2732.625571,2732.621658,,,
2023-09-08 10:00:00,,2732.624551,2732.613947,,,
2023-09-08 10:15:00,,2732.626032,2732.616996,,,
2023-09-08 10:30:00,,2732.62486,2732.617123,,,
2023-09-08 10:45:00,,2732.62809,2732.619143,,,
2023-09-08 11:15:00,,2732.629529,2732.620496,,,
2023-09-08 11:45:00,,2732.628768,2732.620043,,,
2023-09-08 12:15:00,,2732.629247,2732.6225,,,
2023-09-08 12:30:00,,2732.624535,2732.619453,,,
2023-09-08 12:45:00,,2732.625213,2732.619451,,,
2023-09-08 13:00:00,,2732.624802,2732.618154,,,
2023-09-08 13:30:00,,2732.623051,2732.619166,,,
2023-09-08 14:00:00,,2732.628128,2732.621506,,,
2023-09-08 14:15:00,,2732.626027,2732.615537,,,
2023-09-08 14:30:00,,2732.626298,2732.616547,,,
2023-09-08 15:15:00,,2732.623465,2732.614668,,,
2023-09-08 15:30:00,,2732.627856,2732.61758,,,
2023-09-08 15:45:00,,2732.624625,2732.615828,,,
2023-09-08 16:15:00,,2732.624944,2732.615966,,,
2023-09-08 16:45:00,,2732.625612,2732.620173,,,
2023-09-08 17:00:00,,2732.622702,2732.615513,,,
2023-09-08 17:30:00,,2732.624452,2732.615964,,,
2023-09-08 17:45:00,,2732.625664,2732.612917,,,
2023-09-08 18:00:00,,2732.625933,2732.614667,,,
2023-09-08 18:30:00,,2732.628895,2732.619011,,,
2023-09-08 19:30:00,,2732.625522,2732.615247,,,
2023-09-08 20:15:00,,2732.62189,2732.616114,,,
2023-09-08 20:45:00,,2732.621292,2732.617411,,,
2023-09-08 21:00:00,,2732.624522,2732.619448,,,
2023-09-08 21:15:00,,2732.626684,2732.619446,,,
2023-09-08 21:30:00,,2732.625525,2732.615693,,,
2023-09-08 21:45:00,,2732.626864,2732.618741,,,
2023-09-08 22:00:00,,2732.625114,2732.61699,,,
2023-09-08 22:15:00,,2732.626866,2732.617443,,,
2023-09-08 22:45:00,,2732.628036,2732.61874,,,
2023-09-08 23:00:00,,2732.623055,2732.612646,,,
2023-09-08 23:15:00,,2732.624128,2732.61699,,,
2023-09-08 23:45:00,,2732.620675,2732.61932,,,
2023-09-09 00:15:00,,2732.619695,2732.614523,,,
2023-09-09 00:45:00,,2732.621447,2732.616273,,,
2023-09-09 01:15:00,,2732.619697,2732.61582,,,
2023-09-09 02:15:00,,2732.618619,2732.61788,,,
2023-09-09 03:00:00,,2732.622654,2732.616131,,,
2023-09-09 03:30:00,,2732.621176,2732.621334,,,
2023-09-09 04:00:00,,2732.625887,2732.620037,,,
2023-09-09 04:45:00,,2732.618355,2732.613943,,,
2023-09-09 05:15:00,,2732.623336,2732.617444,,,
2023-09-09 07:15:00,,2732.621184,2732.618867,,,
2023-09-09 07:30:00,,2732.617951,2732.617117,,,
2023-09-09 08:00:00,,2732.622933,2732.619592,,,
2023-09-09 08:15:00,,2732.621182,2732.616545,,,
2023-09-09 09:30:00,,2732.621893,2732.616982,,,
2023-09-09 09:45:00,,2732.619741,2732.614513,,,
2023-09-09 10:00:00,,2732.624142,2732.618732,,,
2023-09-09 10:15:00,,2732.62239,2732.61698,,,
2023-09-09 10:30:00,,2732.624853,2732.618279,,,
2023-09-09 11:45:00,,2732.626599,2732.615683,,,
2023-09-09 12:00:00,,2732.623099,2732.61523,,,
2023-09-09 12:15:00,,2732.627589,2732.613664,,,
2023-09-09 12:45:00,,2732.628488,2732.614381,,,
2023-09-09 13:00:00,,2732.627808,2732.611334,,,
2023-09-09 13:15:00,,2732.627487,2732.615103,,,
2023-09-09 13:30:00,,2732.626727,2732.613066,,,
2023-09-09 13:45:00,,2732.626227,2732.61741,,,
2023-09-09 14:00:00,,2732.626225,2732.618707,,,
2023-09-09 14:15:00,,2732.629966,2732.61683,,,
2023-09-09 14:30:00,,2732.632704,2732.61959,,,
2023-09-09 14:45:00,,2732.628483,2732.61784,,,
2023-09-09 15:00:00,,2732.630643,2732.615961,,,
2023-09-09 15:15:00,,2732.62916,2732.61901,,,
2023-09-09 15:30:00,,2732.627142,2732.615508,,,
2023-09-09 16:00:00,,2732.626649,2732.614211,,,
2023-09-09 16:15:00,,2732.629558,2732.613352,,,
2023-09-09 16:30:00,,2732.62888,2732.617695,,,
2023-09-09 16:45:00,,2732.626057,2732.614649,,,
2023-09-09 17:15:00,,2732.628878,2732.616399,,,
2023-09-09 17:30:00,,2732.627128,2732.6116,,,
2023-09-09 19:30:00,,2732.623764,2732.615237,,,
2023-09-09 19:45:00,,2732.623455,2732.61596,,,
2023-09-09 20:00:00,,2732.620224,2732.614663,,,
2023-09-09 20:15:00,,2732.618743,2732.612911,,,
2023-09-09 20:30:00,,2732.619823,2732.613493,,,
2023-09-09 21:00:00,,2732.617252,2732.610444,,,
2023-09-09 21:30:00,,2732.616262,2732.613491,,,
2023-09-09 21:45:00,,2732.620093,2732.617835,,,
2023-09-09 22:00:00,,2732.618612,2732.616538,,,
2023-09-09 22:15:00,,2732.618032,2732.615958,,,
2023-09-09 22:45:00,,2732.616864,2732.614789,,,
2023-09-09 23:00:00,,2732.621845,2732.615241,,,
2023-09-09 23:15:00,,2732.618345,2732.611742,,,
2023-09-09 23:45:00,,2732.621577,2732.616539,,,
2023-09-10 00:30:00,,2732.620812,2732.616085,,,
2023-09-10 01:30:00,,2732.615078,2732.615959,,,
2023-09-10 02:30:00,,2732.610127,2732.613349,,,
2023-09-10 02:45:00,,2732.607487,2732.613486,,,
2023-09-10 03:00:00,,2732.606765,2732.613939,,,
2023-09-10 03:15:00,,2732.605283,2732.609595,,,
2023-09-10 03:45:00,,2732.599501,2732.612189,,,
2023-09-10 04:15:00,,2732.600751,2732.615099,,,
2023-09-10 04:30:00,,2732.598503,2732.614646,,,
2023-09-10 04:45:00,,2732.603483,2732.613801,,,
2023-09-10 05:00:00,,2732.603215,2732.612052,,,
2023-09-10 05:30:00,,2732.599001,2732.609005,,,
2023-09-10 05:45:00,,2732.598824,2732.610892,,,
2023-09-10 06:45:00,,2732.601483,2732.612912,,,
2023-09-10 07:00:00,,2732.604714,2732.614209,,,
2023-09-10 08:00:00,,2732.610718,2732.61479,,,
2023-09-10 08:30:00,,2732.61086,2732.611162,,,
2023-09-10 09:15:00,,2732.619793,2732.614663,,,
2023-09-10 10:15:00,,2732.623737,2732.61596,,,
2023-09-10 11:00:00,,2732.619504,2732.615101,,,
2023-09-10 11:30:00,,2732.624456,2732.613941,,,
2023-09-10 11:45:00,,2732.624186,2732.609142,,,
2023-09-10 12:15:00,,2732.622426,2732.612896,,,
2023-09-10 12:45:00,,2732.626827,2732.613779,,,
2023-09-10 13:45:00,,2732.625916,2732.615529,,,
2023-09-10 14:00:00,,2732.630045,2732.6167,,,
2023-09-10 14:15:00,,2732.622825,2732.612769,,,
2023-09-10 14:30:00,,2732.626324,2732.614519,,,
2023-09-10 15:00:00,,2732.626055,2732.612482,,,
2023-09-10 15:15:00,,2732.628963,2732.612775,,,
2023-09-10 15:30:00,,2732.623223,2732.611025,,,
2023-09-10 15:45:00,,2732.626143,2732.611765,,,
2023-09-10 16:00:00,,2732.62575,2732.614812,,,
2023-09-10 16:15:00,,2732.628981,2732.615839,,,
2023-09-10 16:30:00,,2732.624001,2732.611042,,,
2023-09-10 17:30:00,,2732.623999,2732.61104,,,
2023-09-10 18:45:00,,2732.62606,2732.610593,,,
2023-09-10 19:15:00,,2732.622519,2732.61306,,,
2023-09-10 19:30:00,,2732.624268,2732.614087,,,
2023-09-10 20:00:00,,2732.62427,2732.61279,,,
2023-09-10 20:15:00,,2732.625751,2732.612337,,,
2023-09-10 20:45:00,,2732.62252,2732.613634,,,
2023-09-10 21:00:00,,2732.62211,2732.616234,,,
2023-09-10 21:15:00,,,2732.613187,,,
2023-09-10 21:30:00,,2732.61954,2732.61189,,,
2023-09-10 23:00:00,,2732.615966,2732.614937,,,
2023-09-10 23:45:00,,2732.610265,2732.608841,,,
2023-09-11 03:00:00,,2732.612831,2732.614804,,,
2023-09-11 03:15:00,,2732.621042,2732.615257,,,
2023-09-11 03:30:00,,2732.616642,2732.61396,,,
2023-09-11 03:45:00,,2732.614892,2732.61147,,,
2023-09-11 04:30:00,,2732.617533,2732.61263,,,
2023-09-11 05:00:00,,2732.616773,2732.61088,,,
2023-09-11 05:15:00,,2732.620004,2732.611333,,,
2023-09-11 06:00:00,,2732.619735,2732.613927,,,
2023-09-11 06:15:00,,2732.620986,2732.610038,,,
2023-09-11 06:30:00,,2732.620735,2732.616556,,,
2023-09-11 06:45:00,,2732.624237,2732.617009,,,
2023-09-11 07:00:00,,2732.622485,2732.612212,,,
2023-09-11 07:15:00,,2732.625718,2732.610915,,,
2023-09-11 07:45:00,,2732.632571,2732.613509,,,
2023-09-11 08:00:00,,2732.646173,2732.615259,,,
2023-09-11 08:45:00,,2732.619565,2732.607993,,,
2023-09-11 09:30:00,,2732.622796,2732.615386,,,
2023-09-11 09:45:00,,2732.624546,2732.609745,,,
2023-09-11 10:15:00,,2732.618083,2732.609292,,,
2023-09-11 11:30:00,,2732.622074,2732.613222,,,
2023-09-11 11:45:00,,2732.619251,2732.611472,,,
2023-09-11 12:15:00,,2732.619232,2732.615226,,,
2023-09-11 12:45:00,,2732.619732,2732.613929,,,
2023-09-11 13:15:00,,2732.623944,2732.612632,,,
2023-09-11 13:30:00,,2732.619231,2732.614384,,,
2023-09-11 14:30:00,,2732.623631,2732.613802,,,
2023-09-11 15:15:00,,2732.61789,2732.611312,,,
2023-09-11 17:30:00,,2732.62569,2732.618146,,,
2023-09-11 20:45:00,,2732.619599,2732.614359,,,
2023-09-11 21:30:00,,2732.619197,2732.616689,,,
2023-09-11 21:45:00,,2732.616627,2732.617986,,,
2023-09-11 22:00:00,,2732.619859,2732.615822,,,
2023-09-11 22:30:00,,2732.62309,2732.617572,,,
2023-09-11 22:45:00,,2732.619591,2732.614072,,,
2023-09-11 23:15:00,,2732.620271,2732.619156,,,
2023-09-11 23:30:00,,2732.621342,2732.611478,,,
2023-09-12 00:00:00,,2732.631315,2732.616699,,,
2023-09-12 00:15:00,,2732.634546,2732.615402,,,
2023-09-12 00:30:00,,2732.628085,2732.617996,,,
2023-09-12 01:00:00,,2732.622383,2732.619747,,,
2023-09-12 01:15:00,,2732.626775,2732.61786,,,
2023-09-12 02:15:00,,2732.623102,2732.617119,,,
2023-09-12 02:30:00,,2732.61691,2732.61611,,,
2023-09-12 02:45:00,,2732.6209,2732.620907,,,
2023-09-12 03:00:00,,2732.611967,2732.614813,,,
2023-09-12 03:15:00,,2732.613716,2732.616993,,,
2023-09-12 03:45:00,,2732.606354,2732.617987,,,
2023-09-12 04:00:00,,2732.597421,2732.61712,,,
2023-09-12 04:15:00,,2732.608563,2732.617573,,,
2023-09-12 04:45:00,,2732.615024,2732.621774,,,
2023-09-12 05:00:00,,2732.599939,2732.61844,,,
2023-09-12 05:15:00,,2732.59886,2732.616563,,,
2023-09-12 05:30:00,,2732.593881,2732.61786,,,
2023-09-12 06:30:00,,2732.604705,2732.61701,,,
2023-09-12 06:45:00,,2732.602545,2732.61584,,,
2023-09-12 07:15:00,,2732.605776,2732.615266,,,
2023-09-12 08:00:00,,2732.606496,2732.619157,,,
2023-09-12 08:15:00,,2732.612647,2732.617734,,,
2023-09-12 08:30:00,,2732.611476,2732.616564,,,
2023-09-12 08:45:00,,2732.629523,2732.619159,,,
2023-09-12 09:00:00,,2732.609726,2732.617861,,,
2023-09-12 09:30:00,,2732.61367,2732.620908,,,
2023-09-12 10:30:00,,2732.612229,2732.618441,,,
2023-09-12 11:00:00,,2732.616229,2732.617144,,,
2023-09-12 12:00:00,,2732.638175,2732.617018,,,
2023-09-12 12:15:00,,2732.641097,2732.618762,,,
2023-09-12 12:45:00,,2732.621029,2732.620329,,,
2023-09-12 13:15:00,,2732.618397,2732.614871,,,
2023-09-12 13:30:00,,2732.639333,2732.616422,,,
2023-09-12 13:45:00,,2732.618216,2732.616852,,,
2023-09-12 14:00:00,,2732.614985,2732.621196,,,
2023-09-12 14:30:00,,2732.619197,2732.619319,,,
2023-09-12 14:45:00,,2732.618207,2732.620616,,,
2023-09-12 15:15:00,,2732.615243,2732.622368,,,
2023-09-12 15:30:00,,2732.616993,2732.619034,,,
2023-09-12 16:00:00,,2732.620224,2732.620783,,,
2023-09-12 17:30:00,,2732.614919,2732.623241,,,
2023-09-12 18:00:00,,2732.615237,2732.620331,,,
2023-09-12 19:15:00,,2732.623538,2732.624538,,,
2023-09-12 20:00:00,,2732.61995,2732.621069,,,
2023-09-12 20:30:00,,2732.615547,2732.624245,,,
2023-09-12 20:45:00,,2732.614566,2732.621651,,,
2023-09-12 21:00:00,,2732.62888,2732.622948,,,
2023-09-12 21:30:00,,2732.626418,2732.626735,,,
2023-09-12 21:45:00,,2732.63063,2732.625995,,,
2023-09-12 22:00:00,,2732.629649,2732.625438,,,
2023-09-12 23:00:00,,2732.627399,2732.623401,,,
2023-09-12 23:45:00,,2732.624168,2732.621649,,,
2023-09-13 00:00:00,,2732.623899,2732.622946,,,
2023-09-13 00:30:00,,2732.630049,2732.625868,,,
2023-09-13 01:00:00,,2732.624969,2732.625541,,,
2023-09-13 01:30:00,,2732.630629,2732.622821,,,
2023-09-13 01:45:00,,2732.630361,2732.624118,,,
2023-09-13 02:45:00,,2732.627528,2732.62149,,,
2023-09-13 03:30:00,,2732.631929,2732.620065,,,
2023-09-13 04:00:00,,2732.630448,2732.624409,,,
2023-09-13 04:15:00,,2732.634849,2732.626034,,,
2023-09-13 05:00:00,,2732.635419,2732.624014,,,
2023-09-13 05:15:00,,2732.630749,2732.621547,,,
2023-09-13 05:30:00,,2732.628999,2732.618499,,,
2023-09-13 05:45:00,,2732.631919,2732.618372,,,
2023-09-13 06:00:00,,2732.632909,2732.621419,,,
2023-09-13 06:15:00,,2732.632907,2732.620966,,,
2023-09-13 06:30:00,,2732.633978,2732.621092,,,
2023-09-13 07:15:00,,2732.647722,2732.621815,,,
2023-09-13 07:30:00,,2732.654763,2732.617202,,,
2023-09-13 07:45:00,,2732.652023,2732.619796,,,
2023-09-13 08:00:00,,2732.654181,2732.620518,,,
2023-09-13 08:15:00,,2732.630477,2732.617471,,,
2023-09-13 08:30:00,,2732.64906,2732.627457,,,
2023-09-13 08:45:00,,2732.630475,2732.619341,,,
2023-09-13 09:15:00,,2732.632635,2732.626574,,,
2023-09-13 09:30:00,,2732.637345,2732.614876,,,
2023-09-13 09:45:00,,2732.633704,2732.627871,,,
2023-09-13 10:00:00,,2732.634383,2732.623955,,,
2023-09-13 11:00:00,,2732.6294,2732.626119,,,
2023-09-13 11:15:00,,2732.619307,2732.62495,,,
2023-09-13 11:30:00,,2732.628546,2732.628754,,,
2023-09-13 11:45:00,,2732.65077,2732.623111,,,
2023-09-13 12:00:00,,,2732.626732,,,
2023-09-13 12:15:00,,2732.636855,2732.626152,,,
2023-09-13 12:45:00,,2732.626482,2732.625722,,,
2023-09-13 13:00:00,,2732.626803,2732.622676,,,
2023-09-13 13:15:00,,2732.631194,2732.623095,,,
2023-09-13 13:30:00,,2732.62689,2732.624265,,,
2023-09-13 13:45:00,,2732.62514,2732.625562,,,
2023-09-13 14:00:00,,2732.626211,2732.625132,,,
2023-09-13 14:30:00,,2732.626888,2732.622514,,,
2023-09-13 14:45:00,,2732.625408,2732.623524,,,
2023-09-13 15:00:00,,2732.626129,2732.626858,,,
2023-09-13 15:15:00,,2732.623658,2732.628155,,,
2023-09-13 15:30:00,,2732.625137,2732.626118,,,
2023-09-13 15:45:00,,2732.626887,2732.627288,,,
2023-09-13 16:00:00,,2732.628636,2732.629038,,,
2023-09-13 16:15:00,,2732.625135,2732.625991,,,
2023-09-13 17:00:00,,2732.627598,2732.624239,,,
2023-09-13 17:30:00,,2732.628774,2732.629324,,,
2023-09-13 18:15:00,,2732.629756,2732.631075,,,
2023-09-13 19:00:00,,2732.628587,2732.626569,,,
2023-09-13 19:15:00,,2732.632585,2732.629061,,,
2023-09-13 19:30:00,,2732.630567,2732.628607,,,
2023-09-13 19:45:00,,2732.633798,2732.629904,,,
2023-09-13 20:15:00,,2732.627587,2732.628177,,,
2023-09-13 20:45:00,,2732.634638,2732.630517,,,
2023-09-13 21:00:00,,2732.636529,2732.628767,,,
2023-09-13 21:15:00,,2732.633298,2732.630786,,,
2023-09-13 21:45:00,,2732.631138,2732.629616,,,
2023-09-13 22:00:00,,2732.632308,2732.630064,,,
2023-09-13 22:30:00,,2732.63231,2732.629197,,,
2023-09-13 23:30:00,,2732.631141,2732.630493,,,
2023-09-13 23:45:00,,2732.635131,2732.632244,,,
2023-09-14 00:00:00,,2732.63365,2732.630947,,,
2023-09-14 00:15:00,,2732.63289,2732.629196,,,
2023-09-14 00:30:00,,2732.632569,2732.632107,,,
2023-09-14 01:00:00,,2732.636121,2732.630947,,,
2023-09-14 01:15:00,,2732.637283,2732.629059,,,
2023-09-14 01:30:00,,2732.632893,2732.628766,,,
2023-09-14 01:45:00,,2732.634052,2732.629926,,,
2023-09-14 02:30:00,,2732.634053,2732.628629,,,
2023-09-14 02:45:00,,2732.637793,2732.632393,,,
2023-09-14 04:15:00,,2732.638764,2732.63252,,,
2023-09-14 05:45:00,,2732.63263,2732.629473,,,
2023-09-14 06:15:00,,2732.63164,2732.626879,,,
2023-09-14 06:45:00,,2732.634372,2732.630946,,,
2023-09-14 07:15:00,,2732.638593,2732.628748,,,
2023-09-14 07:30:00,,2732.638591,2732.630498,,,
2023-09-14 07:45:00,,2732.634102,2732.626997,,,
2023-09-14 08:00:00,,2732.634682,2732.628874,,,
2023-09-14 08:45:00,,2732.63468,2732.625827,,,
2023-09-14 09:15:00,,2732.63616,2732.628874,,,
2023-09-14 09:30:00,,2732.636481,2732.625964,,,
2023-09-14 09:45:00,,2732.636159,2732.627864,,,
2023-09-14 10:00:00,,2732.635177,2732.630911,,,
2023-09-14 10:15:00,,2732.634999,2732.631048,,,
2023-09-14 10:30:00,,2732.634997,2732.629751,,,
2023-09-14 11:00:00,,2732.637638,2732.632208,,,
2023-09-14 11:15:00,,2732.632924,2732.629161,,,
2023-09-14 12:15:00,,2732.636153,2732.628873,,,
2023-09-14 12:30:00,,2732.632922,2732.627863,,,
2023-09-14 12:45:00,,2732.634672,2732.627576,,,
2023-09-14 13:00:00,,2732.63467,2732.631919,,,
2023-09-14 13:45:00,,2732.635159,2732.628746,,,
2023-09-14 14:00:00,,2732.634089,2732.63091,,,
2023-09-14 14:30:00,,2732.655457,2732.63266,,,
2023-09-14 14:45:00,,2732.641813,2732.622667,,,
2023-09-14 15:00:00,,2732.63714,2732.621411,,,
2023-09-14 15:15:00,,2732.632836,2732.620112,,,
2023-09-14 15:30:00,,2732.637807,2732.624011,,,
2023-09-14 15:45:00,,2732.628752,2732.612847,,,
2023-09-14 16:00:00,,2732.62304,2732.623126,,,
2023-09-14 16:15:00,,2732.632999,2732.628376,,,
2023-09-14 16:30:00,,2732.616143,2732.621414,,,
2023-09-14 16:45:00,,2732.627896,2732.626626,,,
2023-09-14 17:15:00,,2732.620132,2732.617977,,,
2023-09-14 17:30:00,,2732.619042,2732.616227,,,
2023-09-14 17:45:00,,2732.621863,2732.621438,,,
2023-09-14 18:15:00,,2732.618508,2732.626761,,,
2023-09-14 18:30:00,,2732.618999,2732.626308,,,
2023-09-14 18:45:00,,2732.614288,2732.629356,,,
2023-09-14 19:00:00,,2732.608503,2732.635284,,,
2023-09-14 19:15:00,,2732.619679,2732.637878,,,
2023-09-14 19:30:00,,2732.621738,2732.629379,,,
2023-09-14 19:45:00,,2732.62147,2732.631399,,,
2023-09-14 20:00:00,,2732.619989,2732.630557,,,
2023-09-14 20:15:00,,2732.6282,2732.63144,,,
2023-09-14 20:30:00,,2732.63507,2732.626658,,,
2023-09-14 20:45:00,,2732.615007,2732.626659,,,
2023-09-14 21:00:00,,2732.616898,2732.627956,,,
2023-09-14 21:15:00,,2732.615719,2732.633144,,,
2023-09-14 21:45:00,,2732.62334,2732.637353,,,
2023-09-14 22:00:00,,2732.637263,2732.631848,,,
2023-09-14 22:15:00,,2732.645605,2732.626627,,,
2023-09-14 22:30:00,,2732.633353,2732.638788,,,
2023-09-14 22:45:00,,2732.629041,2732.638651,,,
2023-09-14 23:00:00,,2732.623668,2732.641243,,,
2023-09-14 23:15:00,,2732.62406,2732.631711,,,
2023-09-14 23:30:00,,2732.619669,2732.629254,,,
2023-09-14 23:45:00,,2732.626531,2732.634759,,,
2023-09-15 00:00:00,,2732.62362,2732.630552,,,
2023-09-15 00:15:00,,2732.630081,2732.632302,,,
2023-09-15 00:30:00,,2732.62627,2732.633146,,,
2023-09-15 00:45:00,,2732.62685,2732.632303,,,
2023-09-15 01:00:00,,2732.629089,2732.6336,,,
2023-09-15 01:15:00,,2732.631292,2732.634897,,,
2023-09-15 01:45:00,,2732.62949,2732.635214,,,
2023-09-15 02:00:00,,2732.634021,2732.633601,,,
2023-09-15 02:15:00,,2732.636181,2732.634898,,,
2023-09-15 02:30:00,,2732.640572,2732.636511,,,
2023-09-15 02:45:00,,2732.637341,2732.634761,,,
2023-09-15 03:00:00,,2732.638141,2732.640402,,,
2023-09-15 03:15:00,,2732.641372,2732.637808,,,
2023-09-15 03:45:00,,2732.642361,2732.640855,,,
2023-09-15 04:00:00,,2732.643842,2732.637809,,,
2023-09-15 04:15:00,,2732.640611,2732.632725,,,
2023-09-15 04:30:00,,2732.640217,2732.635772,,,
2023-09-15 05:00:00,,2732.64209,2732.635771,,,
2023-09-15 05:15:00,,2732.64281,2732.628833,,,
2023-09-15 05:30:00,,2732.638097,2732.63087,,,
2023-09-15 05:45:00,,2732.639578,2732.632167,,,
2023-09-15 06:00:00,,2732.654572,2732.634898,,,
2023-09-15 06:15:00,,2732.652822,2732.633601,,,
2023-09-15 06:30:00,,2732.653499,2732.637946,,,
2023-09-15 06:45:00,,2732.655249,2732.635352,,,
2023-09-15 07:00:00,,2732.649278,2732.639965,,,
2023-09-15 07:15:00,,2732.649276,2732.636918,,,
2023-09-15 07:30:00,,2732.654568,2732.637952,,,
2023-09-15 07:45:00,,2732.66467,2732.636202,,,
2023-09-15 08:00:00,,2732.676502,2732.631443,,,
2023-09-15 08:15:00,,2732.652816,2732.631857,,,
2023-09-15 08:30:00,,2732.664398,2732.635191,,,
2023-09-15 08:45:00,,2732.672921,2732.634021,,,
2023-09-15 09:00:00,,2732.656087,2732.635318,,,
2023-09-15 09:30:00,,2732.652542,2732.632269,,,
2023-09-15 09:45:00,,2732.650622,2732.630242,,,
2023-09-15 10:00:00,,2732.653853,2732.634586,,,
2023-09-15 10:15:00,,2732.652101,2732.632836,,,
2023-09-15 10:30:00,,2732.653172,2732.63675,,,
2023-09-15 11:00:00,,2732.653847,2732.63329,,,
2023-09-15 11:15:00,,2732.652097,2732.63154,,,
2023-09-15 11:30:00,,2732.655308,2732.632118,,,
2023-09-15 12:00:00,,2732.655057,2732.635452,,,
2023-09-15 12:30:00,,2732.659545,2732.636335,,,
2023-09-15 12:45:00,,2732.654733,2732.635315,,,
2023-09-15 13:00:00,,2732.656483,2732.632268,,,
2023-09-15 13:15:00,,2732.657473,2732.633278,,,
2023-09-15 13:30:00,,2732.656792,2732.633276,,,
2023-09-15 13:45:00,,2732.653963,2732.63704,,,
2023-09-15 14:15:00,,2732.657192,2732.633993,,,
2023-09-15 14:30:00,,2732.654231,2732.635743,,,
2023-09-15 15:00:00,,2732.65544,2732.638337,,,
2023-09-15 15:15:00,,2732.658671,2732.637038,,,
2023-09-15 15:30:00,,2732.65396,2732.633991,,,
2023-09-15 15:45:00,,2732.657197,2732.636609,,,
2023-09-15 16:15:00,,2732.670389,2732.636322,,,
2023-09-15 16:30:00,,2732.655708,2732.639076,,,
2023-09-15 16:45:00,,2732.658938,2732.640826,,,
2023-09-15 17:00:00,,2732.653958,2732.63399,,,
2023-09-15 17:15:00,,2732.655706,2732.637037,,,
2023-09-15 17:45:00,,2732.657955,2732.643871,,,
2023-09-15 18:00:00,,2732.654536,2732.636607,,,
2023-09-15 18:15:00,,2732.657464,2732.637617,,,
2023-09-15 18:30:00,,2732.653244,2732.635309,,,
2023-09-15 18:45:00,,2732.655714,2732.636606,,,
2023-09-15 19:00:00,,2732.654724,2732.6427,,,
2023-09-15 19:15:00,,2732.660026,2732.638079,,,
2023-09-15 19:30:00,,2732.656036,2732.636329,,,
2023-09-15 19:45:00,,2732.655046,2732.639663,,,
2023-09-15 20:15:00,,2732.657769,2732.640241,,,
2023-09-15 20:30:00,,2732.656469,2732.645182,,,
2023-09-15 20:45:00,,2732.663241,2732.642714,,,
2023-09-15 21:00:00,,2732.661491,2732.644011,,,
2023-09-15 21:15:00,,2732.66001,2732.640964,,,
2023-09-15 21:30:00,,2732.65826,2732.638944,,,
2023-09-15 21:45:00,,2732.655609,2732.639794,,,
2023-09-15 22:00:00,,2732.65884,2732.642841,,,
2023-09-15 22:30:00,,2732.663243,2732.642714,,,
2023-09-15 22:45:00,,2732.664723,2732.642259,,,
2023-09-15 23:00:00,,2732.663512,2732.644464,,,
2023-09-15 23:15:00,,2732.658262,2732.640962,,,
2023-09-15 23:45:00,,2732.661762,2732.642713,,,
2023-09-16 00:00:00,,2732.656781,2732.644009,,,
2023-09-16 00:15:00,,2732.658533,2732.647056,,,
2023-09-16 00:45:00,,2732.659834,2732.63952,,,
2023-09-16 02:00:00,,2732.659254,2732.63894,,,
2023-09-16 02:15:00,,2732.656023,2732.640237,,,
2023-09-16 02:30:00,,2732.662756,2732.64244,,,
2023-09-16 02:45:00,,2732.659525,2732.643737,,,
2023-09-16 03:00:00,,2732.663656,2732.644907,,,
2023-09-16 03:45:00,,2732.662176,2732.64388,,,
2023-09-16 04:00:00,,2732.660426,2732.645177,,,
2023-09-16 04:45:00,,2732.661006,2732.641986,,,
2023-09-16 05:30:00,,2732.654545,2732.64271,,,
2023-09-16 05:45:00,,2732.656024,2732.642708,,,
2023-09-16 06:00:00,,2732.656335,2732.642835,,,
2023-09-16 06:15:00,,2732.650633,2732.641538,,,
2023-09-16 06:30:00,,2732.665716,2732.644585,,,
2023-09-16 06:45:00,,2732.667197,2732.643575,,,
2023-09-16 07:00:00,,2732.666037,2732.645462,,,
2023-09-16 07:30:00,,2732.666306,2732.645915,,,
2023-09-16 07:45:00,,2732.661324,2732.644165,,,
2023-09-16 08:00:00,,2732.663384,2732.641245,,,
2023-09-16 08:30:00,,2732.664865,2732.639949,,,
2023-09-16 08:45:00,,2732.660651,2732.639947,,,
2023-09-16 09:00:00,,2732.660962,2732.638324,,,
2023-09-16 09:15:00,,2732.662712,2732.638777,,,
2023-09-16 09:30:00,,2732.65921,2732.637027,,,
2023-09-16 09:45:00,,2732.65962,2732.637314,,,
2023-09-16 10:00:00,,2732.656979,2732.636607,,,
2023-09-16 10:15:00,,2732.65671,2732.633105,,,
2023-09-16 10:30:00,,2732.658458,2732.634857,,,
2023-09-16 10:45:00,,2732.661687,2732.633558,,,
2023-09-16 11:30:00,,2732.659885,2732.639064,,,
2023-09-16 11:45:00,,2732.658134,2732.636015,,,
2023-09-16 12:00:00,,2732.657454,2732.635275,,,
2023-09-16 12:30:00,,2732.655972,2732.638322,,,
2023-09-16 12:45:00,,2732.659201,2732.637025,,,
2023-09-16 13:00:00,,2732.660182,2732.639062,,,
2023-09-16 13:15:00,,2732.660369,2732.640232,,,
2023-09-16 14:00:00,,2732.653905,2732.639492,,,
2023-09-16 14:15:00,,2732.658118,2732.636443,,,
2023-09-16 14:45:00,,2732.656637,2732.638193,,,
2023-09-16 15:00:00,,2732.655655,2732.64124,,,
2023-09-16 15:15:00,,2732.657807,2732.64066,,,
2023-09-16 15:30:00,,2732.656057,2732.638623,,,
2023-09-16 15:45:00,,2732.661036,2732.637326,,,
2023-09-16 16:30:00,,2732.656635,2732.639489,,,
2023-09-16 17:00:00,,2732.655155,2732.638192,,,
2023-09-16 18:30:00,,2732.661617,2732.644285,,,
2023-09-16 18:45:00,,2732.656636,2732.641237,,,
2023-09-16 19:15:00,,2732.659556,2732.642407,,,
2023-09-16 20:00:00,,2732.657715,2732.643114,,,
2023-09-16 20:30:00,,2732.660635,2732.648071,,,
2023-09-16 21:00:00,,2732.658475,2732.642555,,,
2023-09-16 21:15:00,,2732.658885,2732.640805,,,
2023-09-16 21:30:00,,2732.659475,2732.642692,,,
2023-09-16 21:45:00,,2732.656244,2732.638348,,,
2023-09-16 22:45:00,,2732.657994,2732.643415,,,
2023-09-17 00:00:00,,2732.657315,2732.642245,,,
2023-09-17 00:15:00,,2732.654086,2732.639196,,,
2023-09-17 01:00:00,,2732.657996,2732.640097,,,
2023-09-17 01:15:00,,2732.659477,2732.64471,,,
2023-09-17 01:30:00,,2732.655977,2732.641663,,,
2023-09-17 03:30:00,,2732.660637,2732.64762,,,
2023-09-17 04:15:00,,2732.657676,2732.646323,,,
2023-09-17 04:45:00,,2732.659156,2732.644303,,,
2023-09-17 05:15:00,,2732.659478,2732.641393,,,
2023-09-17 05:30:00,,2732.656246,2732.640096,,,
2023-09-17 06:00:00,,2732.657407,2732.642553,,,
2023-09-17 06:45:00,,2732.661228,2732.64444,,,
2023-09-17 07:15:00,,2732.657728,2732.640364,,,
2023-09-17 07:45:00,,2732.658308,2732.642241,,,
2023-09-17 09:00:00,,2732.656558,2732.639194,,,
2023-09-17 09:30:00,,2732.650587,2732.641788,,,
2023-09-17 10:00:00,,2732.652068,2732.640038,,,
2023-09-17 10:15:00,,2732.650898,2732.639608,,,
2023-09-17 10:30:00,,2732.652066,2732.638741,,,
2023-09-17 11:00:00,,2732.653816,2732.637443,,,
2023-09-17 11:15:00,,2732.654806,2732.63874,,,
2023-09-17 11:45:00,,2732.651575,2732.640037,,,
2023-09-17 12:15:00,,2732.654226,2732.63991,,,
2023-09-17 12:30:00,,2732.650995,2732.63789,,,
2023-09-17 13:00:00,,2732.654216,2732.640347,,,
2023-09-17 13:15:00,,2732.655964,2732.645144,,,
2023-09-17 13:30:00,,2732.654214,2732.63905,,,
2023-09-17 13:45:00,,2732.653135,2732.639767,,,
2023-09-17 14:00:00,,2732.654885,2732.642527,,,
2023-09-17 14:15:00,,2732.657536,2732.643697,,,
2023-09-17 14:30:00,,2732.655376,2732.638613,,,
2023-09-17 15:00:00,,2732.656366,2732.636861,,,
2023-09-17 15:45:00,,2732.654295,2732.641068,,,
2023-09-17 16:45:00,,2732.652543,2732.639318,,,
2023-09-17 17:00:00,,2732.652545,2732.634974,,,
2023-09-17 17:45:00,,2732.655285,2732.638019,,,
2023-09-17 18:15:00,,2732.651064,2732.641067,,,
2023-09-17 18:30:00,,2732.651654,2732.639906,,,
2023-09-17 19:15:00,,2732.656045,2732.63977,,,
2023-09-17 20:45:00,,2732.653404,2732.641657,,,
2023-09-17 21:30:00,,2732.656637,2732.643694,,,
2023-09-17 21:45:00,,2732.653406,2732.639348,,,
2023-09-17 22:00:00,,2732.657797,2732.643555,,,
2023-09-17 22:30:00,,2732.651656,2732.641942,,,
2023-09-17 23:15:00,,2732.654568,2732.639768,,,
2023-09-17 23:30:00,,2732.658066,2732.644565,,,
