Date_Time,P4_WSE,P4_gw_left,P4_gw_right,P4_h_left,P4_h_right,P4_h_average
2022-03-02 00:15:00,2733.035242,2732.109161,2732.346066,-0.9260810000000674,-0.6891759999998612,-0.8076284999999643
2022-03-02 00:30:00,2733.034076,2732.114374,2732.343602,-0.9197019999996883,-0.6904739999999947,-0.8050879999998415
2022-03-02 00:45:00,2733.034659,2732.114957,2732.344187,-0.919702000000143,-0.6904719999997724,-0.8050869999999577
2022-03-02 01:00:00,2733.035242,2732.112311,2732.341723,-0.9229310000000623,-0.6935189999999238,-0.8082249999999931
2022-03-02 01:15:00,2733.034076,2732.111145,2732.340557,-0.9229310000000623,-0.6935189999999238,-0.8082249999999931
2022-03-02 01:30:00,2733.034659,2732.116028,2732.344639,-0.9186310000000049,-0.6900200000000041,-0.8043255000000045
2022-03-02 01:45:00,2733.036992,2732.116611,2732.346518,-0.9203809999999066,-0.6904739999999947,-0.8054274999999507
2022-03-02 02:00:00,2733.036992,2732.112392,2732.343473,-0.9245999999998276,-0.6935189999999238,-0.8090594999998757
2022-03-02 02:15:00,2733.038158,2732.113558,2732.348982,-0.9245999999998276,-0.6891759999998612,-0.8068879999998444
2022-03-02 02:30:00,2733.035826,2732.113385,2732.342306,-0.9224409999997079,-0.6935199999998076,-0.8079804999997577
2022-03-02 03:30:00,2733.03349,2732.112797,2732.342437,-0.9206930000000284,-0.6910530000000108,-0.8058730000000196
2022-03-02 03:45:00,2733.033296,2732.114085,2732.341974,-0.9192109999999047,-0.6913220000001274,-0.8052665000000161
2022-03-02 04:00:00,2733.03291,2732.112217,2732.341587,-0.9206930000000284,-0.6913230000000112,-0.8060080000000198
2022-03-02 04:15:00,2733.034076,2732.111135,2732.338411,-0.9229409999998097,-0.6956649999997353,-0.8093029999997725
2022-03-02 04:30:00,2733.034076,2732.114365,2732.341456,-0.9197110000000066,-0.6926199999998062,-0.8061654999999064
2022-03-02 05:00:00,2733.036992,2732.112802,2732.34217,-0.9241899999997258,-0.694821999999931,-0.8095059999998284
2022-03-02 05:15:00,2733.037578,2732.109256,2732.345355,-0.9283219999997527,-0.6922230000000127,-0.8102724999998827
2022-03-02 05:30:00,2733.038745,2732.105713,2732.344503,-0.9330319999999119,-0.6942420000000311,-0.8136369999999715
2022-03-02 05:45:00,2733.038741,2732.10441,2732.345217,-0.9343309999999292,-0.6935239999997975,-0.8139274999998634
2022-03-02 06:00:00,2733.039911,2732.098979,2732.347235,-0.9409319999999752,-0.6926759999996648,-0.81680399999982
2022-03-02 06:15:00,2733.04166,2732.095796,2732.346965,-0.9458639999998013,-0.6946949999996832,-0.8202794999997423
2022-03-02 06:45:00,2733.042243,2732.085968,2732.343476,-0.9562750000000051,-0.6987669999998616,-0.8275209999999333
2022-03-02 07:00:00,2733.042243,2732.083008,2732.344772,-0.9592349999998078,-0.6974709999999504,-0.8283529999998791
2022-03-02 07:15:00,2733.043993,2732.082026,2732.342179,-0.9619669999997313,-0.7018139999995583,-0.8318904999996448
2022-03-02 07:30:00,2733.044769,2732.081323,2732.342503,-0.9634460000002036,-0.7022660000002361,-0.8328560000002199
2022-03-02 08:15:00,2733.047492,2732.074976,2732.342759,-0.9725160000002688,-0.7047330000000329,-0.8386245000001509
2022-03-02 08:30:00,2733.050407,2732.073409,2732.342177,-0.9769980000000942,-0.7082300000001851,-0.8426140000001396
2022-03-02 08:45:00,2733.048855,2732.070378,2732.340624,-0.9784770000001117,-0.7082310000000689,-0.8433540000000903
2022-03-02 09:00:00,2733.050997,2732.06754,2732.339268,-0.9834569999998166,-0.7117289999996501,-0.8475929999997334
2022-03-02 09:15:00,2733.052747,2732.071214,2732.340564,-0.9815330000001268,-0.7121830000000955,-0.8468580000001111
2022-03-02 09:30:00,2733.045359,2732.079134,2732.335379,-0.9662250000001222,-0.7099800000000869,-0.8381025000001046
2022-03-02 09:45:00,2733.032913,2732.085257,2732.335895,-0.9476559999998244,-0.6970179999998436,-0.822336999999834
2022-03-02 10:00:00,2733.028248,2732.089523,2732.333433,-0.9387249999999767,-0.6948150000002897,-0.8167700000001332
2022-03-02 10:15:00,2733.029998,2732.094231,2732.335181,-0.9357669999999416,-0.6948170000000573,-0.8152919999999995
2022-03-02 10:30:00,2733.028248,2732.096702,2732.336478,-0.9315460000002531,-0.6917699999999058,-0.8116580000000795
2022-03-02 11:00:00,2733.029998,2732.100644,2732.337218,-0.9293539999998757,-0.692779999999857,-0.8110669999998663
2022-03-02 11:30:00,2733.029025,2732.104382,2732.336245,-0.9246429999998327,-0.692779999999857,-0.8087114999998448
2022-03-02 11:45:00,2733.028828,2732.100686,2732.336048,-0.9281419999997524,-0.692779999999857,-0.8104609999998047
2022-03-02 12:00:00,2733.027662,2732.10598,2732.334882,-0.9216820000001462,-0.692779999999857,-0.8072310000000016
2022-03-02 12:30:00,2733.027468,2732.104307,2732.334401,-0.9231610000001638,-0.6930670000001555,-0.8081140000001596
2022-03-02 13:00:00,2733.028831,2732.109211,2732.335312,-0.9196200000001227,-0.6935189999999238,-0.8065695000000233
2022-03-02 13:15:00,2733.03233,2732.110691,2732.338357,-0.9216390000001411,-0.6939729999999145,-0.8078060000000278
2022-03-02 13:30:00,2733.032137,2732.108258,2732.338164,-0.9238789999999426,-0.6939730000003692,-0.8089260000001559
2022-03-02 13:45:00,2733.034083,2732.105492,2732.338362,-0.9285909999998694,-0.6957210000000487,-0.812155999999959
2022-03-02 14:00:00,2733.036415,2732.108235,2732.336925,-0.9281799999998839,-0.6994899999999689,-0.8138349999999264
2022-03-02 14:15:00,2733.032134,2732.107943,2732.338609,-0.9241910000000644,-0.6935250000001361,-0.8088580000001002
2022-03-02 14:30:00,2733.03174,2732.10607,2732.338937,-0.9256700000000819,-0.6928029999999126,-0.8092364999999972
2022-03-02 14:45:00,2733.034656,2732.107235,2732.338085,-0.9274209999998675,-0.696570999999949,-0.8119959999999082
2022-03-02 15:00:00,2733.035239,2732.104589,2732.336917,-0.9306499999997868,-0.6983219999997345,-0.8144859999997607
2022-03-02 15:15:00,2733.035046,2732.107895,2732.337178,-0.927150999999867,-0.6978679999997439,-0.8125094999998055
2022-03-02 15:30:00,2733.034076,2732.106925,2732.336208,-0.927150999999867,-0.6978679999997439,-0.8125094999998055
2022-03-02 15:45:00,2733.032327,2732.103303,2732.337505,-0.9290240000000267,-0.694821999999931,-0.8119229999999789
2022-03-02 16:00:00,2733.032327,2732.100074,2732.335468,-0.932252999999946,-0.6968589999996766,-0.8145559999998113
2022-03-02 16:15:00,2733.03291,2732.100657,2732.336051,-0.932252999999946,-0.6968589999996766,-0.8145559999998113
2022-03-02 16:30:00,2733.033493,2732.09976,2732.337932,-0.9337329999998474,-0.6955609999999979,-0.8146469999999226
2022-03-02 16:45:00,2733.032327,2732.098594,2732.336764,-0.9337329999998474,-0.6955629999997655,-0.8146479999998064
2022-03-02 17:30:00,2733.031744,2732.098011,2732.339229,-0.9337329999998474,-0.6925149999997302,-0.8131239999997888
2022-03-02 18:00:00,2733.031744,2732.098279,2732.33968,-0.9334650000000693,-0.6920639999998457,-0.8127644999999575
2022-03-02 18:15:00,2733.0333,2732.102796,2732.339488,-0.930503999999928,-0.6938119999999799,-0.812157999999954
2022-03-02 18:30:00,2733.033496,2732.103261,2732.340137,-0.9302349999998114,-0.693358999999873,-0.8117969999998422
2022-03-02 18:45:00,2733.035246,2732.102272,2732.338841,-0.932973999999831,-0.6964050000001407,-0.8146894999999859
2022-03-02 19:00:00,2733.035246,2732.106162,2732.341434,-0.9290839999998752,-0.6938119999999799,-0.8114479999999276
2022-03-02 19:15:00,2733.034856,2732.107252,2732.343081,-0.9276040000004286,-0.6917750000002343,-0.8096895000003315
2022-03-02 19:30:00,2733.034466,2732.103242,2732.34269,-0.9312239999999292,-0.6917760000001181,-0.8115000000000236
2022-03-02 19:45:00,2733.036605,2732.102151,2732.341784,-0.9344539999997323,-0.6948209999995925,-0.8146374999996624
2022-03-02 20:00:00,2733.035826,2732.101371,2732.339707,-0.9344549999996161,-0.6961189999997259,-0.815286999999671
2022-03-02 20:15:00,2733.035826,2732.103511,2732.344049,-0.9323150000000169,-0.6917770000000019,-0.8120460000000094
2022-03-02 20:45:00,2733.035242,2732.101939,2732.346513,-0.9333029999997962,-0.6887289999999666,-0.8110159999998814
2022-03-02 21:30:00,2733.035826,2732.104002,2732.342752,-0.9318239999997786,-0.6930739999997968,-0.8124489999997877
2022-03-02 23:00:00,2733.037575,2732.107911,2732.345799,-0.9296639999997751,-0.6917759999996633,-0.8107199999997192
2022-03-02 23:15:00,2733.038158,2732.107814,2732.347106,-0.9303439999998773,-0.6910519999996723,-0.8106979999997748
2022-03-02 23:30:00,2733.038741,2732.109386,2732.345669,-0.9293549999997595,-0.6930720000000292,-0.8112134999998943
2022-03-02 23:45:00,2733.036992,2732.104506,2732.34392,-0.9324859999996988,-0.6930720000000292,-0.812778999999864
2022-03-03 00:30:00,2733.035826,2732.10795,2732.344773,-0.9278759999997419,-0.6910530000000108,-0.8094644999998764
2022-03-03 00:45:00,2733.036995,2732.105481,2732.342753,-0.9315139999998792,-0.6942420000000311,-0.8128779999999551
2022-03-03 01:45:00,2733.033686,2732.105419,2732.343661,-0.9282670000002327,-0.6900250000003325,-0.8091460000002826
2022-03-03 02:00:00,2733.035046,2732.106779,2732.342696,-0.9282669999997779,-0.6923499999998057,-0.8103084999997918
2022-03-03 02:30:00,2733.035826,2732.109699,2732.346523,-0.9261269999997239,-0.6893029999996543,-0.8077149999996891
2022-03-03 03:00:00,2733.036409,2732.108533,2732.348402,-0.9278759999997419,-0.6880069999997431,-0.8079414999997425
2022-03-03 03:30:00,2733.037575,2732.111778,2732.343207,-0.925796999999875,-0.6943679999999404,-0.8100824999999077
2022-03-03 03:45:00,2733.036215,2732.113649,2732.344893,-0.9225660000001881,-0.6913220000001274,-0.8069440000001578
2022-03-03 04:00:00,2733.035246,2732.111198,2732.345673,-0.924047999999857,-0.6895730000001095,-0.8068104999999832
2022-03-03 04:30:00,2733.038355,2732.117658,2732.34658,-0.9206970000000183,-0.6917750000002343,-0.8062360000001263
2022-03-03 04:45:00,2733.036799,2732.114622,2732.348069,-0.9221769999999196,-0.6887299999998504,-0.805453499999885
2022-03-03 05:15:00,2733.036412,2732.117466,2732.346385,-0.918945999999778,-0.6900270000001001,-0.804486499999939
2022-03-03 05:30:00,2733.035246,2732.117282,2732.34522,-0.9179639999997562,-0.6900259999997616,-0.8039949999997589
2022-03-03 05:45:00,2733.035829,2732.113652,2732.345802,-0.9221769999999196,-0.6900270000001001,-0.8061020000000099
2022-03-03 06:00:00,2733.034663,2732.115217,2732.34334,-0.9194459999998799,-0.6913230000000112,-0.8053844999999455
2022-03-03 06:45:00,2733.038745,2732.11903,2732.348718,-0.9197149999999965,-0.6900269999996453,-0.8048709999998209
2022-03-03 07:15:00,2733.038745,2732.115801,2732.345674,-0.9229439999999158,-0.6930709999996907,-0.8080074999998033
2022-03-03 07:45:00,2733.038161,2732.119928,2732.343792,-0.9182329999998728,-0.6943689999998242,-0.8063009999998485
2022-03-03 08:15:00,2733.036605,2732.115141,2732.343533,-0.9214639999995597,-0.6930719999995745,-0.8072679999995671
2022-03-03 08:30:00,2733.039324,2732.112881,2732.3458,-0.9264429999998356,-0.6935239999997975,-0.8099834999998166
2022-03-03 09:15:00,2733.033103,2732.116619,2732.344827,-0.9164840000003096,-0.6882760000003145,-0.8023800000003121
2022-03-03 09:30:00,2733.032323,2732.113109,2732.342298,-0.9192140000000109,-0.6900249999998778,-0.8046194999999443
2022-03-03 09:45:00,2733.030574,2732.111359,2732.340548,-0.9192149999998946,-0.6900259999997616,-0.8046204999998281
2022-03-03 10:00:00,2733.029991,2732.113237,2732.339965,-0.9167539999998553,-0.6900259999997616,-0.8033899999998084
2022-03-03 10:15:00,2733.029991,2732.110277,2732.338668,-0.919713999999658,-0.6913230000000112,-0.8055184999998346
2022-03-03 10:30:00,2733.030574,2732.11557,2732.339251,-0.9150039999999535,-0.6913230000000112,-0.8031634999999824
2022-03-03 10:45:00,2733.029408,2732.111174,2732.338086,-0.9182339999997566,-0.6913219999996727,-0.8047779999997147
2022-03-03 11:15:00,2733.032323,2732.111681,2732.342568,-0.9206420000000435,-0.6897549999998773,-0.8051984999999604
2022-03-03 11:30:00,2733.029408,2732.110513,2732.340104,-0.9188949999997931,-0.6893039999999928,-0.8040994999998929
2022-03-03 11:45:00,2733.03174,2732.112577,2732.343281,-0.9191630000000259,-0.6884589999999662,-0.8038109999999961
2022-03-03 12:00:00,2733.03213,2732.108257,2732.3434,-0.9238730000001851,-0.6887299999998504,-0.8063015000000178
2022-03-03 12:15:00,2733.032327,2732.111193,2732.342301,-0.9211339999997108,-0.6900259999997616,-0.8055799999997362
2022-03-03 12:30:00,2733.03291,2732.111508,2732.342432,-0.9214019999999437,-0.6904779999999846,-0.8059399999999641
2022-03-03 12:45:00,2733.030967,2732.110822,2732.342237,-0.9201450000000477,-0.6887300000003052,-0.8044375000001764
2022-03-03 13:00:00,2733.029421,2732.110437,2732.341565,-0.9189840000003642,-0.6878560000000107,-0.8034200000001874
2022-03-03 13:15:00,2733.032717,2732.110413,2732.341951,-0.9223040000001674,-0.690766000000167,-0.8065350000001672
2022-03-03 13:30:00,2733.031747,2732.113064,2732.343007,-0.9186829999998736,-0.6887400000000525,-0.803711499999963
2022-03-03 13:45:00,2733.03272,2732.110808,2732.338898,-0.9219120000002476,-0.693822000000182,-0.8078670000002148
2022-03-03 14:00:00,2733.03175,2732.110909,2732.339225,-0.9208410000001095,-0.6925249999999323,-0.8066830000000209
2022-03-03 14:15:00,2733.0335,2732.109428,2732.340975,-0.9240719999997964,-0.6925249999999323,-0.8082984999998644
2022-03-03 14:45:00,2733.035056,2732.110494,2732.342531,-0.9245620000001509,-0.6925250000003871,-0.808543500000269
2022-03-03 15:00:00,2733.033503,2732.109211,2732.340708,-0.9242920000001504,-0.6927949999999328,-0.8085435000000416
2022-03-03 15:15:00,2733.033503,2732.11178,2732.343753,-0.921722999999929,-0.6897500000000036,-0.8057364999999663
2022-03-03 15:30:00,2733.034086,2732.111274,2732.343311,-0.9228120000002491,-0.6907750000000306,-0.8067935000001398
2022-03-03 15:45:00,2733.032137,2732.110103,2732.343558,-0.922034000000167,-0.688579000000118,-0.8053065000001425
2022-03-03 16:00:00,2733.035242,2732.111458,2732.344913,-0.9237840000000688,-0.6903290000000197,-0.8070565000000443
2022-03-03 16:15:00,2733.035242,2732.113209,2732.346664,-0.9220329999998285,-0.6885779999997794,-0.8053054999998039
2022-03-03 16:30:00,2733.034659,2732.110875,2732.344331,-0.9237840000000688,-0.6903280000001359,-0.8070560000001024
2022-03-03 16:45:00,2733.034076,2732.113033,2732.343748,-0.9210429999998269,-0.6903280000001359,-0.8056854999999814
2022-03-03 17:15:00,2733.03155,2732.109026,2732.34398,-0.9225240000000667,-0.6875700000000506,-0.8050470000000587
2022-03-03 17:30:00,2733.033496,2732.110972,2732.347223,-0.9225240000000667,-0.686272999999801,-0.8043984999999338
2022-03-03 18:30:00,2733.033496,2732.112453,2732.344178,-0.9210429999998269,-0.6893180000001848,-0.8051805000000058
2022-03-03 18:45:00,2733.034469,2732.113426,2732.346899,-0.9210430000002816,-0.6875700000000506,-0.8043065000001661
2022-03-03 19:00:00,2733.034666,2732.11214,2732.348393,-0.9225259999998343,-0.686272999999801,-0.8043994999998176
2022-03-03 19:30:00,2733.03175,2732.112723,2732.346383,-0.9190269999999146,-0.685367000000042,-0.8021969999999783
2022-03-03 19:45:00,2733.035249,2732.114474,2732.348133,-0.9207750000000487,-0.68711600000006,-0.8039455000000544
2022-03-03 20:15:00,2733.034666,2732.11712,2732.347837,-0.9175460000001294,-0.6868290000002162,-0.8021875000001728
2022-03-03 20:30:00,2733.034276,2732.114981,2732.346706,-0.9192949999996927,-0.6875700000000506,-0.8034324999998717
2022-03-03 20:45:00,2733.033496,2732.114861,2732.34463,-0.9186349999999948,-0.6888659999999618,-0.8037504999999783
2022-03-03 21:00:00,2733.034469,2732.115836,2732.34764,-0.9186330000002272,-0.6868290000002162,-0.8027310000002217
2022-03-03 21:30:00,2733.035053,2732.114276,2732.349232,-0.9207770000002711,-0.6858210000000327,-0.8032990000001519
2022-03-03 21:45:00,2733.035826,2732.112889,2732.348257,-0.9229369999998198,-0.6875689999997121,-0.805252999999766
2022-03-03 22:30:00,2733.03369,2732.112504,2732.346119,-0.9211860000000343,-0.6875710000003892,-0.8043785000002117
2022-03-03 22:45:00,2733.032917,2732.113889,2732.347097,-0.9190279999997983,-0.6858200000001489,-0.8024239999999736
2022-03-03 23:15:00,2733.032333,2732.111556,2732.344763,-0.9207770000002711,-0.6875700000000506,-0.8041735000001609
2022-03-03 23:30:00,2733.032137,2732.114589,2732.347613,-0.9175480000003517,-0.6845240000002377,-0.8010360000002947
2022-03-03 23:45:00,2733.032907,2732.114281,2732.345766,-0.9186259999996764,-0.6871409999998832,-0.8028834999997798
2022-03-04 00:00:00,2733.034659,2732.112703,2732.346351,-0.9219560000001366,-0.688307999999779,-0.8051319999999578
2022-03-04 00:30:00,2733.032713,2732.109277,2732.34819,-0.9234360000000379,-0.6845229999998992,-0.8039794999999685
2022-03-04 01:00:00,2733.034466,2732.11319,2732.349942,-0.9212760000000344,-0.6845240000002377,-0.8029000000001361
2022-03-04 01:15:00,2733.035246,2732.113968,2732.347677,-0.921277999999802,-0.6875689999997121,-0.804423499999757
2022-03-04 01:30:00,2733.035246,2732.113291,2732.345657,-0.921954999999798,-0.6895890000000691,-0.8057719999999335
2022-03-04 01:45:00,2733.03408,2732.113874,2732.349556,-0.92020599999978,-0.684523999999783,-0.8023649999997815
2022-03-04 02:00:00,2733.03408,2732.110643,2732.349287,-0.9234369999999217,-0.6847929999998996,-0.8041149999999107
2022-03-04 02:15:00,2733.036215,2732.112779,2732.349672,-0.9234360000000379,-0.6865430000002561,-0.804989500000147
2022-03-04 02:30:00,2733.036995,2732.118938,2732.349862,-0.9180569999998625,-0.6871329999999034,-0.8025949999998829
2022-03-04 02:45:00,2733.03272,2732.116412,2732.348346,-0.9163080000002992,-0.6843739999999343,-0.8003410000001168
2022-03-04 03:00:00,2733.036026,2732.11797,2732.350642,-0.9180560000004334,-0.6853840000003402,-0.8017200000003868
2022-03-04 03:15:00,2733.035246,2732.111817,2732.34478,-0.9234289999999419,-0.6904660000000149,-0.8069474999999784
2022-03-04 03:30:00,2733.035053,2732.112606,2732.347633,-0.9224469999999201,-0.687420000000202,-0.804933500000061
2022-03-04 04:00:00,2733.0335,2732.111322,2732.34783,-0.9221779999998034,-0.6856699999998455,-0.8039239999998244
2022-03-04 04:15:00,2733.034666,2732.11222,2732.347247,-0.9224460000000363,-0.6874189999998634,-0.8049324999999499
2022-03-04 04:30:00,2733.03272,2732.114183,2732.34822,-0.9185370000000148,-0.6845000000002983,-0.8015185000001566
2022-03-04 04:45:00,2733.036419,2732.112803,2732.34826,-0.9236160000000382,-0.6881589999998141,-0.8058874999999261
2022-03-04 05:00:00,2733.036415,2732.115449,2732.350722,-0.920966000000135,-0.6856929999999011,-0.803329500000018
2022-03-04 05:30:00,2733.033303,2732.114086,2732.348062,-0.919217000000117,-0.6852410000001328,-0.8022290000001249
2022-03-04 05:45:00,2733.034659,2732.113202,2732.348966,-0.9214569999999185,-0.6856929999999011,-0.8035749999999098
2022-03-04 06:00:00,2733.034856,2732.115639,2732.350912,-0.919217000000117,-0.6839440000003378,-0.8015805000002274
2022-03-04 06:30:00,2733.035439,2732.112993,2732.352791,-0.9224460000000363,-0.6826480000004267,-0.8025470000002315
2022-03-04 07:00:00,2733.032333,2732.111635,2732.350139,-0.9206979999999021,-0.6821939999999813,-0.8014459999999417
2022-03-04 08:30:00,2733.036419,2732.116754,2732.350297,-0.9196649999998954,-0.6861220000000685,-0.8028934999999819
2022-03-04 08:45:00,2733.034863,2732.114206,2732.348001,-0.9206569999996645,-0.6868620000000192,-0.8037594999998419
2022-03-04 09:00:00,2733.03389,2732.116465,2732.345731,-0.9174250000000939,-0.6881590000002689,-0.8027920000001814
2022-03-04 09:15:00,2733.034666,2732.11765,2732.345927,-0.9170159999998759,-0.6887390000001687,-0.8028775000000223
2022-03-04 09:30:00,2733.032527,2732.11403,2732.34988,-0.9184969999996611,-0.6826469999996334,-0.8005719999996472
2022-03-04 09:45:00,2733.031747,2732.11325,2732.344756,-0.9184970000001158,-0.6869910000000345,-0.8027440000000752
2022-03-04 10:00:00,2733.030387,2732.11364,2732.346443,-0.9167469999997593,-0.6839439999998831,-0.8003454999998212
2022-03-04 10:15:00,2733.030584,2732.111678,2732.347937,-0.918905999999879,-0.6826470000000882,-0.8007764999999836
2022-03-04 10:30:00,2733.032917,2732.114992,2732.345203,-0.9179250000001957,-0.6877140000001418,-0.8028195000001688
2022-03-04 10:45:00,2733.032137,2732.110982,2732.344425,-0.9211549999999988,-0.6877120000003742,-0.8044335000001865
2022-03-04 11:00:00,2733.03291,2732.114226,2732.346057,-0.9186839999997574,-0.6868529999997008,-0.8027684999997291
2022-03-04 11:45:00,2733.033883,2732.108018,2732.34703,-0.925865000000158,-0.6868530000001556,-0.8063590000001568
2022-03-04 12:00:00,2733.034076,2732.108229,2732.347653,-0.9258469999999761,-0.6864230000001044,-0.8061350000000402
2022-03-04 12:15:00,2733.03155,2732.105973,2732.346877,-0.9255769999999757,-0.6846730000002026,-0.8051250000000891
2022-03-04 12:30:00,2733.035829,2732.111462,2732.347656,-0.9243670000000748,-0.6881730000000061,-0.8062700000000405
2022-03-04 12:45:00,2733.033496,2732.10617,2732.348083,-0.9273259999999937,-0.6854130000001533,-0.8063695000000735
2022-03-04 13:00:00,2733.032717,2732.107139,2732.346006,-0.9255779999998595,-0.686710999999832,-0.8061444999998457
2022-03-04 13:15:00,2733.035629,2732.107133,2732.345421,-0.9284959999999955,-0.6902079999999842,-0.8093519999999899
2022-03-04 13:30:00,2733.037382,2732.104176,2732.348201,-0.9332060000001547,-0.6891810000001897,-0.8111935000001722
2022-03-04 13:45:00,2733.037388,2732.107393,2732.347616,-0.9299950000004173,-0.6897720000001755,-0.8098835000002964
2022-03-04 14:00:00,2733.034663,2732.101047,2732.344603,-0.9336159999998017,-0.6900599999999031,-0.8118379999998524
2022-03-04 14:15:00,2733.036219,2732.102112,2732.344991,-0.93410700000004,-0.6912280000001374,-0.8126675000000887
2022-03-04 14:30:00,2733.036802,2732.098886,2732.34804,-0.9379159999998592,-0.6887620000002244,-0.8133390000000418
2022-03-04 14:45:00,2733.037968,2732.10238,2732.347186,-0.9355880000002799,-0.6907820000001266,-0.8131850000002032
2022-03-04 15:00:00,2733.039131,2732.104223,2732.349646,-0.9349080000001777,-0.6894849999998769,-0.8121965000000273
2022-03-04 15:15:00,2733.038161,2732.102074,2732.34664,-0.9360870000000432,-0.6915209999997387,-0.813803999999891
2022-03-04 15:30:00,2733.041077,2732.104688,2732.351592,-0.9363889999999628,-0.6894849999998769,-0.8129369999999199
2022-03-04 15:45:00,2733.040301,2732.104181,2732.346186,-0.9361199999998462,-0.6941149999997833,-0.8151174999998148
2022-03-04 16:00:00,2733.039328,2732.10293,2732.348976,-0.9363979999998264,-0.6903519999996206,-0.8133749999997235
2022-03-04 16:15:00,2733.037382,2732.098333,2732.349337,-0.9390490000000682,-0.6880449999998746,-0.8135469999999714
2022-03-04 16:30:00,2733.036989,2732.09722,2732.344601,-0.9397690000000694,-0.6923880000003919,-0.8160785000002306
2022-03-04 16:45:00,2733.037572,2732.101362,2732.350394,-0.9362100000003011,-0.6871780000001309,-0.811694000000216
2022-03-04 17:00:00,2733.040101,2732.100661,2732.352923,-0.9394400000001042,-0.6871780000001309,-0.8133090000001175
2022-03-04 17:15:00,2733.034663,2732.095163,2732.348367,-0.9394999999999527,-0.6862959999998566,-0.8128979999999046
2022-03-04 17:45:00,2733.040877,2732.096898,2732.351083,-0.9439790000001267,-0.6897939999998925,-0.8168865000000096
2022-03-04 18:00:00,2733.036026,2732.103165,2732.353506,-0.93286100000023,-0.6825200000002951,-0.8076905000002625
2022-03-04 18:15:00,2733.038545,2732.103756,2732.352249,-0.9347889999999097,-0.6862959999998566,-0.8105424999998831
2022-03-04 18:30:00,2733.038158,2732.105117,2732.351863,-0.9330409999997755,-0.6862949999999728,-0.8096679999998742
2022-03-04 18:45:00,2733.041074,2732.101305,2732.353896,-0.9397690000000694,-0.6871780000001309,-0.8134735000001001
2022-03-04 19:00:00,2733.038351,2732.10208,2732.35076,-0.9362710000000334,-0.6875910000003387,-0.811931000000186
2022-03-04 19:15:00,2733.035246,2732.105114,2732.347969,-0.9301319999999578,-0.6872769999999946,-0.8087044999999762
2022-03-04 19:30:00,2733.038545,2732.108733,2732.349656,-0.9298119999998562,-0.6888890000000174,-0.8093504999999368
2022-03-04 19:45:00,2733.038351,2732.104329,2732.3515,-0.9340220000003683,-0.6868509999999333,-0.8104365000001508
2022-03-04 20:00:00,2733.038155,2732.107772,2732.348258,-0.9303830000003472,-0.6898970000002009,-0.8101400000002741
2022-03-04 20:15:00,2733.038155,2732.104543,2732.350851,-0.9336120000002666,-0.6873040000000401,-0.8104580000001533
2022-03-04 20:30:00,2733.040487,2732.109835,2732.353182,-0.9306520000000091,-0.6873050000003786,-0.8089785000001939
2022-03-04 20:45:00,2733.039321,2732.108259,2732.35072,-0.9310620000001109,-0.6886010000002898,-0.8098315000002003
2022-03-04 21:00:00,2733.038935,2732.108552,2732.35338,-0.9303829999998925,-0.6855550000000221,-0.8079689999999573
2022-03-04 21:15:00,2733.038745,2732.109842,2732.350143,-0.9289029999999912,-0.6886019999997188,-0.808752499999855
2022-03-04 21:30:00,2733.038161,2732.114648,2732.352607,-0.9235129999997298,-0.6855540000001383,-0.8045334999999341
2022-03-04 21:45:00,2733.036995,2732.114241,2732.350883,-0.9227539999997134,-0.6861119999998664,-0.8044329999997899
2022-03-04 22:00:00,2733.036022,2732.112098,2732.34991,-0.9239239999997153,-0.6861119999998664,-0.8050179999997908
2022-03-04 22:15:00,2733.040494,2732.1163,2732.354508,-0.9241939999997157,-0.6859859999999571,-0.8050899999998364
2022-03-04 22:30:00,2733.039328,2732.115134,2732.353343,-0.9241939999997157,-0.6859849999996186,-0.8050894999996672
2022-03-04 22:45:00,2733.039911,2732.118948,2732.353925,-0.9209630000000288,-0.6859859999999571,-0.803474499999993
2022-03-04 23:00:00,2733.039324,2732.11877,2732.355805,-0.9205539999998109,-0.6835189999997056,-0.8020364999997582
2022-03-04 23:30:00,2733.038548,2732.120895,2732.355481,-0.917652999999973,-0.6830669999999373,-0.8003599999999551
2022-03-05 00:00:00,2733.038161,2732.122587,2732.352049,-0.915574000000106,-0.6861119999998664,-0.8008429999999862
2022-03-05 00:15:00,2733.040494,2732.120242,2732.350597,-0.9202519999998913,-0.6898969999997462,-0.8050744999998187
2022-03-05 00:30:00,2733.041464,2732.124851,2732.354898,-0.9166129999998702,-0.686565999999857,-0.8015894999998636
2022-03-05 00:45:00,2733.04107,2732.126207,2732.35496,-0.9148630000004232,-0.6861100000000988,-0.800486500000261
2022-03-05 01:00:00,2733.040877,2732.122785,2732.354026,-0.9180919999998878,-0.6868509999999333,-0.8024714999999105
2022-03-05 01:15:00,2733.038935,2732.122181,2732.356879,-0.9167539999998553,-0.6820560000001024,-0.7994049999999788
2022-03-05 01:30:00,2733.040294,2732.126502,2732.356489,-0.9137919999998303,-0.6838050000001203,-0.7987984999999753
2022-03-05 01:45:00,2733.039324,2732.127201,2732.357269,-0.9121230000000651,-0.6820549999997638,-0.7970889999999144
2022-03-05 02:30:00,2733.037962,2732.127318,2732.355906,-0.9106440000000475,-0.6820560000001024,-0.7963500000000749
2022-03-05 02:45:00,2733.042433,2732.12856,2732.358627,-0.9138729999999669,-0.6838060000000041,-0.7988394999999855
2022-03-05 03:00:00,2733.042043,2732.126421,2732.355192,-0.9156219999999848,-0.6868509999999333,-0.801236499999959
2022-03-05 03:15:00,2733.041074,2732.125041,2732.360314,-0.9160330000004251,-0.6807600000001912,-0.7983965000003082
2022-03-05 03:30:00,2733.039138,2732.129652,2732.35215,-0.9094860000000153,-0.6869879999999284,-0.7982369999999719
2022-03-05 03:45:00,2733.038361,2732.126717,2732.354419,-0.9116439999997965,-0.6839420000001155,-0.797792999999956
2022-03-05 04:00:00,2733.040297,2732.128975,2732.359538,-0.9113219999999274,-0.6807589999998527,-0.79604049999989
2022-03-05 04:15:00,2733.040494,2732.13191,2732.357141,-0.9085839999997916,-0.6833529999998973,-0.7959684999998444
2022-03-05 04:30:00,2733.038361,2732.127707,2732.353123,-0.9106539999997949,-0.6852380000000267,-0.7979459999999108
2022-03-05 04:45:00,2733.038165,2732.128992,2732.354222,-0.9091730000000098,-0.6839429999999993,-0.7965580000000045
2022-03-05 05:00:00,2733.039908,2732.129575,2732.357852,-0.9103330000002643,-0.6820560000001024,-0.7961945000001833
2022-03-05 05:15:00,2733.040304,2732.13113,2732.356362,-0.9091739999998936,-0.6839420000001155,-0.7965580000000045
2022-03-05 05:30:00,2733.040694,2732.13152,2732.359797,-0.9091739999998936,-0.6808969999997316,-0.7950354999998126
2022-03-05 05:45:00,2733.039331,2732.131638,2732.358434,-0.9076930000001084,-0.6808969999997316,-0.79429499999992
2022-03-05 06:15:00,2733.041074,2732.132221,2732.359017,-0.908853000000363,-0.6820569999999861,-0.7954550000001746
2022-03-05 07:00:00,2733.036415,2732.133433,2732.351177,-0.9029820000000655,-0.6852380000000267,-0.7941100000000461
2022-03-05 07:45:00,2733.037185,2732.132242,2732.355582,-0.9049430000000029,-0.6816029999999955,-0.7932729999999992
2022-03-05 08:00:00,2733.037572,2732.134108,2732.359301,-0.9034639999999854,-0.6782710000002226,-0.790867500000104
2022-03-05 08:15:00,2733.038155,2732.132943,2732.358587,-0.9052120000001196,-0.6795680000000175,-0.7923900000000685
2022-03-05 08:30:00,2733.038935,2732.134214,2732.354572,-0.9047209999998813,-0.6843629999998484,-0.7945419999998649
2022-03-05 08:45:00,2733.038161,2732.133439,2732.356844,-0.9047219999997651,-0.6813170000000355,-0.7930194999999003
2022-03-05 09:00:00,2733.036022,2732.131961,2732.357751,-0.9040609999997287,-0.6782709999997678,-0.7911659999997482
2022-03-05 09:30:00,2733.033686,2732.134334,2732.353093,-0.8993520000003628,-0.6805930000000444,-0.7899725000002036
2022-03-05 09:45:00,2733.031357,2732.130836,2732.350891,-0.9005210000000261,-0.6804659999997966,-0.7904934999999114
2022-03-05 10:00:00,2733.032137,2732.132107,2732.351669,-0.9000300000002426,-0.680468000000019,-0.7902490000001308
2022-03-05 10:15:00,2733.034659,2732.133827,2732.355943,-0.9008319999998093,-0.6787159999998948,-0.7897739999998521
2022-03-05 10:30:00,2733.034273,2732.129533,2732.353807,-0.9047400000004018,-0.6804660000002514,-0.7926030000003266
2022-03-05 10:45:00,2733.035636,2732.135606,2732.352863,-0.9000300000002426,-0.6827729999999974,-0.79140150000012
2022-03-05 11:00:00,2733.035439,2732.132179,2732.353676,-0.9032600000000457,-0.6817630000000463,-0.792511500000046
2022-03-05 11:15:00,2733.035832,2732.132572,2732.354355,-0.9032600000000457,-0.6814770000000863,-0.792368500000066
2022-03-05 11:45:00,2733.034276,2732.129945,2732.352799,-0.9043309999997291,-0.6814770000000863,-0.7929039999999077
2022-03-05 12:00:00,2733.035832,2732.13258,2732.355365,-0.9032520000000659,-0.6804670000001352,-0.7918595000001005
2022-03-05 12:15:00,2733.034469,2732.126999,2732.353422,-0.907470000000103,-0.681047000000035,-0.794258500000069
2022-03-05 12:30:00,2733.036026,2732.128555,2732.35498,-0.9074710000004416,-0.6810460000001513,-0.7942585000002964
2022-03-05 12:45:00,2733.033886,2732.131805,2732.352409,-0.9020810000001802,-0.6814770000000863,-0.7917790000001332
2022-03-05 13:15:00,2733.033886,2732.129647,2732.355456,-0.9042389999999614,-0.6784300000003896,-0.7913345000001755
2022-03-05 13:30:00,2733.036415,2732.134065,2732.35319,-0.9023499999998421,-0.6832250000002205,-0.7927875000000313
2022-03-05 14:00:00,2733.038165,2732.134335,2732.356689,-0.9038299999997434,-0.6814759999997477,-0.7926529999997456
2022-03-05 14:15:00,2733.036415,2732.128945,2732.352903,-0.907470000000103,-0.6835120000000643,-0.7954910000000837
2022-03-05 14:45:00,2733.035832,2732.129075,2732.3552,-0.9067570000001979,-0.6806320000000596,-0.7936945000001288
2022-03-05 15:15:00,2733.035832,2732.131503,2732.353059,-0.9043289999999615,-0.6827729999999974,-0.7935509999999795
2022-03-05 15:30:00,2733.036219,2732.128749,2732.354743,-0.907470000000103,-0.6814760000002025,-0.7944730000001528
2022-03-05 15:45:00,2733.038741,2732.129023,2732.357822,-0.9097179999998843,-0.6809189999999035,-0.7953184999998939
2022-03-05 16:00:00,2733.036409,2732.12844,2732.354192,-0.9079689999998664,-0.6822170000000369,-0.7950929999999516
2022-03-05 16:15:00,2733.035242,2732.125794,2732.354775,-0.9094479999998839,-0.6804670000001352,-0.7949575000000095
2022-03-05 16:45:00,2733.034076,2732.127858,2732.355358,-0.9062180000000808,-0.6787180000001172,-0.792468000000099
2022-03-05 17:00:00,2733.032907,2732.128186,2732.354906,-0.9047209999998813,-0.6780009999997674,-0.7913609999998243
2022-03-05 17:45:00,2733.035826,2732.132076,2732.354061,-0.9037499999999454,-0.6817649999998139,-0.7927574999998797
2022-03-05 18:00:00,2733.034656,2732.132837,2732.357108,-0.9018189999997048,-0.6775479999996605,-0.7896834999996827
2022-03-05 18:15:00,2733.036215,2732.131477,2732.360092,-0.9047380000001795,-0.6761230000001888,-0.7904305000001841
2022-03-05 18:30:00,2733.035826,2732.129026,2732.357825,-0.9067999999997483,-0.6780009999997674,-0.7924004999997578
2022-03-05 18:45:00,2733.035242,2732.131183,2732.357694,-0.9040589999999611,-0.6775480000001153,-0.7908035000000382
2022-03-05 19:00:00,2733.039714,2732.133637,2732.356649,-0.9060770000000957,-0.6830650000001697,-0.7945710000001327
2022-03-05 19:15:00,2733.039521,2732.138154,2732.358474,-0.9013669999999365,-0.681047000000035,-0.7912069999999858
2022-03-05 19:30:00,2733.035826,2732.136476,2732.356528,-0.8993499999996857,-0.679298000000017,-0.7893239999998514
2022-03-05 20:00:00,2733.037575,2732.137956,2732.359575,-0.8996189999998023,-0.6779999999998836,-0.788809499999843
2022-03-05 20:15:00,2733.039911,2732.133751,2732.359444,-0.9061599999999999,-0.6804669999996804,-0.7933134999998401
2022-03-05 20:45:00,2733.037772,2732.136983,2732.361647,-0.900789000000259,-0.6761249999999563,-0.7884570000001077
2022-03-05 21:00:00,2733.035826,2732.134316,2732.360442,-0.9015099999996892,-0.6753839999996671,-0.7884469999996782
2022-03-05 21:15:00,2733.035826,2732.132567,2732.359146,-0.9032589999997072,-0.676680000000033,-0.7899694999998701
2022-03-05 21:45:00,2733.035242,2732.133733,2732.358561,-0.9015089999998054,-0.6766809999999168,-0.7890949999998611
2022-03-05 22:00:00,2733.035826,2732.129336,2732.354062,-0.9064899999998488,-0.6817639999999301,-0.7941269999998894
2022-03-05 23:00:00,2733.038158,2732.134631,2732.359728,-0.90352699999994,-0.6784299999999348,-0.7909784999999374
2022-03-05 23:15:00,2733.039324,2732.142175,2732.360894,-0.8971489999998994,-0.6784299999999348,-0.7877894999999171
2022-03-05 23:30:00,2733.038158,2732.137369,2732.358988,-0.9007889999998042,-0.6791699999998855,-0.7899794999998448
2022-03-05 23:45:00,2733.040297,2732.139509,2732.362423,-0.9007879999999204,-0.6778739999999743,-0.7893309999999474
2022-03-06 00:00:00,2733.038161,2732.137642,2732.362038,-0.9005189999998038,-0.676122999999734,-0.7883209999997689
2022-03-06 00:15:00,2733.035632,2732.136281,2732.360677,-0.8993510000000242,-0.6749549999999545,-0.7871529999999893
2022-03-06 00:30:00,2733.040494,2732.136164,2732.358726,-0.9043299999998453,-0.68176799999992,-0.7930489999998827
2022-03-06 00:45:00,2733.039328,2732.139708,2732.360605,-0.8996199999996861,-0.6787229999999909,-0.7891714999998385
2022-03-06 01:00:00,2733.037965,2732.137462,2732.359694,-0.9005029999998442,-0.6782709999997678,-0.789386999999806
2022-03-06 01:15:00,2733.039904,2732.142364,2732.362931,-0.8975400000003901,-0.6769730000000891,-0.7872565000002396
2022-03-06 01:30:00,2733.039128,2732.138357,2732.362154,-0.900771000000077,-0.6769739999999729,-0.788872500000025
2022-03-06 01:45:00,2733.039908,2732.140886,2732.364684,-0.899022000000059,-0.6752240000000711,-0.7871230000000651
2022-03-06 02:00:00,2733.039324,2732.139804,2732.362803,-0.8995199999999386,-0.676520999999866,-0.7880204999999023
2022-03-06 02:15:00,2733.039324,2732.138054,2732.361054,-0.9012699999998404,-0.678269999999884,-0.7897699999998622
2022-03-06 02:30:00,2733.039138,2732.138349,2732.362027,-0.900789000000259,-0.677110999999968,-0.7889500000001135
2022-03-06 03:00:00,2733.039918,2732.135408,2732.360319,-0.9045099999998456,-0.6795990000000529,-0.7920544999999493
2022-03-06 03:15:00,2733.036419,2732.134728,2732.359148,-0.901691000000028,-0.6772710000000188,-0.7894810000000234
2022-03-06 03:30:00,2733.038555,2732.133635,2732.359534,-0.9049199999999473,-0.6790209999999206,-0.791970499999934
2022-03-06 03:45:00,2733.037578,2732.131177,2732.363354,-0.9064009999997324,-0.6742239999998674,-0.7903124999997999
2022-03-06 04:00:00,2733.037965,2732.133724,2732.359392,-0.9042410000001837,-0.6785730000001422,-0.791407000000163
2022-03-06 04:15:00,2733.037578,2732.130108,2732.362052,-0.907470000000103,-0.6755259999999907,-0.7914980000000469
2022-03-06 04:30:00,2733.036995,2732.130613,2732.360171,-0.9063820000001215,-0.6768240000001242,-0.7916030000001228
2022-03-06 04:45:00,2733.035246,2732.132094,2732.358422,-0.9031519999998636,-0.6768240000001242,-0.7899879999999939
2022-03-06 05:00:00,2733.034469,2732.129838,2732.357645,-0.9046310000003359,-0.6768240000001242,-0.7907275000002301
2022-03-06 05:15:00,2733.038748,2732.130118,2732.361472,-0.9086299999999028,-0.6772759999998925,-0.7929529999998977
2022-03-06 05:30:00,2733.038165,2732.134245,2732.3606,-0.9039199999997436,-0.6775649999999587,-0.7907424999998511
2022-03-06 05:45:00,2733.036999,2732.132588,2732.359435,-0.9044109999999819,-0.6775640000000749,-0.7909875000000284
2022-03-06 06:15:00,2733.036802,2732.132661,2732.357941,-0.9041409999999814,-0.6788609999998698,-0.7915009999999256
2022-03-06 06:30:00,2733.038741,2732.132171,2732.358131,-0.9065699999996468,-0.6806099999998878,-0.7935899999997673
2022-03-06 06:45:00,2733.034656,2732.131684,2732.356965,-0.9029719999998633,-0.6776909999998679,-0.7903314999998656
2022-03-06 07:00:00,2733.035239,2732.134507,2732.357548,-0.9007319999996071,-0.6776909999998679,-0.7892114999997375
2022-03-06 07:15:00,2733.037185,2732.134705,2732.359494,-0.902480000000196,-0.6776910000003227,-0.7900855000002593
2022-03-06 07:30:00,2733.038165,2732.134515,2732.359304,-0.9036499999997432,-0.6788609999998698,-0.7912554999998065
2022-03-06 07:45:00,2733.037385,2732.135483,2732.360274,-0.9019020000000637,-0.677110999999968,-0.7895065000000159
2022-03-06 08:00:00,2733.038355,2732.141165,2732.364289,-0.8971900000001369,-0.6740660000000389,-0.7856280000000879
2022-03-06 08:15:00,2733.036415,2732.139224,2732.358007,-0.8971910000000207,-0.6784080000002177,-0.7877995000001192
2022-03-06 08:30:00,2733.037582,2732.138641,2732.361768,-0.8989409999999225,-0.6758139999997184,-0.7873774999998204
2022-03-06 08:45:00,2733.038165,2732.136263,2732.360044,-0.9019020000000637,-0.6781209999999191,-0.7900114999999914
2022-03-06 09:00:00,2733.035832,2732.135413,2732.357425,-0.9004190000000563,-0.6784069999998792,-0.7894129999999677
2022-03-06 09:15:00,2733.038941,2732.13579,2732.362117,-0.9031509999999798,-0.6768239999996695,-0.7899874999998246
2022-03-06 09:30:00,2733.038745,2732.135594,2732.361921,-0.9031509999999798,-0.6768239999996695,-0.7899874999998246
2022-03-06 09:45:00,2733.037578,2732.134427,2732.362504,-0.9031509999999798,-0.6750739999997677,-0.7891124999998738
2022-03-06 10:00:00,2733.039911,2732.132442,2732.360042,-0.9074689999997645,-0.6798690000000533,-0.7936689999999089
2022-03-06 10:15:00,2733.038551,2732.132832,2732.360432,-0.9057190000003175,-0.6781190000001516,-0.7919190000002345
2022-03-06 10:45:00,2733.037578,2732.132948,2732.359459,-0.9046299999999974,-0.6781190000001516,-0.7913745000000745
2022-03-06 11:00:00,2733.035829,2732.132678,2732.359005,-0.9031509999999798,-0.6768240000001242,-0.789987500000052
2022-03-06 11:15:00,2733.037772,2732.134621,2732.362245,-0.9031509999999798,-0.6755270000003293,-0.7893390000001546
2022-03-06 11:30:00,2733.039134,2732.135205,2732.364457,-0.9039290000000619,-0.6746769999999742,-0.7893030000000181
2022-03-06 11:45:00,2733.038941,2732.135282,2732.362966,-0.9036589999996067,-0.6759749999996529,-0.7898169999996298
2022-03-06 12:00:00,2733.039328,2732.13441,2732.36465,-0.904917999999725,-0.674677999999858,-0.7897979999997915
2022-03-06 12:15:00,2733.038941,2732.137254,2732.359921,-0.9016869999995833,-0.6790199999995821,-0.7903534999995827
2022-03-06 12:30:00,2733.038555,2732.136108,2732.36083,-0.9024469999999383,-0.6777250000000095,-0.7900859999999739
2022-03-06 13:00:00,2733.037002,2732.130334,2732.357982,-0.9066680000000815,-0.6790200000000368,-0.7928440000000592
2022-03-06 13:15:00,2733.035836,2732.130428,2732.358565,-0.9054080000000795,-0.6772710000000188,-0.7913395000000492
2022-03-06 13:30:00,2733.035053,2732.130813,2732.357654,-0.9042399999998452,-0.6773990000001504,-0.7908194999999978
2022-03-06 13:45:00,2733.039718,2732.130419,2732.357652,-0.909298999999919,-0.6820659999998497,-0.7956824999998844
2022-03-06 14:00:00,2733.040691,2732.136763,2732.358624,-0.9039280000001781,-0.6820670000001883,-0.7929975000001832
2022-03-06 14:15:00,2733.038161,2732.135715,2732.356096,-0.9024460000000545,-0.682064999999966,-0.7922555000000102
2022-03-06 14:30:00,2733.039328,2732.136612,2732.360308,-0.9027160000000549,-0.6790200000000368,-0.7908680000000459
2022-03-06 15:00:00,2733.036995,2732.139938,2732.359724,-0.8970570000001317,-0.6772710000000188,-0.7871640000000752
2022-03-06 15:30:00,2733.038941,2732.141884,2732.362388,-0.8970569999996769,-0.6765529999997852,-0.7868049999997311
2022-03-06 15:45:00,2733.037388,2732.139072,2732.360381,-0.8983160000002499,-0.6770070000002306,-0.7876615000002403
2022-03-06 16:00:00,2733.035636,2732.137319,2732.356035,-0.8983170000001337,-0.6796010000002752,-0.7889590000002045
2022-03-06 16:15:00,2733.037185,2732.140628,2732.360212,-0.8965570000000298,-0.6769730000000891,-0.7867650000000594
2022-03-06 16:30:00,2733.040684,2732.137398,2732.361961,-0.9032860000002074,-0.6787229999999909,-0.7910045000000991
2022-03-06 16:45:00,2733.038161,2732.138875,2732.361188,-0.8992859999998473,-0.6769730000000891,-0.7881294999999682
2022-03-06 17:00:00,2733.038161,2732.138105,2732.359891,-0.9000559999999496,-0.678269999999884,-0.7891629999999168
2022-03-06 17:15:00,2733.037772,2732.138215,2732.359771,-0.8995570000001862,-0.6780010000002221,-0.7887790000002042
2022-03-06 17:30:00,2733.037575,2732.141248,2732.361324,-0.8963269999999284,-0.6762509999998656,-0.786288999999897
2022-03-06 17:45:00,2733.041077,2732.143972,2732.361907,-0.8971050000000105,-0.6791699999998855,-0.788137499999948
2022-03-06 18:00:00,2733.039521,2732.142416,2732.361091,-0.8971050000000105,-0.6784299999999348,-0.7877674999999726
2022-03-06 18:15:00,2733.038355,2732.140939,2732.362104,-0.8974160000002485,-0.6762510000003203,-0.7868335000002844
2022-03-06 18:30:00,2733.039331,2732.143397,2732.363366,-0.8959340000001248,-0.6759649999999056,-0.7859495000000152
2022-03-06 19:00:00,2733.038361,2732.147406,2732.359931,-0.890954999999849,-0.6784299999999348,-0.7846924999998919
2022-03-06 19:15:00,2733.039914,2732.148369,2732.364801,-0.891544999999951,-0.6751129999997829,-0.7833289999998669
2022-03-06 19:30:00,2733.041274,2732.149729,2732.364862,-0.891544999999951,-0.6764120000002549,-0.7839785000001029
2022-03-06 19:45:00,2733.0438,2732.145134,2732.36564,-0.8986660000000484,-0.6781599999999344,-0.7884129999999914
2022-03-06 20:00:00,2733.048071,2732.144748,2732.365252,-0.9033230000000003,-0.6828190000001086,-0.7930710000000545
2022-03-06 20:30:00,2733.056235,2732.142005,2732.363499,-0.9142299999998613,-0.692735999999968,-0.8034829999999147
2022-03-06 20:45:00,2733.061484,2732.145237,2732.36424,-0.9162469999996574,-0.6972439999999551,-0.8067454999998063
2022-03-06 21:00:00,2733.064599,2732.143623,2732.364437,-0.9209759999998823,-0.7001619999996365,-0.8105689999997594
2022-03-06 21:15:00,2733.067325,2732.138139,2732.363662,-0.9291859999998451,-0.7036629999997785,-0.8164244999998118
2022-03-06 21:30:00,2733.069657,2732.13626,2732.364247,-0.9333969999997862,-0.705410000000029,-0.8194034999999076
2022-03-06 22:00:00,2733.078008,2732.12677,2732.366477,-0.9512380000001031,-0.7115309999999226,-0.8313845000000128
2022-03-06 22:15:00,2733.078588,2732.117701,2732.360963,-0.9608869999997296,-0.7176249999997708,-0.8392559999997502
2022-03-06 22:30:00,2733.079951,2732.117182,2732.362454,-0.9627690000002076,-0.717497000000094,-0.8401330000001508
2022-03-06 22:45:00,2733.085978,2732.11549,2732.364123,-0.9704879999999321,-0.7218550000002324,-0.8461715000000822
2022-03-06 23:15:00,2733.092006,2732.116809,2732.365484,-0.9751969999997527,-0.7265219999999317,-0.8508594999998422
2022-03-06 23:30:00,2733.092393,2732.114735,2732.365869,-0.9776579999997921,-0.7265239999996993,-0.8520909999997457
2022-03-06 23:45:00,2733.095309,2732.109441,2732.36601,-0.9858679999997548,-0.729298999999628,-0.8575834999996914
2022-03-07 00:00:00,2733.099974,2732.106388,2732.363407,-0.9935860000000503,-0.7365670000003774,-0.8650765000002139
2022-03-07 00:15:00,2733.102113,2732.105298,2732.366842,-0.9968149999999696,-0.7352710000000116,-0.8660429999999906
2022-03-07 00:30:00,2733.106968,2732.105763,2732.367763,-1.0012050000000272,-0.7392049999998562,-0.8702049999999417
2022-03-07 00:45:00,2733.110467,2732.107514,2732.370085,-1.0029530000001614,-0.7403819999999541,-0.8716675000000578
2022-03-07 01:00:00,2733.113772,2732.104849,2732.369892,-1.0089230000003226,-0.7438799999999901,-0.8764015000001564
2022-03-07 01:15:00,2733.120577,2732.107745,2732.371448,-1.0128320000003441,-0.7491290000002664,-0.8809805000003053
2022-03-07 01:30:00,2733.120963,2732.105401,2732.367039,-1.0155620000000454,-0.7539239999996425,-0.884742999999844
2022-03-07 01:45:00,2733.126798,2732.107247,2732.370224,-1.0195509999998649,-0.7565740000000005,-0.8880624999999327
2022-03-07 02:00:00,2733.13088,2732.103879,2732.370807,-1.0270010000003822,-0.760073000000375,-0.8935370000003786
2022-03-07 02:15:00,2733.133212,2732.108083,2732.368345,-1.0251290000001063,-0.7648670000003222,-0.8949980000002142
2022-03-07 02:30:00,2733.134965,2732.111897,2732.368928,-1.0230679999999666,-0.766037000000324,-0.8945525000001453
2022-03-07 02:45:00,2733.137881,2732.110593,2732.37139,-1.027288000000226,-0.7664910000003147,-0.8968895000002703
2022-03-07 03:00:00,2733.141769,2732.107754,2732.373077,-1.0340149999997266,-0.7686919999996462,-0.9013534999996864
2022-03-07 03:15:00,2733.142159,2732.111373,2732.367105,-1.0307859999998072,-0.775054000000182,-0.9029199999999946
2022-03-07 03:30:00,2733.144102,2732.107946,2732.364253,-1.036156000000119,-0.7798490000000129,-0.908002500000066
2022-03-07 03:45:00,2733.147797,2732.106663,2732.367495,-1.0411340000000564,-0.7803020000001197,-0.9107180000000881
2022-03-07 04:00:00,2733.15013,2732.105765,2732.365893,-1.044365000000198,-0.7842369999998482,-0.9143010000000231
2022-03-07 04:15:00,2733.153432,2732.107318,2732.370491,-1.046114000000216,-0.782940999999937,-0.9145275000000765
2022-03-07 04:30:00,2733.155948,2732.108674,2732.374893,-1.0472740000000158,-0.7810549999999239,-0.9141644999999698
2022-03-07 04:45:00,2733.155371,2732.110737,2732.372429,-1.04463399999986,-0.7829419999998208,-0.9137879999998404
2022-03-07 05:00:00,2733.155365,2732.111713,2732.371263,-1.043652000000293,-0.7841020000000753,-0.9138770000001841
2022-03-07 05:15:00,2733.156145,2732.112493,2732.369434,-1.0436519999998382,-0.786710999999741,-0.9151814999997896
2022-03-07 05:30:00,2733.157704,2732.112303,2732.372291,-1.0454010000003109,-0.7854130000000623,-0.9154070000001866
2022-03-07 05:45:00,2733.158287,2732.112886,2732.368532,-1.0454010000003109,-0.7897550000002411,-0.917578000000276
2022-03-07 06:00:00,2733.16062,2732.119928,2732.370411,-1.0406920000000355,-0.7902090000002318,-0.9154505000001336
2022-03-07 06:15:00,2733.157704,2732.113783,2732.369244,-1.0439210000004095,-0.7884600000002138,-0.9161905000003117
2022-03-07 06:45:00,2733.160037,2732.114366,2732.371577,-1.0456710000003113,-0.7884600000002138,-0.9170655000002625
2022-03-07 07:00:00,2733.16062,2732.116429,2732.373457,-1.0441909999999552,-0.7871629999999641,-0.9156769999999597
2022-03-07 07:30:00,2733.15887,2732.114681,2732.367364,-1.0441890000001877,-0.7915060000000267,-0.9178475000001072
2022-03-07 07:45:00,2733.160037,2732.118317,2732.365484,-1.0417200000001685,-0.7945530000001781,-0.9181365000001733
2022-03-07 08:00:00,2733.159647,2732.121877,2732.369438,-1.0377699999999095,-0.790208999999777,-0.9139894999998432
2022-03-07 08:15:00,2733.157701,2732.119663,2732.364445,-1.0380380000001423,-0.7932559999999285,-0.9156470000000354
2022-03-07 08:30:00,2733.156145,2732.122816,2732.364909,-1.033328999999867,-0.7912360000000263,-0.9122824999999466
2022-03-07 08:45:00,2733.153032,2732.129035,2732.365294,-1.0239970000002359,-0.7877379999999903,-0.9058675000001131
2022-03-07 09:00:00,2733.152063,2732.132506,2732.363028,-1.019557000000077,-0.7890349999997852,-0.9042959999999312
2022-03-07 09:15:00,2733.151486,2732.13395,2732.363875,-1.017536000000291,-0.7876110000001972,-0.9025735000002442
2022-03-07 09:30:00,2733.150123,2732.139492,2732.362512,-1.010631000000103,-0.7876109999997425,-0.8991209999999228
2022-03-07 09:45:00,2733.143705,2732.142452,2732.359467,-1.001252999999906,-0.784237999999732,-0.892745499999819
2022-03-07 10:00:00,2733.133402,2732.141616,2732.354864,-0.9917860000000474,-0.7785380000000259,-0.8851620000000366
2022-03-07 10:15:00,2733.126605,2732.140467,2732.357521,-0.9861379999997553,-0.7690840000000208,-0.877610999999888
2022-03-07 10:30:00,2733.118827,2732.143816,2732.356161,-0.975010999999995,-0.7626659999996264,-0.8688384999998107
2022-03-07 10:45:00,2733.092783,2732.144895,2732.351871,-0.9478880000001482,-0.7409120000002076,-0.8444000000001779
2022-03-07 11:00:00,2733.064206,2732.154098,2732.355375,-0.9101080000000366,-0.7088309999999183,-0.8094694999999774
2022-03-07 11:15:00,2733.047692,2732.155968,2732.354468,-0.8917240000000675,-0.6932240000001002,-0.7924740000000838
2022-03-07 11:30:00,2733.037385,2732.15383,2732.356671,-0.8835549999998875,-0.68071400000008,-0.7821344999999837
2022-03-07 11:45:00,2733.036999,2732.154923,2732.356284,-0.88207599999987,-0.6807149999999638,-0.7813954999999169
2022-03-07 12:00:00,2733.036995,2732.155329,2732.35745,-0.8816659999997682,-0.6795449999999619,-0.7806054999998651
2022-03-07 13:00:00,2733.035632,2732.159659,2732.354338,-0.8759730000001582,-0.6812939999999799,-0.778633500000069
2022-03-07 13:15:00,2733.037572,2732.163078,2732.356277,-0.8744940000001407,-0.6812950000003184,-0.7778945000002295
2022-03-07 13:30:00,2733.040294,2732.16356,2732.357822,-0.8767339999999422,-0.6824719999999616,-0.7796029999999519
2022-03-07 13:45:00,2733.038158,2732.165744,2732.35614,-0.8724139999999352,-0.6820179999999709,-0.7772159999999531
2022-03-07 14:00:00,2733.036409,2732.166733,2732.354844,-0.8696759999997994,-0.6815649999998641,-0.7756204999998317
2022-03-07 14:15:00,2733.037965,2732.168019,2732.355207,-0.8699459999997998,-0.6827579999999216,-0.7763519999998607
2022-03-07 14:30:00,2733.037585,2732.167623,2732.358022,-0.8699620000002142,-0.6795630000001438,-0.774762500000179
2022-03-07 14:45:00,2733.037578,2732.165386,2732.359902,-0.8721919999998136,-0.6776759999997921,-0.7749339999998028
2022-03-07 15:00:00,2733.038745,2732.168033,2732.357736,-0.8707119999999122,-0.6810089999999036,-0.7758604999999079
2022-03-07 15:15:00,2733.038168,2732.171086,2732.35657,-0.8670820000002095,-0.6815980000001218,-0.7743400000001657
2022-03-07 15:30:00,2733.037972,2732.171959,2732.357669,-0.8660130000002937,-0.6803030000000945,-0.7731580000001941
2022-03-07 15:45:00,2733.038161,2732.172149,2732.357859,-0.8660119999999552,-0.6803019999997559,-0.7731569999998555
2022-03-07 16:00:00,2733.040884,2732.170963,2732.361879,-0.8699209999999766,-0.679004999999961,-0.7744629999999688
2022-03-07 16:15:00,2733.039524,2732.172343,2732.358953,-0.8671809999996185,-0.6805709999998726,-0.7738759999997455
2022-03-07 16:30:00,2733.038745,2732.173043,2732.356424,-0.8657020000000557,-0.6823209999997744,-0.774011499999915
2022-03-07 16:45:00,2733.037385,2732.173434,2732.359859,-0.8639510000002701,-0.6775259999999435,-0.7707385000001068
2022-03-07 17:00:00,2733.035832,2732.17256,2732.35701,-0.8632720000000518,-0.6788219999998546,-0.7710469999999532
2022-03-07 17:15:00,2733.037582,2732.176771,2732.35876,-0.8608110000000124,-0.6788219999998546,-0.7698164999999335
2022-03-07 17:30:00,2733.037388,2732.176578,2732.358565,-0.8608100000001286,-0.6788230000001931,-0.7698165000001609
2022-03-07 17:45:00,2733.038748,2732.175198,2732.359346,-0.863550000000032,-0.6794019999997545,-0.7714759999998932
2022-03-07 18:15:00,2733.039918,2732.176188,2732.361096,-0.8637300000000323,-0.6788219999998546,-0.7712759999999435
2022-03-07 18:30:00,2733.039914,2732.180316,2732.360511,-0.8595980000000054,-0.679403000000093,-0.7695005000000492
2022-03-07 19:15:00,2733.039134,2732.181694,2732.361482,-0.8574400000002242,-0.6776520000003075,-0.7675460000002658
2022-03-07 19:30:00,2733.040104,2732.182665,2732.359405,-0.8574390000003405,-0.6806990000000042,-0.7690690000001723
2022-03-07 20:00:00,2733.040111,2732.179343,2732.366928,-0.8607680000000073,-0.6731829999998808,-0.7669754999999441
2022-03-07 20:15:00,2733.039914,2732.180626,2732.364408,-0.859288000000106,-0.6755060000000412,-0.7673970000000736
2022-03-07 20:30:00,2733.042053,2732.182764,2732.363502,-0.8592889999999898,-0.6785509999999704,-0.7689199999999801
2022-03-07 20:45:00,2733.039528,2732.181989,2732.364021,-0.8575389999996332,-0.675506999999925,-0.7665229999997791
2022-03-07 21:00:00,2733.040497,2732.17798,2732.363242,-0.8625170000000253,-0.6772550000000592,-0.7698860000000423
2022-03-07 21:15:00,2733.043413,2732.179905,2732.367453,-0.8635079999999107,-0.6759600000000319,-0.7697339999999713
2022-03-07 21:30:00,2733.043413,2732.182065,2732.366156,-0.8613479999999072,-0.6772569999998268,-0.769302499999867
2022-03-07 21:45:00,2733.04283,2732.183951,2732.365574,-0.858878999999888,-0.677255999999943,-0.7680674999999155
2022-03-07 22:00:00,2733.042247,2732.182379,2732.364991,-0.8598680000000058,-0.677255999999943,-0.7685619999999744
2022-03-07 22:15:00,2733.043413,2732.181387,2732.363111,-0.862025999999787,-0.6803019999997559,-0.7711639999997715
2022-03-07 23:15:00,2733.042637,2732.183349,2732.365381,-0.859288000000106,-0.677255999999943,-0.7682720000000245
2022-03-08 00:30:00,2733.043406,2732.182059,2732.368347,-0.8613469999995687,-0.6750589999996919,-0.7682029999996303
2022-03-08 00:45:00,2733.041074,2732.180984,2732.364719,-0.8600900000001275,-0.6763550000000578,-0.7682225000000926
2022-03-08 01:00:00,2733.043213,2732.180715,2732.363358,-0.8624979999999596,-0.6798549999998613,-0.7711764999999104
2022-03-08 01:15:00,2733.041077,2732.180719,2732.363981,-0.8603579999999056,-0.6770959999998922,-0.7687269999998989
2022-03-08 01:30:00,2733.042827,2732.180327,2732.365731,-0.8625000000001819,-0.677096000000347,-0.7697980000002644
2022-03-08 01:45:00,2733.043993,2732.183635,2732.36949,-0.8603579999999056,-0.6745029999997314,-0.7674304999998185
2022-03-08 02:00:00,2733.044383,2732.182865,2732.366835,-0.8615179999997054,-0.6775480000001153,-0.7695329999999103
2022-03-08 02:15:00,2733.043996,2732.184228,2732.368196,-0.8597679999998036,-0.6757999999999811,-0.7677839999998923
2022-03-08 02:30:00,2733.044579,2732.181581,2732.365734,-0.8629980000000614,-0.6788449999999102,-0.7709214999999858
2022-03-08 02:45:00,2733.040497,2732.182479,2732.366018,-0.8580179999999018,-0.674478999999792,-0.7662484999998469
2022-03-08 03:15:00,2733.04263,2732.184032,2732.367571,-0.8585979999998017,-0.6750589999996919,-0.7668284999997468
2022-03-08 03:30:00,2733.042237,2732.184627,2732.368927,-0.8576100000000224,-0.6733100000001286,-0.7654600000000755
2022-03-08 04:00:00,2733.04282,2732.185212,2732.368771,-0.8576080000002548,-0.6740490000001955,-0.7658285000002252
2022-03-08 04:15:00,2733.041654,2732.182876,2732.367603,-0.8587780000002567,-0.6740509999999631,-0.7664145000001099
2022-03-08 04:45:00,2733.043403,2732.186784,2732.37065,-0.856619000000137,-0.6727530000002844,-0.7646860000002107
2022-03-08 05:15:00,2733.045152,2732.189023,2732.369354,-0.8561290000002373,-0.6757980000002135,-0.7659635000002254
2022-03-08 05:30:00,2733.047875,2732.188247,2732.370327,-0.859628000000157,-0.6775480000001153,-0.7685880000001362
2022-03-08 05:45:00,2733.048071,2732.190193,2732.373569,-0.8578780000002553,-0.6745020000003024,-0.7661900000002788
2022-03-08 06:00:00,2733.046905,2732.188537,2732.374152,-0.858368000000155,-0.6727530000002844,-0.7655605000002197
2022-03-08 06:15:00,2733.047488,2732.188131,2732.368643,-0.8593570000002728,-0.678845000000365,-0.7691010000003189
2022-03-08 07:15:00,2733.048071,2732.196162,2732.374475,-0.8519089999999778,-0.6735960000000887,-0.7627525000000333
2022-03-08 07:30:00,2733.048461,2732.193323,2732.374411,-0.8551379999998971,-0.6740500000000793,-0.7645939999999882
2022-03-08 07:45:00,2733.05099,2732.199081,2732.378978,-0.8519089999999778,-0.6720119999999952,-0.7619604999999865
2022-03-08 08:00:00,2733.05235,2732.196533,2732.377291,-0.8558170000001155,-0.6750590000001466,-0.7654380000001311
2022-03-08 08:15:00,2733.050014,2732.194197,2732.374955,-0.8558170000001155,-0.6750589999996919,-0.7654379999999037
2022-03-08 08:30:00,2733.048071,2732.190094,2732.371843,-0.857977000000119,-0.6762280000002647,-0.7671025000001919
2022-03-08 08:45:00,2733.046319,2732.189511,2732.37126,-0.8568080000000009,-0.6750590000001466,-0.7659335000000738
2022-03-08 09:30:00,2733.044769,2732.185042,2732.369097,-0.8597270000000208,-0.6756720000003043,-0.7676995000001625
2022-03-08 09:45:00,2733.038548,2732.179231,2732.362749,-0.8593169999999191,-0.6757990000000973,-0.7675580000000082
2022-03-08 10:00:00,2733.034656,2732.178568,2732.358857,-0.8560879999999997,-0.6757989999996425,-0.7659434999998211
2022-03-08 10:15:00,2733.036799,2732.176991,2732.361866,-0.8598080000001573,-0.6749329999997826,-0.76737049999997
2022-03-08 10:30:00,2733.037772,2732.179033,2732.361544,-0.8587390000002415,-0.6762280000002647,-0.7674835000002531
2022-03-08 11:00:00,2733.037575,2732.178937,2732.357432,-0.8586379999997007,-0.6801430000000437,-0.7693904999998722
2022-03-08 11:15:00,2733.038745,2732.180686,2732.362516,-0.8580589999996846,-0.6762289999996938,-0.7671439999996892
2022-03-08 11:30:00,2733.038161,2732.180103,2732.3586,-0.8580579999998008,-0.6795609999999215,-0.7688094999998611
2022-03-08 11:45:00,2733.036605,2732.178547,2732.361386,-0.8580579999998008,-0.6752189999997427,-0.7666384999997717
2022-03-08 12:00:00,2733.036215,2732.177167,2732.363033,-0.8590480000002572,-0.6731819999999971,-0.7661150000001271
2022-03-08 12:15:00,2733.037772,2732.180204,2732.36284,-0.8575680000003558,-0.6749320000003536,-0.7662500000003547
2022-03-08 12:30:00,2733.034856,2732.175807,2732.361221,-0.859049000000141,-0.6736350000001039,-0.7663420000001224
2022-03-08 12:45:00,2733.032333,2732.170056,2732.355364,-0.8622770000001765,-0.6769690000000992,-0.7696230000001378
2022-03-08 13:00:00,2733.031554,2732.172096,2732.356621,-0.8594580000003589,-0.6749330000002374,-0.7671955000002981
2022-03-08 13:15:00,2733.035629,2732.17734,2732.361127,-0.858288999999786,-0.6745019999998476,-0.7663954999998168
2022-03-08 13:30:00,2733.037575,2732.179018,2732.360026,-0.8585570000000189,-0.6775489999999991,-0.768053000000009
2022-03-08 13:45:00,2733.034853,2732.170106,2732.356008,-0.8647470000000794,-0.6788449999999102,-0.7717959999999948
2022-03-08 14:00:00,2733.034656,2732.17211,2732.356655,-0.8625459999998384,-0.6780009999997674,-0.7702734999998029
2022-03-08 14:15:00,2733.035632,2732.173666,2732.356914,-0.8619659999999385,-0.6787180000001172,-0.7703420000000278
2022-03-08 14:30:00,2733.036799,2732.173842,2732.357231,-0.8629569999998239,-0.6795680000000175,-0.7712624999999207
2022-03-08 14:45:00,2733.038161,2732.177365,2732.35989,-0.8607959999999366,-0.6782709999997678,-0.7695334999998522
2022-03-08 15:00:00,2733.035632,2732.173354,2732.356065,-0.8622780000000603,-0.6795670000001337,-0.770922500000097
2022-03-08 15:15:00,2733.035046,2732.17102,2732.356775,-0.8640259999997397,-0.6782709999997678,-0.7711484999997538
2022-03-08 15:30:00,2733.035632,2732.171874,2732.359111,-0.8637579999999616,-0.676520999999866,-0.7701394999999138
2022-03-08 15:45:00,2733.036995,2732.176468,2732.359177,-0.86052699999982,-0.6778180000001157,-0.7691724999999678
2022-03-08 16:00:00,2733.040494,2732.174987,2732.360927,-0.8655069999999796,-0.679566999999679,-0.7725369999998293
2022-03-08 16:15:00,2733.037772,2732.175495,2732.358204,-0.8622770000001765,-0.6795680000000175,-0.770922500000097
2022-03-08 16:30:00,2733.037575,2732.174308,2732.358008,-0.8632669999997233,-0.679566999999679,-0.7714169999997011
2022-03-08 16:45:00,2733.037185,2732.171678,2732.355868,-0.8655069999999796,-0.6813170000000355,-0.7734120000000075
2022-03-08 17:00:00,2733.035046,2732.168059,2732.356776,-0.8669869999998809,-0.678269999999884,-0.7726284999998825
2022-03-08 17:15:00,2733.035436,2732.173159,2732.354119,-0.8622770000001765,-0.6813170000000355,-0.771797000000106
2022-03-08 17:45:00,2733.038745,2732.174717,2732.358724,-0.864027999999962,-0.6800209999996696,-0.7720244999998158
2022-03-08 18:15:00,2733.043216,2732.179769,2732.36073,-0.8634470000001784,-0.6824860000001536,-0.772966500000166
2022-03-08 18:30:00,2733.044183,2732.181905,2732.364885,-0.8622780000000603,-0.679298000000017,-0.7707880000000387
2022-03-08 18:45:00,2733.043413,2732.180725,2732.364695,-0.8626879999997072,-0.6787179999996624,-0.7707029999996848
2022-03-08 19:00:00,2733.043413,2732.182205,2732.367742,-0.8612079999998059,-0.6756709999999657,-0.7684394999998858
2022-03-08 19:15:00,2733.045162,2732.183955,2732.366445,-0.8612069999999221,-0.6787169999997786,-0.7699619999998504
2022-03-08 19:45:00,2733.046329,2732.184051,2732.367611,-0.8622779999996055,-0.6787179999996624,-0.770497999999634
2022-03-08 20:15:00,2733.045162,2732.184636,2732.370231,-0.8605259999999362,-0.674931000000015,-0.7677284999999756
2022-03-08 20:45:00,2733.043413,2732.181896,2732.367184,-0.8615169999998216,-0.6762289999996938,-0.7688729999997577
2022-03-08 21:00:00,2733.046329,2732.183061,2732.373864,-0.8632679999996071,-0.6724649999996473,-0.7678664999996272
2022-03-08 21:30:00,2733.043996,2732.182478,2732.371243,-0.8615179999997054,-0.6727529999998296,-0.7671354999997675
2022-03-08 21:45:00,2733.045939,2732.184151,2732.373474,-0.8617880000001605,-0.672465000000102,-0.7671265000001313
2022-03-08 22:15:00,2733.04166,2732.183372,2732.37399,-0.8582879999999022,-0.6676699999998164,-0.7629789999998593
2022-03-08 22:45:00,2733.042827,2732.182788,2732.372111,-0.8600390000001426,-0.670716000000084,-0.7653775000001133
2022-03-08 23:00:00,2733.043993,2732.185704,2732.373277,-0.858288999999786,-0.6707159999996293,-0.7645024999997077
2022-03-08 23:15:00,2733.043216,2732.183178,2732.371331,-0.860037999999804,-0.6718850000002021,-0.7659615000000031
2022-03-08 23:30:00,2733.04283,2732.182302,2732.369648,-0.8605279999997038,-0.6731819999999971,-0.7668549999998504
2022-03-09 00:30:00,2733.043213,2732.184656,2732.372498,-0.8585570000000189,-0.6707149999997455,-0.7646359999998822
2022-03-09 00:45:00,2733.042237,2732.186418,2732.369485,-0.8558190000003378,-0.6727519999999458,-0.7642855000001418
2022-03-09 01:00:00,2733.043403,2732.185835,2732.371947,-0.8575679999999011,-0.6714560000000347,-0.7645119999999679
2022-03-09 01:15:00,2733.043403,2732.186514,2732.373696,-0.8568890000001375,-0.6697070000000167,-0.7632980000000771
2022-03-09 01:30:00,2733.043793,2732.182995,2732.371041,-0.8607979999997042,-0.6727519999999458,-0.766774999999825
2022-03-09 01:45:00,2733.045156,2732.186518,2732.3737,-0.8586380000001554,-0.6714560000000347,-0.7650470000000951
2022-03-09 02:00:00,2733.046322,2732.186505,2732.373118,-0.8598170000000209,-0.6732040000001689,-0.7665105000000949
2022-03-09 02:15:00,2733.046322,2732.188665,2732.370071,-0.8576570000000174,-0.6762510000003203,-0.7669540000001689
2022-03-09 03:00:00,2733.046712,2732.188375,2732.374803,-0.8583369999996648,-0.6719089999996868,-0.7651229999996758
2022-03-09 03:15:00,2733.046325,2732.18898,2732.371101,-0.8573449999998957,-0.6752239999996164,-0.766284499999756
2022-03-09 03:45:00,2733.047878,2732.185144,2732.372654,-0.8627339999998185,-0.6752240000000711,-0.7689789999999448
2022-03-09 04:00:00,2733.049234,2732.182609,2732.369214,-0.8666250000001128,-0.6800200000002405,-0.7733225000001767
2022-03-09 04:15:00,2733.050984,2732.183599,2732.372261,-0.867385000000013,-0.6787229999999909,-0.7730540000000019
2022-03-09 04:30:00,2733.053899,2732.184765,2732.372688,-0.8691340000000309,-0.6812110000000757,-0.7751725000000533
2022-03-09 05:00:00,2733.05254,2732.186635,2732.373078,-0.8659050000001116,-0.6794620000000577,-0.7726835000000847
2022-03-09 05:15:00,2733.055069,2732.184185,2732.372108,-0.8708839999999327,-0.6829609999999775,-0.7769224999999551
2022-03-09 06:15:00,2733.057598,2732.189175,2732.372888,-0.8684229999998934,-0.6847099999999955,-0.7765664999999444
2022-03-09 06:30:00,2733.056235,2732.184583,2732.372821,-0.8716519999998127,-0.6834140000000843,-0.7775329999999485
2022-03-09 06:45:00,2733.057402,2732.186248,2732.372237,-0.8711539999999331,-0.6851649999998699,-0.7781594999999015
2022-03-09 07:15:00,2733.057988,2732.191045,2732.371528,-0.866942999999992,-0.6864599999998973,-0.7767014999999446
2022-03-09 07:45:00,2733.055849,2732.185946,2732.374184,-0.8699029999997947,-0.6816650000000664,-0.7757839999999305
2022-03-09 08:00:00,2733.052737,2732.183602,2732.368478,-0.8691349999999147,-0.684259000000111,-0.7766970000000128
2022-03-09 08:15:00,2733.050021,2732.183027,2732.366922,-0.866993999999977,-0.6830989999998565,-0.7750464999999167
2022-03-09 08:30:00,2733.047882,2732.182637,2732.370876,-0.865244999999959,-0.6770059999998921,-0.7711254999999255
2022-03-09 08:45:00,2733.045162,2732.182436,2732.370358,-0.8627259999998387,-0.6748039999997673,-0.768764999999803
2022-03-09 09:00:00,2733.043413,2732.183417,2732.368609,-0.8599959999996827,-0.6748039999997673,-0.767399999999725
2022-03-09 09:30:00,2733.038941,2732.179713,2732.368932,-0.8592279999998027,-0.6700089999999363,-0.7646184999998695
2022-03-09 09:45:00,2733.035446,2732.175449,2732.362391,-0.8599970000000212,-0.6730549999997493,-0.7665259999998852
2022-03-09 10:00:00,2733.03136,2732.169205,2732.359601,-0.8621549999998024,-0.6717589999998381,-0.7669569999998203
2022-03-09 10:15:00,2733.03311,2732.173113,2732.358305,-0.8599970000000212,-0.674804999999651,-0.7674009999998361
2022-03-09 10:30:00,2733.035446,2732.17222,2732.358604,-0.8632259999999405,-0.6768419999998514,-0.770033999999896
2022-03-09 10:45:00,2733.03389,2732.169182,2732.356618,-0.8647080000000642,-0.6772720000003574,-0.7709900000002108
2022-03-09 11:00:00,2733.038168,2732.171712,2732.360444,-0.8664560000001984,-0.6777240000001257,-0.772090000000162
2022-03-09 11:15:00,2733.040304,2732.173169,2732.363878,-0.867134999999962,-0.6764259999999922,-0.7717804999999771
2022-03-09 11:30:00,2733.040494,2732.173359,2732.361021,-0.867134999999962,-0.6794729999996889,-0.7733039999998255
2022-03-09 11:45:00,2733.038358,2732.173383,2732.360634,-0.8649749999999585,-0.6777239999996709,-0.7713494999998147
2022-03-09 12:00:00,2733.037385,2732.169179,2732.359082,-0.8682060000001002,-0.6783030000001418,-0.773254500000121
2022-03-09 12:15:00,2733.038741,2732.172776,2732.360438,-0.8659649999999601,-0.678302999999687,-0.7721339999998236
2022-03-09 12:30:00,2733.036022,2732.169566,2732.3557,-0.8664559999997437,-0.6803219999997054,-0.7733889999997245
2022-03-09 12:45:00,2733.035053,2732.171827,2732.357777,-0.8632259999999405,-0.6772759999998925,-0.7702509999999165
2022-03-09 13:00:00,2733.035049,2732.168593,2732.357772,-0.8664560000001984,-0.677277000000231,-0.7718665000002147
2022-03-09 13:15:00,2733.035246,2732.174758,2732.354635,-0.8604879999998047,-0.6806109999997716,-0.7705494999997882
2022-03-09 13:30:00,2733.038551,2732.172407,2732.362572,-0.8661440000000766,-0.6759790000000976,-0.7710615000000871
2022-03-09 13:45:00,2733.039524,2732.17338,2732.360211,-0.8661439999996219,-0.6793129999996381,-0.77272849999963
2022-03-09 14:00:00,2733.036219,2732.173573,2732.360404,-0.8626460000000407,-0.6758150000000569,-0.7692305000000488
2022-03-09 14:15:00,2733.036215,2732.170349,2732.357332,-0.8658660000000964,-0.6788830000000416,-0.772374500000069
2022-03-09 14:30:00,2733.036989,2732.174353,2732.359855,-0.8626360000002933,-0.6771340000000237,-0.7698850000001585
2022-03-09 14:45:00,2733.035046,2732.170929,2732.359661,-0.8641170000000784,-0.6753850000000057,-0.769751000000042
2022-03-09 15:00:00,2733.035826,2732.17023,2732.364784,-0.8655959999996412,-0.6710419999999431,-0.7683189999997921
2022-03-09 15:15:00,2733.035826,2732.168749,2732.361737,-0.8670769999998811,-0.6740889999996398,-0.7705829999997604
2022-03-09 16:00:00,2733.036409,2732.168351,2732.361024,-0.8680580000000191,-0.6753850000000057,-0.7717215000000124
2022-03-09 16:15:00,2733.036992,2732.169915,2732.363763,-0.8670769999998811,-0.6732289999999921,-0.7701529999999366
2022-03-09 16:45:00,2733.034076,2732.165518,2732.362597,-0.868558000000121,-0.6714790000000903,-0.7700185000001056
2022-03-09 17:00:00,2733.034269,2732.165713,2732.359745,-0.8685560000003534,-0.6745240000000194,-0.7715400000001864
2022-03-09 17:15:00,2733.034463,2732.167386,2732.356892,-0.8670769999998811,-0.6775710000001709,-0.772324000000026
2022-03-09 17:30:00,2733.036409,2732.169332,2732.36318,-0.8670769999998811,-0.6732289999999921,-0.7701529999999366
2022-03-09 17:45:00,2733.037575,2732.170498,2732.360441,-0.8670769999998811,-0.6771340000000237,-0.7721054999999524
2022-03-09 18:00:00,2733.039324,2732.173015,2732.365236,-0.8663090000000011,-0.674087999999756,-0.7701984999998785
2022-03-09 18:30:00,2733.038741,2732.172432,2732.365394,-0.8663090000000011,-0.6733469999999215,-0.7698279999999613
2022-03-09 19:30:00,2733.036992,2732.170684,2732.363644,-0.8663079999996626,-0.6733479999998053,-0.769827999999734
2022-03-09 20:15:00,2733.038935,2732.170877,2732.360791,-0.8680580000000191,-0.6781439999999748,-0.7731009999999969
2022-03-09 20:30:00,2733.038355,2732.169887,2732.363837,-0.8684680000001208,-0.674518000000262,-0.7714930000001914
2022-03-09 20:45:00,2733.037968,2732.173122,2732.363451,-0.8648459999999432,-0.6745169999999234,-0.7696814999999333
2022-03-09 21:00:00,2733.039324,2732.168018,2732.360011,-0.8713060000000041,-0.6793129999996381,-0.7753094999998211
2022-03-09 21:15:00,2733.039324,2732.167028,2732.358714,-0.8722960000000057,-0.6806099999998878,-0.7764529999999468
2022-03-09 21:30:00,2733.038158,2732.170842,2732.362344,-0.8673159999998461,-0.6758139999997184,-0.7715649999997822
2022-03-09 21:45:00,2733.040491,2732.174655,2732.362927,-0.8658360000003995,-0.6775640000000749,-0.7717000000002372
2022-03-09 22:00:00,2733.040687,2732.173102,2732.361374,-0.8675849999999627,-0.6793130000000929,-0.7734490000000278
2022-03-09 22:15:00,2733.038165,2732.170088,2732.359305,-0.8680770000000848,-0.678859999999986,-0.7734685000000354
2022-03-09 22:30:00,2733.039331,2732.169505,2732.361315,-0.8698260000001028,-0.6780159999998432,-0.773920999999973
2022-03-09 22:45:00,2733.038748,2732.168923,2732.359435,-0.8698249999997643,-0.6793130000000929,-0.7745689999999286
2022-03-09 23:00:00,2733.038551,2732.174875,2732.364034,-0.8636759999999413,-0.6745169999999234,-0.7690964999999323
2022-03-09 23:15:00,2733.040104,2732.174678,2732.36254,-0.8654260000002978,-0.6775640000000749,-0.7714950000001863
2022-03-09 23:30:00,2733.038748,2732.173322,2732.362481,-0.865425999999843,-0.6762669999998252,-0.7708464999998341
2022-03-09 23:45:00,2733.039331,2732.172424,2732.363064,-0.8669070000000829,-0.6762669999998252,-0.7715869999999541
2022-03-10 00:00:00,2733.038748,2732.171841,2732.361184,-0.8669070000000829,-0.6775640000000749,-0.7722355000000789
2022-03-10 00:15:00,2733.039914,2732.174487,2732.362352,-0.8654269999997268,-0.6775619999998526,-0.7714944999997897
2022-03-10 00:45:00,2733.038165,2732.169098,2732.363648,-0.8690670000000864,-0.6745169999999234,-0.7717920000000049
2022-03-10 01:15:00,2733.035832,2732.168516,2732.360018,-0.8673159999998461,-0.6758140000001731,-0.7715650000000096
2022-03-10 01:30:00,2733.038165,2732.170579,2732.361898,-0.8675859999998465,-0.6762669999998252,-0.7719264999998359
2022-03-10 02:45:00,2733.039134,2732.174287,2732.36332,-0.8648470000002817,-0.6758140000001731,-0.7703305000002274
2022-03-10 03:00:00,2733.042823,2732.172997,2732.362213,-0.8698260000001028,-0.6806100000003426,-0.7752180000002227
2022-03-10 03:15:00,2733.043406,2732.17506,2732.365843,-0.8683459999997467,-0.6775629999997363,-0.7729544999997415
2022-03-10 03:30:00,2733.042823,2732.176226,2732.36526,-0.8665970000001835,-0.6775630000001911,-0.7720800000001873
2022-03-10 03:45:00,2733.043406,2732.171831,2732.364093,-0.871574999999666,-0.6793129999996381,-0.7754439999996521
2022-03-10 04:00:00,2733.037382,2732.171054,2732.36027,-0.8663280000000668,-0.6771119999998518,-0.7717199999999593
2022-03-10 04:15:00,2733.039324,2732.173506,2732.36468,-0.8658179999997628,-0.6746439999997165,-0.7702309999997397
2022-03-10 04:45:00,2733.039908,2732.175078,2732.363515,-0.8648299999999836,-0.6763930000001892,-0.7706115000000864
2022-03-10 05:30:00,2733.039908,2732.173598,2732.36656,-0.8663100000003396,-0.6733480000002601,-0.7698290000002999
2022-03-10 06:00:00,2733.036992,2732.175393,2732.364653,-0.8615989999998419,-0.672338999999738,-0.76696899999979
2022-03-10 06:15:00,2733.038158,2732.171849,2732.362774,-0.8663090000000011,-0.6753839999996671,-0.7708464999998341
2022-03-10 07:00:00,2733.041077,2732.17306,2732.366108,-0.8680169999997815,-0.6749689999996917,-0.7714929999997366
2022-03-10 07:30:00,2733.042243,2732.175976,2732.36293,-0.8662669999998798,-0.6793130000000929,-0.7727899999999863
2022-03-10 07:45:00,2733.040101,2732.173522,2732.363254,-0.8665790000000015,-0.6768470000001798,-0.7717130000000907
2022-03-10 08:00:00,2733.039324,2732.170096,2732.363058,-0.869228000000021,-0.6762659999999414,-0.7727469999999812
2022-03-10 08:15:00,2733.040491,2732.172742,2732.365521,-0.8677490000000034,-0.6749700000000303,-0.7713595000000169
2022-03-10 08:30:00,2733.039324,2732.170587,2732.366104,-0.8687369999997827,-0.6732199999996737,-0.7709784999997282
2022-03-10 08:45:00,2733.039324,2732.172727,2732.369151,-0.8665969999997287,-0.670172999999977,-0.7683849999998529
2022-03-10 09:00:00,2733.039324,2732.174477,2732.367854,-0.864846999999827,-0.671469999999772,-0.7681584999997995
2022-03-10 09:15:00,2733.04224,2732.170663,2732.368568,-0.8715770000003431,-0.6736720000003515,-0.7726245000003473
2022-03-10 09:30:00,2733.039908,2732.170081,2732.364938,-0.8698269999999866,-0.6749700000000303,-0.7723985000000084
2022-03-10 10:00:00,2733.037188,2732.172341,2732.367015,-0.864846999999827,-0.670172999999977,-0.767509999999902
2022-03-10 10:15:00,2733.034666,2732.171568,2732.363195,-0.863097999999809,-0.6714710000001105,-0.7672844999999597
2022-03-10 10:45:00,2733.039134,2732.174017,2732.36721,-0.8651170000002821,-0.6719240000002173,-0.7685205000002497
2022-03-10 11:00:00,2733.038355,2732.171758,2732.368181,-0.8665970000001835,-0.6701740000003156,-0.7683855000002495
2022-03-10 11:30:00,2733.036415,2732.169818,2732.366242,-0.8665970000001835,-0.670172999999977,-0.7683850000000803
2022-03-10 11:45:00,2733.036999,2732.16925,2732.362029,-0.8677490000000034,-0.6749700000000303,-0.7713595000000169
2022-03-10 12:30:00,2733.036415,2732.169426,2732.364492,-0.8669890000001033,-0.6719229999998788,-0.769455999999991
2022-03-10 12:45:00,2733.036802,2732.167573,2732.361832,-0.8692289999999048,-0.6749700000000303,-0.7720994999999675
2022-03-10 13:00:00,2733.039908,2732.167841,2732.363188,-0.8720670000002428,-0.6767200000003868,-0.7743935000003148
2022-03-10 13:30:00,2733.039711,2732.171384,2732.363421,-0.868326999999681,-0.6762899999998808,-0.7723084999997809
2022-03-10 13:45:00,2733.038158,2732.174041,2732.364476,-0.8641169999996237,-0.6736819999996442,-0.7688994999996339
2022-03-10 14:00:00,2733.037575,2732.173458,2732.365644,-0.8641169999996237,-0.6719309999998586,-0.7680239999997411
2022-03-10 15:30:00,2733.036992,2732.168164,2732.365061,-0.8688279999996666,-0.6719309999998586,-0.7703794999997626
2022-03-10 16:00:00,2733.036602,2732.171005,2732.363375,-0.8655969999999797,-0.6732270000002245,-0.7694120000001021
2022-03-10 16:15:00,2733.039714,2732.173339,2732.366042,-0.8663750000000618,-0.6736719999998968,-0.7700234999999793
2022-03-10 16:30:00,2733.036602,2732.174626,2732.361624,-0.8619760000001406,-0.6749780000000101,-0.7684770000000753
2022-03-10 16:45:00,2733.035822,2732.168476,2732.361281,-0.8673459999999977,-0.6745409999998628,-0.7709434999999303
2022-03-10 17:00:00,2733.036989,2732.169052,2732.361439,-0.8679369999999835,-0.6755500000003849,-0.7717435000001842
2022-03-10 17:15:00,2733.037575,2732.171968,2732.362605,-0.8656069999997271,-0.6749700000000303,-0.7702884999998787
2022-03-10 17:30:00,2733.041074,2732.176947,2732.367401,-0.8641270000002805,-0.6736730000002353,-0.7689000000002579
2022-03-10 17:45:00,2733.038741,2732.174884,2732.366818,-0.8638569999998253,-0.6719229999998788,-0.7678899999998521
2022-03-10 18:00:00,2733.040104,2732.174908,2732.366432,-0.8651960000001964,-0.6736720000003515,-0.769434000000274
2022-03-10 18:15:00,2733.040301,2732.178824,2732.365331,-0.8614769999999226,-0.6749700000000303,-0.7682234999999764
2022-03-10 18:30:00,2733.040104,2732.179617,2732.367171,-0.8604870000003757,-0.6729330000002847,-0.7667100000003302
2022-03-10 18:45:00,2733.040497,2732.17902,2732.366267,-0.8614769999999226,-0.6742300000000796,-0.7678535000000011
2022-03-10 19:00:00,2733.043413,2732.180187,2732.367434,-0.8632259999999405,-0.6759790000000976,-0.7696025000000191
2022-03-10 19:15:00,2733.04283,2732.182833,2732.366851,-0.8599970000000212,-0.6759789999996428,-0.767987999999832
2022-03-10 19:30:00,2733.04108,2732.179603,2732.368148,-0.8614769999999226,-0.6729319999999461,-0.7672044999999343
2022-03-10 19:45:00,2733.040497,2732.18019,2732.369314,-0.8603069999999207,-0.6711829999999281,-0.7657449999999244
2022-03-10 20:00:00,2733.04283,2732.179293,2732.370619,-0.8635369999997238,-0.6722110000000612,-0.7678739999998925
2022-03-10 20:15:00,2733.042247,2732.17871,2732.370036,-0.8635369999997238,-0.6722110000000612,-0.7678739999998925
2022-03-10 20:45:00,2733.044776,2732.18155,2732.371395,-0.8632260000003953,-0.6733810000000631,-0.7683035000002292
2022-03-10 21:00:00,2733.045162,2732.183096,2732.370773,-0.862065999999686,-0.6743889999997918,-0.7682274999997389
2022-03-10 21:15:00,2733.043023,2732.185935,2732.37343,-0.8570880000002035,-0.6695930000000772,-0.7633405000001403
2022-03-10 21:30:00,2733.046908,2732.182102,2732.373816,-0.8648059999995894,-0.6730919999999969,-0.7689489999997932
2022-03-10 21:45:00,2733.044773,2732.186426,2732.372563,-0.858346999999867,-0.6722100000001774,-0.7652785000000222
2022-03-10 22:00:00,2733.043993,2732.183007,2732.371363,-0.8609859999996843,-0.6726299999995717,-0.766807999999628
2022-03-10 22:15:00,2733.046908,2732.184172,2732.372529,-0.8627359999995861,-0.6743789999995897,-0.7685574999995879
2022-03-10 22:30:00,2733.044962,2732.184655,2732.371036,-0.8603069999999207,-0.6739259999999376,-0.7671164999999291
2022-03-10 22:45:00,2733.046515,2732.186208,2732.373885,-0.8603069999999207,-0.6726300000000265,-0.7664684999999736
2022-03-10 23:00:00,2733.046908,2732.183862,2732.375576,-0.8630459999999402,-0.671331999999893,-0.7671889999999166
2022-03-10 23:15:00,2733.047492,2732.182696,2732.373112,-0.8647960000002968,-0.6743799999999283,-0.7695880000001125
2022-03-10 23:30:00,2733.045742,2732.183686,2732.370066,-0.8620559999999386,-0.6756759999998394,-0.768865999999889
2022-03-11 00:00:00,2733.045352,2732.178398,2732.374018,-0.8669540000000779,-0.6713340000001153,-0.7691440000000966
2022-03-11 00:15:00,2733.043989,2732.180264,2732.374406,-0.8637249999997039,-0.669582999999875,-0.7666539999997894
2022-03-11 00:30:00,2733.044573,2732.179098,2732.37324,-0.8654750000000604,-0.6713330000002316,-0.768404000000146
2022-03-11 00:45:00,2733.043406,2732.179681,2732.370776,-0.8637249999997039,-0.6726299999995717,-0.7681774999996378
2022-03-11 01:00:00,2733.044573,2732.180847,2732.370646,-0.8637260000000424,-0.6739270000002762,-0.7688265000001593
2022-03-11 01:30:00,2733.041074,2732.180579,2732.368444,-0.8604950000003555,-0.6726300000000265,-0.766562500000191
2022-03-11 02:15:00,2733.043989,2732.181744,2732.372657,-0.8622449999998025,-0.671331999999893,-0.7667884999998478
2022-03-11 02:30:00,2733.04224,2732.178515,2732.366564,-0.8637250000001586,-0.6756760000002942,-0.7697005000002264
2022-03-11 02:45:00,2733.043213,2732.180478,2732.367537,-0.8627349999997023,-0.6756759999998394,-0.7692054999997708
2022-03-11 03:30:00,2733.045352,2732.182617,2732.372723,-0.862735000000157,-0.6726290000001427,-0.7676820000001499
2022-03-11 04:00:00,2733.044573,2732.185558,2732.373961,-0.8590149999999994,-0.6706120000003466,-0.764813500000173
2022-03-11 04:30:00,2733.045739,2732.184975,2732.372081,-0.8607640000000174,-0.6736580000001595,-0.7672110000000885
2022-03-11 04:45:00,2733.044183,2732.181939,2732.374867,-0.8622439999999187,-0.6693159999999807,-0.7657799999999497
2022-03-11 05:15:00,2733.046125,2732.182811,2732.373765,-0.8633139999997184,-0.672360000000026,-0.7678369999998722
2022-03-11 05:30:00,2733.047098,2732.183784,2732.375479,-0.8633140000001731,-0.6716190000001916,-0.7674665000001824
2022-03-11 05:45:00,2733.046125,2732.18604,2732.374506,-0.860084999999799,-0.6716189999997368,-0.7658519999997679
2022-03-11 06:15:00,2733.044569,2732.183503,2732.377744,-0.861065999999937,-0.6668250000002445,-0.7639455000000908
2022-03-11 06:30:00,2733.043986,2732.186829,2732.375864,-0.8571569999999156,-0.6681220000000394,-0.7626394999999775
2022-03-11 06:45:00,2733.0436,2732.188192,2732.377227,-0.8554079999998976,-0.6663730000000214,-0.7608904999999595
2022-03-11 07:00:00,2733.044189,2732.188102,2732.378685,-0.856087000000116,-0.6655040000000554,-0.7607955000000857
2022-03-11 07:15:00,2733.041077,2732.185259,2732.377322,-0.8558179999999993,-0.6637550000000374,-0.7597865000000183
2022-03-11 07:30:00,2733.040687,2732.183512,2732.372565,-0.8571750000000975,-0.6681220000000394,-0.7626485000000685
2022-03-11 07:45:00,2733.040104,2732.18342,2732.374002,-0.856684000000314,-0.6661020000001372,-0.7613930000002256
2022-03-11 08:00:00,2733.040501,2732.181665,2732.373228,-0.8588359999998829,-0.6672730000000229,-0.7630544999999529
2022-03-11 08:15:00,2733.040111,2732.181275,2732.374874,-0.8588359999998829,-0.6652369999997063,-0.7620364999997946
2022-03-11 08:30:00,2733.038941,2732.180514,2732.370659,-0.858426999999665,-0.6682819999996354,-0.7633544999996502
2022-03-11 08:45:00,2733.039328,2732.177671,2732.372343,-0.8616569999999228,-0.6669849999998405,-0.7643209999998817
2022-03-11 09:00:00,2733.038358,2732.180422,2732.367029,-0.8579359999998815,-0.6713289999997869,-0.7646324999998342
2022-03-11 09:15:00,2733.04127,2732.178946,2732.369069,-0.8623240000001715,-0.6722010000003138,-0.7672625000002427
2022-03-11 09:30:00,2733.039908,2732.174352,2732.366967,-0.865556000000197,-0.6729410000002645,-0.7692485000002307
2022-03-11 09:45:00,2733.040297,2732.177123,2732.368941,-0.8631740000000718,-0.6713559999998324,-0.7672649999999521
2022-03-11 10:00:00,2733.037192,2732.172849,2732.361619,-0.8643429999997352,-0.6755729999999858,-0.7699579999998605
2022-03-11 10:15:00,2733.034273,2732.170697,2732.359152,-0.8635760000001937,-0.6751210000002175,-0.7693485000002056
2022-03-11 10:30:00,2733.031744,2732.172059,2732.360392,-0.8596849999998994,-0.6713519999998425,-0.765518499999871
2022-03-11 10:45:00,2733.031744,2732.167347,2732.357347,-0.8643969999998262,-0.6743969999997717,-0.7693969999997989
2022-03-11 11:00:00,2733.031161,2732.172234,2732.359809,-0.8589269999997668,-0.6713519999998425,-0.7651394999998047
2022-03-11 11:15:00,2733.034466,2732.17231,2732.362256,-0.8621560000001409,-0.6722100000001774,-0.7671830000001592
2022-03-11 11:30:00,2733.035246,2732.17484,2732.366081,-0.8604059999997844,-0.6691649999997935,-0.764785499999789
2022-03-11 11:45:00,2733.036022,2732.173867,2732.365108,-0.8621549999998024,-0.6709139999998115,-0.7665344999998069
2022-03-11 12:00:00,2733.035826,2732.171922,2732.363162,-0.8639039999998204,-0.6726639999997133,-0.7682839999997668
2022-03-11 12:15:00,2733.033107,2732.173191,2732.362933,-0.8599160000003394,-0.6701740000003156,-0.7650450000003275
2022-03-11 12:30:00,2733.034083,2732.170669,2732.363456,-0.8634139999999206,-0.6706269999999677,-0.7670204999999441
2022-03-11 12:45:00,2733.034276,2732.167633,2732.360603,-0.86664299999984,-0.6736729999997806,-0.7701579999998103
2022-03-11 13:00:00,2733.032137,2732.165762,2732.360213,-0.8663750000000618,-0.6719240000002173,-0.7691495000001396
2022-03-11 13:15:00,2733.035636,2732.167511,2732.363259,-0.8681249999999636,-0.6723769999998694,-0.7702509999999165
2022-03-11 13:30:00,2733.035439,2732.169064,2732.361766,-0.8663750000000618,-0.6736730000002353,-0.7700240000001486
2022-03-11 13:45:00,2733.033693,2732.169478,2732.36002,-0.8642150000000584,-0.6736729999997806,-0.7689439999999195
2022-03-11 14:00:00,2733.032913,2732.165467,2732.35924,-0.8674460000002,-0.6736729999997806,-0.7705594999999903
2022-03-11 14:15:00,2733.031747,2732.165071,2732.359824,-0.8666760000000977,-0.6719229999998788,-0.7692994999999883
2022-03-11 14:30:00,2733.034473,2732.170568,2732.36138,-0.8639050000001589,-0.6730930000003355,-0.7684990000002472
2022-03-11 15:00:00,2733.040111,2732.168497,2732.359176,-0.8716139999996813,-0.6809349999998631,-0.7762744999997722
2022-03-11 15:15:00,2733.036415,2732.1683,2732.360276,-0.8681150000002162,-0.6761390000001484,-0.7721270000001823
2022-03-11 15:45:00,2733.036415,2732.16857,2732.361016,-0.8678450000002158,-0.6753990000001977,-0.7716220000002068
2022-03-11 16:00:00,2733.037582,2732.170226,2732.360886,-0.8673559999997451,-0.6766959999999926,-0.7720259999998689
2022-03-11 16:15:00,2733.037192,2732.166607,2732.358747,-0.8705849999996644,-0.6784449999995559,-0.7745149999996102
2022-03-11 16:30:00,2733.036026,2732.164369,2732.358876,-0.8716570000001411,-0.677150000000438,-0.7744035000002896
2022-03-11 16:45:00,2733.034669,2732.162023,2732.35752,-0.8726460000002589,-0.6771490000000995,-0.7748975000001792
2022-03-11 17:15:00,2733.036022,2732.165447,2732.358436,-0.870574999999917,-0.677585999999792,-0.7740804999998545
2022-03-11 17:30:00,2733.034466,2732.164658,2732.358629,-0.8698079999999209,-0.6758370000002287,-0.7728225000000748
2022-03-11 17:45:00,2733.036995,2732.1661,2732.358112,-0.8708950000000186,-0.6788830000000416,-0.7748890000000301
2022-03-11 18:00:00,2733.036412,2732.164036,2732.363622,-0.8723759999998038,-0.6727900000000773,-0.7725829999999405
2022-03-11 18:15:00,2733.039328,2732.168922,2732.362483,-0.8704060000000027,-0.6768449999999575,-0.7736254999999801
2022-03-11 18:30:00,2733.04166,2732.172736,2732.364814,-0.868923999999879,-0.6768459999998413,-0.7728849999998602
2022-03-11 18:45:00,2733.042827,2732.169192,2732.364231,-0.8736350000003767,-0.6785960000001978,-0.7761155000002873
2022-03-11 19:00:00,2733.04341,2732.173006,2732.366994,-0.8704040000002351,-0.6764160000002448,-0.77341000000024
2022-03-11 19:15:00,2733.043023,2732.173608,2732.36414,-0.8694150000001173,-0.6788830000000416,-0.7741490000000795
2022-03-11 19:45:00,2733.043993,2732.175069,2732.365397,-0.868923999999879,-0.6785959999997431,-0.773759999999811
2022-03-11 20:00:00,2733.044576,2732.172421,2732.365982,-0.8721549999995659,-0.6785939999999755,-0.7753744999997707
2022-03-11 20:45:00,2733.041854,2732.172928,2732.359925,-0.8689260000001013,-0.6819289999998546,-0.775427499999978
2022-03-11 21:00:00,2733.039908,2732.172733,2732.363061,-0.8671750000003158,-0.6768470000001798,-0.7720110000002478
2022-03-11 21:15:00,2733.041657,2732.171252,2732.361764,-0.8704050000001189,-0.6798929999999928,-0.7751490000000558
2022-03-11 21:30:00,2733.040491,2732.170085,2732.363646,-0.8704060000000027,-0.6768450000004123,-0.7736255000002075
2022-03-11 21:45:00,2733.040104,2732.169699,2732.363258,-0.8704050000001189,-0.676846000000296,-0.7736255000002075
2022-03-11 22:00:00,2733.04283,2732.175082,2732.361912,-0.8677479999996649,-0.6809180000000197,-0.7743329999998423
2022-03-11 22:15:00,2733.04186,2732.175844,2732.363271,-0.866015999999945,-0.6785889999996471,-0.772302499999796
2022-03-11 22:30:00,2733.042247,2732.177711,2732.364955,-0.8645360000000437,-0.6772919999998521,-0.7709139999999479
2022-03-11 22:45:00,2733.044579,2732.180043,2732.361194,-0.8645360000000437,-0.6833849999998165,-0.7739604999999301
2022-03-11 23:00:00,2733.047495,2732.17798,2732.362362,-0.8695149999998648,-0.6851329999999507,-0.7773239999999078
2022-03-11 23:15:00,2733.048661,2732.180626,2732.361779,-0.8680349999999635,-0.6868819999999687,-0.7774584999999661
2022-03-12 00:00:00,2733.049244,2732.17623,2732.360611,-0.8730139999997846,-0.6886329999997542,-0.7808234999997694
2022-03-12 01:15:00,2733.064206,2732.168414,2732.362167,-0.8957919999998012,-0.702038999999786,-0.7989154999997936
2022-03-12 01:30:00,2733.067515,2732.163103,2732.362557,-0.9044120000003204,-0.7049580000002607,-0.8046850000002905
2022-03-12 02:15:00,2733.074902,2732.14968,2732.362947,-0.9252219999998488,-0.7119549999997616,-0.8185884999998052
2022-03-12 02:45:00,2733.078011,2732.145339,2732.36126,-0.9326719999999113,-0.7167509999999311,-0.8247114999999212
2022-03-12 03:00:00,2733.082873,2732.143061,2732.365797,-0.9398119999996197,-0.7170759999999063,-0.828443999999763
2022-03-12 03:15:00,2733.106388,2732.140803,2732.365411,-0.9655850000003738,-0.7409769999999298,-0.8532810000001518
2022-03-12 03:30:00,2733.098224,2732.138156,2732.361199,-0.9600679999998647,-0.7370249999999032,-0.848546499999884
2022-03-12 03:45:00,2733.101723,2732.137175,2732.364244,-0.9645480000003772,-0.7374790000003486,-0.8510135000003629
2022-03-12 04:00:00,2733.104056,2732.137758,2732.361781,-0.966298000000279,-0.7422750000000633,-0.8542865000001711
2022-03-12 04:15:00,2733.106388,2732.136862,2732.362364,-0.9695260000003145,-0.7440240000000813,-0.8567750000001979
2022-03-12 04:45:00,2733.110473,2732.138028,2732.366577,-0.9724450000003344,-0.7438960000004045,-0.8581705000003694
2022-03-12 05:15:00,2733.114359,2732.135185,2732.362169,-0.9791740000000573,-0.7521900000001551,-0.8656820000001062
2022-03-12 05:30:00,2733.116495,2732.133822,2732.361258,-0.9826730000004318,-0.7552370000003066,-0.8689550000003692
2022-03-12 06:00:00,2733.120383,2732.133122,2732.364981,-0.9872609999997621,-0.7554019999997763,-0.8713314999997692
2022-03-12 06:15:00,2733.122136,2732.137427,2732.365564,-0.9847089999998389,-0.7565719999997782,-0.8706404999998085
2022-03-12 06:30:00,2733.120387,2732.135185,2732.363814,-0.9852019999998447,-0.7565730000001167,-0.8708874999999807
2022-03-12 07:15:00,2733.121163,2732.139683,2732.36634,-0.9814799999999195,-0.7548229999997602,-0.8681514999998399
2022-03-12 07:30:00,2733.119217,2732.138726,2732.366144,-0.9804909999998017,-0.7530729999998584,-0.8667819999998301
2022-03-12 07:45:00,2733.116885,2732.134915,2732.360764,-0.9819699999998193,-0.7561209999998937,-0.8690454999998565
2022-03-12 08:00:00,2733.115135,2732.135405,2732.363811,-0.9797300000000178,-0.7513239999998405,-0.8655269999999291
2022-03-12 08:15:00,2733.112799,2732.135228,2732.359598,-0.977570999999898,-0.75320099999999,-0.865385999999944
2022-03-12 08:30:00,2733.112999,2732.134259,2732.361675,-0.9787400000000162,-0.7513239999998405,-0.8650319999999283
2022-03-12 08:45:00,2733.112226,2732.134965,2732.359152,-0.9772609999999986,-0.753074000000197,-0.8651675000000978
2022-03-12 09:00:00,2733.115142,2732.134382,2732.358013,-0.9807599999999184,-0.7571290000000772,-0.8689444999999978
2022-03-12 09:15:00,2733.113976,2732.136447,2732.359892,-0.9775290000002315,-0.7540840000001481,-0.8658065000001898
2022-03-12 09:30:00,2733.112419,2732.134621,2732.356299,-0.9777979999998934,-0.7561200000000099,-0.8669589999999516
2022-03-12 09:45:00,2733.099584,2732.135913,2732.354677,-0.9636709999999766,-0.7449070000002393,-0.854289000000108
2022-03-12 10:00:00,2733.08189,2732.129885,2732.351138,-0.9520050000000992,-0.7307519999999386,-0.8413785000000189
2022-03-12 10:15:00,2733.065569,2732.133699,2732.351721,-0.9318699999998898,-0.7138479999998708,-0.8228589999998803
2022-03-12 10:30:00,2733.050017,2732.136272,2732.351334,-0.9137449999998353,-0.6986830000000737,-0.8062139999999545
2022-03-12 10:45:00,2733.045162,2732.133165,2732.34823,-0.9119969999997011,-0.6969319999998334,-0.8044644999997672
2022-03-12 11:00:00,2733.042243,2732.135325,2732.349978,-0.9069179999996777,-0.6922649999996793,-0.7995914999996785
2022-03-12 11:15:00,2733.041464,2732.138766,2732.350948,-0.902697999999873,-0.690516000000116,-0.7966069999999945
2022-03-12 11:30:00,2733.039904,2732.143256,2732.354183,-0.8966480000003685,-0.6857210000002851,-0.7911845000003268
2022-03-12 11:45:00,2733.039518,2732.13964,2732.352501,-0.8998780000001716,-0.6870170000001963,-0.7934475000001839
2022-03-12 12:00:00,2733.037382,2732.137013,2732.349069,-0.9003689999999551,-0.6883130000001074,-0.7943410000000313
2022-03-12 12:15:00,2733.036019,2732.14211,2732.350751,-0.8939090000003489,-0.6852680000001783,-0.7895885000002636
2022-03-12 12:30:00,2733.035632,2732.145363,2732.348328,-0.8902689999999893,-0.6873040000000401,-0.7887865000000147
2022-03-12 12:45:00,2733.035629,2732.14536,2732.351371,-0.8902689999999893,-0.6842579999997724,-0.7872634999998809
2022-03-12 13:00:00,2733.036415,2732.145057,2732.353317,-0.8913579999998547,-0.6830979999999727,-0.7872279999999137
2022-03-12 13:15:00,2733.036409,2732.147121,2732.352151,-0.8892879999998513,-0.6842579999997724,-0.7867729999998119
2022-03-12 13:30:00,2733.035832,2732.146534,2732.352734,-0.8892980000000534,-0.6830979999999727,-0.786198000000013
2022-03-12 14:00:00,2733.036222,2732.145175,2732.352383,-0.8910470000000714,-0.6838390000002619,-0.7874430000001666
2022-03-12 14:15:00,2733.036222,2732.149664,2732.354134,-0.8865580000001501,-0.6820880000000216,-0.7843230000000858
2022-03-12 14:30:00,2733.035242,2732.150673,2732.354324,-0.8845689999998285,-0.6809180000000197,-0.7827434999999241
2022-03-12 14:45:00,2733.037575,2732.150757,2732.35159,-0.8868179999999484,-0.6859849999996186,-0.7864014999997835
2022-03-12 15:00:00,2733.034466,2732.147239,2732.354573,-0.8872270000001663,-0.6798929999999928,-0.7835600000000795
2022-03-12 15:15:00,2733.03408,2732.150082,2732.351141,-0.8839979999997922,-0.6829389999998057,-0.783468499999799
2022-03-12 15:30:00,2733.035246,2732.148019,2732.355354,-0.8872269999997116,-0.679892000000109,-0.7835594999999103
2022-03-12 15:45:00,2733.035829,2732.148602,2732.352891,-0.8872269999997116,-0.6829379999999219,-0.7850824999998167
2022-03-12 16:00:00,2733.034663,2732.149184,2732.353474,-0.8854790000000321,-0.6811889999999039,-0.783333999999968
2022-03-12 16:30:00,2733.037385,2732.151147,2732.352697,-0.8862380000000485,-0.6846880000002784,-0.7854630000001634
2022-03-12 16:45:00,2733.036415,2732.148696,2732.353477,-0.8877189999998336,-0.6829379999999219,-0.7853284999998777
2022-03-12 17:00:00,2733.036415,2732.150177,2732.354773,-0.8862380000000485,-0.6816420000000107,-0.7839400000000296
2022-03-12 17:30:00,2733.036999,2732.147531,2732.352025,-0.8894679999998516,-0.6849739999997837,-0.7872209999998176
2022-03-12 18:00:00,2733.033303,2732.153793,2732.354872,-0.8795100000002094,-0.6784310000002733,-0.7789705000002414
2022-03-12 18:15:00,2733.036409,2732.15192,2732.35623,-0.8844890000000305,-0.6801789999999528,-0.7823339999999916
2022-03-12 18:30:00,2733.037575,2732.151605,2732.357396,-0.8859699999998156,-0.6801789999999528,-0.7830744999998842
2022-03-12 18:45:00,2733.039908,2732.155419,2732.357979,-0.8844890000000305,-0.6819290000003093,-0.7832090000001699
2022-03-12 19:00:00,2733.039324,2732.158065,2732.360443,-0.8812589999997726,-0.6788809999998193,-0.780069999999796
2022-03-12 19:15:00,2733.039324,2732.156584,2732.359146,-0.8827400000000125,-0.680178000000069,-0.7814590000000408
2022-03-12 19:30:00,2733.038741,2732.154253,2732.358561,-0.884487999999692,-0.6801799999998366,-0.7823339999997643
2022-03-12 19:45:00,2733.039324,2732.154836,2732.358136,-0.884487999999692,-0.6811880000000201,-0.782837999999856
2022-03-12 20:15:00,2733.039908,2732.155009,2732.356682,-0.8848990000001322,-0.6832260000001042,-0.7840625000001182
2022-03-12 20:30:00,2733.039324,2732.154426,2732.359885,-0.8848979999997937,-0.6794390000000021,-0.7821684999998979
2022-03-12 20:45:00,2733.040491,2732.154521,2732.359302,-0.8859700000002704,-0.6811890000003586,-0.7835795000003145
2022-03-12 21:00:00,2733.038741,2732.155012,2732.356257,-0.8837289999996756,-0.6824839999999313,-0.7831064999998034
2022-03-12 21:30:00,2733.041657,2732.156177,2732.359173,-0.8854800000003706,-0.682484000000386,-0.7839820000003783
2022-03-12 21:45:00,2733.041854,2732.153144,2732.360665,-0.8887100000001737,-0.6811889999999039,-0.7849495000000388
2022-03-12 22:00:00,2733.039914,2732.155915,2732.361771,-0.8839990000001308,-0.678143000000091,-0.7810710000001109
2022-03-12 22:15:00,2733.042633,2732.155405,2732.359695,-0.8872280000000501,-0.6829379999999219,-0.785082999999986
2022-03-12 22:30:00,2733.038741,2732.158241,2732.364097,-0.8804999999997563,-0.6746439999997165,-0.7775719999997364
2022-03-12 23:00:00,2733.041657,2732.157658,2732.36047,-0.8839990000001308,-0.6811870000001363,-0.7825930000001335
2022-03-12 23:15:00,2733.041657,2732.157167,2732.357423,-0.884490000000369,-0.6842340000002878,-0.7843620000003284
2022-03-12 23:30:00,2733.041464,2732.155494,2732.358978,-0.8859699999998156,-0.6824859999996988,-0.7842279999997572
2022-03-12 23:45:00,2733.042827,2732.156857,2732.361638,-0.8859700000002704,-0.6811890000003586,-0.7835795000003145
2022-03-13 00:00:00,2733.04341,2732.15717,2732.361482,-0.8862400000002708,-0.6819280000004255,-0.7840840000003482
2022-03-13 00:15:00,2733.042827,2732.159818,2732.359603,-0.8830090000001292,-0.6832240000003367,-0.7831165000002329
2022-03-13 00:30:00,2733.043216,2732.156568,2732.363038,-0.8866480000001502,-0.680178000000069,-0.7834130000001096
2022-03-13 00:45:00,2733.043413,2732.158513,2732.363235,-0.884900000000016,-0.680178000000069,-0.7825390000000425
2022-03-13 01:00:00,2733.042243,2732.159994,2732.363233,-0.8822489999997742,-0.6790099999998347,-0.7806294999998045
2022-03-13 01:15:00,2733.042827,2732.155107,2732.362068,-0.8877200000001721,-0.6807590000003074,-0.7842395000002398
2022-03-13 02:30:00,2733.046129,2732.159228,2732.366668,-0.8869009999998525,-0.6794609999997192,-0.7831809999997859
2022-03-13 02:45:00,2733.047485,2732.161566,2732.362942,-0.8859189999998307,-0.6845429999998487,-0.7852309999998397
2022-03-13 03:15:00,2733.047875,2732.158458,2732.362448,-0.8894170000003214,-0.6854270000003453,-0.7874220000003334
2022-03-13 03:45:00,2733.05332,2732.163142,2732.367441,-0.8901780000001054,-0.6858790000001136,-0.7880285000001095
2022-03-13 04:00:00,2733.054486,2732.15758,2732.361791,-0.8969059999999445,-0.6926950000001852,-0.7948005000000649
2022-03-13 04:15:00,2733.056822,2732.157265,2732.363228,-0.8995570000001862,-0.6935939999998482,-0.7965755000000172
2022-03-13 04:30:00,2733.06071,2732.156175,2732.365367,-0.9045350000001235,-0.6953430000003209,-0.7999390000002222
2022-03-13 04:45:00,2733.058575,2732.154388,2732.367305,-0.9041870000000927,-0.691269999999804,-0.7977284999999483
2022-03-13 05:00:00,2733.058575,2732.146718,2732.365555,-0.9118570000000545,-0.6930200000001605,-0.8024385000001075
2022-03-13 05:15:00,2733.062656,2732.14412,2732.366591,-0.918536000000131,-0.6960650000000896,-0.8073005000001103
2022-03-13 05:30:00,2733.060324,2732.138104,2732.364258,-0.9222199999999248,-0.6960659999999734,-0.8091429999999491
2022-03-13 06:00:00,2733.057018,2732.132606,2732.362702,-0.9244119999998475,-0.6943160000000717,-0.8093639999999596
2022-03-13 06:15:00,2733.059544,2732.126203,2732.363478,-0.9333410000003823,-0.6960659999999734,-0.8147035000001779
2022-03-13 06:30:00,2733.060907,2732.129316,2732.364841,-0.9315910000000258,-0.6960659999999734,-0.8138284999999996
2022-03-13 06:45:00,2733.060324,2732.121061,2732.366008,-0.93926300000021,-0.6943160000000717,-0.8167895000001408
2022-03-13 07:00:00,2733.058958,2732.119874,2732.362764,-0.9390840000000935,-0.696194000000105,-0.8176390000000993
2022-03-13 07:15:00,2733.059927,2732.119363,2732.366781,-0.9405639999999948,-0.693145999999615,-0.8168549999998049
2022-03-13 07:30:00,2733.058958,2732.118393,2732.365811,-0.9405649999998786,-0.6931469999999536,-0.8168559999999161
2022-03-13 07:45:00,2733.058761,2732.115238,2732.364317,-0.9435229999999137,-0.6944439999997485,-0.8189834999998311
2022-03-13 08:00:00,2733.057988,2732.113483,2732.364841,-0.9445049999999355,-0.6931469999999536,-0.8188259999999445
2022-03-13 08:15:00,2733.059741,2732.111906,2732.363675,-0.9478349999999409,-0.6960659999999734,-0.8219504999999572
2022-03-13 09:00:00,2733.069071,2732.11074,2732.362509,-0.9583309999998164,-0.7065619999998489,-0.8324464999998327
2022-03-13 09:30:00,2733.082486,2732.116163,2732.364258,-0.9663229999996474,-0.7182279999997263,-0.8422754999996869
2022-03-13 09:45:00,2733.068291,2732.120055,2732.359979,-0.948236000000179,-0.7083120000002054,-0.8282740000001922
2022-03-13 10:00:00,2733.038745,2732.11952,2732.355504,-0.919224999999642,-0.6832409999997253,-0.8012329999996837
2022-03-13 10:15:00,2733.035636,2732.123861,2732.35894,-0.9117750000000342,-0.6766959999999926,-0.7942355000000134
2022-03-13 10:30:00,2733.034666,2732.125851,2732.356673,-0.9088150000002315,-0.6779930000002423,-0.7934040000002369
2022-03-13 10:45:00,2733.036415,2732.128321,2732.357126,-0.9080939999998918,-0.6792890000001535,-0.7936915000000226
2022-03-13 11:00:00,2733.035832,2732.131951,2732.35784,-0.9038810000001831,-0.6779919999999038,-0.7909365000000435
2022-03-13 11:15:00,2733.038555,2732.136153,2732.360562,-0.9024020000001656,-0.6779930000002423,-0.790197500000204
2022-03-13 11:30:00,2733.036419,2732.135007,2732.358139,-0.901412000000164,-0.6782800000000861,-0.7898460000001251
2022-03-13 11:45:00,2733.037585,2732.137654,2732.362351,-0.8999309999999241,-0.6752339999998185,-0.7875824999998713
2022-03-13 12:00:00,2733.0335,2732.135728,2732.362482,-0.8977719999998044,-0.6710180000000037,-0.784394999999904
2022-03-13 12:15:00,2733.035053,2732.138101,2732.362285,-0.8969520000000557,-0.6727679999999054,-0.7848599999999806
2022-03-13 12:45:00,2733.03291,2732.141918,2732.363189,-0.8909920000000966,-0.669720999999754,-0.7803564999999253
2022-03-13 13:00:00,2733.036215,2732.141725,2732.364458,-0.8944900000001326,-0.6717570000000705,-0.7831235000001016
2022-03-13 13:15:00,2733.035636,2732.143885,2732.365628,-0.891751000000113,-0.6700080000000526,-0.7808795000000828
2022-03-13 13:30:00,2733.036415,2732.143495,2732.362201,-0.8929200000002311,-0.67421400000012,-0.7835670000001755
2022-03-13 13:45:00,2733.035246,2732.146456,2732.360452,-0.8887899999999718,-0.6747940000000199,-0.7817919999999958
2022-03-13 14:00:00,2733.035049,2732.14105,2732.36505,-0.8939989999998943,-0.669999000000189,-0.7819990000000416
2022-03-13 14:15:00,2733.034073,2732.141553,2732.361028,-0.8925199999998767,-0.6730450000000019,-0.7827824999999393
2022-03-13 14:30:00,2733.037962,2732.144764,2732.364176,-0.8931979999997566,-0.6737859999998363,-0.7834919999997965
2022-03-13 14:45:00,2733.037965,2732.147506,2732.364181,-0.8904590000001917,-0.6737840000000688,-0.7821215000001303
2022-03-13 15:00:00,2733.035836,2732.143306,2732.364507,-0.8925300000000789,-0.6713290000002416,-0.7819295000001603
2022-03-13 15:15:00,2733.034669,2732.148109,2732.366387,-0.8865599999999176,-0.6682820000000902,-0.7774210000000039
2022-03-13 15:30:00,2733.036805,2732.147016,2732.363441,-0.8897890000002917,-0.6733640000002197,-0.7815765000002557
2022-03-13 15:45:00,2733.039328,2732.147789,2732.365964,-0.8915389999997387,-0.6733639999997649,-0.7824514999997518
2022-03-13 16:00:00,2733.036995,2732.147474,2732.366678,-0.8895210000000588,-0.6703170000000682,-0.7799190000000635
2022-03-13 16:15:00,2733.035246,2732.140353,2732.364927,-0.8948930000001383,-0.6703189999998358,-0.782605999999987
2022-03-13 16:30:00,2733.035829,2732.140936,2732.362917,-0.8948930000001383,-0.6729119999999966,-0.7839025000000674
2022-03-13 17:00:00,2733.035636,2732.142494,2732.368093,-0.893141999999898,-0.6675430000000233,-0.7803424999999606
2022-03-13 17:15:00,2733.034663,2732.139729,2732.365243,-0.8949339999999211,-0.6694199999997181,-0.7821769999998196
2022-03-13 17:30:00,2733.033496,2732.140044,2732.367125,-0.8934519999997974,-0.6663709999997991,-0.7799114999997983
2022-03-13 17:45:00,2733.043413,2732.141792,2732.365828,-0.9016209999999774,-0.6775849999999082,-0.7896029999999428
2022-03-13 18:00:00,2733.034083,2732.138739,2732.369014,-0.8953440000000228,-0.6650690000001305,-0.7802065000000766
2022-03-13 18:15:00,2733.031357,2732.135703,2732.368752,-0.8956539999999222,-0.662604999999985,-0.7791294999999536
2022-03-13 18:30:00,2733.033496,2732.142534,2732.368426,-0.890961999999945,-0.6650700000000143,-0.7780159999999796
2022-03-13 18:45:00,2733.033693,2732.137359,2732.36992,-0.8963340000000244,-0.6637729999997646,-0.7800534999998945
2022-03-13 19:00:00,2733.030587,2732.136004,2732.366258,-0.8945830000002388,-0.6643290000001798,-0.7794560000002093
2022-03-13 19:15:00,2733.033306,2732.134404,2732.36768,-0.8989019999999073,-0.6656259999999747,-0.782263999999941
2022-03-13 19:30:00,2733.031161,2732.136266,2732.371046,-0.8948949999999058,-0.6601149999996778,-0.7775049999997918
2022-03-13 19:45:00,2733.033496,2732.141053,2732.370177,-0.8924430000001848,-0.6633190000002287,-0.7778810000002068
2022-03-13 20:00:00,2733.033496,2732.144282,2732.373508,-0.8892139999998108,-0.6599879999998848,-0.7746009999998478
2022-03-13 20:15:00,2733.033886,2732.137822,2732.370565,-0.896064000000024,-0.6633209999999963,-0.7796925000000101
2022-03-13 20:30:00,2733.036026,2732.140352,2732.370955,-0.8956740000003265,-0.6650710000003528,-0.7803725000003396
2022-03-13 20:45:00,2733.035246,2732.140661,2732.372212,-0.8945850000000064,-0.6630339999996977,-0.778809499999852
2022-03-13 21:00:00,2733.034663,2732.140078,2732.374676,-0.8945850000000064,-0.659987000000001,-0.7772860000000037
2022-03-13 21:15:00,2733.031747,2732.136343,2732.36713,-0.8954039999998713,-0.6646169999999074,-0.7800104999998894
2022-03-13 21:30:00,2733.03408,2732.139495,2732.36975,-0.8945850000000064,-0.6643300000000636,-0.779457500000035
2022-03-13 21:45:00,2733.032327,2732.13891,2732.370915,-0.8934169999997721,-0.6614119999999275,-0.7774144999998498
2022-03-13 22:00:00,2733.031744,2732.143698,2732.370333,-0.8880460000000312,-0.6614110000000437,-0.7747285000000375
2022-03-13 22:15:00,2733.031164,2732.140469,2732.368584,-0.8906950000000506,-0.6625800000001618,-0.7766375000001062
2022-03-13 23:15:00,2733.035829,2732.142724,2732.371498,-0.8931050000001051,-0.6643309999999474,-0.7787180000000262
2022-03-13 23:30:00,2733.034663,2732.143307,2732.372083,-0.8913560000000871,-0.6625799999997071,-0.7769679999998971
2022-03-13 23:45:00,2733.03311,2732.138916,2732.371827,-0.8941939999999704,-0.6612829999999121,-0.7777384999999413
2022-03-14 00:00:00,2733.036222,2732.142527,2732.370883,-0.8936950000002071,-0.6653390000001309,-0.779517000000169
2022-03-14 00:15:00,2733.033496,2732.141051,2732.373962,-0.8924449999999524,-0.6595339999998941,-0.7759894999999233
2022-03-14 00:30:00,2733.031747,2732.145761,2732.369619,-0.8859859999997752,-0.6621279999999388,-0.774056999999857
2022-03-14 00:45:00,2733.035246,2732.14926,2732.372666,-0.8859859999997752,-0.6625799999997071,-0.7742829999997412
2022-03-14 01:30:00,2733.034469,2732.144593,2732.373639,-0.8898760000001857,-0.66083000000026,-0.7753530000002229
2022-03-14 01:45:00,2733.033496,2732.14469,2732.373834,-0.8888059999999314,-0.6596620000000257,-0.7742339999999786
2022-03-14 02:00:00,2733.034276,2732.14331,2732.372992,-0.8909659999999349,-0.6612839999997959,-0.7761249999998654
2022-03-14 02:15:00,2733.032327,2732.14253,2732.373963,-0.8897969999998168,-0.6583639999998923,-0.7740804999998545
2022-03-14 02:45:00,2733.036412,2732.145176,2732.375128,-0.8912359999999353,-0.6612839999997959,-0.7762599999998656
2022-03-14 03:00:00,2733.033496,2732.15146,2732.375259,-0.882035999999971,-0.6582370000000992,-0.7701365000000351
2022-03-14 03:15:00,2733.032913,2732.150877,2732.376425,-0.882035999999971,-0.6564880000000812,-0.7692620000000261
2022-03-14 03:30:00,2733.03408,2732.147824,2732.373249,-0.8862559999997757,-0.6608309999996891,-0.7735434999997324
2022-03-14 04:30:00,2733.034859,2732.153994,2732.379111,-0.8808650000000853,-0.6557479999996758,-0.7683064999998805
2022-03-14 04:45:00,2733.036805,2732.15567,2732.376261,-0.8811350000000857,-0.6605440000003,-0.7708395000001929
2022-03-14 05:00:00,2733.036219,2732.153604,2732.377424,-0.882614999999987,-0.658795000000282,-0.7707050000001345
2022-03-14 05:15:00,2733.036026,2732.152918,2732.380277,-0.8831079999999929,-0.6557490000000143,-0.7694285000000036
2022-03-14 05:30:00,2733.035829,2732.154203,2732.378331,-0.8816259999998692,-0.6574980000000323,-0.7695619999999508
2022-03-14 05:45:00,2733.034276,2732.154889,2732.378528,-0.8793869999999515,-0.6557479999996758,-0.7675674999998137
2022-03-14 06:00:00,2733.034863,2732.152246,2732.380411,-0.8826169999997546,-0.6544519999997647,-0.7685344999997596
2022-03-14 06:15:00,2733.036222,2732.154105,2732.379447,-0.8821170000001075,-0.6567750000003798,-0.7694460000002437
2022-03-14 06:30:00,2733.035836,2732.154699,2732.381384,-0.8811369999998533,-0.6544520000002194,-0.7677945000000364
2022-03-14 06:45:00,2733.036029,2732.151395,2732.378531,-0.8846340000000055,-0.6574980000000323,-0.7710660000000189
2022-03-14 07:00:00,2733.036019,2732.152742,2732.379833,-0.8832769999999073,-0.6561860000001616,-0.7697315000000344
2022-03-14 07:15:00,2733.033103,2732.151986,2732.379391,-0.8811170000003585,-0.6537120000002687,-0.7674145000003136
2022-03-14 07:30:00,2733.037578,2732.151972,2732.380368,-0.8856059999998251,-0.65720999999985,-0.7714079999998376
2022-03-14 07:45:00,2733.034273,2732.153049,2732.379552,-0.8812240000002021,-0.6547210000003361,-0.7679725000002691
2022-03-14 08:00:00,2733.036022,2732.151879,2732.378381,-0.8841429999997672,-0.657640999999785,-0.7708919999997761
2022-03-14 08:15:00,2733.036992,2732.152849,2732.378324,-0.8841429999997672,-0.6586680000000342,-0.7714054999999007
2022-03-14 08:30:00,2733.035439,2732.152472,2732.378521,-0.8829670000000078,-0.6569180000001325,-0.7699425000000701
2022-03-14 08:45:00,2733.034279,2732.150635,2732.376932,-0.8836440000000039,-0.6573469999998451,-0.7704954999999245
2022-03-14 09:00:00,2733.033693,2732.152207,2732.377642,-0.881485999999768,-0.656050999999934,-0.768768499999851
2022-03-14 09:15:00,2733.031944,2732.149469,2732.375892,-0.8824749999998858,-0.6560519999998178,-0.7692634999998518
2022-03-14 09:30:00,2733.031364,2732.153598,2732.376482,-0.8777660000000651,-0.6548819999998159,-0.7663239999999405
2022-03-14 09:45:00,2733.029218,2732.150953,2732.373899,-0.8782650000002832,-0.6553189999999631,-0.7667920000001232
2022-03-14 10:00:00,2733.027275,2732.14628,2732.373252,-0.8809949999999844,-0.654023000000052,-0.7675090000000182
2022-03-14 10:15:00,2733.029414,2732.151379,2732.373213,-0.8780350000001818,-0.6562010000002374,-0.7671180000002096
2022-03-14 10:30:00,2733.026106,2732.150991,2732.372823,-0.8751149999998233,-0.6532829999996466,-0.764198999999735
2022-03-14 10:45:00,2733.027662,2732.148557,2732.374507,-0.8791049999999814,-0.6531549999999697,-0.7661299999999756
2022-03-14 11:00:00,2733.029411,2732.151786,2732.373497,-0.87762500000008,-0.6559139999999388,-0.7667695000000094
2022-03-14 11:30:00,2733.030577,2732.153444,2732.373366,-0.877132999999958,-0.6572110000001885,-0.7671720000000732
2022-03-14 11:45:00,2733.03194,2732.154807,2732.376026,-0.877132999999958,-0.6559139999999388,-0.7665234999999484
2022-03-14 12:00:00,2733.031167,2732.155515,2732.37655,-0.8756520000001728,-0.6546170000001439,-0.7651345000001584
2022-03-14 12:15:00,2733.03175,2732.152867,2732.374087,-0.8788830000003145,-0.6576629999999568,-0.7682730000001357
2022-03-14 12:30:00,2733.027668,2732.152284,2732.372207,-0.8753840000003947,-0.6554610000002867,-0.7654225000003407
2022-03-14 13:00:00,2733.025529,2732.155125,2732.371817,-0.8704039999997804,-0.653711999999814,-0.7620579999997972
2022-03-14 13:15:00,2733.028835,2732.15344,2732.374222,-0.8753950000000259,-0.654613000000154,-0.76500400000009
2022-03-14 13:30:00,2733.030001,2732.151376,2732.375388,-0.8786250000002838,-0.654613000000154,-0.7666190000002189
2022-03-14 13:45:00,2733.032917,2732.151883,2732.374805,-0.8810339999999997,-0.6581120000000737,-0.7695730000000367
2022-03-14 14:15:00,2733.029418,2732.146904,2732.376102,-0.882513999999901,-0.6533159999999043,-0.7679149999999026
2022-03-14 14:30:00,2733.030001,2732.154608,2732.378435,-0.8753930000002583,-0.6515660000000025,-0.7634795000001304
2022-03-14 14:45:00,2733.032723,2732.154199,2732.378111,-0.878523999999743,-0.6546119999998155,-0.7665679999997792
2022-03-14 15:00:00,2733.031364,2732.149611,2732.375003,-0.881753000000117,-0.6563609999998334,-0.7690569999999752
2022-03-14 15:15:00,2733.029418,2732.147933,2732.376985,-0.8814849999998842,-0.652433000000201,-0.7669590000000426
2022-03-14 15:30:00,2733.028835,2732.14801,2732.377269,-0.8808250000001863,-0.6515660000000025,-0.7661955000000944
2022-03-14 15:45:00,2733.027279,2732.145464,2732.37775,-0.8818149999997331,-0.6495289999998022,-0.7656719999997676
2022-03-14 16:00:00,2733.028248,2732.147201,2732.377852,-0.8810469999998531,-0.6503960000000006,-0.7657214999999269
2022-03-14 16:45:00,2733.030777,2732.14395,2732.378631,-0.886826999999812,-0.6521459999999024,-0.7694864999998572
2022-03-14 17:00:00,2733.030004,2732.138958,2732.374813,-0.8910460000001876,-0.6551910000002863,-0.773118500000237
2022-03-14 17:30:00,2733.028838,2732.136801,2732.374942,-0.892037000000073,-0.6538960000002589,-0.772966500000166
2022-03-14 17:45:00,2733.029998,2732.138551,2732.37873,-0.891446999999971,-0.6512680000000728,-0.7713575000000219
2022-03-14 18:00:00,2733.03233,2732.137245,2732.381061,-0.8950850000001083,-0.6512689999999566,-0.7731770000000324
2022-03-14 18:15:00,2733.030774,2732.138616,2732.381256,-0.8921579999996538,-0.6495179999997163,-0.770837999999685
2022-03-14 18:30:00,2733.034466,2732.138808,2732.382171,-0.8956579999999121,-0.6522949999998673,-0.7739764999998897
2022-03-14 18:45:00,2733.034856,2732.140947,2732.38256,-0.8939090000003489,-0.6522960000002058,-0.7731025000002774
2022-03-14 19:00:00,2733.034076,2732.137616,2732.380485,-0.8964599999999336,-0.6535909999997784,-0.775025499999856
2022-03-14 19:15:00,2733.035242,2732.142503,2732.38165,-0.8927389999998923,-0.653592000000117,-0.7731655000000046
2022-03-14 19:30:00,2733.033493,2732.140754,2732.382947,-0.8927389999998923,-0.6505459999998493,-0.7716424999998708
2022-03-14 19:45:00,2733.034853,2732.140364,2732.380808,-0.8944890000002488,-0.6540450000002238,-0.7742670000002363
2022-03-14 20:00:00,2733.032907,2732.139177,2732.379314,-0.8937299999997776,-0.6535930000000008,-0.7736614999998892
2022-03-14 20:15:00,2733.034656,2732.137697,2732.3831,-0.896958999999697,-0.6515559999998004,-0.7742574999997487
2022-03-14 20:30:00,2733.035242,2732.139524,2732.382971,-0.8957179999997607,-0.6522709999999279,-0.7739944999998443
2022-03-14 20:45:00,2733.034856,2732.136406,2732.385631,-0.898450000000139,-0.649225000000115,-0.773837500000127
2022-03-14 21:00:00,2733.033693,2732.137812,2732.382717,-0.8958809999999175,-0.6509759999999005,-0.773428499999909
2022-03-14 21:15:00,2733.033886,2732.138665,2732.381041,-0.8952210000002196,-0.6528450000000703,-0.774033000000145
2022-03-14 21:30:00,2733.037775,2732.143454,2732.383182,-0.8943209999997634,-0.6545929999997497,-0.7744569999997566
2022-03-14 21:45:00,2733.035829,2732.140028,2732.382984,-0.8958010000001195,-0.6528450000000703,-0.7743230000000949
2022-03-14 22:00:00,2733.035246,2732.137695,2732.379356,-0.8975510000000213,-0.6558899999999994,-0.7767205000000104
2022-03-14 22:15:00,2733.035829,2732.138279,2732.384281,-0.8975500000001375,-0.6515479999998206,-0.7745489999999791
2022-03-14 22:30:00,2733.034663,2732.141682,2732.386884,-0.8929809999999634,-0.6477789999999004,-0.7703799999999319
2022-03-14 22:45:00,2733.035442,2732.143182,2732.383448,-0.8922600000000784,-0.6519939999998314,-0.7721269999999549
2022-03-14 23:00:00,2733.037578,2732.142089,2732.385584,-0.8954889999999978,-0.6519939999998314,-0.7737414999999146
2022-03-14 23:15:00,2733.035829,2732.149717,2732.38863,-0.8861120000001392,-0.6471990000000005,-0.7666555000000699
2022-03-14 23:30:00,2733.035246,2732.147386,2732.387037,-0.8878599999998187,-0.6482089999999516,-0.7680344999998852
2022-03-14 23:45:00,2733.035829,2732.145727,2732.38762,-0.8901019999998425,-0.6482089999999516,-0.7691554999998971
2022-03-15 00:00:00,2733.035246,2732.148375,2732.388047,-0.8868709999997009,-0.6471990000000005,-0.7670349999998507
2022-03-15 00:30:00,2733.035246,2732.145455,2732.386298,-0.8897910000000593,-0.6489480000000185,-0.7693695000000389
2022-03-15 01:00:00,2733.03408,2732.146528,2732.385131,-0.8875519999996868,-0.6489489999999023,-0.7682504999997946
2022-03-15 01:30:00,2733.034466,2732.144094,2732.386687,-0.890371999999843,-0.6477789999999004,-0.7690754999998717
2022-03-15 01:45:00,2733.034856,2732.144484,2732.387077,-0.8903720000002977,-0.6477790000003552,-0.7690755000003264
2022-03-15 02:30:00,2733.037968,2732.151137,2732.390316,-0.8868310000002566,-0.6476520000001074,-0.767241500000182
2022-03-15 02:45:00,2733.036995,2732.150835,2732.390513,-0.886160000000018,-0.6464820000001055,-0.7663210000000618
2022-03-15 03:00:00,2733.037578,2732.15115,2732.391096,-0.8864279999997962,-0.6464820000001055,-0.7664549999999508
2022-03-15 03:15:00,2733.037385,2732.150955,2732.390903,-0.8864300000000185,-0.6464820000001055,-0.766456000000062
2022-03-15 03:30:00,2733.040497,2732.143701,2732.391543,-0.8967959999999948,-0.648953999999776,-0.7728749999998854
2022-03-15 03:45:00,2733.069654,2732.148095,2732.392709,-0.9215589999998883,-0.676944999999705,-0.7992519999997967
2022-03-15 04:15:00,2733.06207,2732.147919,2732.391106,-0.9141509999999471,-0.6709639999999126,-0.7925574999999299
2022-03-15 04:30:00,2733.061873,2732.149472,2732.390909,-0.9124010000000453,-0.6709639999999126,-0.791682499999979
2022-03-15 04:45:00,2733.062646,2732.147017,2732.391682,-0.9156290000000809,-0.6709639999999126,-0.7932964999999967
2022-03-15 05:00:00,2733.062646,2732.146027,2732.394729,-0.9166190000000825,-0.6679169999997612,-0.7922679999999218
2022-03-15 05:15:00,2733.064979,2732.145129,2732.392266,-0.9198500000002241,-0.6727130000003854,-0.7962815000003047
2022-03-15 05:30:00,2733.064396,2732.140105,2732.393989,-0.9242910000002666,-0.6704070000000684,-0.7973490000001675
2022-03-15 05:45:00,2733.065562,2732.14029,2732.394146,-0.9252720000004047,-0.6714160000001357,-0.7983440000002702
2022-03-15 06:00:00,2733.066728,2732.136746,2732.391526,-0.9299819999996544,-0.6752019999998993,-0.8025919999997768
2022-03-15 06:15:00,2733.067312,2732.133108,2732.389063,-0.9342040000001361,-0.6782490000000507,-0.8062265000000934
2022-03-15 06:45:00,2733.067508,2732.124644,2732.391296,-0.9428640000000996,-0.6762120000003051,-0.8095380000002024
2022-03-15 07:00:00,2733.068484,2732.125622,2732.390523,-0.9428619999998773,-0.6779609999998684,-0.8104114999998728
2022-03-15 07:15:00,2733.067122,2732.121797,2732.389613,-0.945325000000139,-0.6775090000001001,-0.8114170000001195
2022-03-15 07:30:00,2733.067508,2732.123933,2732.393045,-0.9435750000002372,-0.6744630000002871,-0.8090190000002622
2022-03-15 07:45:00,2733.066735,2732.126389,2732.391412,-0.9403459999998631,-0.6753229999999348,-0.807834499999899
2022-03-15 08:00:00,2733.066735,2732.124908,2732.392272,-0.941827000000103,-0.6744629999998324,-0.8081449999999677
2022-03-15 08:15:00,2733.069068,2732.126974,2732.391106,-0.9420939999999973,-0.6779619999997522,-0.8100279999998747
2022-03-15 08:30:00,2733.069654,2732.12069,2732.394005,-0.9489639999997053,-0.6756489999997939,-0.8123064999997496
2022-03-15 09:00:00,2733.07218,2732.118236,2732.393032,-0.9539440000003196,-0.6791480000001684,-0.816546000000244
2022-03-15 09:15:00,2733.069651,2732.117947,2732.390504,-0.9517039999996086,-0.6791469999998299,-0.8154254999997192
2022-03-15 09:30:00,2733.065762,2732.117966,2732.389086,-0.9477960000003804,-0.6766760000000431,-0.8122360000002118
2022-03-15 09:45:00,2733.050597,2732.115459,2732.388634,-0.9351379999998244,-0.6619630000000143,-0.7985504999999193
2022-03-15 10:00:00,2733.030004,2732.117201,2732.382352,-0.9128030000001672,-0.6476520000001074,-0.7802275000001373
2022-03-15 10:15:00,2733.027085,2732.121143,2732.383649,-0.9059420000003229,-0.6434360000002926,-0.7746890000003077
2022-03-15 10:30:00,2733.031167,2732.124278,2732.38598,-0.9068890000003194,-0.6451870000000781,-0.7760380000001987
2022-03-15 10:45:00,2733.027085,2732.122934,2732.387148,-0.9041510000001836,-0.6399370000003728,-0.7720440000002782
2022-03-15 11:00:00,2733.026889,2732.128928,2732.386498,-0.897961000000123,-0.6403910000003634,-0.7691760000002432
2022-03-15 11:15:00,2733.029411,2732.13069,2732.385975,-0.8987210000000232,-0.6434359999998378,-0.7710784999999305
2022-03-15 11:30:00,2733.028828,2732.134817,2732.38714,-0.894010999999864,-0.6416880000001584,-0.7678495000000112
2022-03-15 11:45:00,2733.026302,2732.135023,2732.387392,-0.8912790000003952,-0.6389100000001235,-0.7650945000002594
2022-03-15 12:00:00,2733.028248,2732.13631,2732.38715,-0.8919380000002093,-0.6410980000000563,-0.7665180000001328
2022-03-15 12:15:00,2733.027082,2732.136132,2732.385985,-0.8909499999999753,-0.6410970000001726,-0.7660235000000739
2022-03-15 12:30:00,2733.028831,2732.137612,2732.38903,-0.8912190000000919,-0.6398010000002614,-0.7655100000001767
2022-03-15 12:45:00,2733.028638,2732.140158,2732.388837,-0.8884799999996176,-0.6398009999998067,-0.7641404999997121
2022-03-15 13:00:00,2733.028831,2732.136541,2732.388163,-0.8922900000002301,-0.6406680000000051,-0.7664790000001176
2022-03-15 13:30:00,2733.029218,2732.136929,2732.389847,-0.8922890000003463,-0.6393710000002102,-0.7658300000002782
2022-03-15 13:45:00,2733.03213,2732.139073,2732.388973,-0.8930570000002263,-0.6431569999999738,-0.7681070000001
2022-03-15 14:00:00,2733.033493,2732.140436,2732.390336,-0.8930569999997715,-0.6431569999999738,-0.7681069999998726
2022-03-15 14:15:00,2733.031744,2732.140746,2732.391632,-0.8909979999998541,-0.6401120000000446,-0.7655549999999494
2022-03-15 14:30:00,2733.031161,2732.140163,2732.39105,-0.8909979999998541,-0.6401109999997061,-0.7655544999997801
2022-03-15 14:45:00,2733.032717,2732.13849,2732.390857,-0.8942270000002281,-0.6418600000001788,-0.7680435000002035
2022-03-15 15:00:00,2733.032913,2732.138278,2732.387738,-0.8946350000001075,-0.6451750000001084,-0.769905000000108
2022-03-15 15:15:00,2733.031754,2732.136486,2732.392803,-0.8952680000002147,-0.6389509999999063,-0.7671095000000605
2022-03-15 15:30:00,2733.029808,2732.130899,2732.38956,-0.8989089999995485,-0.6402479999997013,-0.7695784999996249
2022-03-15 15:45:00,2733.031747,2732.130698,2732.392795,-0.9010490000000573,-0.6389519999997901,-0.7700004999999237
2022-03-15 16:00:00,2733.029998,2732.129217,2732.394092,-0.9007809999998244,-0.6359059999999772,-0.7683434999999008
2022-03-15 16:15:00,2733.03272,2732.13019,2732.393047,-0.9025300000002972,-0.6396730000001298,-0.7711015000002135
2022-03-15 16:30:00,2733.031167,2732.130388,2732.390197,-0.9007790000000568,-0.6409699999999248,-0.7708744999999908
2022-03-15 16:45:00,2733.030584,2732.126845,2732.389613,-0.9037390000003143,-0.6409710000002633,-0.7723550000002888
2022-03-15 17:00:00,2733.030584,2732.129974,2732.390193,-0.9006100000001425,-0.6403909999999087,-0.7705005000000256
2022-03-15 17:15:00,2733.032333,2732.128984,2732.39223,-0.903349000000162,-0.640103000000181,-0.7717260000001716
2022-03-15 17:30:00,2733.032917,2732.128087,2732.392526,-0.9048299999999472,-0.6403909999999087,-0.7726104999999279
2022-03-15 17:45:00,2733.032333,2732.129254,2732.39324,-0.9030790000001616,-0.63909300000023,-0.7710860000001958
2022-03-15 18:15:00,2733.032337,2732.129257,2732.391946,-0.9030800000000454,-0.6403909999999087,-0.771735499999977
2022-03-15 18:30:00,2733.034669,2732.126218,2732.396872,-0.908451000000241,-0.6377970000003188,-0.7731240000002799
2022-03-15 19:00:00,2733.034473,2732.127771,2732.397129,-0.906702000000223,-0.637344000000212,-0.7720230000002175
2022-03-15 19:15:00,2733.036995,2732.128544,2732.397902,-0.9084509999997863,-0.6390929999997752,-0.7737719999997807
2022-03-15 19:45:00,2733.035246,2732.130294,2732.399651,-0.9049519999998665,-0.6355949999997392,-0.7702734999998029
2022-03-15 20:45:00,2733.038358,2732.131388,2732.396218,-0.9069700000000012,-0.6421399999999267,-0.7745549999999639
2022-03-15 21:00:00,2733.035836,2732.130615,2732.398492,-0.9052209999999832,-0.637344000000212,-0.7712825000000976
2022-03-15 21:15:00,2733.037585,2732.132755,2732.397625,-0.9048299999999472,-0.6399599999999737,-0.7723949999999604
2022-03-15 21:45:00,2733.039721,2732.131,2732.398011,-0.9087210000002415,-0.6417099999998754,-0.7752155000000585
2022-03-15 22:15:00,2733.038358,2732.133528,2732.4013,-0.9048299999999472,-0.6370579999997972,-0.7709439999998722
2022-03-15 22:30:00,2733.036222,2732.12952,2732.400915,-0.906702000000223,-0.6353070000000116,-0.7710045000001173
2022-03-15 22:45:00,2733.037578,2732.129127,2732.400522,-0.9084509999997863,-0.6370560000000296,-0.772753499999908
2022-03-15 23:15:00,2733.036995,2732.132763,2732.404735,-0.9042319999998654,-0.6322599999998602,-0.7682459999998628
2022-03-15 23:30:00,2733.035829,2732.132585,2732.402271,-0.9032440000000861,-0.6335579999999936,-0.7684010000000399
2022-03-15 23:45:00,2733.036215,2732.137862,2732.403826,-0.8983530000000428,-0.6323889999998755,-0.7653709999999592
2022-03-16 00:00:00,2733.037578,2732.136984,2732.404451,-0.9005939999997281,-0.6331270000000586,-0.7668604999998934
2022-03-16 00:30:00,2733.037385,2732.133151,2732.404256,-0.9042340000000877,-0.6331290000002809,-0.7686815000001843
2022-03-16 00:45:00,2733.036999,2732.137475,2732.406916,-0.8995239999999285,-0.6300830000000133,-0.7648034999999709
2022-03-16 01:00:00,2733.038165,2732.135412,2732.408084,-0.9027529999998478,-0.630080999999791,-0.7664169999998194
2022-03-16 01:15:00,2733.035249,2732.136976,2732.408666,-0.8982730000002448,-0.6265830000002097,-0.7624280000002273
2022-03-16 01:30:00,2733.036415,2732.136393,2732.406047,-0.900021999999808,-0.6303680000000895,-0.7651949999999488
2022-03-16 01:45:00,2733.035636,2732.136683,2732.408313,-0.8989529999998922,-0.6273230000001604,-0.7631380000000263
2022-03-16 02:00:00,2733.037575,2732.135312,2732.412845,-0.9022629999999481,-0.6247299999999996,-0.7634964999999738
2022-03-16 02:15:00,2733.036799,2732.137766,2732.406429,-0.899033000000145,-0.6303699999998571,-0.764701500000001
2022-03-16 02:30:00,2733.037575,2732.140022,2732.410968,-0.8975529999997889,-0.6266069999996944,-0.7620799999997416
2022-03-16 02:45:00,2733.033493,2732.140919,2732.40734,-0.8925739999999678,-0.6261529999997038,-0.7593634999998358
2022-03-16 03:00:00,2733.034466,2732.142873,2732.410637,-0.8915930000002845,-0.6238290000001143,-0.7577110000001994
2022-03-16 03:15:00,2733.036799,2732.141314,2732.41122,-0.8954850000000079,-0.6255790000000161,-0.760532000000012
2022-03-16 03:30:00,2733.038155,2732.141192,2732.412575,-0.8969630000001416,-0.6255800000003546,-0.7612715000002481
2022-03-16 03:45:00,2733.036989,2732.141504,2732.410113,-0.8954850000000079,-0.6268760000002658,-0.7611805000001368
2022-03-16 04:00:00,2733.035829,2732.142494,2732.411121,-0.8933349999997517,-0.6247079999998277,-0.7590214999997897
2022-03-16 04:15:00,2733.036995,2732.139753,2732.411405,-0.8972420000000056,-0.625590000000102,-0.7614160000000538
2022-03-16 04:30:00,2733.036219,2732.140726,2732.414558,-0.8954929999999877,-0.621661000000131,-0.7585770000000593
2022-03-16 04:45:00,2733.038748,2732.143175,2732.414909,-0.8955729999997857,-0.6238389999998617,-0.7597059999998237
2022-03-16 05:00:00,2733.037582,2732.143077,2732.415492,-0.8945049999997536,-0.6220899999998437,-0.7582974999997987
2022-03-16 05:15:00,2733.036999,2732.139266,2732.413158,-0.8977329999997892,-0.623841000000084,-0.7607869999999366
2022-03-16 05:30:00,2733.036805,2732.140822,2732.414714,-0.8959830000003421,-0.6220910000001822,-0.7590370000002622
2022-03-16 05:45:00,2733.036419,2732.140434,2732.417374,-0.8959850000001097,-0.6190449999999146,-0.7575150000000122
2022-03-16 06:00:00,2733.036612,2732.14309,2732.414521,-0.893521999999848,-0.6220909999997275,-0.7578064999997878
2022-03-16 06:15:00,2733.035639,2732.143598,2732.414845,-0.8920410000000629,-0.6207940000003873,-0.7564175000002251
2022-03-16 06:30:00,2733.035252,2732.143479,2732.414171,-0.8917730000002848,-0.6210810000002311,-0.756427000000258
2022-03-16 06:45:00,2733.035836,2732.142313,2732.413005,-0.8935230000001866,-0.6228310000001329,-0.7581770000001598
2022-03-16 07:00:00,2733.035836,2732.143794,2732.413746,-0.8920419999999467,-0.6220899999998437,-0.7570659999998952
2022-03-16 07:15:00,2733.034669,2732.144376,2732.415625,-0.8902929999999287,-0.6190440000000308,-0.7546684999999798
2022-03-16 07:30:00,2733.035836,2732.140153,2732.414756,-0.8956830000001901,-0.6210799999998926,-0.7583815000000413
2022-03-16 07:45:00,2733.034083,2732.145271,2732.412422,-0.8888120000001436,-0.621661000000131,-0.7552365000001373
2022-03-16 08:15:00,2733.037002,2732.143978,2732.416208,-0.8930239999999685,-0.6207939999999326,-0.7569089999999505
2022-03-16 08:30:00,2733.033696,2732.144884,2732.414652,-0.8888120000001436,-0.6190440000000308,-0.7539280000000872
2022-03-16 08:45:00,2733.032917,2732.140875,2732.413131,-0.8920419999999467,-0.6197860000002038,-0.7559140000000752
2022-03-16 09:15:00,2733.032137,2732.140504,2732.410476,-0.8916330000001835,-0.621661000000131,-0.7566470000001573
2022-03-16 09:30:00,2733.0335,2732.143348,2732.41184,-0.8901519999999437,-0.6216599999997925,-0.7559059999998681
2022-03-16 09:45:00,2733.035446,2732.143445,2732.410867,-0.8920009999997092,-0.6245789999998124,-0.7582899999997608
2022-03-16 10:00:00,2733.035056,2732.141575,2732.411773,-0.8934810000000653,-0.623283000000356,-0.7583820000002106
2022-03-16 10:30:00,2733.0335,2732.143659,2732.405024,-0.8898410000001604,-0.6284759999998641,-0.7591585000000123
2022-03-16 10:45:00,2733.0335,2732.141518,2732.409366,-0.8919820000000982,-0.6241340000001401,-0.7580580000001191
2022-03-16 11:00:00,2733.033303,2732.141323,2732.410919,-0.8919800000003306,-0.6223840000002383,-0.7571820000002845
2022-03-16 11:15:00,2733.03291,2732.140429,2732.410526,-0.8924809999998615,-0.6223839999997836,-0.7574324999998225
2022-03-16 11:45:00,2733.034076,2732.139846,2732.407906,-0.8942299999998795,-0.6261700000000019,-0.7601999999999407
2022-03-16 12:00:00,2733.03155,2732.140141,2732.40713,-0.8914090000002943,-0.6244200000001001,-0.7579145000001972
2022-03-16 12:15:00,2733.03408,2732.141909,2732.412252,-0.8921709999999621,-0.6218279999998231,-0.7569994999998926
2022-03-16 12:30:00,2733.0333,2732.143289,2732.412642,-0.8900109999999586,-0.6206580000002759,-0.7553345000001173
2022-03-16 12:45:00,2733.03408,2732.142589,2732.411385,-0.8914909999998599,-0.6226950000000215,-0.7570929999999407
2022-03-16 13:00:00,2733.03233,2732.13936,2732.407904,-0.8929699999998775,-0.6244259999998576,-0.7586979999998675
2022-03-16 13:15:00,2733.032717,2732.137997,2732.406541,-0.894720000000234,-0.6261760000002141,-0.7604480000002241
2022-03-16 13:30:00,2733.03388,2732.137981,2732.405684,-0.8958990000000995,-0.6281960000001163,-0.7620475000001079
2022-03-16 13:45:00,2733.036409,,,,,
2022-04-08 02:45:00,2733.064206,2732.248144,2732.70391,-0.8160619999998744,-0.36029599999983475,-0.5881789999998546
2022-04-08 03:00:00,2733.066152,2732.251072,2732.704559,-0.8150799999998526,-0.36159300000008443,-0.5883364999999685
2022-04-08 03:15:00,2733.065569,2732.25224,2732.708318,-0.813329000000067,-0.3572509999999056,-0.5852899999999863
2022-04-08 03:30:00,2733.066735,2732.253136,2732.711069,-0.8135990000000675,-0.3556659999999283,-0.5846324999999979
2022-04-08 03:45:00,2733.065569,2732.253719,2732.710355,-0.8118500000000495,-0.35521399999970527,-0.5835319999998774
2022-04-08 04:00:00,2733.068484,2732.253904,2732.711521,-0.8145799999997507,-0.35696299999972325,-0.585771499999737
2022-04-08 04:15:00,2733.066735,2732.254885,2732.714568,-0.8118500000000495,-0.35216700000000856,-0.582008500000029
2022-04-08 04:30:00,2733.066735,2732.256365,2732.717161,-0.8103699999996934,-0.34957399999984773,-0.5799719999997706
2022-04-08 04:45:00,2733.067318,2732.258429,2732.716447,-0.8088889999999083,-0.3508710000000974,-0.5798800000000028
2022-04-08 05:00:00,2733.066152,2732.258522,2732.71703,-0.80762999999979,-0.3491220000000794,-0.5783759999999347
2022-04-08 05:15:00,2733.065955,2732.258325,2732.718131,-0.8076300000002448,-0.34782399999994595,-0.5777270000000954
2022-04-08 05:30:00,2733.067895,2732.261746,2732.72007,-0.8061490000000049,-0.3478250000002845,-0.5769870000001447
2022-04-08 06:00:00,2733.065759,2732.26202,2732.72273,-0.8037389999999505,-0.34302900000011505,-0.5733840000000328
2022-04-08 06:15:00,2733.066152,2732.259673,2732.721374,-0.8064789999998538,-0.3447779999996783,-0.5756284999997661
2022-04-08 06:45:00,2733.066735,2732.263218,2732.71891,-0.8035169999998288,-0.34782499999982974,-0.5756709999998293
2022-04-08 07:00:00,2733.066345,2732.258117,2732.719243,-0.8082280000003266,-0.3471020000001772,-0.5776650000002519
2022-04-08 07:15:00,2733.066732,2732.251383,2732.719176,-0.8153489999999692,-0.3475559999997131,-0.5814524999998412
2022-04-08 07:30:00,2733.063816,2732.248736,2732.716714,-0.8150799999998526,-0.34710199999972247,-0.5810909999997875
2022-04-08 08:00:00,2733.064403,2732.246402,2732.716131,-0.81800099999964,-0.34827199999972436,-0.5831364999996822
2022-04-08 08:30:00,2733.064596,2732.238387,2732.716324,-0.82620900000029,-0.3482720000001791,-0.5872405000002345
2022-04-08 08:45:00,2733.060314,2732.239271,2732.719304,-0.8210429999999178,-0.3410099999996419,-0.5810264999997798
2022-04-08 09:00:00,2733.06265,2732.235456,2732.717425,-0.8271939999999631,-0.34522500000002765,-0.5862094999999954
2022-04-08 09:15:00,2733.061094,2732.23928,2732.713992,-0.8218140000003586,-0.3471020000001772,-0.5844580000002679
2022-04-08 09:30:00,2733.058375,2732.226976,2732.715615,-0.8313990000001468,-0.3427599999999984,-0.5870795000000726
2022-04-08 09:45:00,2733.059348,2732.224155,2732.714121,-0.8351930000003449,-0.34522700000025,-0.5902100000002974
2022-04-08 10:00:00,2733.056239,2732.221252,2732.713479,-0.8349870000001829,-0.3427599999999984,-0.5888735000000906
2022-04-08 10:15:00,2733.059158,2732.234659,2732.710886,-0.8244989999998324,-0.3482720000001791,-0.5863855000000058
2022-04-08 10:30:00,2733.059741,2732.229765,2732.711017,-0.8299759999999878,-0.3487239999999474,-0.5893499999999676
2022-04-08 10:45:00,2733.059158,2732.232052,2732.712183,-0.8271060000001853,-0.3469749999999294,-0.5870405000000574
2022-04-08 11:00:00,2733.058375,2732.241166,2732.709523,-0.8172090000002754,-0.348852000000079,-0.5830305000001772
2022-04-08 11:15:00,2733.058565,2732.241381,2732.711009,-0.8171839999999975,-0.3475559999997131,-0.5823699999998553
2022-04-08 11:30:00,2733.064203,2732.245376,2732.71113,-0.8188270000000557,-0.3530729999997675,-0.5859499999999116
2022-04-08 11:45:00,2733.064982,2732.246473,2732.712362,-0.8185089999997217,-0.35261999999966065,-0.5855644999996912
2022-04-08 12:00:00,2733.061484,2732.240777,2732.714956,-0.8207069999998566,-0.3465280000000348,-0.5836174999999457
2022-04-08 12:15:00,2733.0609,2732.238434,2732.708281,-0.8224660000000767,-0.35261899999977686,-0.5875424999999268
2022-04-08 12:30:00,2733.059541,2732.237377,2732.708671,-0.8221640000001571,-0.3508700000002136,-0.5865170000001854
2022-04-08 12:45:00,2733.060904,2732.234341,2732.713637,-0.8265630000000783,-0.3472670000001017,-0.58691500000009
2022-04-08 13:00:00,2733.061873,2732.233857,2732.710264,-0.8280159999999341,-0.3516090000002805,-0.5898125000001073
2022-04-08 13:15:00,2733.061487,2732.229575,2732.712333,-0.8319120000001021,-0.34915399999999863,-0.5905330000000504
2022-04-08 13:45:00,2733.062646,2732.221854,2732.710584,-0.8407919999999649,-0.3520619999999326,-0.5964269999999487
2022-04-08 14:00:00,2733.06071,2732.206458,2732.711557,-0.8542520000000877,-0.34915300000011484,-0.6017025000001013
2022-04-08 14:15:00,2733.06149,2732.195302,2732.712336,-0.8661879999999655,-0.34915399999999863,-0.6076709999999821
2022-04-08 14:30:00,2733.06149,2732.190585,2732.713346,-0.8709050000002208,-0.3481440000000475,-0.6095245000001341
2022-04-08 14:45:00,2733.06149,2732.192066,2732.710301,-0.8694239999999809,-0.35118899999997666,-0.6103064999999788
2022-04-08 15:00:00,2733.061297,2732.194609,2732.713153,-0.8666880000000674,-0.3481440000000475,-0.6074160000000575
2022-04-08 15:30:00,2733.061297,2732.204349,2732.71375,-0.8569480000001022,-0.34754700000030425,-0.6022475000002032
2022-04-08 15:45:00,2733.064209,2732.210541,2732.711867,-0.8536680000001979,-0.35234200000013516,-0.6030050000001665
2022-04-08 16:00:00,2733.063236,2732.196575,2732.715109,-0.8666610000000219,-0.3481269999997494,-0.6073939999998856
2022-04-08 16:15:00,2733.065569,2732.218826,2732.713943,-0.8467430000000604,-0.35162599999966915,-0.5991844999998648
2022-04-08 16:30:00,2733.063236,2732.213516,2732.713813,-0.8497200000001612,-0.3494230000001153,-0.5995715000001383
2022-04-08 16:45:00,2733.064986,2732.212037,2732.711777,-0.8529490000000806,-0.35320899999987887,-0.6030789999999797
2022-04-08 17:15:00,2733.064986,2732.194407,2732.713074,-0.870578999999907,-0.35191200000008394,-0.6112454999999954
2022-04-08 17:30:00,2733.064403,2732.192341,2732.715823,-0.8720619999999144,-0.3485799999998562,-0.6103209999998853
2022-04-08 17:45:00,2733.06207,2732.198629,2732.716537,-0.8634409999999662,-0.3455330000001595,-0.6044870000000628
2022-04-08 18:00:00,2733.064986,2732.195084,2732.718156,-0.8699019999999109,-0.34682999999995445,-0.6083659999999327
2022-04-08 18:15:00,2733.064986,2732.199795,2732.716406,-0.8651909999998679,-0.3485799999998562,-0.6068854999998621
2022-04-08 19:00:00,2733.064986,2732.201542,2732.717703,-0.8634440000000723,-0.3472830000000613,-0.6053635000000668
2022-04-08 19:15:00,2733.064792,2732.203098,2732.715926,-0.8616940000001705,-0.348866000000271,-0.6052800000002208
2022-04-08 19:30:00,2733.068681,2732.205237,2732.724444,-0.8634440000000723,-0.34423700000024837,-0.6038405000001603
2022-04-08 20:00:00,2733.067905,2732.206521,2732.721202,-0.8613839999998163,-0.34670299999970666,-0.6040434999997615
2022-04-08 20:15:00,2733.066152,2732.208839,2732.719322,-0.8573129999999765,-0.34682999999995445,-0.6020714999999655
2022-04-08 20:45:00,2733.068488,2732.210007,2732.724832,-0.858480999999756,-0.34365600000000995,-0.601068499999883
2022-04-08 21:00:00,2733.066152,2732.2153,2732.725414,-0.8508520000000317,-0.34073799999987386,-0.5957949999999528
2022-04-08 21:15:00,2733.067322,2732.208841,2732.724387,-0.858480999999756,-0.34293499999967025,-0.6007079999997131
2022-04-08 21:30:00,2733.066738,2732.211487,2732.722507,-0.8552509999999529,-0.34423100000003615,-0.5997409999999945
2022-04-08 22:00:00,2733.066155,2732.212384,2732.72497,-0.8537710000000516,-0.3411849999997685,-0.59747799999991
2022-04-08 22:30:00,2733.068488,2732.212967,2732.725554,-0.8555209999999533,-0.34293399999978647,-0.5992274999998699
2022-04-08 22:45:00,2733.069071,2732.213552,2732.726137,-0.855518999999731,-0.34293399999978647,-0.5992264999997587
2022-04-08 23:15:00,2733.067905,2732.215885,2732.729766,-0.8520199999998113,-0.33813899999995556,-0.5950794999998834
2022-04-08 23:30:00,2733.068488,2732.216468,2732.726006,-0.8520199999998113,-0.34248200000001816,-0.5972509999999147
2022-04-08 23:45:00,2733.069654,2732.222345,2732.721963,-0.8473089999997683,-0.3476909999999407,-0.5974999999998545
2022-04-09 00:00:00,2733.068295,2732.219504,2732.723794,-0.8487909999998919,-0.3445010000000366,-0.5966459999999643
2022-04-09 00:15:00,2733.067905,2732.218045,2732.721527,-0.8498599999998078,-0.3463779999997314,-0.5981189999997696
2022-04-09 00:30:00,2733.069074,2732.219525,2732.719491,-0.8495490000000245,-0.34958300000016607,-0.5995660000000953
2022-04-09 00:45:00,2733.066738,2732.216877,2732.723408,-0.8498610000001463,-0.3433300000001509,-0.5965955000001486
2022-04-09 01:30:00,2733.064792,2732.21777,2732.722924,-0.8470219999999244,-0.34186799999997675,-0.5944449999999506
2022-04-09 01:45:00,2733.066732,2732.218949,2732.724411,-0.8477829999997084,-0.34232099999962884,-0.5950519999996686
2022-04-09 02:00:00,2733.066538,2732.217276,2732.727263,-0.8492620000001807,-0.3392749999998159,-0.5942684999999983
2022-04-09 02:15:00,2733.067318,2732.220788,2732.726747,-0.8465299999998024,-0.34057099999972706,-0.5935504999997647
2022-04-09 02:30:00,2733.068874,2732.223824,2732.724517,-0.845049999999901,-0.3443569999999454,-0.5947034999999232
2022-04-09 02:45:00,2733.068484,2732.224334,2732.729639,-0.8441499999998996,-0.3388449999997647,-0.5914974999998321
2022-04-09 03:00:00,2733.067318,2732.221278,2732.72487,-0.8460399999999026,-0.34244799999987663,-0.5942439999998896
2022-04-09 03:15:00,2733.066735,2732.223924,2732.727334,-0.8428109999999833,-0.3394009999997252,-0.5911059999998542
2022-04-09 03:30:00,2733.067705,2732.221664,2732.729601,-0.8460409999997864,-0.33810399999993024,-0.5920724999998583
2022-04-09 03:45:00,2733.068478,2732.221946,2732.728336,-0.8465320000000247,-0.3401420000000144,-0.5933370000000195
2022-04-09 04:00:00,2733.069061,2732.22325,2732.728919,-0.8458110000001398,-0.3401420000000144,-0.5929765000000771
2022-04-09 04:15:00,2733.069061,2732.2215,2732.725874,-0.8475610000000415,-0.3431869999999435,-0.5953739999999925
2022-04-09 04:30:00,2733.069644,2732.227064,2732.730799,-0.8425799999999981,-0.33884500000021944,-0.5907125000001088
2022-04-09 04:45:00,2733.067895,2732.223833,2732.727754,-0.8440620000001218,-0.3401410000001306,-0.5921015000001262
2022-04-09 05:00:00,2733.068868,2732.221658,2732.728457,-0.8472099999999045,-0.3404109999996763,-0.5938104999997904
2022-04-09 05:15:00,2733.069647,2732.226657,2732.730534,-0.8429899999996451,-0.33911299999999756,-0.5910514999998213
2022-04-09 05:30:00,2733.068481,2732.22872,2732.733281,-0.8397609999997258,-0.3351999999999862,-0.587480499999856
2022-04-09 05:45:00,2733.067315,2732.226074,2732.730818,-0.8412409999996271,-0.3364969999997811,-0.5888689999997041
2022-04-09 06:00:00,2733.067898,2732.228137,2732.727487,-0.8397609999997258,-0.3404109999996763,-0.590085999999701
2022-04-09 06:15:00,2733.068295,2732.224215,2732.731208,-0.844079999999849,-0.3370869999998831,-0.590583499999866
2022-04-09 06:30:00,2733.069074,2732.224995,2732.728942,-0.8440789999999652,-0.34013199999981225,-0.5921054999998887
2022-04-09 06:45:00,2733.069074,2732.231455,2732.726904,-0.8376189999999042,-0.3421699999998964,-0.5898944999999003
2022-04-09 07:15:00,2733.068101,2732.227752,2732.730275,-0.8403490000000602,-0.33782599999995,-0.5890875000000051
2022-04-09 07:30:00,2733.066738,2732.226387,2732.732698,-0.8403509999998278,-0.3340400000001864,-0.5871955000000071
2022-04-09 07:45:00,2733.068295,2732.227945,2732.729912,-0.840349999999944,-0.338383000000249,-0.5893665000000965
2022-04-09 08:00:00,2733.066352,2732.231962,2732.729265,-0.8343899999999849,-0.3370869999998831,-0.585738499999934
2022-04-09 08:15:00,2733.065379,2732.230989,2732.726996,-0.8343899999999849,-0.338383000000249,-0.5863865000001169
2022-04-09 08:30:00,2733.065575,2732.231185,2732.728203,-0.8343899999999849,-0.33737199999995937,-0.5858809999999721
2022-04-09 08:45:00,2733.063436,2732.227562,2732.729109,-0.8358739999998761,-0.33432700000003024,-0.5851004999999532
2022-04-09 09:00:00,2733.065182,2732.229042,2732.724311,-0.8361399999998866,-0.34087099999987913,-0.5885054999998829
2022-04-09 09:15:00,2733.06246,2732.224843,2732.724634,-0.8376170000001366,-0.33782599999995,-0.5877215000000433
2022-04-09 09:30:00,2733.062656,2732.221834,2732.72658,-0.8408220000001165,-0.3360760000000482,-0.5884490000000824
2022-04-09 09:45:00,2733.063823,2732.222777,2732.72295,-0.8410460000000057,-0.34087300000010146,-0.5909595000000536
2022-04-09 10:30:00,2733.064406,2732.225245,2732.723535,-0.8391609999998764,-0.34087099999987913,-0.5900159999998777
2022-04-09 11:00:00,2733.064796,2732.226666,2732.718841,-0.838130000000092,-0.34595500000023094,-0.5920425000001615
2022-04-09 11:15:00,2733.06266,2732.2263,2732.719752,-0.8363600000002407,-0.3429080000000795,-0.5896340000001601
2022-04-09 11:30:00,2733.063826,2732.226838,2732.720918,-0.8369880000000194,-0.3429080000000795,-0.5899480000000494
2022-04-09 11:45:00,2733.063629,2732.23059,2732.720723,-0.8330390000000989,-0.3429060000003119,-0.5879725000002054
2022-04-09 12:00:00,2733.064399,2732.228176,2732.723958,-0.8362229999997908,-0.3404409999998279,-0.5883319999998093
2022-04-09 12:15:00,2733.064206,2732.229491,2732.721745,-0.8347149999999601,-0.34246100000018487,-0.5885880000000725
2022-04-09 12:30:00,2733.066152,2732.229174,2732.723239,-0.8369779999998173,-0.34291299999995317,-0.5899454999998852
2022-04-09 12:45:00,2733.065569,2732.229973,2732.724404,-0.8355959999998959,-0.341164999999819,-0.5883804999998574
2022-04-09 13:00:00,2733.065376,2732.229485,2732.725222,-0.8358910000001742,-0.3401539999999841,-0.5880225000000792
2022-04-09 13:15:00,2733.067708,2732.227824,2732.725805,-0.8398839999999836,-0.34190300000000207,-0.5908934999999929
2022-04-09 13:30:00,2733.068481,2732.228209,2732.726141,-0.8402719999999135,-0.34233999999969456,-0.591305999999804
2022-04-09 13:45:00,2733.064786,2732.228709,2732.725077,-0.836076999999932,-0.33970899999985704,-0.5878929999998945
2022-04-09 14:00:00,2733.066149,2732.209717,2732.725988,-0.8564320000000407,-0.3401610000000801,-0.5982965000000604
2022-04-09 14:15:00,2733.064789,2732.190976,2732.723061,-0.8738130000001547,-0.34172799999987546,-0.6077705000000151
2022-04-09 14:30:00,2733.066538,2732.196556,2732.724812,-0.8699820000001637,-0.3417260000001079,-0.6058540000001358
2022-04-09 14:45:00,2733.067312,2732.196566,2732.725131,-0.8707460000000538,-0.3421809999999823,-0.606463500000018
2022-04-09 15:00:00,2733.064792,2732.195971,2732.721735,-0.8688210000000254,-0.34305700000004435,-0.6059390000000349
2022-04-09 15:15:00,2733.066738,2732.212625,2732.722385,-0.8541129999998702,-0.3443529999999555,-0.5992329999999129
2022-04-09 15:30:00,2733.067711,2732.206806,2732.722619,-0.8609050000000025,-0.3450920000000224,-0.6029985000000124
2022-04-09 15:45:00,2733.066159,2732.21235,2732.721066,-0.853809000000183,-0.34509299999990617,-0.5994510000000446
2022-04-09 16:00:00,2733.069657,2732.199904,2732.724111,-0.869752999999946,-0.345546000000013,-0.6076494999999795
2022-04-09 16:15:00,2733.069461,2732.20689,2732.723214,-0.8625710000001163,-0.34624699999994846,-0.6044090000000324
2022-04-09 16:30:00,2733.067515,2732.200288,2732.724315,-0.8672270000001845,-0.34320000000025175,-0.6052135000002181
2022-04-09 16:45:00,2733.066159,2732.198141,2732.721663,-0.8680180000001201,-0.3444960000001629,-0.6062570000001415
2022-04-09 17:00:00,2733.067711,2732.199287,2732.721466,-0.8684240000002319,-0.3462450000001809,-0.6073345000002064
2022-04-09 17:15:00,2733.068484,2732.195071,2732.722239,-0.8734129999998004,-0.34624499999972613,-0.6098289999997633
2022-04-09 17:30:00,2733.068484,2732.198303,2732.721787,-0.8701809999997749,-0.3466969999999492,-0.6084389999998621
2022-04-09 17:45:00,2733.069457,2732.196044,2732.724508,-0.8734130000002551,-0.34494900000026973,-0.6091810000002624
2022-04-09 18:15:00,2733.069454,2732.193977,2732.725945,-0.8754770000000462,-0.34350899999981266,-0.6094929999999295
2022-04-09 18:30:00,2733.070817,2732.198303,2732.725288,-0.8725139999996827,-0.34552899999971487,-0.6090214999996988
2022-04-09 18:45:00,2733.073153,2732.199077,2732.726454,-0.8740759999996044,-0.34669899999971676,-0.6103874999996606
2022-04-09 19:00:00,2733.072566,2732.200649,2732.728333,-0.8719169999999394,-0.3442329999998037,-0.6080749999998716
2022-04-09 19:15:00,2733.072373,2732.201935,2732.728141,-0.8704379999999219,-0.34423199999991994,-0.6073349999999209
2022-04-09 19:30:00,2733.07257,2732.203881,2732.730086,-0.8686889999999039,-0.34248399999978574,-0.6055864999998448
2022-04-09 19:45:00,2733.07082,2732.20563,2732.733133,-0.8651899999999841,-0.3376869999997325,-0.6014384999998583
2022-04-09 20:00:00,2733.07082,2732.200651,2732.731383,-0.8701689999998052,-0.33943700000008903,-0.6048029999999471
2022-04-09 20:15:00,2733.072763,2732.205554,2732.732874,-0.8672090000000026,-0.3398890000003121,-0.6035490000001573
2022-04-09 20:30:00,2733.071983,2732.206525,2732.732818,-0.8654579999997623,-0.33916499999986627,-0.6023114999998143
2022-04-09 20:45:00,2733.073733,2732.201814,2732.735863,-0.8719190000001618,-0.33787000000029366,-0.6048945000002277
2022-04-09 21:00:00,2733.072566,2732.202887,2732.7334,-0.8696789999999055,-0.33916599999975006,-0.6044224999998278
2022-04-09 21:45:00,2733.072763,2732.207283,2732.734176,-0.8654799999999341,-0.3385870000001887,-0.6020335000000614
2022-04-09 22:00:00,2733.070624,2732.206893,2732.733786,-0.8637309999999161,-0.3368380000001707,-0.6002845000000434
2022-04-09 22:30:00,2733.074316,2732.211485,2732.736445,-0.8628310000003694,-0.33787100000017745,-0.6003510000002734
2022-04-09 22:45:00,2733.074902,2732.207182,2732.737613,-0.8677199999997356,-0.33728900000005524,-0.6025044999998954
2022-04-09 23:00:00,2733.072956,2732.205024,2732.73379,-0.8679320000001098,-0.33916599999975006,-0.60354899999993
2022-04-09 23:15:00,2733.073153,2732.211581,2732.735736,-0.8615719999997964,-0.33741699999973207,-0.5994944999997642
2022-04-09 23:30:00,2733.073539,2732.210977,2732.736124,-0.862561999999798,-0.3374149999999645,-0.5999884999998812
2022-04-09 23:45:00,2733.072177,2732.209223,2732.737806,-0.8629540000001725,-0.33437099999991915,-0.5986625000000458
2022-04-10 00:00:00,2733.073153,2732.206211,2732.737033,-0.8669419999996535,-0.33611999999993714,-0.6015309999997953
2022-04-10 00:15:00,2733.071403,2732.20944,2732.736311,-0.8619629999998324,-0.3350919999998041,-0.5985274999998182
2022-04-10 00:30:00,2733.071987,2732.212164,2732.736894,-0.8598229999997784,-0.3350929999996879,-0.5974579999997331
2022-04-10 00:45:00,2733.070041,2732.213056,2732.736697,-0.8569849999998951,-0.33334400000012465,-0.5951645000000099
2022-04-10 01:00:00,2733.073146,2732.211183,2732.736756,-0.8619630000002871,-0.3363900000003923,-0.5991765000003397
2022-04-10 01:15:00,2733.072563,2732.20912,2732.73922,-0.8634430000001885,-0.33334300000024086,-0.5983930000002147
2022-04-10 01:30:00,2733.072953,2732.21099,2732.73786,-0.8619629999998324,-0.3350929999996879,-0.5985279999997601
2022-04-10 01:45:00,2733.072566,2732.210603,2732.739223,-0.8619629999998324,-0.3333429999997861,-0.5976529999998093
2022-04-10 02:15:00,2733.073536,2732.215482,2732.736281,-0.8580539999998109,-0.3372549999999137,-0.5976544999998623
2022-04-10 02:30:00,2733.076842,2732.214608,2732.737383,-0.8622339999997166,-0.3394589999998061,-0.6008464999997614
2022-04-10 02:45:00,2733.072953,2732.215699,2732.74004,-0.8572540000000117,-0.3329129999997349,-0.5950834999998733
2022-04-10 03:00:00,2733.074316,2732.211583,2732.7427,-0.8627330000003894,-0.3316160000003947,-0.5971745000003921
2022-04-10 03:15:00,2733.074119,2732.213137,2732.741208,-0.8609819999996944,-0.3329109999999673,-0.5969464999998308
2022-04-10 03:30:00,2733.074892,2732.213909,2732.738934,-0.8609830000000329,-0.3359580000001188,-0.5984705000000758
2022-04-10 03:45:00,2733.073726,2732.215973,2732.740815,-0.8577530000002298,-0.3329109999999673,-0.5953320000000986
2022-04-10 04:00:00,2733.074506,2732.213522,2732.741593,-0.8609839999999167,-0.3329129999997349,-0.5969484999998258
2022-04-10 04:15:00,2733.07237,2732.212457,2732.740467,-0.8599129999997785,-0.3319029999997838,-0.5959079999997812
2022-04-10 04:30:00,2733.071393,2732.20924,2732.74124,-0.8621530000000348,-0.33015300000033676,-0.5961530000001858
2022-04-10 04:45:00,2733.071977,2732.209825,2732.739645,-0.862152000000151,-0.3323319999999512,-0.5972420000000511
2022-04-10 05:00:00,2733.074892,2732.20951,2732.741694,-0.8653819999999541,-0.3331980000002659,-0.59929000000011
2022-04-10 05:15:00,2733.075282,2732.213129,2732.745544,-0.8621529999995801,-0.3297379999999066,-0.5959454999997433
2022-04-10 05:30:00,2733.073339,2732.212936,2732.741008,-0.860403000000133,-0.33233100000006743,-0.5963670000001002
2022-04-10 05:45:00,2733.070817,2732.210583,2732.737896,-0.8602339999997639,-0.3329209999997147,-0.5965774999997393
2022-04-10 06:00:00,2733.073726,2732.218712,2732.742692,-0.8550140000002102,-0.3310340000002725,-0.5930240000002414
2022-04-10 06:15:00,2733.068484,2732.21247,2732.73935,-0.8560139999999592,-0.3291340000000673,-0.5925740000000133
2022-04-10 06:30:00,2733.069644,2732.213231,2732.742395,-0.856412999999975,-0.32724899999993795,-0.5918309999999565
2022-04-10 06:45:00,2733.071393,2732.210002,2732.744576,-0.8613910000003671,-0.32681700000011915,-0.5941040000002431
2022-04-10 07:00:00,2733.071393,2732.214712,2732.742825,-0.8566810000002079,-0.32856800000035946,-0.5926245000002837
2022-04-10 07:15:00,2733.070424,2732.216891,2732.738523,-0.8535329999999703,-0.3319010000000162,-0.5927169999999933
2022-04-10 07:30:00,2733.072566,2732.215533,2732.738916,-0.8570329999997739,-0.3336500000000342,-0.595341499999904
2022-04-10 07:45:00,2733.071983,2732.213551,2732.743415,-0.8584319999999934,-0.3285679999999047,-0.5934999999999491
2022-04-10 08:00:00,2733.073733,2732.214229,2732.739526,-0.8595040000000154,-0.3342070000003332,-0.5968555000001743
2022-04-10 08:30:00,2733.068484,2732.21248,2732.739074,-0.8560039999997571,-0.32940999999982523,-0.5927069999997912
2022-04-10 08:45:00,2733.070234,2732.215711,2732.740083,-0.8545229999999719,-0.3301509999996597,-0.5923369999998158
2022-04-10 09:00:00,2733.067901,2732.212893,2732.740797,-0.855007999999998,-0.327103999999963,-0.5910559999999805
2022-04-10 09:15:00,2733.068095,2732.212101,2732.73881,-0.8559940000000097,-0.3292850000002545,-0.5926395000001321
2022-04-10 09:30:00,2733.069454,2732.211715,2732.74134,-0.8577390000000378,-0.3281139999999141,-0.5929264999999759
2022-04-10 09:45:00,2733.07062,2732.211147,2732.737711,-0.85947299999998,-0.332908999999745,-0.5961909999998625
2022-04-10 10:00:00,2733.069644,2732.209115,2732.743114,-0.8605290000000423,-0.3265300000002753,-0.5935295000001588
2022-04-10 10:15:00,2733.069061,2732.217987,2732.744279,-0.8510740000001533,-0.3247820000001411,-0.5879280000001472
2022-04-10 10:30:00,2733.070617,2732.211285,2732.744087,-0.8593319999999949,-0.3265299999998206,-0.5929309999999077
2022-04-10 10:45:00,2733.069064,2732.206077,2732.743544,-0.8629869999999755,-0.32551999999986947,-0.5942534999999225
2022-04-10 11:00:00,2733.066925,2732.213173,2732.735765,-0.8537519999999859,-0.33116000000018175,-0.5924560000000838
2022-04-10 11:15:00,2733.069451,2732.215104,2732.742634,-0.8543469999999616,-0.3268169999996644,-0.590581999999813
2022-04-10 11:30:00,2733.068091,2732.20931,2732.743765,-0.8587809999999081,-0.32432599999992817,-0.5915534999999181
2022-04-10 11:45:00,2733.068478,2732.211871,2732.740652,-0.8566070000001673,-0.32782600000018647,-0.5922165000001769
2022-04-10 12:00:00,2733.069644,2732.207622,2732.740521,-0.8620220000002519,-0.3291229999999814,-0.5955725000001166
2022-04-10 12:15:00,2733.070227,2732.204977,2732.741105,-0.8652500000002874,-0.3291220000000976,-0.5971860000001925
2022-04-10 12:30:00,2733.071393,2732.225022,2732.747911,-0.8463710000000901,-0.3234820000002401,-0.5849265000001651
2022-04-10 12:45:00,2733.070034,2732.223711,2732.741468,-0.8463229999997566,-0.3285659999996824,-0.5874444999997195
2022-04-10 13:00:00,2733.068674,2732.224145,2732.737515,-0.8445289999999659,-0.33115900000029797,-0.5878440000001319
2022-04-10 13:15:00,2733.069451,2732.2217,2732.737838,-0.8477509999997892,-0.33161299999983385,-0.5896819999998115
2022-04-10 13:30:00,2733.075089,2732.209669,2732.748107,-0.8654200000000856,-0.3269820000000436,-0.5962010000000646
2022-04-10 13:45:00,2733.069061,2732.229586,2732.734855,-0.8394750000002205,-0.3342059999999947,-0.5868405000001076
2022-04-10 14:15:00,2733.070814,2732.198677,2732.736608,-0.8721370000002935,-0.3342059999999947,-0.6031715000001441
2022-04-10 14:30:00,2733.067122,2732.197032,2732.739008,-0.870089999999891,-0.3281139999999141,-0.5991019999999025
2022-04-10 14:45:00,2733.070817,2732.200463,2732.742251,-0.8703539999996792,-0.3285659999996824,-0.5994599999996808
2022-04-10 15:00:00,2733.070234,2732.206327,2732.737778,-0.8639069999999265,-0.33245599999963815,-0.5981814999997823
2022-04-10 15:15:00,2733.071204,2732.209248,2732.740171,-0.8619559999997364,-0.33103299999993396,-0.5964944999998352
2022-04-10 15:30:00,2733.074892,2732.205761,2732.742112,-0.8691309999999248,-0.3327800000001844,-0.6009555000000546
2022-04-10 15:45:00,2733.070227,2732.205568,2732.740944,-0.8646590000003016,-0.3292830000000322,-0.5969710000001669
2022-04-10 16:00:00,2733.069847,2732.20418,2732.739976,-0.8656670000000304,-0.3298710000003666,-0.5977690000001985
2022-04-10 16:15:00,2733.069074,2732.210309,2732.740085,-0.8587649999999485,-0.32898900000009235,-0.5938770000000204
2022-04-10 16:30:00,2733.07237,2732.209231,2732.735247,-0.8631390000000465,-0.3371229999997922,-0.6001309999999194
2022-04-10 16:45:00,2733.070817,2732.203399,2732.739648,-0.867417999999816,-0.3311689999995906,-0.5992934999997033
2022-04-10 17:00:00,2733.0714,2732.198499,2732.741075,-0.8729009999997288,-0.3303249999999025,-0.6016129999998157
2022-04-10 17:15:00,2733.071393,2732.198081,2732.740361,-0.8733120000001691,-0.3310320000000502,-0.6021720000001096
2022-04-10 17:30:00,2733.070817,2732.199748,2732.73588,-0.8710689999998067,-0.334936999999627,-0.6030029999997168
2022-04-10 17:45:00,2733.07256,2732.201813,2732.741529,-0.8707469999999375,-0.3310310000001664,-0.600889000000052
2022-04-10 18:00:00,2733.07081,2732.202202,2732.737761,-0.8686080000002221,-0.333049000000301,-0.6008285000002616
2022-04-10 18:15:00,2733.071007,2732.198776,2732.736929,-0.8722309999998288,-0.3340779999998631,-0.6031544999998459
2022-04-10 18:30:00,2733.07237,2732.21022,2732.741339,-0.8621499999999287,-0.33103099999971164,-0.5965904999998202
2022-04-10 18:45:00,2733.074892,2732.217863,2732.744149,-0.8570290000002387,-0.330742999999984,-0.5938860000001114
2022-04-10 19:15:00,2733.073726,2732.213053,2732.741685,-0.8606730000001335,-0.3320410000001175,-0.5963570000001255
2022-04-10 19:30:00,2733.077225,2732.214801,2732.74691,-0.862423999999919,-0.3303150000001551,-0.5963695000000371
2022-04-10 19:45:00,2733.074506,2732.210292,2732.747238,-0.8642139999997198,-0.32726800000000367,-0.5957409999998617
2022-04-10 20:00:00,2733.07315,2732.215396,2732.744584,-0.8577540000001136,-0.32856600000013714,-0.5931600000001254
2022-04-10 20:15:00,2733.075482,2732.212748,2732.745908,-0.8627340000002732,-0.32957400000032067,-0.596154000000297
2022-04-10 20:30:00,2733.07276,2732.210794,2732.746232,-0.8619659999999385,-0.326528000000053,-0.5942469999999958
2022-04-10 20:45:00,2733.076065,2732.212662,2732.746619,-0.8634030000002895,-0.3294460000001891,-0.5964245000002393
2022-04-10 21:00:00,2733.071983,2732.208848,2732.742989,-0.8631349999996019,-0.32899399999996604,-0.596064499999784
2022-04-10 21:15:00,2733.074316,2732.213341,2732.743572,-0.8609750000000531,-0.33074400000032256,-0.5958595000001878
2022-04-10 21:30:00,2733.076648,2732.211454,2732.747925,-0.8651940000004288,-0.3287230000000818,-0.5969585000002553
2022-04-10 21:45:00,2733.073343,2732.208148,2732.742599,-0.8651949999998578,-0.3307439999998678,-0.5979694999998628
2022-04-10 22:00:00,2733.076452,2732.212737,2732.744682,-0.8637149999999565,-0.3317699999997785,-0.5977424999998675
2022-04-10 22:15:00,2733.074899,2732.210693,2732.744156,-0.8642060000001948,-0.330742999999984,-0.5974745000000894
2022-04-10 22:30:00,2733.075482,2732.213028,2732.743442,-0.8624540000000707,-0.3320400000002337,-0.5972470000001522
2022-04-10 22:45:00,2733.076455,2732.216962,2732.745712,-0.8594929999999295,-0.330742999999984,-0.5951179999999567
2022-04-10 23:00:00,2733.074899,2732.217647,2732.748372,-0.8572520000002442,-0.3265270000001692,-0.5918895000002067
2022-04-10 23:15:00,2733.074316,2732.213833,2732.747789,-0.8604830000003858,-0.3265270000001692,-0.5935050000002775
2022-04-10 23:30:00,2733.076258,2732.215775,2732.746685,-0.860482999999931,-0.32957299999998213,-0.5950279999999566
2022-04-10 23:45:00,2733.074312,2732.213829,2732.747785,-0.8604830000003858,-0.3265270000001692,-0.5935050000002775
2022-04-11 00:00:00,2733.076648,2732.217153,2732.748952,-0.8594950000001518,-0.3276960000002873,-0.5935955000002195
2022-04-11 00:30:00,2733.074899,2732.213244,2732.747202,-0.8616550000001553,-0.3276970000001711,-0.5946760000001632
2022-04-11 00:45:00,2733.076065,2732.216302,2732.747916,-0.8597630000003846,-0.32814900000039415,-0.5939560000003894
2022-04-11 01:15:00,2733.076065,2732.21657,2732.743573,-0.8594950000001518,-0.332492000000002,-0.5959935000000769
2022-04-11 01:45:00,2733.079177,2732.219415,2732.752778,-0.8597620000000461,-0.32639900000003763,-0.5930805000000419
2022-04-11 02:00:00,2733.077038,2732.217136,2732.752388,-0.8599019999996926,-0.32465000000001965,-0.5922759999998561
2022-04-11 02:15:00,2733.0819,2732.218499,2732.752455,-0.8634010000000671,-0.3294450000003053,-0.5964230000001862
2022-04-11 02:45:00,2733.078974,2732.216245,2732.753745,-0.8627289999999448,-0.32522900000003574,-0.5939789999999903
2022-04-11 03:00:00,2733.079557,2732.218308,2732.752579,-0.8612490000000435,-0.3269780000000537,-0.5941135000000486
2022-04-11 03:15:00,2733.08014,2732.220371,2732.751412,-0.8597690000001421,-0.3287279999999555,-0.5942485000000488
2022-04-11 03:30:00,2733.078974,2732.217725,2732.749401,-0.8612490000000435,-0.32957299999998213,-0.5954110000000128
2022-04-11 03:45:00,2733.078974,2732.217315,2732.750698,-0.8616590000001452,-0.3282760000001872,-0.5949675000001662
2022-04-11 04:00:00,2733.078974,2732.219205,2732.749959,-0.8597690000001421,-0.32901499999979933,-0.5943919999999707
2022-04-11 04:30:00,2733.075672,2732.220881,2732.744064,-0.8547909999997501,-0.33160799999996016,-0.5931994999998551
2022-04-11 04:45:00,2733.076065,2732.218045,2732.745754,-0.8580200000001241,-0.3303110000001652,-0.5941655000001447
2022-04-11 05:00:00,2733.078398,2732.220378,2732.748825,-0.8580200000001241,-0.32957299999998213,-0.5937965000000531
2022-04-11 05:15:00,2733.077815,2732.224505,2732.750836,-0.8533099999999649,-0.3269789999999375,-0.5901444999999512
2022-04-11 05:30:00,2733.074899,2732.227248,2732.747077,-0.8476510000000417,-0.32782200000019657,-0.5877365000001191
2022-04-11 06:00:00,2733.077231,2732.222442,2732.750707,-0.8547890000004372,-0.3265240000000631,-0.5906565000002502
2022-04-11 06:15:00,2733.077231,2732.225672,2732.752003,-0.8515590000001794,-0.32522800000015195,-0.5883935000001657
2022-04-11 07:00:00,2733.075092,2732.221479,2732.748566,-0.8536130000002231,-0.3265259999998307,-0.5900695000000269
2022-04-11 07:15:00,2733.073729,2732.226079,2732.747657,-0.8476500000001579,-0.3260720000002948,-0.5868610000002263
2022-04-11 07:30:00,2733.074899,2732.224329,2732.749223,-0.8505700000000616,-0.3256760000003851,-0.5881230000002233
2022-04-11 07:45:00,2733.073343,2732.22502,2732.748119,-0.848323000000164,-0.32522400000016205,-0.586773500000163
2022-04-11 08:00:00,2733.072953,2732.223809,2732.747731,-0.8491439999997965,-0.3252219999999397,-0.5871829999998681
2022-04-11 08:15:00,2733.074509,2732.225095,2732.747537,-0.8494140000002517,-0.3269719999998415,-0.5881930000000466
2022-04-11 08:30:00,2733.073729,2732.221084,2732.748055,-0.8526450000003933,-0.3256740000001628,-0.5891595000002781
2022-04-11 08:45:00,2733.072563,2732.225388,2732.744294,-0.847175000000334,-0.3282690000000912,-0.5877220000002126
2022-04-11 09:00:00,2733.070814,2732.222159,2732.747341,-0.8486550000002353,-0.3234730000003765,-0.5860640000003059
2022-04-11 09:15:00,2733.07198,2732.223327,2732.743711,-0.848653000000013,-0.3282690000000912,-0.5884610000000521
2022-04-11 09:30:00,2733.073343,2732.225698,2732.743326,-0.8476449999998295,-0.3300170000002254,-0.5888310000000274
2022-04-11 09:45:00,2733.07043,2732.221736,2732.746504,-0.8486940000002505,-0.3239260000000286,-0.5863100000001396
2022-04-11 10:00:00,2733.067901,2732.213834,2732.739632,-0.854066999999759,-0.3282690000000912,-0.5911679999999251
2022-04-11 10:15:00,2733.071207,2732.222314,2732.742938,-0.8488929999998618,-0.3282690000000912,-0.5885809999999765
2022-04-11 10:30:00,2733.069654,2732.220757,2732.745729,-0.8488969999998517,-0.32392499999969004,-0.5864109999997709
2022-04-11 10:45:00,2733.066932,2732.21508,2732.744756,-0.8518520000002354,-0.3221760000001268,-0.5870140000001811
2022-04-11 11:00:00,2733.070041,2732.225141,2732.746114,-0.8449000000000524,-0.32392699999991237,-0.5844134999999824
2022-04-11 11:15:00,2733.07082,2732.227457,2732.746895,-0.8433629999999539,-0.32392499999969004,-0.583643999999822
2022-04-11 11:30:00,2733.067905,2732.220859,2732.739637,-0.8470459999998639,-0.32826799999975265,-0.5876569999998082
2022-04-11 11:45:00,2733.067905,2732.221545,2732.742682,-0.8463600000000042,-0.3252229999998235,-0.5857914999999139
2022-04-11 12:00:00,2733.068488,2732.204719,2732.746312,-0.8637690000000475,-0.32217599999967206,-0.5929724999998598
2022-04-11 12:15:00,2733.067705,2732.20394,2732.73554,-0.8637650000000576,-0.3321649999998044,-0.597964999999931
2022-04-11 12:30:00,2733.07081,2732.210733,2732.74299,-0.860077000000274,-0.32781999999997424,-0.5939485000001241
2022-04-11 12:45:00,2733.071783,2732.213478,2732.745259,-0.8583049999997456,-0.3265240000000631,-0.5924144999999044
2022-04-11 13:00:00,2733.072563,2732.203137,2732.745156,-0.8694260000002032,-0.32740700000022116,-0.5984165000002122
2022-04-11 13:15:00,2733.07198,2732.207479,2732.748502,-0.8645010000000184,-0.3234780000002502,-0.5939895000001343
2022-04-11 13:30:00,2733.072563,2732.205896,2732.747914,-0.8666670000002341,-0.32464900000013586,-0.595658000000185
2022-04-11 13:45:00,2733.072953,2732.208474,2732.744393,-0.8644789999998466,-0.3285599999999249,-0.5965194999998857
2022-04-11 14:00:00,2733.069068,2732.202643,2732.74197,-0.8664249999997082,-0.32709799999975075,-0.5967614999997295
2022-04-11 14:30:00,2733.070234,2732.200552,2732.743412,-0.8696820000000116,-0.32682199999999284,-0.5982520000000022
2022-04-11 15:00:00,2733.070041,2732.198219,2732.740748,-0.8718220000000656,-0.32929299999977957,-0.6005574999999226
2022-04-11 15:15:00,2733.071987,2732.20383,2732.742694,-0.8681569999998828,-0.32929299999977957,-0.5987249999998312
2022-04-11 15:30:00,2733.073736,2732.203318,2732.745739,-0.8704179999999724,-0.3279969999998684,-0.5992074999999204
2022-04-11 16:00:00,2733.070627,2732.204009,2732.742343,-0.8666180000000168,-0.328284000000167,-0.5974510000000919
2022-04-11 16:15:00,2733.071793,2732.206249,2732.746842,-0.8655440000002272,-0.3249510000000555,-0.5952475000001414
2022-04-11 16:30:00,2733.072563,2732.207919,2732.740654,-0.8646440000002258,-0.331908999999996,-0.5982765000001109
2022-04-11 16:45:00,2733.073146,2732.20528,2732.746877,-0.8678660000000491,-0.3262690000001385,-0.5970675000000938
2022-04-11 17:00:00,2733.070814,2732.2161,2732.746746,-0.8547140000000581,-0.3240680000003522,-0.5893910000002052
2022-04-11 17:15:00,2733.069064,2732.206443,2732.743699,-0.8626209999997627,-0.3253649999996924,-0.5939929999997275
2022-04-11 17:30:00,2733.073729,2732.202888,2732.749208,-0.8708410000003823,-0.3245210000000043,-0.5976810000001933
2022-04-11 17:45:00,2733.072177,2732.20281,2732.745062,-0.8693669999997837,-0.3271150000000489,-0.5982409999999163
2022-04-11 18:00:00,2733.07082,2732.206431,2732.740659,-0.8643889999998464,-0.3301609999998618,-0.5972749999998541
2022-04-11 18:15:00,2733.073543,2732.202324,2732.743796,-0.8712190000001101,-0.3297469999997702,-0.6004829999999401
2022-04-11 18:30:00,2733.07315,2732.20436,2732.745153,-0.86878999999999,-0.32799700000032317,-0.5983935000001566
2022-04-11 18:45:00,2733.069647,2732.207005,2732.73819,-0.862641999999596,-0.33145699999977296,-0.5970494999996845
2022-04-11 19:00:00,2733.070814,2732.208173,2732.739357,-0.862641000000167,-0.3314570000002277,-0.5970490000001973
2022-04-11 19:30:00,2733.072763,2732.211192,2732.744479,-0.8615709999999126,-0.328284000000167,-0.5949275000000398
2022-04-11 19:45:00,2733.07296,2732.204168,2732.742926,-0.8687919999997575,-0.3300340000000688,-0.5994129999999132
2022-04-11 20:00:00,2733.071597,2732.206794,2732.740718,-0.864802999999938,-0.3308790000000954,-0.5978410000000167
2022-04-11 20:15:00,2733.07199,2732.206428,2732.7414,-0.8655619999999544,-0.33059000000002925,-0.5980759999999918
2022-04-11 20:30:00,2733.07199,2732.206918,2732.747038,-0.8650720000000547,-0.3249519999999393,-0.595011999999997
2022-04-11 20:45:00,2733.074322,2732.208982,2732.746596,-0.8653399999998328,-0.3277259999999842,-0.5965329999999085
2022-04-11 21:00:00,2733.072183,2732.210039,2732.746657,-0.8621440000001712,-0.3255260000000817,-0.5938350000001265
2022-04-11 21:15:00,2733.07082,2732.209657,2732.748342,-0.8611630000000332,-0.32247800000004645,-0.5918205000000398
2022-04-11 21:30:00,2733.07296,2732.207583,2732.748732,-0.8653770000000804,-0.3242279999999482,-0.5948025000000143
2022-04-11 21:45:00,2733.073349,2732.214433,2732.746529,-0.8589159999996809,-0.3268199999997705,-0.5928679999997257
2022-04-11 22:00:00,2733.073543,2732.209647,2732.743222,-0.8638959999998406,-0.3303209999999126,-0.5971084999998766
2022-04-11 22:15:00,2733.074322,2732.211409,2732.742706,-0.862912999999935,-0.33161599999993996,-0.5972644999999375
2022-04-11 22:30:00,2733.071407,2732.209833,2732.743862,-0.8615740000000187,-0.3275450000001001,-0.5945595000000594
2022-04-11 22:45:00,2733.070824,2732.216119,2732.746324,-0.8547049999997398,-0.32449999999971624,-0.589602499999728
2022-04-11 23:00:00,2733.071793,2732.20847,2732.748591,-0.8633230000000367,-0.3232020000000375,-0.5932625000000371
2022-04-11 23:15:00,2733.073346,2732.210023,2732.751441,-0.8633230000000367,-0.3219050000002426,-0.5926140000001396
2022-04-11 23:30:00,2733.070624,2732.211209,2732.745546,-0.859414999999899,-0.32507799999984854,-0.5922464999998738
2022-04-11 23:45:00,2733.073729,2732.209335,2732.748198,-0.8643940000001749,-0.32553100000041013,-0.5949625000002925
2022-04-12 00:00:00,2733.072956,2732.208153,2732.749754,-0.864802999999938,-0.3232020000000375,-0.5940024999999878
2022-04-12 00:15:00,2733.075092,2732.211459,2732.754357,-0.8636329999999361,-0.3207350000002407,-0.5921840000000884
2022-04-12 00:30:00,2733.073536,2732.213132,2732.745126,-0.8604040000000168,-0.32841000000007625,-0.5944070000000465
2022-04-12 00:45:00,2733.074316,2732.213422,2732.747654,-0.8608940000003713,-0.3266620000003968,-0.593778000000384
2022-04-12 01:00:00,2733.072956,2732.211652,2732.750638,-0.8613040000000183,-0.32231799999999566,-0.591811000000007
2022-04-12 01:15:00,2733.074319,2732.212745,2732.751547,-0.8615740000000187,-0.3227719999999863,-0.5921730000000025
2022-04-12 01:30:00,2733.073736,2732.212162,2732.748371,-0.8615740000000187,-0.3253649999996924,-0.5934694999998555
2022-04-12 01:45:00,2733.074902,2732.216558,2732.747788,-0.8583439999997609,-0.32711399999971036,-0.5927289999997356
2022-04-12 02:00:00,2733.074123,2732.213539,2732.748758,-0.8605840000000171,-0.3253649999996924,-0.5929744999998547
2022-04-12 02:15:00,2733.073926,2732.217553,2732.752904,-0.856373000000076,-0.3210220000000845,-0.5886975000000803
2022-04-12 02:30:00,2733.07179,2732.211476,2732.749185,-0.8603140000000167,-0.3226049999998395,-0.5914594999999281
2022-04-12 02:45:00,2733.076062,2732.212569,2732.751255,-0.8634930000002896,-0.3248069999999643,-0.594150000000127
2022-04-12 03:00:00,2733.071007,2732.211201,2732.748682,-0.859805999999935,-0.3223250000000917,-0.5910655000000133
2022-04-12 03:15:00,2733.071787,2732.211213,2732.745556,-0.860573999999815,-0.32623100000000704,-0.593402499999911
2022-04-12 04:00:00,2733.071393,2732.21082,2732.748346,-0.860573000000386,-0.32304700000031517,-0.5918100000003506
2022-04-12 04:15:00,2733.072366,2732.211793,2732.748022,-0.8605729999999312,-0.32434399999965535,-0.5924584999997933
2022-04-12 04:30:00,2733.073729,2732.211986,2732.752702,-0.8617430000003878,-0.3210269999999582,-0.591385000000173
2022-04-12 05:00:00,2733.072563,2732.215798,2732.755608,-0.8567649999999958,-0.3169550000002346,-0.5868600000001152
2022-04-12 05:15:00,2733.072953,2732.217669,2732.752952,-0.8552839999997559,-0.3200010000000475,-0.5876424999999017
2022-04-12 05:30:00,2733.074509,2732.212766,2732.750166,-0.8617429999999331,-0.3243430000002263,-0.5930430000000797
2022-04-12 06:00:00,2733.072953,2732.216867,2732.750358,-0.8560859999997774,-0.3225950000000921,-0.5893404999999348
2022-04-12 06:15:00,2733.071787,2732.215292,2732.749193,-0.8564949999999953,-0.3225939999997536,-0.5895444999998745
2022-04-12 06:30:00,2733.074506,2732.214512,2732.750163,-0.8599939999999151,-0.32434299999977156,-0.5921684999998433
2022-04-12 06:45:00,2733.073733,2732.215489,2732.755482,-0.8582440000000133,-0.3182510000001457,-0.5882475000000795
2022-04-12 07:00:00,2733.07315,2732.218134,2732.751852,-0.8550159999999778,-0.3212980000002972,-0.5881570000001375
2022-04-12 07:30:00,2733.070037,2732.215021,2732.754833,-0.8550159999999778,-0.31520399999999427,-0.585109999999986
2022-04-12 07:45:00,2733.074509,2732.218154,2732.757554,-0.8563549999998941,-0.3169550000002346,-0.5866550000000643
2022-04-12 08:00:00,2733.070231,2732.212665,2732.755026,-0.8575660000001335,-0.3152050000003328,-0.5863855000002332
2022-04-12 08:15:00,2733.069647,2732.213563,2732.750099,-0.8560840000000098,-0.31954799999994066,-0.5878159999999752
2022-04-12 08:30:00,2733.071204,2732.21512,2732.754702,-0.8560840000000098,-0.316501999999673,-0.5862929999998414
2022-04-12 08:45:00,2733.071593,2732.21874,2732.755092,-0.8528530000003229,-0.31650100000024395,-0.5846770000002834
2022-04-12 09:00:00,2733.074312,2732.217962,2732.756331,-0.8563500000000204,-0.3179810000001453,-0.5871655000000828
2022-04-12 09:15:00,2733.072563,2732.217694,2732.755879,-0.8548690000002352,-0.31668400000035035,-0.5857765000002928
2022-04-12 09:30:00,2733.067905,2732.219447,2732.74822,-0.8484579999999369,-0.3196849999999358,-0.5840714999999363
2022-04-12 09:45:00,2733.068481,2732.21487,2732.753277,-0.8536110000000008,-0.31520399999999427,-0.5844074999999975
2022-04-12 10:00:00,2733.069064,2732.215944,2732.754129,-0.8531199999997625,-0.3149349999998776,-0.5840274999998201
2022-04-12 10:15:00,2733.067898,2732.216814,2732.748351,-0.8510839999999007,-0.3195469999996021,-0.5853154999997514
2022-04-12 10:30:00,2733.069258,2732.219376,2732.75146,-0.8498819999999796,-0.3177980000000389,-0.5838400000000092
2022-04-12 10:45:00,2733.067118,2732.215746,2732.748867,-0.8513720000000831,-0.3182510000001457,-0.5848115000001144
2022-04-12 11:00:00,2733.067315,2732.21621,2732.75386,-0.851104999999734,-0.3134549999999763,-0.5822799999998551
2022-04-12 11:15:00,2733.067898,2732.211404,2732.754443,-0.8564939999996568,-0.3134549999999763,-0.5849744999998165
2022-04-12 11:30:00,2733.072756,2732.214923,2732.753479,-0.8578330000000278,-0.31927700000005643,-0.5885550000000421
2022-04-12 11:45:00,2733.070617,2732.211034,2732.747165,-0.8595829999999296,-0.3234519999996337,-0.5915174999997816
2022-04-12 12:00:00,2733.070037,2732.211522,2732.748741,-0.8585149999998976,-0.32129600000007486,-0.5899054999999862
2022-04-12 12:15:00,2733.074316,2732.214321,2732.756065,-0.8599950000002536,-0.3182510000001457,-0.5891230000001997
2022-04-12 12:30:00,2733.072566,2732.210335,2732.755613,-0.8622309999996105,-0.31695300000001225,-0.5895919999998114
2022-04-12 12:45:00,2733.072573,2732.209752,2732.75503,-0.8628209999997125,-0.31754300000011426,-0.5901819999999134
2022-04-12 13:00:00,2733.07296,2732.211885,2732.752823,-0.8610749999998006,-0.3201370000001589,-0.5906059999999798
2022-04-12 13:15:00,2733.073346,2732.214514,2732.75321,-0.8588320000003478,-0.3201360000002751,-0.5894840000003114
2022-04-12 13:30:00,2733.071793,2732.213951,2732.751657,-0.8578419999998914,-0.3201360000002751,-0.5889890000000833
2022-04-12 13:45:00,2733.070041,2732.209238,2732.754699,-0.8608030000000326,-0.3153419999998732,-0.5880724999999529
2022-04-12 14:00:00,2733.068295,2732.211213,2732.751205,-0.8570819999999912,-0.3170900000000074,-0.5870859999999993
2022-04-12 14:15:00,2733.067908,2732.212576,2732.751271,-0.8553320000000895,-0.3166369999999006,-0.585984499999995
2022-04-12 14:30:00,2733.068295,2732.213953,2732.749619,-0.8543420000000879,-0.3186759999998685,-0.5865089999999782
2022-04-12 14:45:00,2733.071597,2732.213756,2732.754507,-0.8578410000000076,-0.3170900000000074,-0.5874655000000075
2022-04-12 15:00:00,2733.068491,2732.209171,2732.751113,-0.8593200000000252,-0.3173780000001898,-0.5883490000001075
2022-04-12 15:15:00,2733.070044,2732.213685,2732.752953,-0.856358999999884,-0.3170909999998912,-0.5867249999998876
2022-04-12 15:30:00,2733.068484,2732.212663,2732.754894,-0.8558210000001054,-0.3135899999997491,-0.5847054999999273
2022-04-12 15:45:00,2733.068484,2732.210233,2732.754153,-0.8582510000001093,-0.31433100000003833,-0.5862910000000738
2022-04-12 16:00:00,2733.064599,2732.215236,2732.746377,-0.849362999999812,-0.3182219999998779,-0.583792499999845
2022-04-12 16:15:00,2733.066159,2732.210337,2732.751827,-0.8558219999999892,-0.3143319999999221,-0.5850769999999557
2022-04-12 16:30:00,2733.066742,2732.2124,2732.753707,-0.8543420000000879,-0.3130350000001272,-0.5836885000001075
2022-04-12 16:45:00,2733.064992,2732.20769,2732.75241,-0.8573019999998905,-0.31258200000002034,-0.5849419999999554
2022-04-12 17:00:00,2733.067711,2732.213367,2732.754121,-0.8543440000003102,-0.3135900000002039,-0.583967000000257
2022-04-12 17:15:00,2733.069264,2732.217157,2732.755672,-0.85210700000016,-0.3135920000004262,-0.5828495000002931
2022-04-12 17:30:00,2733.069657,2732.22002,2732.75866,-0.8496369999998024,-0.31099700000004304,-0.5803169999999227
2022-04-12 17:45:00,2733.069074,2732.220876,2732.754186,-0.8481980000001386,-0.3148879999998826,-0.5815430000000106
2022-04-12 18:00:00,2733.07121,2732.223814,2732.75587,-0.8473960000001171,-0.31534000000010565,-0.5813680000001114
2022-04-12 18:15:00,2733.070817,2732.223691,2732.75418,-0.8471259999996619,-0.3166369999999006,-0.5818814999997812
2022-04-12 18:30:00,2733.070817,2732.221943,2732.758522,-0.8488739999997961,-0.31229499999972177,-0.5805844999997589
2022-04-12 18:45:00,2733.068484,2732.219612,2732.750098,-0.8488720000000285,-0.31838599999991857,-0.5836289999999735
2022-04-12 19:00:00,2733.072566,2732.220195,2732.755477,-0.8523709999999483,-0.3170889999996689,-0.5847299999998086
2022-04-12 19:30:00,2733.069651,2732.223518,2732.751716,-0.8461330000000089,-0.3179349999995793,-0.5820339999997941
2022-04-12 19:45:00,2733.069068,2732.219704,2732.75243,-0.8493639999996958,-0.31663799999978437,-0.5830009999997401
2022-04-12 20:15:00,2733.072173,2732.223621,2732.756126,-0.8485519999999269,-0.3160469999997986,-0.5822994999998627
2022-04-12 20:30:00,2733.07315,2732.223528,2732.758667,-0.8496220000001813,-0.3144830000001093,-0.5820525000001453
2022-04-12 20:45:00,2733.069651,2732.221777,2732.756918,-0.8478739999995923,-0.3127329999997528,-0.5803034999996726
2022-04-12 21:00:00,2733.07101,2732.225377,2732.756982,-0.845632999999907,-0.3140280000002349,-0.579830500000071
2022-04-12 21:15:00,2733.067315,2732.221951,2732.754176,-0.8453639999997904,-0.3131389999998646,-0.5792514999998275
2022-04-12 21:30:00,2733.069841,2732.223119,2732.755812,-0.8467219999997724,-0.3140290000001187,-0.5803754999999455
2022-04-12 21:45:00,2733.071977,2732.220775,2732.758672,-0.8512020000002849,-0.3133050000001276,-0.5822535000002063
2022-04-12 22:00:00,2733.071397,2732.224004,2732.756486,-0.8473930000000109,-0.3149109999999382,-0.5811519999999746
2022-04-12 22:15:00,2733.071977,2732.227505,2732.757376,-0.8444720000002235,-0.31460100000003877,-0.5795365000001311
2022-04-12 22:30:00,2733.071783,2732.22731,2732.761088,-0.8444729999996525,-0.31069499999966865,-0.5775839999996606
2022-04-12 22:45:00,2733.069064,2732.223111,2732.752879,-0.8459530000000086,-0.31618499999967753,-0.5810689999998431
2022-04-12 23:00:00,2733.069647,2732.228405,2732.756358,-0.8412419999999656,-0.31328899999971327,-0.5772654999998394
2022-04-12 23:15:00,2733.072563,2732.232801,2732.756666,-0.8397620000000643,-0.3158969999999499,-0.5778295000000071
2022-04-12 23:30:00,2733.070814,2732.230552,2732.757963,-0.8402620000001662,-0.312851000000137,-0.5765565000001516
2022-04-12 23:45:00,2733.073146,2732.232615,2732.756509,-0.8405310000002828,-0.31663700000035533,-0.5785840000003191
2022-04-13 00:00:00,2733.072563,2732.235533,2732.758128,-0.8370300000001407,-0.3144350000002305,-0.5757325000001856
2022-04-13 00:15:00,2733.073146,2732.237597,2732.759117,-0.8355490000003556,-0.3140290000001187,-0.5747890000002371
2022-04-13 00:30:00,2733.072173,2732.235642,2732.752942,-0.8365309999999226,-0.3192309999999452,-0.5778809999999339
2022-04-13 00:45:00,2733.073729,2732.236437,2732.756662,-0.8372920000001614,-0.31706700000040655,-0.577179500000284
2022-04-13 01:00:00,2733.074312,2732.235541,2732.757245,-0.8387710000001789,-0.31706700000040655,-0.5779190000002927
2022-04-13 01:15:00,2733.074312,2732.237781,2732.755948,-0.8365310000003774,-0.3183640000002015,-0.5774475000002894
2022-04-13 02:30:00,2733.071977,2732.239844,2732.754783,-0.8321329999998852,-0.3171940000001996,-0.5746635000000424
2022-04-13 02:45:00,2733.07256,2732.240429,2732.755365,-0.8321310000001176,-0.3171950000000834,-0.5746630000001005
2022-04-13 03:00:00,2733.073143,2732.237022,2732.7542,-0.8361210000002757,-0.3189430000002176,-0.5775320000002466
2022-04-13 03:30:00,2733.070424,2732.235062,2732.757015,-0.8353619999998045,-0.31340899999986505,-0.5743854999998348
2022-04-13 03:45:00,2733.071403,2732.240261,2732.756825,-0.8311419999999998,-0.31457799999998315,-0.5728599999999915
2022-04-13 04:15:00,2733.069068,2732.239095,2732.758252,-0.8299729999998817,-0.3108159999997042,-0.570394499999793
2022-04-13 05:00:00,2733.07043,2732.242519,2732.757872,-0.8279110000003129,-0.31255800000008094,-0.5702345000001969
2022-04-13 05:15:00,2733.068484,2732.240571,2732.754629,-0.8279130000000805,-0.31385499999987587,-0.5708839999999782
2022-04-13 05:30:00,2733.070817,2732.243296,2732.758258,-0.827520999999706,-0.3125589999999647,-0.5700399999998353
2022-04-13 05:45:00,2733.072566,2732.241816,2732.755664,-0.8307499999996253,-0.31690200000002733,-0.5738259999998263
2022-04-13 06:00:00,2733.07276,2732.2425,2732.755405,-0.8302600000001803,-0.31735500000013417,-0.5738075000001572
2022-04-13 06:15:00,2733.070231,2732.24397,2732.756375,-0.8262610000001587,-0.3138560000002144,-0.5700585000001865
2022-04-13 06:30:00,2733.073346,2732.244575,2732.758608,-0.8287709999999606,-0.31473800000003394,-0.5717544999999973
2022-04-13 06:45:00,2733.069657,2732.244385,2732.755373,-0.8252720000000409,-0.3142840000000433,-0.5697780000000421
2022-04-13 07:00:00,2733.070434,2732.245163,2732.756435,-0.8252710000001571,-0.3139990000004218,-0.5696350000002894
2022-04-13 07:15:00,2733.07082,2732.24497,2732.755956,-0.8258499999997184,-0.3148639999999432,-0.5703569999998308
2022-04-13 07:30:00,2733.068681,2732.249288,2732.755566,-0.8193930000002183,-0.31311500000037995,-0.5662540000002991
2022-04-13 07:45:00,2733.068484,2732.244383,2732.752323,-0.8241009999997004,-0.3161609999997381,-0.5701309999997193
2022-04-13 08:00:00,2733.069841,2732.2482,2732.753815,-0.8216409999999996,-0.3160259999999653,-0.5688334999999825
2022-04-13 08:15:00,2733.065569,2732.244689,2732.74695,-0.8208799999997609,-0.31861899999967136,-0.5697494999997161
2022-04-13 08:30:00,2733.064596,2732.243714,2732.747996,-0.8208819999999832,-0.3166000000001077,-0.5687410000000455
2022-04-13 08:45:00,2733.066732,2732.246261,2732.74404,-0.8204709999999977,-0.3226919999997335,-0.5715814999998656
2022-04-13 09:00:00,2733.064592,2732.24637,2732.744947,-0.8182220000003326,-0.3196450000000368,-0.5689335000001847
2022-04-13 09:15:00,2733.06323,2732.249218,2732.742287,-0.8140120000002753,-0.3209430000001703,-0.5674775000002228
2022-04-13 09:45:00,2733.063426,2732.236235,2732.741577,-0.8271910000003118,-0.32184900000038397,-0.5745200000003479
2022-04-13 10:00:00,2733.060904,2732.230523,2732.740804,-0.8303809999997611,-0.32009999999991123,-0.5752404999998362
2022-04-13 10:15:00,2733.061097,2732.221805,2732.740997,-0.8392919999996593,-0.32009999999991123,-0.5796959999997853
2022-04-13 10:30:00,2733.058958,2732.226845,2732.742357,-0.8321129999999357,-0.3166009999999915,-0.5743569999999636
2022-04-13 10:45:00,2733.061683,2732.230634,2732.742164,-0.8310489999998936,-0.31951900000012756,-0.5752840000000106
2022-04-13 11:00:00,2733.061487,2732.221005,2732.737912,-0.8404820000000655,-0.3235749999998916,-0.5820284999999785
2022-04-13 11:15:00,2733.061097,2732.22927,2732.738818,-0.8318269999999757,-0.32227899999998044,-0.5770529999999781
2022-04-13 11:30:00,2733.065955,2732.22569,2732.740177,-0.8402649999998175,-0.3257779999999002,-0.5830214999998589
2022-04-13 11:45:00,2733.067318,2732.230354,2732.735901,-0.83696400000008,-0.33141699999987395,-0.584190499999977
2022-04-13 12:00:00,2733.067511,2732.231067,2732.73665,-0.8364440000000286,-0.3308610000003682,-0.5836525000001984
2022-04-13 12:15:00,2733.070037,2732.22685,2732.735677,-0.8431869999999435,-0.33435999999983324,-0.5887734999998884
2022-04-13 12:30:00,2733.067511,2732.219827,2732.734901,-0.8476840000002994,-0.3326100000003862,-0.5901470000003428
2022-04-13 12:45:00,2733.064789,2732.225373,2732.733475,-0.839415999999801,-0.3313140000000203,-0.5853649999999107
2022-04-13 13:00:00,2733.069068,2732.223883,2732.739503,-0.8451849999996739,-0.32956500000000233,-0.5873749999998381
2022-04-13 13:15:00,2733.070234,2732.216385,2732.743264,-0.8538489999996273,-0.3269699999996192,-0.5904094999996232
2022-04-13 13:30:00,2733.067125,2732.220713,2732.736265,-0.8464119999998729,-0.3308600000000297,-0.5886359999999513
2022-04-13 13:45:00,2733.067515,2732.217163,2732.73795,-0.8503520000003846,-0.32956500000000233,-0.5899585000001935
2022-04-13 14:00:00,2733.068874,2732.214969,2732.738858,-0.8539049999999406,-0.33001599999988684,-0.5919604999999137
2022-04-13 14:15:00,2733.067905,2732.206345,2732.736322,-0.8615599999998267,-0.3315829999996822,-0.5965714999997545
2022-04-13 14:30:00,2733.069654,2732.214276,2732.741387,-0.855377999999746,-0.32826699999986886,-0.5918224999998074
2022-04-13 14:45:00,2733.069457,2732.213686,2732.742217,-0.8557710000000043,-0.32724000000007436,-0.5915055000000393
2022-04-13 15:00:00,2733.073146,2732.219029,2732.745906,-0.8541170000003149,-0.32724000000007436,-0.5906785000001946
2022-04-13 15:15:00,2733.072563,2732.218455,2732.744027,-0.8541079999999965,-0.3285359999999855,-0.591321999999991
2022-04-13 15:30:00,2733.073729,2732.221095,2732.749803,-0.8526340000003074,-0.3239260000000286,-0.588280000000168
2022-04-13 16:00:00,2733.062263,2732.216044,2732.741709,-0.8462190000000192,-0.32055399999990186,-0.5833864999999605
2022-04-13 16:15:00,2733.064209,2732.218306,2732.740736,-0.8459029999999075,-0.32347299999992174,-0.5846879999999146
2022-04-13 16:30:00,2733.064403,2732.220435,2732.743395,-0.843967999999677,-0.3210079999998925,-0.5824879999997847
2022-04-13 16:45:00,2733.063819,2732.21985,2732.744561,-0.8439690000000155,-0.3192579999999907,-0.5816135000000031
2022-04-13 17:00:00,2733.066155,2732.221009,2732.73834,-0.8451460000001134,-0.32781500000010055,-0.586480500000107
2022-04-13 17:15:00,2733.068098,2732.226586,2732.743329,-0.8415119999999661,-0.32476900000028763,-0.5831405000001268
2022-04-13 17:30:00,2733.067125,2732.225612,2732.746984,-0.8415129999998499,-0.3201410000001488,-0.5808269999999993
2022-04-13 17:45:00,2733.064989,2732.223064,2732.744005,-0.8419250000001739,-0.3209839999999531,-0.5814545000000635
2022-04-13 18:00:00,2733.066738,2732.225493,2732.747504,-0.8412450000000717,-0.3192340000000513,-0.5802395000000615
2022-04-13 18:15:00,2733.067322,2732.229306,2732.744754,-0.8380159999996977,-0.3225680000000466,-0.5802919999998721
2022-04-13 18:30:00,2733.067322,2732.229038,2732.745598,-0.8382839999999305,-0.32172399999990375,-0.5800039999999171
2022-04-13 18:45:00,2733.066155,2732.228631,2732.744884,-0.8375240000000304,-0.3212709999997969,-0.5793974999999136
2022-04-13 19:00:00,2733.067515,2732.226763,2732.745233,-0.8407520000000659,-0.32228200000008655,-0.5815170000000762
2022-04-13 19:15:00,2733.066152,2732.228631,2732.742575,-0.8375209999999242,-0.32357699999965917,-0.5805489999997917
2022-04-13 19:30:00,2733.064986,2732.227465,2732.744455,-0.8375209999999242,-0.32053099999984624,-0.5790259999998852
2022-04-13 19:45:00,2733.067511,2732.229723,2732.748564,-0.8377880000002733,-0.3189470000002075,-0.5783675000002404
2022-04-13 20:00:00,2733.066732,2732.22541,2732.746917,-0.8413219999997636,-0.319814999999835,-0.5805684999997993
2022-04-13 20:30:00,2733.066349,2732.232729,2732.742771,-0.8336200000003373,-0.3235779999999977,-0.5785990000001675
2022-04-13 20:45:00,2733.067325,2732.228725,2732.743746,-0.8386000000000422,-0.3235789999998815,-0.5810894999999618
2022-04-13 21:00:00,2733.066159,2732.234019,2732.747646,-0.8321399999999812,-0.31851300000016636,-0.5753265000000738
2022-04-13 21:15:00,2733.066935,2732.228826,2732.747969,-0.8381089999998039,-0.31896599999981845,-0.5785374999998112
2022-04-13 21:30:00,2733.068295,2732.230185,2732.750068,-0.8381100000001425,-0.3182270000002063,-0.5781685000001744
2022-04-13 21:45:00,2733.069851,2732.233222,2732.747282,-0.8366290000003573,-0.32256900000038513,-0.5795990000003712
2022-04-13 22:00:00,2733.069654,2732.234195,2732.746633,-0.8354589999999007,-0.3230209999996987,-0.5792399999997997
2022-04-13 22:15:00,2733.070231,2732.236841,2732.746502,-0.8333900000002359,-0.3237290000001849,-0.5785595000002104
2022-04-13 22:30:00,2733.068674,2732.232055,2732.751038,-0.8366190000001552,-0.3176360000002205,-0.5771275000001879
2022-04-13 22:45:00,2733.066735,2732.229797,2732.747211,-0.8369379999999182,-0.31952400000000125,-0.5782309999999597
2022-04-13 23:15:00,2733.068285,2732.231665,2732.746861,-0.836620000000039,-0.3214239999997517,-0.5790219999998953
2022-04-13 23:30:00,2733.067905,2732.235676,2732.742003,-0.8322290000000976,-0.3259020000000419,-0.5790655000000697
2022-04-13 23:45:00,2733.067515,2732.233805,2732.741613,-0.8337100000003375,-0.3259020000000419,-0.5798060000001897
2022-04-27 00:00:00,2733.059158,2732.221088,2732.697642,-0.8380700000002435,-0.3615159999999378,-0.5997930000000906
2022-04-27 00:15:00,2733.055659,2732.217179,2732.696919,-0.8384799999998904,-0.3587400000001253,-0.5986100000000079
2022-04-27 00:30:00,2733.056045,2732.217567,2732.697306,-0.8384779999996681,-0.35873899999978676,-0.5986084999997274
2022-04-27 00:45:00,2733.059151,2732.215693,2732.697635,-0.8434579999998277,-0.3615159999999378,-0.6024869999998828
2022-04-27 01:30:00,2733.057208,2732.220399,2732.701063,-0.8368090000003576,-0.3561450000001969,-0.5964770000002773
2022-04-27 01:45:00,2733.057988,2732.217271,2732.695749,-0.8407170000000406,-0.36223900000004505,-0.6014780000000428
2022-04-27 02:00:00,2733.055072,2732.217853,2732.69763,-0.8372190000000046,-0.3574419999999918,-0.5973304999999982
2022-04-27 02:30:00,2733.056822,2732.221084,2732.696045,-0.8357380000002195,-0.3607769999998709,-0.5982575000000452
2022-04-27 02:45:00,2733.058378,2732.219409,2732.697149,-0.8389690000003611,-0.36122900000009395,-0.6000990000002275
2022-04-27 03:00:00,2733.057018,2732.21541,2732.698836,-0.8416080000001784,-0.3581819999999425,-0.5998950000000605
2022-04-27 03:15:00,2733.058961,2732.218834,2732.697732,-0.8401270000003933,-0.36122900000009395,-0.6006780000002436
2022-04-27 03:30:00,2733.057405,2732.216966,2732.699097,-0.8404390000000603,-0.35830799999985175,-0.599373499999956
2022-04-27 03:45:00,2733.057991,2732.213154,2732.696764,-0.8448370000000978,-0.36122700000032637,-0.6030320000002121
2022-04-27 04:30:00,2733.059148,2732.222661,2732.69909,-0.8364870000000337,-0.3600579999997535,-0.5982724999998936
2022-04-27 04:45:00,2733.059344,2732.221867,2732.702332,-0.8374769999995806,-0.3570119999999406,-0.5972444999997606
2022-04-27 05:00:00,2733.060124,2732.223637,2732.700065,-0.8364870000000337,-0.36005900000009206,-0.5982730000000629
2022-04-27 05:15:00,2733.059927,2732.222452,2732.701167,-0.837474999999813,-0.35875999999962005,-0.5981174999997165
2022-04-27 05:30:00,2733.058375,2732.222647,2732.69527,-0.8357280000000173,-0.363104999999905,-0.5994164999999612
2022-04-27 06:30:00,2733.059731,2732.222646,2732.697924,-0.8370849999996608,-0.3618069999997715,-0.5994459999997162
2022-04-27 06:45:00,2733.060897,2732.226283,2732.702137,-0.8346139999998741,-0.35875999999962005,-0.5966869999997471
2022-04-27 07:00:00,2733.060897,2732.224803,2732.7001,-0.8360939999997754,-0.3607969999998204,-0.5984454999997979
2022-04-27 07:15:00,2733.061097,2732.223833,2732.69987,-0.8372639999997773,-0.3612269999998716,-0.5992454999998245
2022-04-27 07:30:00,2733.059158,2732.221172,2732.700977,-0.8379860000000008,-0.3581810000000587,-0.5980835000000297
2022-04-27 08:00:00,2733.058768,2732.222263,2732.69929,-0.8365049999997609,-0.35947799999985364,-0.5979914999998073
2022-04-27 08:15:00,2733.058378,2732.220124,2732.700197,-0.8382540000002336,-0.3581810000000587,-0.5982175000001462
2022-04-27 08:30:00,2733.056239,2732.217674,2732.702274,-0.8385650000000169,-0.35396499999978914,-0.596264999999903
2022-04-27 08:45:00,2733.056822,2732.218256,2732.699811,-0.8385659999999007,-0.3570110000000568,-0.5977884999999787
2022-04-27 09:00:00,2733.057405,2732.218839,2732.700394,-0.8385659999999007,-0.3570110000000568,-0.5977884999999787
2022-04-27 09:30:00,2733.056239,2732.217183,2732.698488,-0.8390559999998004,-0.3577510000000075,-0.5984034999999039
2022-04-27 09:45:00,2733.055072,2732.216776,2732.699071,-0.8382959999999002,-0.3560010000001057,-0.597148500000003
2022-04-27 10:15:00,2733.057988,2732.218269,2732.700238,-0.8397190000000592,-0.3577500000001237,-0.5987345000000914
2022-04-27 11:00:00,2733.057405,2732.212298,2732.694858,-0.8451070000000982,-0.3625470000001769,-0.6038270000001376
2022-04-27 11:15:00,2733.055072,2732.211403,2732.697322,-0.8436690000003182,-0.3577500000001237,-0.6007095000002209
2022-04-27 11:30:00,2733.055459,2732.210621,2732.697708,-0.8448379999999815,-0.3577510000000075,-0.6012944999999945
2022-04-27 11:45:00,2733.057981,2732.209913,2732.701528,-0.8480679999997847,-0.356452999999874,-0.6022604999998293
2022-04-27 12:00:00,2733.056039,2732.210791,2732.699585,-0.8452480000000833,-0.35645400000021255,-0.6008510000001479
2022-04-27 12:15:00,2733.056235,2732.213457,2732.698485,-0.8427780000001803,-0.3577500000001237,-0.600264000000152
2022-04-27 12:30:00,2733.057208,2732.212951,2732.694845,-0.8442570000001979,-0.36236300000018673,-0.6033100000001923
2022-04-27 12:45:00,2733.057412,2732.210813,2732.697053,-0.8465989999999692,-0.3603590000002441,-0.6034790000001067
2022-04-27 13:00:00,2733.056049,2732.213271,2732.696268,-0.8427779999997256,-0.35978099999965707,-0.6012794999996913
2022-04-27 13:15:00,2733.057405,2732.214627,2732.693282,-0.8427780000001803,-0.3641229999998359,-0.6034505000000081
2022-04-27 13:30:00,2733.056629,2732.207969,2732.69611,-0.848660000000109,-0.3605190000002949,-0.604589500000202
2022-04-27 13:45:00,2733.057215,2732.211786,2732.698445,-0.8454289999999673,-0.3587699999998222,-0.6020994999998948
2022-04-27 14:00:00,2733.058578,2732.213151,2732.696761,-0.8454270000001998,-0.36181699999997363,-0.6036220000000867
2022-04-27 14:15:00,2733.058575,2732.212836,2732.696632,-0.8457389999998668,-0.3619429999998829,-0.6038409999998748
2022-04-27 14:30:00,2733.056825,2732.214316,2732.694881,-0.8425090000000637,-0.3619440000002214,-0.6022265000001426
2022-04-27 14:45:00,2733.055659,2732.21239,2732.695012,-0.8432689999999639,-0.36064699999997174,-0.6019579999999678
2022-04-27 15:00:00,2733.055462,2732.213943,2732.693249,-0.8415189999996073,-0.3622129999998833,-0.6018659999997453
2022-04-27 15:15:00,2733.053903,2732.213634,2732.694735,-0.8402689999998074,-0.3591679999999542,-0.5997184999998808
2022-04-27 15:30:00,2733.054293,2732.217254,2732.695125,-0.8370390000000043,-0.3591679999999542,-0.5981034999999792
2022-04-27 15:45:00,2733.057405,2732.216867,2732.697784,-0.8405379999999241,-0.35962100000006103,-0.6000794999999925
2022-04-27 16:00:00,2733.053903,2732.213054,2732.690821,-0.840849000000162,-0.36308199999984936,-0.6019655000000057
2022-04-27 16:15:00,2733.055652,2732.210815,2732.693868,-0.8448370000000978,-0.36178400000017064,-0.6033105000001342
2022-04-27 16:45:00,2733.050987,2732.211129,2732.690951,-0.8398580000002767,-0.36003600000003644,-0.5999470000001565
2022-04-27 17:00:00,2733.052153,2732.210135,2732.689072,-0.8420180000002802,-0.36308099999996557,-0.6025495000001229
2022-04-27 17:15:00,2733.054486,2732.210719,2732.693996,-0.8437669999998434,-0.36049000000002707,-0.6021284999999352
2022-04-27 17:30:00,2733.05332,2732.213052,2732.694581,-0.8402679999999236,-0.35873899999978676,-0.5995034999998552
2022-04-27 17:45:00,2733.05332,2732.213772,2732.695877,-0.8395479999999225,-0.3574429999998756,-0.598495499999899
2022-04-27 18:00:00,2733.055652,2732.212296,2732.693867,-0.8433559999998579,-0.3617850000000544,-0.6025704999999562
2022-04-27 18:30:00,2733.05157,2732.216423,2732.68719,-0.8351470000002337,-0.36437999999998283,-0.5997635000001083
2022-04-27 18:45:00,2733.050404,2732.211619,2732.692117,-0.8387849999999162,-0.35828700000001845,-0.5985359999999673
2022-04-27 19:00:00,2733.05332,2732.211304,2732.69458,-0.8420160000000578,-0.3587400000001253,-0.6003780000000916
2022-04-27 19:15:00,2733.052347,2732.212572,2732.695356,-0.8397749999999178,-0.35699099999965256,-0.5983829999997852
2022-04-27 19:30:00,2733.055069,2732.214535,2732.69341,-0.8405339999999342,-0.36165900000014517,-0.6010965000000397
2022-04-27 19:45:00,2733.052737,2732.213952,2732.693568,-0.8387849999999162,-0.359168999999838,-0.5989769999998771
2022-04-27 20:00:00,2733.054099,2732.215725,2732.693181,-0.8383739999999307,-0.36091799999985597,-0.5996459999998933
2022-04-27 20:15:00,2733.055076,2732.210332,2732.69286,-0.8447439999999915,-0.36221599999998944,-0.6034799999999905
2022-04-27 20:30:00,2733.053326,2732.211812,2732.688518,-0.8415140000001884,-0.3648080000002665,-0.6031610000002274
2022-04-27 20:45:00,2733.053909,2732.213565,2732.689369,-0.8403440000001865,-0.3645400000000336,-0.6024420000001101
2022-04-27 21:00:00,2733.05352,2732.216406,2732.695073,-0.8371139999999286,-0.35844700000006924,-0.5977804999999989
2022-04-27 21:15:00,2733.055656,2732.215313,2732.690394,-0.840342999999848,-0.36526199999980236,-0.6028024999998252
2022-04-27 21:30:00,2733.053323,2732.21621,2732.691829,-0.8371130000000448,-0.3614940000002207,-0.5993035000001328
2022-04-27 22:00:00,2733.05274,2732.217108,2732.688201,-0.8356320000002597,-0.3645390000001498,-0.6000855000002048
2022-04-27 22:15:00,2733.051574,2732.219832,2732.688784,-0.8317419999998492,-0.36279000000013184,-0.5972659999999905
2022-04-27 22:30:00,2733.053323,2732.219441,2732.690532,-0.8338819999999032,-0.36279100000001563,-0.5983364999999594
2022-04-27 22:45:00,2733.053906,2732.215706,2732.689098,-0.8382000000001426,-0.3648080000002665,-0.6015040000002045
2022-04-27 23:00:00,2733.05274,2732.213879,2732.689228,-0.838861000000179,-0.3635119999999006,-0.6011865000000398
2022-04-27 23:15:00,2733.056242,2732.216212,2732.693127,-0.8400300000002972,-0.3631150000001071,-0.6015725000002021
2022-04-27 23:30:00,2733.054683,2732.216812,2732.691441,-0.8378709999997227,-0.36324199999990014,-0.6005564999998114
2022-04-27 23:45:00,2733.053713,,2732.688457,,-0.36525599999959013,-0.36525599999959013
2022-04-28 00:00:00,2733.056632,2732.219833,2732.690924,-0.8367989999997008,-0.3657079999998132,-0.601253499999757
2022-04-28 00:15:00,2733.058578,2732.21954,2732.694167,-0.8390380000000732,-0.36441100000001825,-0.6017245000000457
2022-04-28 00:30:00,2733.057605,2732.219327,2732.694942,-0.838278000000173,-0.36266299999988405,-0.6004705000000286
2022-04-28 00:45:00,2733.055659,2732.217381,2732.694747,-0.838278000000173,-0.3609120000000985,-0.5995950000001358
2022-04-28 01:00:00,2733.056049,2732.22248,2732.694683,-0.8335689999998976,-0.36136599999963437,-0.597467499999766
2022-04-28 01:15:00,2733.057412,2732.225985,2732.697797,-0.8314270000000761,-0.35961500000030355,-0.5955210000001898
2022-04-28 01:45:00,2733.056435,2732.22219,2732.691897,-0.8342450000000099,-0.3645379999998113,-0.5993914999999106
2022-04-28 02:00:00,2733.05313,2732.220242,2732.690342,-0.8328879999999117,-0.3627879999999095,-0.5978379999999106
2022-04-28 02:15:00,2733.053326,2732.222491,2732.690537,-0.8308350000002065,-0.36278900000024805,-0.5968120000002273
2022-04-28 02:30:00,2733.057408,2732.223074,2732.690852,-0.8343340000001263,-0.3665559999999459,-0.6004450000000361
2022-04-28 02:45:00,2733.057795,2732.219249,2732.693831,-0.8385459999999512,-0.36396400000012363,-0.6012550000000374
2022-04-28 03:00:00,2733.056818,2732.217774,2732.689809,-0.8390439999998307,-0.36700900000005277,-0.6030264999999417
2022-04-28 03:15:00,2733.054876,2732.22122,2732.692663,-0.8336560000002464,-0.36221300000033807,-0.5979345000002922
2022-04-28 03:30:00,2733.056822,2732.224916,2732.694322,-0.8319059999998899,-0.3625000000001819,-0.5972030000000359
2022-04-28 03:45:00,2733.057988,2732.225323,2732.696784,-0.8326649999999063,-0.361203999999816,-0.5969344999998611
2022-04-28 04:00:00,2733.056239,2732.223165,2732.691989,-0.8330740000001242,-0.3642500000000837,-0.5986620000001039
2022-04-28 04:15:00,2733.05332,2732.222895,2732.693286,-0.8304250000001048,-0.3600339999998141,-0.5952294999999594
2022-04-28 04:30:00,2733.055459,2732.225033,2732.692379,-0.8304259999999886,-0.3630800000000818,-0.5967530000000352
2022-04-28 04:45:00,2733.057018,2732.223944,2732.697113,-0.8330740000001242,-0.35990499999979875,-0.5964894999999615
2022-04-28 05:00:00,2733.056629,2732.226783,2732.695427,-0.8298460000000887,-0.36120200000004843,-0.5955240000000686
2022-04-28 05:15:00,2733.057408,2732.227563,2732.698242,-0.8298450000002049,-0.3591660000001866,-0.5945055000001958
2022-04-28 05:30:00,2733.057018,2732.224703,2732.696557,-0.8323150000001078,-0.3604609999997592,-0.5963879999999335
2022-04-28 05:45:00,2733.057988,2732.228143,2732.695777,-0.8298450000002049,-0.36221100000011575,-0.5960280000001603
2022-04-28 06:15:00,2733.056822,2732.225988,2732.69636,-0.830833999999868,-0.36046200000009776,-0.5956479999999829
2022-04-28 06:45:00,2733.05332,2732.224644,2732.694607,-0.8286760000000868,-0.3587130000000798,-0.5936945000000833
2022-04-28 07:15:00,2733.054486,2732.22581,2732.694025,-0.8286760000000868,-0.36046100000021397,-0.5945685000001504
2022-04-28 07:30:00,2733.055069,2732.221413,2732.691562,-0.8336559999997917,-0.3635070000000269,-0.5985814999999093
2022-04-28 07:45:00,2733.052933,2732.222776,2732.690723,-0.8301569999998719,-0.3622099999997772,-0.5961834999998246
2022-04-28 08:00:00,2733.053909,2732.223484,2732.693449,-0.8304250000001048,-0.3604600000003302,-0.5954425000002175
2022-04-28 08:30:00,2733.05216,2732.225234,2732.691699,-0.826926000000185,-0.36046100000021397,-0.5936935000001995
2022-04-28 08:45:00,2733.051577,2732.22142,2732.691569,-0.8301570000003267,-0.36000800000010713,-0.5950825000002169
2022-04-28 09:00:00,2733.055659,2732.223483,2732.690402,-0.8321759999998903,-0.36525699999992867,-0.5987164999999095
2022-04-28 09:30:00,2733.055076,2732.220439,2732.689819,-0.8346369999999297,-0.36525699999992867,-0.5999469999999292
2022-04-28 10:15:00,2733.056242,2732.220835,2732.69358,-0.835407000000032,-0.36266200000000026,-0.5990345000000161
2022-04-28 10:30:00,2733.05216,2732.221733,2732.686903,-0.8304270000003271,-0.3652570000003834,-0.5978420000003553
2022-04-28 10:45:00,2733.053326,2732.216029,2732.688071,-0.837297000000035,-0.3652550000001611,-0.6012760000000981
2022-04-28 11:00:00,2733.056825,2732.221008,2732.694163,-0.8358170000001337,-0.36266200000000026,-0.599239500000067
2022-04-28 11:15:00,2733.05216,2732.218092,2732.68995,-0.8340680000001157,-0.36221000000023196,-0.5981390000001738
2022-04-28 11:30:00,2733.054493,2732.216925,2732.689237,-0.8375679999999193,-0.3652560000000449,-0.6014119999999821
2022-04-28 11:45:00,2733.05216,2732.219572,2732.688654,-0.8325880000002144,-0.3635060000001431,-0.5980470000001787
2022-04-28 12:00:00,2733.050797,2732.217719,2732.687004,-0.8330779999996594,-0.36379299999998693,-0.5984354999998232
2022-04-28 12:15:00,2733.053903,2732.219565,2732.687908,-0.8343380000001162,-0.36599500000011176,-0.600166500000114
2022-04-28 12:30:00,2733.053903,2732.219075,2732.686611,-0.8348280000000159,-0.3672919999999067,-0.6010599999999613
2022-04-28 12:45:00,2733.053123,2732.219465,2732.688298,-0.833658000000014,-0.36482500000010987,-0.5992415000000619
2022-04-28 13:00:00,2733.05332,2732.216431,2732.689503,-0.8368890000001556,-0.36381699999992634,-0.600353000000041
2022-04-28 13:15:00,2733.052153,2732.214773,2732.688338,-0.8373799999999392,-0.36381500000015876,-0.600597500000049
2022-04-28 13:30:00,2733.052543,2732.216234,2732.688728,-0.836308999999801,-0.363814999999704,-0.6000619999997525
2022-04-28 13:45:00,2733.052157,2732.214366,2732.689367,-0.8377909999999247,-0.36279000000013184,-0.6002905000000283
2022-04-28 14:00:00,2733.05099,2732.21379,2732.689513,-0.8372000000003936,-0.3614770000003773,-0.5993385000003855
2022-04-28 14:15:00,2733.05099,2732.21204,2732.687765,-0.8389500000002954,-0.36322500000005675,-0.6010875000001761
2022-04-28 14:30:00,2733.050801,2732.21301,2732.685688,-0.8377909999999247,-0.3651129999998375,-0.6014519999998811
2022-04-28 14:45:00,2733.05313,2732.21242,2732.684971,-0.8407099999999446,-0.3681589999996504,-0.6044344999997975
2022-04-28 15:00:00,2733.054493,2732.212033,2732.685593,-0.8424600000003011,-0.3688999999999396,-0.6056800000001203
2022-04-28 15:15:00,2733.052743,2732.215264,2732.68689,-0.8374790000002577,-0.3658530000002429,-0.6016660000002503
2022-04-28 15:30:00,2733.049828,2732.209386,2732.681381,-0.8404420000001664,-0.3684470000002875,-0.604444500000227
2022-04-28 15:45:00,2733.048468,2732.207616,2732.681771,-0.8408519999998134,-0.366696999999931,-0.6037744999998722
2022-04-28 16:00:00,2733.054496,2732.210147,2732.686606,-0.8443490000004203,-0.3678899999999885,-0.6061195000002044
2022-04-28 16:15:00,2733.052163,2732.210552,2732.684274,-0.8416109999998298,-0.36788899999964997,-0.6047499999997399
2022-04-28 16:30:00,2733.051384,2732.206543,2732.682197,-0.8448410000000877,-0.36918699999978344,-0.6070139999999355
2022-04-28 16:45:00,2733.052153,2732.209962,2732.685432,-0.8421910000001844,-0.3667209999998704,-0.6044560000000274
2022-04-28 17:00:00,2733.05157,2732.21436,2732.684579,-0.837210000000141,-0.36699099999987084,-0.6021005000000059
2022-04-28 17:30:00,2733.052543,2732.209855,2732.686849,-0.8426879999997254,-0.36569399999962116,-0.6041909999996733
2022-04-28 17:45:00,2733.05099,2732.211801,2732.683999,-0.8391890000002604,-0.3669910000003256,-0.603090000000293
2022-04-28 18:00:00,2733.052157,2732.209468,2732.680823,-0.842689000000064,-0.37133399999993344,-0.6070114999999987
2022-04-28 18:15:00,2733.052157,2732.207719,2732.679073,-0.844438000000082,-0.37308400000028996,-0.608761000000186
2022-04-28 18:45:00,2733.049631,2732.210771,2732.681344,-0.8388599999998405,-0.368286999999782,-0.6035734999998112
2022-04-28 19:00:00,2733.050411,2732.209801,2732.683419,-0.840610000000197,-0.3669920000002094,-0.6038010000002032
2022-04-28 19:15:00,2733.050021,2732.206843,2732.684327,-0.8431780000000799,-0.3656940000000759,-0.6044360000000779
2022-04-28 19:45:00,2733.050021,2732.209413,2732.68303,-0.8406079999999747,-0.36699099999987084,-0.6037994999999228
2022-04-28 20:00:00,2733.05099,2732.210383,2732.68225,-0.8406070000000909,-0.36874000000034357,-0.6046735000002172
2022-04-28 20:15:00,2733.05138,2732.210773,2732.684389,-0.8406070000000909,-0.36699099999987084,-0.6037989999999809
2022-04-28 20:30:00,2733.05352,2732.212643,2732.684779,-0.8408770000000914,-0.3687409999997726,-0.604808999999932
2022-04-28 20:45:00,2733.052157,2732.2098,2732.685166,-0.8423569999999927,-0.36699099999987084,-0.6046739999999318
2022-04-28 21:15:00,2733.052936,2732.214962,2732.682899,-0.8379740000000311,-0.3700370000001385,-0.6040055000000848
2022-04-28 21:30:00,2733.051574,2732.214589,2732.681537,-0.8369849999999133,-0.3700370000001385,-0.6035110000000259
2022-04-28 21:45:00,2733.051767,2732.217023,2732.682452,-0.8347439999997732,-0.369314999999915,-0.6020294999998441
2022-04-28 22:00:00,2733.047488,2732.212353,2732.678626,-0.835135000000264,-0.3688620000002629,-0.6019985000002634
2022-04-28 22:15:00,2733.050404,2732.213912,2732.679339,-0.8364919999999074,-0.37106500000027154,-0.6037785000000895
2022-04-28 22:30:00,2733.050987,2732.216654,2732.682968,-0.8343330000002425,-0.36801900000000387,-0.6011760000001232
2022-04-28 22:45:00,2733.052153,2732.217143,2732.681089,-0.8350100000002385,-0.371063999999933,-0.6030370000000858
2022-04-28 23:00:00,2733.05332,2732.218308,2732.679209,-0.8350120000000061,-0.37411100000008446,-0.6045615000000453
2022-04-28 23:15:00,2733.05196,2732.215469,2732.682193,-0.8364909999995689,-0.3697669999996833,-0.6031289999996261
2022-04-28 23:30:00,2733.053323,2732.214591,2732.678491,-0.8387320000001637,-0.3748319999999694,-0.6067820000000665
2022-04-28 23:45:00,2733.053906,2732.215176,2732.68212,-0.8387299999999414,-0.3717860000001565,-0.6052580000000489
2022-04-29 00:00:00,2733.051574,2732.214593,2732.681084,-0.8369809999999234,-0.37049000000024535,-0.6037355000000844
2022-04-29 00:15:00,2733.05274,2732.215758,2732.680954,-0.8369820000002619,-0.3717860000001565,-0.6043840000002092
2022-04-29 00:30:00,2733.053906,2732.216656,2732.683417,-0.83725000000004,-0.3704889999999068,-0.6038694999999734
2022-04-29 01:00:00,2733.051767,2732.215956,2732.684776,-0.8358109999999215,-0.36699099999987084,-0.6014009999998962
2022-04-29 01:15:00,2733.052543,2732.216054,2732.679461,-0.8364889999998013,-0.3730819999996129,-0.6047854999997071
2022-04-29 01:30:00,2733.054489,2732.214109,2732.679657,-0.8403800000000956,-0.3748319999999694,-0.6076060000000325
2022-04-29 01:45:00,2733.052157,2732.216757,2732.677777,-0.835399999999936,-0.3743800000002011,-0.6048900000000685
2022-04-29 02:00:00,2733.053323,2732.212943,2732.677751,-0.8403800000000956,-0.3755719999999201,-0.6079760000000078
2022-04-29 02:15:00,2733.053323,2732.216343,2732.678945,-0.8369800000000396,-0.3743779999999788,-0.6056790000000092
2022-04-29 02:30:00,2733.054879,2732.217631,2732.683094,-0.8372479999998177,-0.37178499999981796,-0.6045164999998178
2022-04-29 02:45:00,2733.053909,2732.21693,2732.683874,-0.8369790000001558,-0.37003500000037093,-0.6035070000002634
2022-04-29 03:00:00,2733.054493,2732.218994,2732.68316,-0.8354990000002545,-0.37133300000004965,-0.603416000000152
2022-04-29 03:15:00,2733.056045,2732.222027,2732.685559,-0.8340180000000146,-0.3704859999998007,-0.6022519999999076
2022-04-29 03:30:00,2733.055459,2732.221441,2732.681637,-0.8340180000000146,-0.3738220000000183,-0.6039200000000164
2022-04-29 03:45:00,2733.051963,2732.217455,2732.681189,-0.8345079999999143,-0.37077399999998306,-0.6026409999999487
2022-04-29 04:00:00,2733.053326,2732.221058,2732.685042,-0.8322680000001128,-0.3682840000001306,-0.6002760000001217
2022-04-29 04:15:00,2733.052936,2732.220668,2732.682902,-0.8322680000001128,-0.3700340000000324,-0.6011510000000726
2022-04-29 04:30:00,2733.05274,2732.218722,2732.682707,-0.8340180000000146,-0.3700330000001486,-0.6020255000000816
2022-04-29 04:45:00,2733.05138,2732.220593,2732.68005,-0.8307869999998729,-0.37132999999994354,-0.6010584999999082
2022-04-29 05:00:00,2733.051577,2732.220298,2732.680247,-0.831278999999995,-0.3713300000003983,-0.6013045000001966
2022-04-29 05:15:00,2733.053909,2732.222631,2732.685172,-0.8312780000001112,-0.36873700000023746,-0.6000075000001743
2022-04-29 05:30:00,2733.055659,2732.220491,2732.683875,-0.835168000000067,-0.37178399999993417,-0.6034760000000006
2022-04-29 06:00:00,2733.05216,2732.218741,2732.682127,-0.833419000000049,-0.3700330000001486,-0.6017260000000988
2022-04-29 06:15:00,2733.053909,2732.221972,2732.68083,-0.8319370000003801,-0.37307900000041627,-0.6025080000003982
2022-04-29 06:45:00,2733.056825,2732.222538,2732.687636,-0.8342870000001312,-0.36918900000000576,-0.6017380000000685
2022-04-29 07:00:00,2733.057408,2732.224871,2732.687645,-0.8325370000002295,-0.36976300000014817,-0.6011500000001888
2022-04-29 07:15:00,2733.055659,2732.226352,2732.685897,-0.8293069999999716,-0.3697620000002644,-0.599534500000118
2022-04-29 07:30:00,2733.055269,2732.225962,2732.682191,-0.8293069999999716,-0.37307800000007774,-0.6011925000000247
2022-04-29 07:45:00,2733.054489,2732.221951,2732.678365,-0.8325380000001132,-0.37612399999989066,-0.604331000000002
2022-04-29 08:00:00,2733.054683,2732.225784,2732.681874,-0.8288989999996375,-0.3728089999999611,-0.6008539999997993
2022-04-29 08:15:00,2733.05157,2732.224421,2732.677465,-0.8271490000001904,-0.37410499999987223,-0.6006270000000313
2022-04-29 08:30:00,2733.049238,2732.222358,2732.679927,-0.8268800000000738,-0.3693109999999251,-0.5980954999999994
2022-04-29 08:45:00,2733.053323,2732.224014,2732.682391,-0.8293090000001939,-0.37093200000026627,-0.6001205000002301
2022-04-29 09:00:00,2733.055656,2732.226079,2732.683428,-0.829576999999972,-0.3722280000001774,-0.6009025000000747
2022-04-29 09:15:00,2733.051184,2732.224524,2732.678828,-0.8266599999997197,-0.37235599999985425,-0.599507999999787
2022-04-29 09:30:00,2733.050411,2732.220522,2732.677332,-0.8298890000000938,-0.3730789999999615,-0.6014840000000277
2022-04-29 09:45:00,2733.050997,2732.223168,2732.678499,-0.8278289999998378,-0.3724979999997231,-0.6001634999997805
2022-04-29 10:00:00,2733.052163,2732.221105,2732.681231,-0.8310579999997572,-0.3709319999998115,-0.6009949999997843
2022-04-29 10:15:00,2733.050411,2732.22052,2732.681102,-0.8298910000003161,-0.36930900000015754,-0.5996000000002368
2022-04-29 10:30:00,2733.055079,2732.22227,2732.684149,-0.8328089999999975,-0.37093000000004395,-0.6018695000000207
2022-04-29 10:45:00,2733.05333,2732.2211,2732.679352,-0.8322299999999814,-0.3739780000000792,-0.6031040000000303
2022-04-29 11:00:00,2733.050997,2732.217287,2732.678769,-0.8337099999998827,-0.37222799999972267,-0.6029689999998027
2022-04-29 11:15:00,2733.049828,2732.213067,2732.677473,-0.8367610000000241,-0.37235499999997046,-0.6045579999999973
2022-04-29 11:30:00,2733.050411,2732.218549,2732.678056,-0.831862000000001,-0.37235499999997046,-0.6021084999999857
2022-04-29 12:00:00,2733.050411,2732.22003,2732.676307,-0.8303810000002159,-0.37410399999998845,-0.6022425000001022
2022-04-29 12:15:00,2733.054299,2732.21884,2732.680322,-0.8354589999999007,-0.37397699999974066,-0.6047179999998207
2022-04-29 12:30:00,2733.052153,2732.219613,2732.679077,-0.8325399999998808,-0.37307600000031016,-0.6028080000000955
2022-04-29 12:45:00,2733.05332,2732.217547,2732.679791,-0.83577299999979,-0.37352899999996225,-0.6046509999998761
2022-04-29 13:00:00,2733.054486,2732.216965,2732.680957,-0.8375209999999242,-0.37352899999996225,-0.6055249999999432
2022-04-29 13:30:00,2733.05332,2732.215799,2732.681809,-0.8375209999999242,-0.3715109999998276,-0.6045159999998759
2022-04-29 13:45:00,2733.053903,2732.21239,2732.680374,-0.8415129999998499,-0.37352899999996225,-0.607520999999906
2022-04-29 14:00:00,2733.052737,2732.217685,2732.682976,-0.8350519999999051,-0.36976099999992584,-0.6024064999999155
2022-04-29 14:30:00,2733.049238,2732.215543,2732.682522,-0.8336950000002616,-0.3667159999999967,-0.6002055000001292
2022-04-29 14:45:00,2733.049821,2732.215135,2732.67804,-0.834686000000147,-0.3717810000002828,-0.6032335000002149
2022-04-29 15:00:00,2733.049238,2732.212804,2732.676161,-0.8364340000002812,-0.37307700000019395,-0.6047555000002376
2022-04-29 15:15:00,2733.050404,2732.21397,2732.676299,-0.8364340000002812,-0.37410499999987223,-0.6052695000000767
2022-04-29 15:30:00,2733.05352,2732.214827,2732.676496,-0.8386930000001485,-0.3770239999998921,-0.6078585000000203
2022-04-29 15:45:00,2733.049631,2732.215607,2732.674229,-0.8340239999997721,-0.37540199999966717,-0.6047129999997196
2022-04-29 16:00:00,2733.05235,2732.214167,2732.677793,-0.8381829999998445,-0.3745570000000953,-0.6063699999999699
2022-04-29 16:15:00,2733.049828,2732.210825,2732.673973,-0.8390030000000479,-0.37585500000022876,-0.6074290000001383
2022-04-29 16:30:00,2733.052163,2732.21316,2732.678185,-0.8390030000000479,-0.37397799999962444,-0.6064904999998362
2022-04-29 16:45:00,2733.051967,2732.213274,2732.676693,-0.8386929999996937,-0.37527399999999034,-0.606983499999842
2022-04-29 17:00:00,2733.05177,2732.213078,2732.680839,-0.8386919999998099,-0.37093099999992774,-0.6048114999998688
2022-04-29 17:15:00,2733.050414,2732.213471,2732.676888,-0.8369429999997919,-0.37352599999985614,-0.605234499999824
2022-04-29 17:30:00,2733.050997,2732.212305,2732.675723,-0.8386919999998099,-0.37527399999999034,-0.6069829999999001
2022-04-29 17:45:00,2733.050997,2732.213786,2732.678767,-0.8372110000000248,-0.372229999999945,-0.6047204999999849
2022-04-29 18:00:00,2733.05119,2732.210437,2732.675915,-0.8407529999999497,-0.3752750000003289,-0.6080140000001393
2022-04-29 18:15:00,2733.048661,2732.212888,2732.67209,-0.83577299999979,-0.37657099999978527,-0.6061719999997877
2022-04-29 19:00:00,2733.049828,2732.211324,2732.671958,-0.8385040000002846,-0.3778700000002573,-0.6081870000002709
2022-04-29 19:15:00,2733.050994,2732.210741,2732.672672,-0.8402530000003026,-0.3783220000000256,-0.6092875000001641
2022-04-29 19:30:00,2733.051187,2732.211614,2732.673605,-0.8395730000002004,-0.3775820000000749,-0.6085775000001377
2022-04-29 19:45:00,2733.05138,2732.210058,2732.672049,-0.8413219999997636,-0.3793310000000929,-0.6103264999999283
2022-04-29 20:15:00,2733.050407,2732.208675,2732.672373,-0.8417320000003201,-0.37803400000029797,-0.609883000000309
2022-04-29 20:30:00,2733.048855,2732.212513,2732.671272,-0.8363420000000588,-0.3775829999999587,-0.6069625000000087
2022-04-29 20:45:00,2733.050801,2732.214458,2732.672359,-0.8363429999999425,-0.3784419999997226,-0.6073924999998326
2022-04-29 21:00:00,2733.052157,2732.215816,2732.673716,-0.836341000000175,-0.37844100000029357,-0.6073910000002343
2022-04-29 21:15:00,2733.05293,2732.216909,2732.671022,-0.8360209999996187,-0.3819079999998394,-0.608964499999729
2022-04-29 21:30:00,2733.05099,2732.220441,2732.667787,-0.8305490000002465,-0.3832030000003215,-0.606876000000284
2022-04-29 21:45:00,2733.050407,2732.216897,2732.673296,-0.8335100000003877,-0.3771110000002409,-0.6053105000003143
2022-04-29 22:00:00,2733.050407,2732.213398,2732.674593,-0.8370090000003074,-0.3758139999999912,-0.6064115000001493
2022-04-29 22:15:00,2733.05274,2732.216123,2732.672852,-0.8366169999999329,-0.37988799999993716,-0.608252499999935
2022-04-29 22:30:00,2733.050601,2732.215733,2732.675055,-0.8348679999999149,-0.37554599999975835,-0.6052069999998366
2022-04-29 22:45:00,2733.050211,2732.215343,2732.675692,-0.8348680000003696,-0.3745190000004186,-0.6046935000003941
2022-04-29 23:00:00,2733.051574,2732.216706,2732.669667,-0.8348679999999149,-0.3819069999999556,-0.6083874999999352
2022-04-29 23:15:00,2733.050017,2732.2169,2732.669859,-0.8331170000001293,-0.3801579999999376,-0.6066375000000335
2022-04-29 23:30:00,2733.050987,2732.21935,2732.673423,-0.831637000000228,-0.377563999999893,-0.6046005000000605
2022-04-29 23:45:00,2733.053906,2732.22159,2732.674146,-0.8323159999999916,-0.37976000000026033,-0.606038000000126
2022-04-30 00:00:00,2733.054489,2732.220424,2732.67298,-0.8340650000000096,-0.3815090000002783,-0.607787000000144
2022-04-30 00:15:00,2733.05235,2732.218553,2732.674339,-0.8337969999997767,-0.3780109999997876,-0.6059039999997822
2022-04-30 00:30:00,2733.055459,2732.220413,2732.671355,-0.8350460000001476,-0.3841040000002067,-0.6095750000001772
2022-04-30 00:45:00,2733.055072,2732.219528,2732.675312,-0.8355440000000272,-0.37976000000026033,-0.6076520000001437
2022-04-30 01:00:00,2733.056239,2732.224334,2732.672135,-0.8319050000000061,-0.3841040000002067,-0.6080045000001064
2022-04-30 01:15:00,2733.056239,2732.227565,2732.676479,-0.8286739999998645,-0.3797599999998056,-0.604216999999835
2022-04-30 01:30:00,2733.055656,2732.22277,2732.674599,-0.8328860000001441,-0.38105700000005527,-0.6069715000000997
2022-04-30 01:45:00,2733.056239,2732.224833,2732.673432,-0.831405999999788,-0.38280699999995704,-0.6071064999998725
2022-04-30 02:00:00,2733.056239,2732.225815,2732.675182,-0.830424000000221,-0.38105700000005527,-0.6057405000001381
2022-04-30 02:15:00,2733.056822,2732.223169,2732.677062,-0.8336530000001403,-0.3797599999998056,-0.606706499999973
2022-04-30 02:45:00,2733.056822,2732.229629,2732.675767,-0.8271930000000793,-0.38105499999983294,-0.6041239999999561
2022-04-30 03:00:00,2733.055656,2732.227972,2732.678943,-0.8276839999998629,-0.3767130000001089,-0.6021984999999859
2022-04-30 03:45:00,2733.056432,2732.226776,2732.678422,-0.8296559999998863,-0.3780099999999038,-0.603832999999895
2022-04-30 04:00:00,2733.05371,2732.227284,2732.674405,-0.8264260000000831,-0.37930499999993117,-0.6028655000000072
2022-04-30 04:15:00,2733.056239,2732.226584,2732.678517,-0.8296550000000025,-0.3777220000001762,-0.6036885000000893
2022-04-30 04:30:00,2733.057598,2732.226194,2732.674795,-0.8314040000000205,-0.38280299999996714,-0.6071034999999938
2022-04-30 05:15:00,2733.056818,2732.225413,2732.673459,-0.8314049999999042,-0.3833589999999276,-0.6073819999999159
2022-04-30 05:30:00,2733.055652,2732.225996,2732.676635,-0.8296559999998863,-0.37901700000020355,-0.6043365000000449
2022-04-30 05:45:00,2733.055069,2732.222183,2732.674756,-0.8328860000001441,-0.3803130000001147,-0.6065995000001294
2022-04-30 06:00:00,2733.055069,2732.227573,2732.679097,-0.8274959999998828,-0.3759719999998197,-0.6017339999998512
2022-04-30 06:15:00,2733.056432,2732.225026,2732.678712,-0.831405999999788,-0.37771999999995387,-0.604562999999871
2022-04-30 06:30:00,2733.059158,2732.225423,2732.677381,-0.8337350000001607,-0.38177700000005643,-0.6077560000001085
2022-04-30 06:45:00,2733.056825,2732.228069,2732.677808,-0.8287560000003396,-0.37901700000020355,-0.6038865000002716
2022-04-30 07:00:00,2733.056825,2732.22955,2732.67431,-0.8272750000000997,-0.3825150000002395,-0.6048950000001696
2022-04-30 07:15:00,2733.054686,2732.223771,2732.672623,-0.8309150000000045,-0.3820630000000165,-0.6064890000000105
2022-04-30 07:30:00,2733.052157,2732.225151,2732.67213,-0.827005999999983,-0.38002700000015466,-0.6035165000000688
2022-04-30 07:45:00,2733.05352,2732.221435,2732.677963,-0.8320850000000064,-0.37555699999984427,-0.6038209999999253
2022-04-30 08:00:00,2733.054489,2732.224563,2732.67634,-0.8299259999998867,-0.3781490000001213,-0.604037500000004
2022-04-30 08:30:00,2733.051574,2732.225146,2732.679516,-0.8264279999998507,-0.3720579999999245,-0.5992429999998876
2022-04-30 08:45:00,2733.052157,2732.22398,2732.675757,-0.8281769999998687,-0.3764000000001033,-0.602288499999986
2022-04-30 09:00:00,2733.049821,2732.221062,2732.67459,-0.8287589999999909,-0.3752309999999852,-0.6019949999999881
2022-04-30 09:15:00,2733.05274,2732.225774,2732.677185,-0.826966000000084,-0.3755550000000767,-0.6012605000000804
2022-04-30 09:30:00,2733.050407,2732.223711,2732.675304,-0.8266960000000836,-0.3751030000003084,-0.600899500000196
2022-04-30 09:45:00,2733.048655,2732.221375,2732.674721,-0.8272799999999734,-0.3739340000001903,-0.6006070000000818
2022-04-30 10:00:00,2733.049238,2732.217249,2732.674007,-0.8319890000002488,-0.3752309999999852,-0.603610000000117
2022-04-30 10:15:00,2733.049241,2732.217152,2732.671091,-0.8320889999999963,-0.3781500000000051,-0.6051195000000007
2022-04-30 10:30:00,2733.050604,2732.218515,2732.670706,-0.8320889999999963,-0.3798980000001393,-0.6059935000000678
2022-04-30 10:45:00,2733.050217,2732.220288,2732.672069,-0.8299289999999928,-0.37814799999978277,-0.6040384999998878
2022-04-30 11:30:00,2733.050407,2732.220478,2732.672259,-0.8299289999999928,-0.3781480000002375,-0.6040385000001152
2022-04-30 11:45:00,2733.052157,2732.222887,2732.675758,-0.8292700000001787,-0.37639900000021953,-0.6028345000001991
2022-04-30 12:00:00,2733.05099,2732.219581,2732.672842,-0.8314090000003489,-0.3781480000002375,-0.6047785000002932
2022-04-30 12:15:00,2733.050404,2732.214774,2732.676472,-0.8356300000000374,-0.37393199999996796,-0.6047810000000027
2022-04-30 12:30:00,2733.05157,2732.217688,2732.671545,-0.8338819999999032,-0.38002499999993233,-0.6069534999999178
2022-04-30 13:00:00,2733.050211,2732.223199,2732.671935,-0.8270120000001953,-0.3782760000003691,-0.6026440000002822
2022-04-30 13:15:00,2733.049824,2732.217342,2732.675151,-0.8324820000002546,-0.37467300000025716,-0.6035775000002559
2022-04-30 13:30:00,2733.05099,2732.21536,2732.671974,-0.8356300000000374,-0.37901600000031976,-0.6073230000001786
2022-04-30 13:45:00,2733.049241,2732.216347,2732.673271,-0.8328940000001239,-0.3759700000000521,-0.604432000000088
2022-04-30 14:00:00,2733.051574,2732.217691,2732.670808,-0.8338830000002417,-0.38076600000022154,-0.6073245000002316
2022-04-30 14:30:00,2733.050407,2732.214284,2732.671391,-0.8361230000000432,-0.37901600000031976,-0.6075695000001815
2022-04-30 14:45:00,2733.048465,2732.215572,2732.670745,-0.8328929999997854,-0.37771999999995387,-0.6053064999998696
2022-04-30 15:00:00,2733.050994,2732.210161,2732.671238,-0.8408330000002024,-0.37975600000027043,-0.6102945000002364
2022-04-30 15:15:00,2733.052743,2732.212711,2732.669941,-0.8400320000000647,-0.38280200000008335,-0.611417000000074
2022-04-30 15:30:00,2733.050411,2732.214859,2732.672404,-0.835552000000007,-0.37800700000025245,-0.6067795000001297
2022-04-30 15:45:00,2733.049048,2732.212015,2732.6654,-0.8370329999997921,-0.38364799999999377,-0.6103404999998929
2022-04-30 16:00:00,2733.051184,2732.21142,2732.670131,-0.8397639999998319,-0.38105300000006537,-0.6104084999999486
2022-04-30 16:15:00,2733.049048,2732.211033,2732.666697,-0.8380149999998139,-0.3823509999997441,-0.610182999999779
2022-04-30 16:30:00,2733.051184,2732.209171,2732.667084,-0.8420129999999517,-0.3840999999997621,-0.6130564999998569
2022-04-30 16:45:00,2733.050411,2732.208398,2732.670653,-0.8420129999999517,-0.379758000000038,-0.6108854999999949
2022-04-30 17:00:00,2733.047878,2732.208784,2732.67104,-0.8390939999999318,-0.3768379999996796,-0.6079659999998057
2022-04-30 17:15:00,2733.049821,2732.206328,2732.668766,-0.843492999999853,-0.3810550000002877,-0.6122740000000704
2022-04-30 17:45:00,2733.050404,2732.211622,2732.672395,-0.8387820000002648,-0.37800900000002,-0.6083955000001424
2022-04-30 18:30:00,2733.049041,2732.212419,2732.668434,-0.8366220000002613,-0.38060700000005454,-0.6086145000001579
2022-04-30 18:45:00,2733.048071,2732.213199,2732.669212,-0.8348720000003595,-0.3788590000003751,-0.6068655000003673
2022-04-30 19:00:00,2733.048655,2732.210553,2732.671093,-0.8381020000001627,-0.3775620000001254,-0.607832000000144
2022-04-30 19:30:00,2733.050404,2732.211642,2732.670248,-0.8387619999998606,-0.38015600000017,-0.6094590000000153
2022-04-30 19:45:00,2733.053903,2732.214871,2732.671545,-0.839031999999861,-0.3823579999998401,-0.6106949999998506
2022-04-30 20:00:00,2733.049431,2732.215772,2732.670572,-0.8336589999998978,-0.37885899999992034,-0.6062589999999091
2022-04-30 20:15:00,2733.050207,2732.216548,2732.666552,-0.8336589999998978,-0.38365499999963504,-0.6086569999997664
2022-04-30 20:30:00,2733.05157,2732.216921,2732.670962,-0.8346489999998994,-0.38060799999993833,-0.6076284999999189
2022-04-30 20:45:00,2733.05274,2732.216922,2732.669665,-0.8358180000000175,-0.3830750000001899,-0.6094465000001037
2022-04-30 21:00:00,2733.053516,2732.220929,2732.667396,-0.8325869999998758,-0.38612000000011903,-0.6093534999999974
2022-04-30 21:15:00,2733.052737,2732.213689,2732.669932,-0.8390479999998206,-0.38280500000018947,-0.610926500000005
2022-04-30 21:30:00,2733.049821,2732.215752,2732.669218,-0.8340689999999995,-0.38060300000006464,-0.6073360000000321
2022-04-30 21:45:00,2733.05235,2732.218692,2732.666951,-0.833658000000014,-0.38539899999977933,-0.6095284999998967
2022-04-30 22:00:00,2733.052743,2732.216356,2732.665596,-0.8363870000002862,-0.3871470000003683,-0.6117670000003272
2022-04-30 22:15:00,2733.05216,2732.218502,2732.669808,-0.833658000000014,-0.3823520000000826,-0.6080050000000483
2022-04-30 22:30:00,2733.05138,2732.216244,2732.665981,-0.835135999999693,-0.38539899999977933,-0.6102674999997362
2022-04-30 22:45:00,2733.05332,2732.217505,2732.667921,-0.8358149999999114,-0.38539899999977933,-0.6106069999998454
2022-04-30 23:00:00,2733.052153,2732.220558,2732.668504,-0.8315950000001067,-0.38364899999987756,-0.6076219999999921
2022-04-30 23:15:00,2733.05196,2732.218885,2732.670905,-0.833075000000008,-0.38105499999983294,-0.6070649999999205
2022-04-30 23:30:00,2733.05274,2732.221146,2732.670388,-0.8315940000002229,-0.3823520000000826,-0.6069730000001528
2022-05-01 00:00:00,2733.052737,2732.218092,2732.672128,-0.8346449999999095,-0.3806089999998221,-0.6076269999998658
2022-05-01 00:30:00,2733.054489,2732.218675,2732.671685,-0.8358140000000276,-0.3828040000003057,-0.6093090000001666
2022-05-01 01:00:00,2733.054293,2732.216748,2732.666296,-0.8375450000003184,-0.3879970000002686,-0.6127710000002935
2022-05-01 01:15:00,2733.053323,2732.219008,2732.668372,-0.8343150000000605,-0.38495100000000093,-0.6096330000000307
2022-05-01 01:45:00,2733.05274,2732.217935,2732.664457,-0.8348049999999603,-0.38828300000022864,-0.6115440000000945
2022-05-01 02:00:00,2733.051377,2732.219803,2732.663092,-0.8315739999998186,-0.3882849999999962,-0.6099294999999074
2022-05-01 02:15:00,2733.050984,2732.22214,2732.66445,-0.8288440000001174,-0.3865339999997559,-0.6076889999999366
2022-05-01 02:30:00,2733.05215,2732.220077,2732.665164,-0.8320730000000367,-0.38698599999997896,-0.6095295000000078
2022-05-01 03:15:00,2733.051574,2732.218911,2732.667043,-0.8326630000001387,-0.38453100000015183,-0.6085970000001453
2022-05-01 03:30:00,2733.05274,2732.220079,2732.666914,-0.8326609999999164,-0.3858260000001792,-0.6092435000000478
2022-05-01 04:00:00,2733.053713,2732.221051,2732.67048,-0.8326619999998002,-0.3832329999995636,-0.6079474999996819
2022-05-01 04:15:00,2733.051577,2732.220254,2732.6675,-0.8313230000003387,-0.3840770000001612,-0.6077000000002499
2022-05-01 04:30:00,2733.052743,2732.222142,2732.668214,-0.8306010000001152,-0.38452900000038426,-0.6075650000002497
2022-05-01 04:45:00,2733.053909,2732.224478,2732.668083,-0.8294310000001133,-0.3858260000001792,-0.6076285000001462
2022-05-01 05:00:00,2733.053326,2732.221735,2732.669807,-0.8315910000001168,-0.3835189999999784,-0.6075550000000476
2022-05-01 05:45:00,2733.056242,2732.2229,2732.670974,-0.8333419999999023,-0.3852679999999964,-0.6093049999999494
2022-05-01 06:00:00,2733.055659,2732.225548,2732.669093,-0.8301110000002154,-0.38656600000012986,-0.6083385000001726
2022-05-01 06:30:00,2733.055659,2732.222997,2732.674177,-0.8326620000002549,-0.3814820000002328,-0.6070720000002439
2022-05-01 06:45:00,2733.055076,2732.222414,2732.673594,-0.8326620000002549,-0.3814820000002328,-0.6070720000002439
2022-05-01 07:00:00,2733.054679,2732.227318,2732.67074,-0.8273609999996552,-0.3839389999998275,-0.6056499999997413
2022-05-01 07:15:00,2733.055066,2732.224475,2732.669377,-0.830590999999913,-0.3856889999997293,-0.6081399999998212
2022-05-01 07:30:00,2733.054679,2732.221355,2732.667242,-0.8333239999997204,-0.3874369999998635,-0.6103804999997919
2022-05-01 07:45:00,2733.049241,2732.219417,2732.665303,-0.8298240000003716,-0.3839379999999437,-0.6068810000001577
2022-05-01 08:00:00,2733.05099,2732.220897,2732.665303,-0.8300930000000335,-0.3856869999999617,-0.6078899999999976
2022-05-01 08:15:00,2733.048081,2732.218648,2732.669645,-0.8294329999998808,-0.37843599999996513,-0.603934499999923
2022-05-01 08:30:00,2733.048665,2732.220981,2732.667636,-0.8276839999998629,-0.3810289999996712,-0.604356499999767
2022-05-01 08:45:00,2733.05099,2732.220396,2732.668349,-0.8305940000000192,-0.3826410000001488,-0.606617500000084
2022-05-01 09:00:00,2733.050217,2732.220104,2732.668736,-0.830112999999983,-0.38148099999989427,-0.6057969999999386
2022-05-01 09:15:00,2733.05099,2732.219397,2732.671665,-0.8315930000003391,-0.3793250000003354,-0.6054590000003373
2022-05-01 09:30:00,2733.048855,2732.217261,2732.670419,-0.8315940000002229,-0.37843599999996513,-0.605015000000094
2022-05-01 09:45:00,2733.050217,2732.218624,2732.66569,-0.8315929999998843,-0.38452700000016193,-0.6080600000000231
2022-05-01 10:00:00,2733.049241,2732.217646,2732.666583,-0.8315950000001067,-0.38265799999999217,-0.6071265000000494
2022-05-01 10:15:00,2733.047688,2732.213132,2732.66592,-0.8345560000002479,-0.38176800000019284,-0.6081620000002204
2022-05-01 10:30:00,2733.050407,2732.216173,2732.66573,-0.8342340000003787,-0.3846770000000106,-0.6094555000001947
2022-05-01 10:45:00,2733.047302,2732.218446,2732.663346,-0.8288560000000871,-0.38395600000012564,-0.6064060000001064
2022-05-01 11:00:00,2733.05099,2732.220386,2732.66862,-0.8306040000002213,-0.38237000000026455,-0.6064870000002429
2022-05-01 11:15:00,2733.047492,2732.218636,2732.667323,-0.8288560000000871,-0.3801690000000235,-0.6045125000000553
2022-05-01 11:30:00,2733.048855,2732.218248,2732.667494,-0.8306069999998726,-0.38136100000019724,-0.6059840000000349
2022-05-01 11:45:00,2733.050801,2732.212744,2732.666393,-0.8380569999999352,-0.38440799999989395,-0.6112324999999146
2022-05-01 12:00:00,2733.049241,2732.212934,2732.662239,-0.8363070000000334,-0.38700199999993856,-0.611654499999986
2022-05-01 12:15:00,2733.049824,2732.211279,2732.664121,-0.8385450000000674,-0.38570300000037605,-0.6121240000002217
2022-05-01 12:30:00,2733.048465,2732.211257,2732.667556,-0.8372079999999187,-0.3809089999999742,-0.6090584999999464
2022-05-01 12:45:00,2733.050994,2732.208806,2732.669633,-0.8421880000000783,-0.38136100000019724,-0.6117745000001378
2022-05-01 13:00:00,2733.051384,2732.213417,2732.666706,-0.8379669999999351,-0.3846779999998944,-0.6113224999999147
2022-05-01 13:15:00,2733.049244,2732.215677,2732.668783,-0.8335669999996753,-0.38046099999974103,-0.6070139999997082
2022-05-01 13:30:00,2733.050411,2732.218323,2732.672544,-0.8320880000001125,-0.37786700000015117,-0.6049775000001318
2022-05-01 13:45:00,2733.05216,2732.213612,2732.666903,-0.8385480000001735,-0.3852570000003652,-0.6119025000002694
2022-05-01 14:00:00,2733.047882,2732.212832,2732.66843,-0.8350499999996828,-0.3794519999996737,-0.6072509999996782
2022-05-01 14:15:00,2733.047685,2732.214706,2732.665639,-0.8329789999997956,-0.3820460000001731,-0.6075124999999844
2022-05-01 14:30:00,2733.048271,2732.214311,2732.664476,-0.8339599999999336,-0.38379500000019107,-0.6088775000000624
2022-05-01 14:45:00,2733.051574,2732.215096,2732.667325,-0.8364780000001701,-0.3842490000001817,-0.6103635000001759
2022-05-01 15:00:00,2733.051574,2732.213615,2732.667039,-0.8379589999999553,-0.38453500000014174,-0.6112470000000485
2022-05-01 15:15:00,2733.049241,2732.214823,2732.664705,-0.8344180000003689,-0.3845360000000255,-0.6094770000001972
2022-05-01 15:30:00,2733.047878,2732.209919,2732.664513,-0.8379589999999553,-0.3833649999996851,-0.6106619999998202
2022-05-01 15:45:00,2733.049044,2732.213824,2732.668725,-0.8352199999999357,-0.3803189999998722,-0.6077694999999039
2022-05-01 16:00:00,2733.049624,2732.214976,2732.665988,-0.8346480000000156,-0.38363600000002407,-0.6091420000000198
2022-05-01 16:15:00,2733.049821,2732.211943,2732.663265,-0.8378780000002735,-0.38655599999992774,-0.6122170000001006
2022-05-01 16:30:00,2733.049634,2732.211167,2732.664238,-0.8384670000000369,-0.38539600000012797,-0.6119315000000825
2022-05-01 16:45:00,2733.048665,2732.215176,2732.661973,-0.8334889999996449,-0.38669199999958437,-0.6100904999996146
2022-05-01 17:00:00,2733.050414,2732.210795,2732.664566,-0.8396189999998569,-0.3858479999998963,-0.6127334999998766
2022-05-01 17:15:00,2733.05255,2732.212931,2732.666702,-0.8396189999998569,-0.3858479999998963,-0.6127334999998766
2022-05-01 17:30:00,2733.052157,2732.214019,2732.666022,-0.8381380000000718,-0.38613500000019485,-0.6121365000001333
2022-05-01 17:45:00,2733.047105,2732.209235,2732.662719,-0.8378700000002937,-0.38438600000017686,-0.6111280000002353
2022-05-01 18:00:00,2733.045552,2732.207272,2732.659869,-0.8382799999999406,-0.3856829999999718,-0.6119814999999562
2022-05-01 18:15:00,2733.047492,2732.211683,2732.663105,-0.8358090000001539,-0.38438700000006065,-0.6100980000001073
2022-05-01 18:30:00,2733.046522,2732.211125,2732.662136,-0.8353970000002846,-0.38438600000017686,-0.6098915000002307
2022-05-01 18:45:00,2733.047498,2732.208871,2732.663112,-0.8386270000000877,-0.3843859999997221,-0.6115064999999049
2022-05-01 19:00:00,2733.045166,2732.211518,2732.656888,-0.8336479999998119,-0.3882779999999002,-0.610962999999856
2022-05-01 19:15:00,2733.047498,2732.211111,2732.660518,-0.8363869999998315,-0.38697999999976673,-0.6116834999997991
2022-05-01 19:30:00,2733.046915,2732.21053,2732.664566,-0.8363850000000639,-0.3823489999999765,-0.6093670000000202
2022-05-01 19:45:00,2733.045942,2732.204845,2732.660546,-0.8410969999999907,-0.38539600000012797,-0.6132465000000593
2022-05-01 20:00:00,2733.046329,2732.208953,2732.661385,-0.8373759999999493,-0.3849439999999049,-0.6111599999999271
2022-05-01 20:15:00,2733.044189,2732.203853,2732.660543,-0.8403360000002067,-0.3836460000002262,-0.6119910000002164
2022-05-01 20:30:00,2733.045152,2732.207277,2732.658039,-0.8378750000001673,-0.38711300000022675,-0.612494000000197
2022-05-01 20:45:00,2733.045159,2732.205714,2732.659634,-0.8394449999996141,-0.3855249999996886,-0.6124849999996513
2022-05-01 21:15:00,2733.046515,2732.20443,2732.659832,-0.8420850000002247,-0.3866830000001755,-0.6143840000002001
2022-05-01 21:30:00,2733.048075,2732.205721,2732.659642,-0.8423540000003413,-0.3884330000000773,-0.6153935000002093
2022-05-01 21:45:00,2733.049241,2732.206308,2732.661078,-0.8429330000003574,-0.38816300000007686,-0.6155480000002171
2022-05-01 22:00:00,2733.048851,2732.210899,2732.663735,-0.8379519999998593,-0.3851159999999254,-0.6115339999998923
2022-05-01 22:15:00,2733.048658,2732.211016,2732.659777,-0.8376419999999598,-0.38888100000031045,-0.6132615000001351
2022-05-01 22:30:00,2733.047295,2732.207861,2732.660881,-0.8394339999999829,-0.3864140000000589,-0.6129240000000209
2022-05-01 22:45:00,2733.048268,2732.211797,2732.658809,-0.8364710000000741,-0.389458999999988,-0.6129650000000311
2022-05-01 23:00:00,2733.047878,2732.206695,2732.660168,-0.8411830000000009,-0.38770999999997,-0.6144464999999855
2022-05-01 23:15:00,2733.050017,2732.210316,2732.659261,-0.8397009999998772,-0.3907560000002377,-0.6152285000000575
2022-05-01 23:30:00,2733.049241,2732.20689,2732.658612,-0.8423510000002352,-0.3906289999999899,-0.6164900000001126
2022-05-01 23:45:00,2733.049241,2732.210798,2732.660362,-0.8384430000000975,-0.3888790000000881,-0.6136610000000928
2022-05-02 00:00:00,2733.048071,2732.21228,2732.659065,-0.835790999999972,-0.3890060000003359,-0.612398500000154
2022-05-02 00:15:00,2733.046712,2732.21267,2732.654658,-0.834041999999954,-0.3920539999999164,-0.6130479999999352
2022-05-02 00:30:00,2733.049241,2732.20981,2732.659782,-0.8394310000003316,-0.389458999999988,-0.6144450000001598
2022-05-02 00:45:00,2733.048075,2732.208644,2732.660365,-0.8394310000003316,-0.38770999999997,-0.6135705000001508
2022-05-02 01:00:00,2733.048461,2732.21051,2732.657436,-0.8379509999999755,-0.3910249999998996,-0.6144879999999375
2022-05-02 01:15:00,2733.050401,2732.211281,2732.657626,-0.8391200000000936,-0.39277499999980137,-0.6159474999999475
2022-05-02 01:30:00,2733.048651,2732.207062,2732.654579,-0.8415890000001127,-0.39407200000005105,-0.6178305000000819
2022-05-02 01:45:00,2733.048651,2732.210291,2732.656329,-0.8383600000001934,-0.3923220000001493,-0.6153410000001713
2022-05-02 02:00:00,2733.046515,2732.209145,2732.659834,-0.8373700000001918,-0.3866809999999532,-0.6120255000000725
2022-05-02 02:15:00,2733.049044,2732.212085,2732.65627,-0.8369589999997515,-0.3927739999999176,-0.6148664999998346
2022-05-02 02:30:00,2733.048848,2732.211888,2732.65912,-0.8369600000000901,-0.38972800000010466,-0.6133440000000974
2022-05-02 02:45:00,2733.050407,2732.213448,2732.657633,-0.8369590000002063,-0.3927740000003723,-0.6148665000002893
2022-05-02 03:00:00,2733.046325,2732.214346,2732.6553,-0.8319789999995919,-0.3910249999998996,-0.6115019999997457
2022-05-02 03:15:00,2733.045742,2732.212282,2732.662106,-0.8334599999998318,-0.3836359999995693,-0.6085479999997006
2022-05-02 03:30:00,2733.047102,2732.211892,2732.656077,-0.8352100000001883,-0.3910249999998996,-0.613117500000044
2022-05-02 03:45:00,2733.049431,2732.214221,2732.66275,-0.8352099999997336,-0.3866809999999532,-0.6109454999998434
2022-05-02 04:00:00,2733.048651,2732.213442,2732.66197,-0.8352089999998498,-0.3866809999999532,-0.6109449999999015
2022-05-02 04:15:00,2733.049234,2732.214025,2732.662553,-0.8352089999998498,-0.3866809999999532,-0.6109449999999015
2022-05-02 04:30:00,2733.050401,2732.214923,2732.656331,-0.8354779999999664,-0.3940699999998287,-0.6147739999998976
2022-05-02 04:45:00,2733.050014,2732.216777,2732.660287,-0.8332369999998264,-0.3897269999997661,-0.6114819999997962
2022-05-02 05:00:00,2733.049241,2732.218162,2732.657764,-0.8310790000000452,-0.39147700000012264,-0.6112780000000839
2022-05-02 05:15:00,2733.051377,2732.214909,2732.658873,-0.836467999999968,-0.39250399999991714,-0.6144859999999426
2022-05-02 05:30:00,2733.050014,2732.215296,2732.660557,-0.8347180000000662,-0.3894569999997657,-0.612087499999916
2022-05-02 05:45:00,2733.052547,2732.215588,2732.660623,-0.8369589999997515,-0.3919239999995625,-0.614441499999657
2022-05-02 06:00:00,2733.050014,2732.217456,2732.661011,-0.8325580000000627,-0.38900299999977506,-0.6107804999999189
2022-05-02 06:15:00,2733.05099,2732.218164,2732.658488,-0.8328260000002956,-0.39250200000014956,-0.6126640000002226
2022-05-02 06:30:00,2733.05099,2732.220902,2732.655894,-0.8300880000001598,-0.3950960000001942,-0.612592000000177
2022-05-02 06:45:00,2733.052353,2732.220105,2732.661728,-0.8322480000001633,-0.390625,-0.6114365000000817
2022-05-02 07:00:00,2733.048658,2732.216409,2732.655438,-0.8322490000000471,-0.39322000000038315,-0.6127345000002151
2022-05-02 07:15:00,2733.048075,2732.215826,2732.659199,-0.8322490000000471,-0.388875999999982,-0.6105625000000146
2022-05-02 07:30:00,2733.048658,2732.2204,2732.662271,-0.8282580000000053,-0.38638700000001336,-0.6073225000000093
2022-05-02 07:45:00,2733.050407,2732.21931,2732.663568,-0.8310970000002271,-0.3868390000002364,-0.6089680000002318
2022-05-02 08:00:00,2733.049241,2732.216002,2732.659809,-0.8332390000000487,-0.3894319999999425,-0.6113354999999956
2022-05-02 08:15:00,2733.048268,2732.214209,2732.661429,-0.8340589999997974,-0.38683899999978166,-0.6104489999997895
2022-05-02 08:30:00,2733.049434,2732.215107,2732.656503,-0.8343270000000302,-0.39293099999986225,-0.6136289999999462
2022-05-02 08:45:00,2733.047882,2732.217552,2732.659745,-0.8303299999997762,-0.38813699999991513,-0.6092334999998457
2022-05-02 09:00:00,2733.052737,2732.219888,2732.660547,-0.8328489999998965,-0.3921900000000278,-0.6125194999999621
2022-05-02 09:15:00,2733.051187,2732.220401,2732.66217,-0.8307859999999891,-0.3890169999999671,-0.6099014999999781
2022-05-02 09:30:00,2733.049831,2732.216312,2732.656471,-0.8335189999997965,-0.3933600000000297,-0.6134394999999131
2022-05-02 09:45:00,2733.048081,2732.211923,2732.656017,-0.8361580000000686,-0.39206400000011854,-0.6141110000000936
2022-05-02 10:00:00,2733.05119,2732.214441,2732.659128,-0.8367490000000544,-0.39206200000035096,-0.6144055000002027
2022-05-02 10:15:00,2733.048661,2732.213661,2732.657051,-0.8350000000000364,-0.39160999999967316,-0.6133049999998548
2022-05-02 10:30:00,2733.046912,2732.213002,2732.659644,-0.8339099999998325,-0.3872679999999491,-0.6105889999998908
2022-05-02 10:45:00,2733.048078,2732.210936,2732.656468,-0.8371419999998579,-0.39160999999967316,-0.6143759999997656
2022-05-02 11:00:00,2733.050021,2732.213271,2732.660551,-0.8367499999999382,-0.3894700000000739,-0.613110000000006
2022-05-02 11:15:00,2733.048658,2732.213078,2732.658345,-0.8355799999999363,-0.390313000000333,-0.6129465000001346
2022-05-02 11:30:00,2733.048465,2732.211715,2732.652058,-0.8367499999999382,-0.3964069999997264,-0.6165784999998323
2022-05-02 11:45:00,2733.050411,2732.215142,2732.655301,-0.835269000000153,-0.3951100000003862,-0.6151895000002696
2022-05-02 12:00:00,2733.05177,2732.21395,2732.661004,-0.8378200000001925,-0.39076599999998507,-0.6142930000000888
2022-05-02 12:15:00,2733.049241,2732.21218,2732.659197,-0.8370610000001761,-0.39004400000021633,-0.6135525000001962
2022-05-02 13:00:00,2733.05274,2732.21002,2732.660947,-0.8427200000000994,-0.3917930000002343,-0.6172565000001669
2022-05-02 13:30:00,2733.046908,2732.207957,2732.658614,-0.8389509999997244,-0.3882939999998598,-0.6136224999997921
2022-05-02 13:45:00,2733.048465,2732.206012,2732.658421,-0.8424529999997503,-0.3900439999997616,-0.616248499999756
2022-05-02 14:00:00,2733.050021,2732.20905,2732.65868,-0.8409710000000814,-0.39134100000001126,-0.6161560000000463
2022-05-02 14:15:00,2733.048658,2732.206206,2732.658613,-0.8424520000003213,-0.3900450000001001,-0.6162485000002107
2022-05-02 14:30:00,2733.049631,2732.203949,2732.65654,-0.8456819999996696,-0.39309099999991304,-0.6193864999997913
2022-05-02 14:45:00,2733.050021,2732.204339,2732.65693,-0.8456820000001244,-0.39309099999991304,-0.6193865000000187
2022-05-02 15:00:00,2733.05099,2732.199936,2732.65615,-0.8510540000002038,-0.39484000000038577,-0.6229470000002948
2022-05-02 15:15:00,2733.050407,2732.204726,2732.656594,-0.8456810000002406,-0.3938130000001365,-0.6197470000001886
2022-05-02 15:30:00,2733.046325,2732.200913,2732.65803,-0.8454119999996692,-0.3882949999997436,-0.6168534999997064
2022-05-02 15:45:00,2733.049241,2732.202078,2732.657177,-0.8471630000003643,-0.39206400000011854,-0.6196135000002414
2022-05-02 16:00:00,2733.049631,2732.201807,2732.657567,-0.847823999999946,-0.3920639999996638,-0.6199439999998049
2022-05-02 16:15:00,2733.050021,2732.202197,2732.654911,-0.847823999999946,-0.39510999999993146,-0.6214669999999387
2022-05-02 16:30:00,2733.047492,2732.205039,2732.654131,-0.8424530000002051,-0.3933610000003682,-0.6179070000002866
2022-05-02 16:45:00,2733.047492,2732.201419,2732.652381,-0.8460730000001604,-0.39511100000027,-0.6205920000002152
2022-05-02 17:00:00,2733.047492,2732.203559,2732.655428,-0.8439330000001064,-0.39206400000011854,-0.6179985000001125
2022-05-02 17:30:00,2733.045159,2732.202976,2732.653548,-0.8421829999997499,-0.3916110000000117,-0.6168969999998808
2022-05-02 17:45:00,2733.045742,2732.20356,2732.65238,-0.8421819999998661,-0.39336199999979726,-0.6177719999998317
2022-05-02 18:00:00,2733.046325,2732.204143,2732.650806,-0.8421819999998661,-0.39551899999969464,-0.6188504999997804
2022-05-02 18:45:00,2733.044576,2732.202394,2732.651666,-0.8421819999998661,-0.3929099999995742,-0.6175459999997202
2022-05-02 19:00:00,2733.046908,2732.202977,2732.651391,-0.8439309999998841,-0.39551699999992707,-0.6197239999999056
2022-05-02 19:30:00,2733.049438,2732.200527,2732.65128,-0.8489110000000437,-0.3981579999999667,-0.6235345000000052
2022-05-02 19:45:00,2733.046719,2732.200729,2732.652497,-0.8459899999998015,-0.3942219999998997,-0.6201059999998506
2022-05-02 20:00:00,2733.048855,2732.205825,2732.65418,-0.8430299999999988,-0.39467500000000655,-0.6188525000000027
2022-05-02 20:15:00,2733.049248,2732.201509,2732.653547,-0.8477389999998195,-0.39570099999991726,-0.6217199999998684
2022-05-02 20:30:00,2733.048081,2732.203572,2732.657176,-0.8445090000000164,-0.3909049999997478,-0.6177069999998821
2022-05-02 21:00:00,2733.051377,2732.20355,2732.656265,-0.8478269999995973,-0.39511199999969904,-0.6214694999996482
2022-05-02 21:15:00,2733.050401,2732.205803,2732.659075,-0.8445980000001327,-0.39132599999993545,-0.6179620000000341
2022-05-02 21:30:00,2733.050014,2732.209326,2732.658689,-0.8406879999997727,-0.39132500000005166,-0.6160064999999122
2022-05-02 21:45:00,2733.050407,2732.20797,2732.659082,-0.8424370000002455,-0.39132500000005166,-0.6168810000001486
2022-05-02 22:00:00,2733.046519,2732.208079,2732.656942,-0.8384399999999914,-0.38957699999991746,-0.6140084999999544
2022-05-02 22:15:00,2733.045156,2732.205236,2732.655579,-0.8399200000003475,-0.38957699999991746,-0.6147485000001325
2022-05-02 22:30:00,2733.049821,2732.204653,2732.656746,-0.8451680000002852,-0.39307499999995343,-0.6191215000001193
2022-05-02 22:45:00,2733.051377,2732.205442,2732.655255,-0.8459349999998267,-0.39612199999965014,-0.6210284999997384
2022-05-02 23:00:00,2733.047685,2732.20996,2732.653312,-0.8377249999998639,-0.3943730000000869,-0.6160489999999754
2022-05-02 23:15:00,2733.048461,2732.207508,2732.65409,-0.8409529999998995,-0.3943709999998646,-0.617661999999882
2022-05-02 23:30:00,2733.049241,2732.208286,2732.65487,-0.8409550000001218,-0.3943710000003193,-0.6176630000002206
2022-05-02 23:45:00,2733.048851,2732.212606,2732.655776,-0.8362449999999626,-0.39307499999995343,-0.614659999999958
2022-05-03 00:00:00,2733.047295,2732.213479,2732.654672,-0.8338159999998425,-0.3926229999997304,-0.6132194999997864
2022-05-03 00:15:00,2733.052157,2732.212683,2732.654,-0.8394739999998819,-0.3981570000000829,-0.6188154999999824
2022-05-03 00:30:00,2733.050017,2732.205834,2732.652314,-0.8441830000001573,-0.3977030000000923,-0.6209430000001248
2022-05-03 01:00:00,2733.049241,2732.208288,2732.657917,-0.8409530000003542,-0.39132400000016787,-0.616138500000261
2022-05-03 01:45:00,2733.048268,2732.210955,2732.652601,-0.8373129999999946,-0.3956670000002305,-0.6164900000001126
2022-05-03 02:00:00,2733.045156,2732.212823,2732.655581,-0.8323330000002898,-0.3895750000001499,-0.6109540000002198
2022-05-03 02:15:00,2733.049628,2732.212315,2732.655258,-0.8373129999999946,-0.39437000000043554,-0.6158415000002151
2022-05-03 02:30:00,2733.047498,2732.215647,2732.650954,-0.8318509999999151,-0.39654399999972156,-0.6141974999998183
2022-05-03 02:45:00,2733.048075,2732.213581,2732.651668,-0.834494000000177,-0.39640700000018114,-0.6154505000001791
2022-05-03 03:00:00,2733.048665,2732.216812,2732.652121,-0.8318529999996827,-0.39654399999972156,-0.6141984999997021
2022-05-03 03:15:00,2733.05099,2732.215738,2732.65588,-0.8352520000003096,-0.3951100000003862,-0.6151810000003479
2022-05-03 03:45:00,2733.048658,2732.210935,2732.656594,-0.8377230000000964,-0.39206400000011854,-0.6148935000001075
2022-05-03 04:00:00,2733.048658,2732.213095,2732.656038,-0.8355630000000929,-0.392620000000079,-0.6140915000000859
2022-05-03 04:15:00,2733.049824,2732.21426,2732.656752,-0.8355639999999767,-0.39307200000030207,-0.6143180000001394
2022-05-03 04:30:00,2733.050601,2732.216518,2732.656231,-0.8340829999997368,-0.3943699999999808,-0.6142264999998588
2022-05-03 04:45:00,2733.049238,2732.215925,2732.656618,-0.8333130000000892,-0.392620000000079,-0.6129665000000841
2022-05-03 05:00:00,2733.049821,2732.217219,2732.654713,-0.8326019999999517,-0.3951080000001639,-0.6138550000000578
2022-05-03 05:15:00,2733.052543,2732.213482,2732.656982,-0.8390609999996741,-0.395560999999816,-0.617310999999745
2022-05-03 05:30:00,2733.048268,2732.214455,2732.659992,-0.8338130000001911,-0.3882760000001326,-0.6110445000001619
2022-05-03 05:45:00,2733.049044,2732.214963,2732.656426,-0.8340809999999692,-0.3926179999998567,-0.613349499999913
2022-05-03 06:00:00,2733.05099,2732.218389,2732.660965,-0.8326010000000679,-0.3900250000001506,-0.6113130000001092
2022-05-03 06:15:00,2733.051767,2732.217416,2732.657399,-0.8343509999999696,-0.39436799999975847,-0.6143594999998641
2022-05-03 06:30:00,2733.046322,2732.212507,2732.659795,-0.8338149999999587,-0.38652700000011464,-0.6101710000000367
2022-05-03 06:45:00,2733.047488,2732.216636,2732.657915,-0.8308520000000499,-0.3895730000003823,-0.6102125000002161
2022-05-03 07:00:00,2733.048655,2732.214571,2732.651241,-0.8340840000000753,-0.39741400000002614,-0.6157490000000507
2022-05-03 07:15:00,2733.05157,2732.213988,2732.652406,-0.8375820000001113,-0.3991639999999279,-0.6183730000000196
2022-05-03 08:00:00,2733.050987,2732.211924,2732.659212,-0.8390629999998964,-0.3917750000000524,-0.6154189999999744
2022-05-03 08:15:00,2733.045932,2732.211847,2732.655063,-0.8340849999999591,-0.3908689999998387,-0.6124769999998989
2022-05-03 08:30:00,2733.046125,2732.212042,2732.654804,-0.8340829999997368,-0.39132100000006176,-0.6127019999998993
2022-05-03 08:45:00,2733.047488,2732.213405,2732.65487,-0.8340830000001915,-0.39261800000031144,-0.6133505000002515
2022-05-03 09:00:00,2733.048655,2732.21291,2732.655584,-0.8357449999998607,-0.39307099999996353,-0.6144079999999121
2022-05-03 09:15:00,2733.048071,2732.211827,2732.655453,-0.8362440000000788,-0.39261800000031144,-0.6144310000001951
2022-05-03 09:30:00,2733.048071,2732.213308,2732.658047,-0.8347630000002937,-0.3900240000002668,-0.6123935000002803
2022-05-03 10:00:00,2733.046322,2732.210077,2732.655001,-0.8362449999999626,-0.39132100000006176,-0.6137830000000122
2022-05-03 10:15:00,2733.046322,2732.210757,2732.65675,-0.8355650000003152,-0.38957200000004377,-0.6125685000001795
2022-05-03 10:45:00,2733.046712,2732.213207,2732.658437,-0.8335050000000592,-0.3882749999997941,-0.6108899999999267
2022-05-03 11:00:00,2733.048851,2732.212337,2732.65753,-0.8365140000000792,-0.39132100000006176,-0.6139175000000705
2022-05-03 11:15:00,2733.046905,2732.20918,2732.656594,-0.8377250000003187,-0.39031100000011065,-0.6140180000002147
2022-05-03 11:45:00,2733.046322,2732.211067,2732.656012,-0.835254999999961,-0.39031000000022686,-0.6127825000000939
2022-05-03 12:15:00,2733.049044,2732.21029,2732.656985,-0.8387539999998808,-0.3920589999997901,-0.6154064999998354
2022-05-03 12:30:00,2733.05099,2732.209006,2732.661524,-0.8419840000001386,-0.389466000000084,-0.6157250000001113
2022-05-03 12:45:00,2733.047302,2732.205575,2732.657262,-0.8417269999999917,-0.3900399999997717,-0.6158834999998817
2022-05-03 13:00:00,2733.048075,2732.206348,2732.657765,-0.8417269999999917,-0.39031000000022686,-0.6160185000001093
2022-05-03 13:15:00,2733.051963,2732.206347,2732.656858,-0.8456160000000637,-0.39510500000005777,-0.6203605000000607
2022-05-03 13:30:00,2733.049244,2732.207125,2732.658935,-0.8421189999999115,-0.39030899999988833,-0.6162139999998999
2022-05-03 14:00:00,2733.049634,2732.202037,2732.655537,-0.8475969999999506,-0.39409699999987424,-0.6208469999999124
2022-05-03 14:15:00,2733.049244,2732.210266,2732.659364,-0.83897799999977,-0.3898799999997209,-0.6144289999997454
2022-05-03 14:30:00,2733.05216,2732.206453,2732.654438,-0.8457070000004023,-0.397722000000158,-0.6217145000002802
2022-05-03 14:45:00,2733.047298,2732.20509,2732.653631,-0.8422080000000278,-0.393666999999823,-0.6179374999999254
2022-05-03 15:00:00,2733.045739,2732.20312,2732.653821,-0.8426190000000133,-0.3919180000002598,-0.6172685000001366
2022-05-03 15:15:00,2733.045546,2732.205667,2732.653626,-0.8398789999996552,-0.39192000000002736,-0.6158994999998413
2022-05-03 15:30:00,2733.047295,2732.205087,2732.655824,-0.8422080000000278,-0.3914709999999104,-0.6168394999999691
2022-05-03 15:45:00,2733.046325,2732.205457,2732.65226,-0.840867999999773,-0.39406499999995503,-0.617466499999864
2022-05-03 16:00:00,2733.048075,2732.203208,2732.653557,-0.8448670000002494,-0.3945180000000619,-0.6196925000001556
2022-05-03 16:15:00,2733.048461,2732.202113,2732.651907,-0.8463480000000345,-0.3965539999999237,-0.6214509999999791
2022-05-03 16:30:00,2733.045932,2732.199913,2732.651994,-0.8460190000000694,-0.393938000000162,-0.6199785000001157
2022-05-03 16:45:00,2733.044962,2732.196475,2732.64886,-0.84848699999975,-0.3961020000001554,-0.6222944999999527
2022-05-03 17:00:00,2733.045549,2732.202441,2732.652771,-0.8431080000000293,-0.3927779999999075,-0.6179429999999684
2022-05-03 17:15:00,2733.049821,2732.200164,2732.65255,-0.8496570000002066,-0.3972710000002735,-0.62346400000024
2022-05-03 17:30:00,2733.049238,2732.20147,2732.650217,-0.8477680000000873,-0.39902100000017526,-0.6233945000001313
2022-05-03 17:45:00,2733.045162,2732.202053,2732.650346,-0.8431089999999131,-0.3948159999999916,-0.6189624999999523
2022-05-03 18:15:00,2733.046522,2732.198435,2732.651706,-0.8480870000003051,-0.3948159999999916,-0.6214515000001484
2022-05-03 18:30:00,2733.046132,2732.201275,2732.652613,-0.8448570000000473,-0.39351899999974194,-0.6191879999998946
2022-05-03 18:45:00,2733.047682,2732.201665,2732.653744,-0.846016999999847,-0.39393799999970724,-0.6199774999997771
2022-05-03 19:00:00,2733.046319,2732.200302,2732.651084,-0.846016999999847,-0.3952349999999569,-0.620625999999902
2022-05-03 19:15:00,2733.043993,2732.200885,2732.651213,-0.8431079999995745,-0.39277999999967506,-0.6179439999996248
2022-05-03 19:30:00,2733.045542,2732.200865,2732.655531,-0.844677000000047,-0.3900109999999586,-0.6173440000000028
2022-05-03 19:45:00,2733.047098,2732.204313,2732.655339,-0.8427849999998216,-0.3917590000000928,-0.6172719999999572
2022-05-03 20:00:00,2733.048651,2732.202039,2732.652096,-0.8466120000002775,-0.3965550000002622,-0.6215835000002699
2022-05-03 20:15:00,2733.049818,2732.204685,2732.656595,-0.8451329999998052,-0.3932230000000345,-0.6191779999999198
2022-05-03 20:30:00,2733.047682,2732.202158,2732.652423,-0.8455239999998412,-0.39525899999989633,-0.6203914999998688
2022-05-03 20:45:00,2733.045935,2732.199323,2732.650121,-0.8466120000002775,-0.395813999999973,-0.6212130000001252
2022-05-03 21:00:00,2733.0436,2732.202466,2732.649533,-0.8411339999997836,-0.39406700000017736,-0.6176004999999805
2022-05-03 21:15:00,2733.045156,2732.199622,2732.65019,-0.8455340000000433,-0.394966000000295,-0.6202500000001692
2022-05-03 21:30:00,2733.046905,2732.204023,2732.650642,-0.8428820000003725,-0.39626300000008996,-0.6195725000002312
2022-05-03 21:45:00,2733.048851,2732.203499,2732.651292,-0.8453519999998207,-0.3975590000000011,-0.6214554999999109
2022-05-03 22:00:00,2733.047298,2732.205177,2732.652333,-0.8421210000001338,-0.3949649999999565,-0.6185430000000451
2022-05-03 22:15:00,2733.046905,2732.207212,2732.652392,-0.8396930000003522,-0.3945130000001882,-0.6171030000002702
2022-05-03 22:30:00,2733.047102,2732.205659,2732.652589,-0.8414429999997992,-0.3945130000001882,-0.6179779999999937
2022-05-03 23:00:00,2733.047488,2732.207038,2732.651226,-0.8404500000001462,-0.39626200000020617,-0.6183560000001762
2022-05-03 23:15:00,2733.045739,2732.208518,2732.652523,-0.8372210000002269,-0.3932159999999385,-0.6152185000000827
2022-05-03 23:30:00,2733.045739,2732.206768,2732.649476,-0.8389710000001287,-0.39626300000008996,-0.6176170000001093
2022-05-03 23:45:00,2733.047685,2732.210196,2732.652719,-0.837489000000005,-0.3949659999998403,-0.6162274999999227
2022-05-04 00:00:00,2733.05255,2732.215372,2732.653656,-0.837177999999767,-0.3988939999999275,-0.6180359999998473
2022-05-04 00:15:00,2733.050987,2732.212507,2732.656308,-0.8384799999998904,-0.39467899999999645,-0.6165794999999434
2022-05-04 00:30:00,2733.048655,2732.216145,2732.651095,-0.8325100000001839,-0.3975599999998849,-0.6150350000000344
2022-05-04 00:45:00,2733.050987,2732.211749,2732.651226,-0.839238000000023,-0.39976100000012593,-0.6194995000000745
2022-05-04 01:00:00,2733.047295,2732.211556,2732.649736,-0.8357389999996485,-0.3975590000000011,-0.6166489999998248
2022-05-04 01:15:00,2733.05099,2732.214982,2732.65372,-0.8360080000002199,-0.3972700000003897,-0.6166390000003048
2022-05-04 01:45:00,2733.050211,2732.215683,2732.654236,-0.8345280000003186,-0.39597500000036234,-0.6152515000003405
2022-05-04 03:15:00,2733.053323,2732.213407,2732.655599,-0.8399159999999029,-0.3977239999999256,-0.6188199999999142
2022-05-04 03:30:00,2733.05274,2732.212824,2732.656026,-0.8399159999999029,-0.3967139999999745,-0.6183149999999387
2022-05-04 03:45:00,2733.049241,2732.216055,2732.65547,-0.8331860000002962,-0.3937710000000152,-0.6134785000001557
2022-05-04 04:00:00,2733.051574,2732.214397,2732.658646,-0.8371769999998833,-0.3929280000002109,-0.6150525000000471
2022-05-04 04:15:00,2733.05099,2732.214575,2732.656479,-0.8364150000002155,-0.39451099999996586,-0.6154630000000907
2022-05-04 04:30:00,2733.05138,2732.219185,2732.655119,-0.832194999999956,-0.39626099999986764,-0.6142279999999118
2022-05-04 04:45:00,2733.050411,2732.214984,2732.657196,-0.8354269999999815,-0.3932150000000547,-0.6143210000000181
2022-05-04 05:00:00,2733.049438,2732.215492,2732.662315,-0.8339460000001964,-0.3871229999999741,-0.6105345000000852
2022-05-04 05:15:00,2733.050214,2732.214519,2732.655251,-0.8356949999997596,-0.39496299999973417,-0.6153289999997469
2022-05-04 06:15:00,2733.05177,2732.217825,2732.65551,-0.8339449999998578,-0.39625999999998385,-0.6151024999999208
2022-05-04 06:30:00,2733.05274,2732.218795,2732.659814,-0.8339450000003126,-0.39292599999998856,-0.6134355000001506
2022-05-04 06:45:00,2733.052157,2732.21821,2732.657934,-0.8339470000000802,-0.39422300000023824,-0.6140850000001592
2022-05-04 07:00:00,2733.052157,2732.216462,2732.660528,-0.8356950000002143,-0.39162900000019363,-0.613662000000204
2022-05-04 07:15:00,2733.05235,2732.217145,2732.66072,-0.8352049999998599,-0.3916300000000774,-0.6134174999999686
2022-05-04 07:30:00,2733.050987,2732.214981,2732.658061,-0.8360059999999976,-0.39292599999998856,-0.6144659999999931
2022-05-04 07:45:00,2733.050404,2732.214396,2732.656181,-0.8360080000002199,-0.39422300000023824,-0.6151155000002291
2022-05-04 08:00:00,2733.050211,2732.214204,2732.655989,-0.8360070000003361,-0.39422200000035446,-0.6151145000003453
2022-05-04 08:15:00,2733.047882,2732.211464,2732.653372,-0.8364179999998669,-0.3945099999996273,-0.6154639999997471
2022-05-04 08:30:00,2733.047298,2732.211291,2732.653076,-0.8360069999998814,-0.3942219999998997,-0.6151144999998905
2022-05-04 08:45:00,2733.045935,2732.216388,2732.655214,-0.8295470000002751,-0.39072100000021237,-0.6101340000002438
2022-05-04 09:00:00,2733.048078,2732.215032,2732.655153,-0.8330459999997402,-0.39292499999965,-0.6129854999996951
2022-05-04 09:15:00,2733.046912,2732.212384,2732.654439,-0.8345279999998638,-0.3924729999998817,-0.6135004999998728
2022-05-04 09:30:00,2733.046912,2732.214134,2732.655736,-0.832777999999962,-0.39117599999963204,-0.611976999999797
2022-05-04 09:45:00,2733.050414,2732.214717,2732.651977,-0.8356969999999819,-0.39843699999983073,-0.6170669999999063
2022-05-04 10:00:00,2733.048661,2732.217363,2732.652404,-0.831297999999606,-0.39625699999987773,-0.6137774999997418
2022-05-04 10:30:00,2733.045162,2732.210142,2732.651951,-0.8350199999999859,-0.3932110000000648,-0.6141155000000253
2022-05-04 11:00:00,2733.046522,2732.208762,2732.656645,-0.8377599999998893,-0.38987700000006953,-0.6138184999999794
2022-05-04 11:15:00,2733.046908,2732.208389,2732.653985,-0.8385189999999056,-0.39292299999988245,-0.615720999999894
2022-05-04 11:30:00,2733.047885,2732.205726,2732.652494,-0.8421589999998105,-0.3953910000000178,-0.6187749999999141
2022-05-04 11:45:00,2733.049248,2732.211799,2732.653405,-0.8374489999996513,-0.3958429999997861,-0.6166459999997187
2022-05-04 12:00:00,2733.046912,2732.209913,2732.652691,-0.8369989999996506,-0.3942210000000159,-0.6156099999998332
2022-05-04 12:30:00,2733.047495,2732.211485,2732.654571,-0.8360099999999875,-0.39292399999976624,-0.6144669999998769
2022-05-04 13:00:00,2733.046522,2732.207281,2732.651849,-0.8392410000001291,-0.39467300000023897,-0.616957000000184
2022-05-04 13:15:00,2733.048661,2732.20825,2732.652818,-0.8404109999996763,-0.3958429999997861,-0.6181269999997312
2022-05-04 13:45:00,2733.049828,2732.208426,2732.651391,-0.8414020000000164,-0.3984370000002855,-0.619919500000151
2022-05-04 14:00:00,2733.049828,2732.205964,2732.653429,-0.8438639999999396,-0.39639900000020134,-0.6201315000000704
2022-05-04 14:15:00,2733.045746,2732.206753,2732.646012,-0.8389929999998458,-0.39973399999962567,-0.6193634999997357
2022-05-04 14:30:00,2733.046912,2732.20551,2732.653558,-0.8414020000000164,-0.39335399999981746,-0.6173779999999169
2022-05-04 14:45:00,2733.048661,2732.20726,2732.654855,-0.8414009999996779,-0.39380599999958577,-0.6176034999996318
2022-05-04 15:00:00,2733.048078,2732.206676,2732.652975,-0.8414020000000164,-0.39510299999983545,-0.6182524999999259
2022-05-04 15:15:00,2733.046135,2732.207963,2732.651486,-0.8381720000002133,-0.3946489999998448,-0.6164105000000291
2022-05-04 15:30:00,2733.047692,2732.203059,2732.653598,-0.8446330000001581,-0.3940940000002229,-0.6193635000001905
2022-05-04 15:45:00,2733.048078,2732.204213,2732.654725,-0.8438649999998233,-0.3933529999999337,-0.6186089999998785
2022-05-04 16:00:00,2733.046912,2732.204029,2732.651809,-0.8428829999998015,-0.39510299999983545,-0.6189929999998185
2022-05-04 16:15:00,2733.047495,2732.204612,2732.647762,-0.8428829999998015,-0.3997329999997419,-0.6213079999997717
2022-05-04 16:30:00,2733.045746,2732.20363,2732.652392,-0.8421159999998054,-0.39335399999981746,-0.6177349999998114
2022-05-04 17:00:00,2733.048661,2732.20442,2732.652261,-0.8442409999997835,-0.3963999999996304,-0.620320499999707
2022-05-04 17:30:00,2733.047105,2732.203632,2732.655049,-0.8434729999999035,-0.39205600000013874,-0.6177645000000211
2022-05-04 17:45:00,2733.047492,2732.204019,2732.65311,-0.8434730000003583,-0.3943819999999505,-0.6189275000001544
2022-05-04 18:00:00,2733.046715,2732.204225,2732.650315,-0.842489999999998,-0.39640000000008513,-0.6194450000000415
2022-05-04 18:15:00,2733.048271,2732.20512,2732.65187,-0.8431510000000344,-0.3964009999999689,-0.6197760000000017
2022-05-04 18:30:00,2733.047882,2732.203249,2732.652777,-0.8446329999997033,-0.39510500000005777,-0.6198689999998805
2022-05-04 18:45:00,2733.047105,2732.204723,2732.651595,-0.8423820000002706,-0.3955100000002858,-0.6189460000002782
2022-05-04 19:00:00,2733.049241,2732.20725,2732.653547,-0.8419910000002346,-0.395694000000276,-0.6188425000002553
2022-05-04 19:15:00,2733.046325,2732.209313,2732.652835,-0.8370119999999588,-0.39348999999992884,-0.6152509999999438
2022-05-04 19:30:00,2733.049241,2732.20873,2732.65225,-0.8405110000003333,-0.3969910000000709,-0.6187510000002021
2022-05-04 19:45:00,2733.048075,2732.206084,2732.651538,-0.8419910000002346,-0.3965370000000803,-0.6192640000001575
2022-05-04 20:00:00,2733.048855,2732.210095,2732.654909,-0.838760000000093,-0.3939460000001418,-0.6163530000001174
2022-05-04 20:15:00,2733.048658,2732.210979,2732.654007,-0.8376790000002075,-0.39465100000006714,-0.6161650000001373
2022-05-04 20:30:00,2733.049241,2732.213721,2732.652283,-0.8355200000000877,-0.39695800000026793,-0.6162390000001778
2022-05-04 20:45:00,2733.048268,2732.211759,2732.652607,-0.8365090000002056,-0.39566100000001825,-0.6160850000001119
2022-05-04 21:00:00,2733.046905,2732.207165,2732.652541,-0.8397400000003472,-0.3943640000002233,-0.6170520000002853
2022-05-04 21:15:00,2733.048071,2732.205101,2732.650662,-0.8429700000001503,-0.39740900000015245,-0.6201895000001514
2022-05-04 21:30:00,2733.049431,2732.209693,2732.65276,-0.8397380000001249,-0.39667099999996935,-0.6182045000000471
2022-05-04 21:45:00,2733.048651,2732.210393,2732.65124,-0.8382580000002235,-0.39741099999992,-0.6178345000000718
2022-05-04 22:00:00,2733.050987,2732.212737,2732.653147,-0.8382500000002437,-0.39784000000008746,-0.6180450000001656
2022-05-04 22:15:00,2733.049821,2732.210092,2732.65198,-0.8397290000002613,-0.39784099999997125,-0.6187850000001163
2022-05-04 22:30:00,2733.048651,2732.211571,2732.648935,-0.8370800000002419,-0.3997159999998985,-0.6183980000000702
2022-05-04 22:45:00,2733.046125,2732.208547,2732.649167,-0.8375779999996666,-0.3969579999998132,-0.6172679999997399
2022-05-04 23:00:00,2733.047682,2732.210102,2732.650723,-0.837579999999889,-0.39695899999969697,-0.617269499999793
2022-05-04 23:15:00,2733.047875,2732.211778,2732.647871,-0.8360970000003363,-0.40000400000008085,-0.6180505000002086
2022-05-04 23:30:00,2733.049238,2732.20991,2732.65053,-0.8393280000000232,-0.3987080000001697,-0.6190180000000964
2022-05-04 23:45:00,2733.049431,2732.211583,2732.65202,-0.8378480000001218,-0.39741099999992,-0.6176295000000209
2022-05-05 00:00:00,2733.050987,2732.21049,2732.650101,-0.8404970000001413,-0.4008859999999004,-0.6206915000000208
2022-05-05 00:15:00,2733.049821,2732.208343,2732.650683,-0.8414780000002793,-0.3991380000002209,-0.6203080000002501
2022-05-05 00:45:00,2733.047685,2732.207956,2732.650298,-0.8397289999998065,-0.3973869999999806,-0.6185579999998936
2022-05-05 01:00:00,2733.050797,2732.209319,2732.649911,-0.8414779999998245,-0.4008859999999004,-0.6211819999998625
2022-05-05 01:30:00,2733.052737,2732.211259,2732.651851,-0.8414779999998245,-0.4008859999999004,-0.6211819999998625
2022-05-05 01:45:00,2733.055069,2732.214393,2732.6491,-0.840675999999803,-0.40596899999991365,-0.6233224999998583
2022-05-05 03:00:00,2733.05371,2732.210482,2732.650787,-0.843228000000181,-0.40292300000010073,-0.6230755000001409
2022-05-05 03:15:00,2733.051767,2732.210289,2732.651891,-0.8414779999998245,-0.39987599999994927,-0.6206769999998869
2022-05-05 03:30:00,2733.050794,2732.211066,2732.652669,-0.8397280000003775,-0.3981250000001637,-0.6189265000002706
2022-05-05 03:45:00,2733.051767,2732.208808,2732.655679,-0.8429590000000644,-0.39608799999996336,-0.6195235000000139
2022-05-05 04:00:00,2733.052153,2732.212425,2732.656064,-0.8397279999999228,-0.3960890000003019,-0.6179085000001123
2022-05-05 04:15:00,2733.056235,2732.213009,2732.65737,-0.8432259999999587,-0.3988650000001144,-0.6210455000000366
2022-05-05 04:30:00,2733.052737,2732.214879,2732.653148,-0.8378579999998692,-0.39958900000010544,-0.6187234999999873
2022-05-05 04:45:00,2733.05332,2732.215464,2732.653158,-0.8378560000001016,-0.4001619999999093,-0.6190090000000055
2022-05-05 05:00:00,2733.052153,2732.216046,2732.653019,-0.8361070000000836,-0.399134000000231,-0.6176205000001573
2022-05-05 05:30:00,2733.052153,2732.217527,2732.649973,-0.8346260000002985,-0.40218000000004395,-0.6184030000001712
2022-05-05 05:45:00,2733.055069,2732.218692,2732.654185,-0.8363770000000841,-0.4008840000001328,-0.6186305000001084
2022-05-05 06:00:00,2733.055849,2732.219473,2732.656262,-0.8363759999997455,-0.3995869999998831,-0.6179814999998143
2022-05-05 06:15:00,2733.055659,2732.218293,2732.654775,-0.8373660000002019,-0.4008840000001328,-0.6191250000001673
2022-05-05 06:30:00,2733.055076,2732.217708,2732.656212,-0.8373679999999695,-0.3988640000002306,-0.6181160000001
2022-05-05 06:45:00,2733.053326,2732.21596,2732.651868,-0.8373660000002019,-0.4014580000002752,-0.6194120000002385
2022-05-05 07:00:00,2733.050411,2732.214792,2732.653296,-0.8356189999999515,-0.3971150000002126,-0.616367000000082
2022-05-05 07:15:00,2733.051187,2732.213819,2732.64973,-0.8373679999999695,-0.40145699999993667,-0.6194124999999531
2022-05-05 07:30:00,2733.053323,2732.215687,2732.657053,-0.8376360000002023,-0.396270000000186,-0.6169530000001942
2022-05-05 07:45:00,2733.053323,2732.217845,2732.656496,-0.8354779999999664,-0.39682700000003024,-0.6161524999999983
2022-05-05 08:00:00,2733.05099,2732.216853,2732.656342,-0.8341370000002826,-0.39464799999996103,-0.6143925000001218
2022-05-05 08:15:00,2733.048268,2732.212649,2732.656236,-0.8356189999999515,-0.39203200000019933,-0.6138255000000754
2022-05-05 08:30:00,2733.05099,2732.212862,2732.651243,-0.8381280000003244,-0.39974700000038865,-0.6189375000003565
2022-05-05 08:45:00,2733.048271,2732.214133,2732.652023,-0.8341380000001664,-0.39624800000001414,-0.6151930000000903
2022-05-05 09:00:00,2733.046915,2732.212775,2732.648504,-0.8341399999999339,-0.39841100000012375,-0.6162755000000288
2022-05-05 09:15:00,2733.047498,2732.2112,2732.654297,-0.8362979999997151,-0.3932009999998627,-0.6147494999997889
2022-05-05 09:30:00,2733.048081,2732.212772,2732.650966,-0.835309000000052,-0.39711499999975786,-0.616211999999905
2022-05-05 09:45:00,2733.047498,2732.214348,2732.65168,-0.8331499999999323,-0.3958179999999629,-0.6144839999999476
2022-05-05 10:00:00,2733.047692,2732.212792,2732.648828,-0.8349000000002889,-0.3988640000002306,-0.6168820000002597
2022-05-05 10:15:00,2733.048078,2732.210437,2732.651807,-0.8376409999996213,-0.396270999999615,-0.6169559999996181
2022-05-05 10:30:00,2733.045162,2732.209272,2732.650085,-0.8358899999998357,-0.3950769999996737,-0.6154834999997547
2022-05-05 11:45:00,2733.049244,2732.209853,2732.651224,-0.8393909999999778,-0.398019999999633,-0.6187054999998054
2022-05-05 12:00:00,2733.046912,2732.206308,2732.653257,-0.8406039999999848,-0.3936549999998533,-0.6171294999999191
2022-05-05 12:15:00,2733.047302,2732.209169,2732.65278,-0.8381329999997433,-0.3945220000000518,-0.6163274999998976
2022-05-05 12:30:00,2733.046332,2732.205728,2732.650515,-0.8406039999999848,-0.39581700000007913,-0.618210500000032
2022-05-05 12:45:00,2733.045166,2732.206311,2732.652395,-0.8388549999999668,-0.39277099999981147,-0.6158129999998891
2022-05-05 13:00:00,2733.045359,2732.204755,2732.652587,-0.8406039999999848,-0.39277200000015,-0.6166880000000674
2022-05-05 13:15:00,2733.047302,2732.202788,2732.646688,-0.8445139999998901,-0.40061400000013236,-0.6225640000000112
2022-05-05 13:30:00,2733.045166,2732.202401,2732.649348,-0.8427649999998721,-0.3958179999999629,-0.6192914999999175
2022-05-05 13:45:00,2733.047498,2732.202984,2732.646883,-0.8445139999998901,-0.40061500000001615,-0.6225644999999531
2022-05-05 14:00:00,2733.046332,2732.204967,2732.645718,-0.8413649999997688,-0.4006139999996776,-0.6209894999997232
2022-05-05 14:15:00,2733.042247,2732.205551,2732.646427,-0.8366959999998471,-0.3958199999997305,-0.6162579999997888
2022-05-05 14:30:00,2733.043996,2732.20662,2732.64513,-0.8373759999999493,-0.39886599999999817,-0.6181209999999737
2022-05-05 14:45:00,2733.046329,2732.203974,2732.645715,-0.8423549999997704,-0.4006139999996776,-0.621484499999724
2022-05-05 15:00:00,2733.045749,2732.200743,2732.643965,-0.8450060000000121,-0.4017839999996795,-0.6233949999998458
2022-05-05 15:30:00,2733.047298,2732.200233,2732.645386,-0.8470649999999296,-0.4019119999998111,-0.6244884999998703
2022-05-05 15:45:00,2733.048071,2732.201005,2732.645707,-0.8470660000002681,-0.40236400000003414,-0.6247150000001511
2022-05-05 16:15:00,2733.045156,2732.19984,2732.645568,-0.8453159999999116,-0.39958800000022165,-0.6224520000000666
2022-05-05 16:30:00,2733.045739,2732.198281,2732.64615,-0.8474580000001879,-0.39958900000010544,-0.6235235000001467
2022-05-05 16:45:00,2733.044573,2732.198864,2732.64441,-0.8457090000001699,-0.40016300000024785,-0.6229360000002089
2022-05-05 17:00:00,2733.042437,2732.197389,2732.64532,-0.8450480000001335,-0.3971169999999802,-0.6210825000000568
2022-05-05 17:15:00,2733.043413,2732.198855,2732.646297,-0.844557999999779,-0.3971160000000964,-0.6208369999999377
2022-05-05 17:45:00,2733.04283,2732.198273,2732.64499,-0.8445569999998952,-0.39784000000008746,-0.6211984999999913
2022-05-05 18:15:00,2733.043996,2732.200921,2732.64311,-0.8430749999997715,-0.4008859999999004,-0.621980499999836
2022-05-05 18:30:00,2733.044579,2732.196792,2732.642396,-0.8477869999996983,-0.4021829999996953,-0.6249849999996968
2022-05-05 18:45:00,2733.043413,2732.197107,2732.64123,-0.8463059999999132,-0.4021829999996953,-0.6242444999998042
2022-05-05 19:00:00,2733.044579,2732.198542,2732.641799,-0.8460369999997965,-0.40277999999989333,-0.6244084999998449
2022-05-05 19:15:00,2733.045359,2732.198562,2732.642277,-0.8467970000001515,-0.4030820000002677,-0.6249395000002096
2022-05-05 19:30:00,2733.04283,2732.192892,2732.643962,-0.8499379999998382,-0.39886799999976574,-0.624402999999802
2022-05-05 19:45:00,2733.043413,2732.194957,2732.64325,-0.8484559999997145,-0.4001629999997931,-0.6243094999997538
2022-05-05 20:00:00,2733.041664,2732.199937,2732.646295,-0.8417269999999917,-0.395368999999846,-0.6185479999999188
2022-05-05 20:15:00,2733.044773,2732.198476,2732.64286,-0.8462970000000496,-0.4019130000001496,-0.6241050000000996
2022-05-05 20:30:00,2733.044383,2732.198088,2732.647552,-0.8462949999998273,-0.39683100000002014,-0.6215629999999237
2022-05-05 20:45:00,2733.045162,2732.202097,2732.645738,-0.8430650000000242,-0.3994239999997262,-0.6212444999998752
2022-05-05 21:00:00,2733.046522,2732.202467,2732.646645,-0.8440550000000258,-0.3998770000002878,-0.6219660000001568
2022-05-05 21:15:00,2733.047492,2732.202677,2732.642531,-0.8448149999999259,-0.40496100000018487,-0.6248880000000554
2022-05-05 21:30:00,2733.046908,2732.201104,2732.643245,-0.845803999999589,-0.40366299999959665,-0.6247334999995928
2022-05-05 21:45:00,2733.044773,2732.199958,2732.641109,-0.8448149999999259,-0.4036639999999352,-0.6242394999999306
2022-05-05 22:00:00,2733.045749,2732.198196,2732.63904,-0.8475530000000617,-0.4067089999998643,-0.627130999999963
2022-05-05 22:15:00,2733.04225,2732.203317,2732.639778,-0.8389329999999973,-0.40247199999976147,-0.6207024999998794
2022-05-05 22:30:00,2733.043603,2732.202031,2732.638222,-0.8415720000002693,-0.40538100000003396,-0.6234765000001516
2022-05-05 22:45:00,2733.042053,2732.200651,2732.637832,-0.8414020000000164,-0.4042210000002342,-0.6228115000001253
2022-05-05 23:00:00,2733.042833,2732.202421,2732.641659,-0.8404120000000148,-0.40117400000008274,-0.6207930000000488
2022-05-05 23:15:00,2733.044576,2732.203004,2732.640492,-0.8415719999998146,-0.4040839999997843,-0.6228279999997994
2022-05-05 23:30:00,2733.043999,2732.201428,2732.641075,-0.8425710000001345,-0.4029239999999845,-0.6227475000000595
2022-05-05 23:45:00,2733.043999,2732.204389,2732.644122,-0.8396099999999933,-0.39987699999983306,-0.6197434999999132
2022-07-30 00:00:00,2733.069828,,,,,
2022-07-30 00:15:00,2733.071578,2732.632167,2732.358953,-0.43941099999983635,-0.7126250000001164,-0.5760179999999764
2022-07-30 00:30:00,2733.070988,2732.627936,2732.358363,-0.4430520000000797,-0.7126250000001164,-0.5778385000000981
2022-07-30 00:45:00,2733.070988,2732.629417,2732.356796,-0.44157099999983984,-0.7141919999999118,-0.5778814999998758
2022-07-30 01:00:00,2733.072158,2732.631578,2732.360562,-0.44057999999995445,-0.7115960000000996,-0.576088000000027
2022-07-30 01:15:00,2733.072158,2732.633059,2732.362583,-0.4390990000001693,-0.7095749999998588,-0.5743370000000141
2022-07-30 01:45:00,2733.069239,2732.63189,2732.360115,-0.4373489999998128,-0.7091239999999743,-0.5732364999998936
2022-07-30 02:00:00,2733.067489,2732.634852,2732.361412,-0.43263699999988603,-0.7060769999998229,-0.5693569999998545
2022-07-30 02:15:00,2733.070988,2732.634352,2732.35882,-0.43663599999990765,-0.7121680000000197,-0.5744019999999637
2022-07-30 02:30:00,2733.067489,2732.635834,2732.361413,-0.43165499999986423,-0.7060759999999391,-0.5688654999999017
2022-07-30 03:00:00,2733.067489,2732.635074,2732.357523,-0.43241500000021915,-0.7099659999998948,-0.571190500000057
2022-07-30 03:15:00,2733.066909,2732.638797,2732.358693,-0.42811200000005556,-0.7082159999999931,-0.5681640000000243
2022-07-30 03:30:00,2733.067489,2732.637628,2732.363618,-0.42986100000007355,-0.7038710000001629,-0.5668660000001182
2022-07-30 03:45:00,2733.06574,2732.640859,2732.364915,-0.4248809999999139,-0.7008249999998952,-0.5628529999999046
2022-07-30 04:00:00,2733.066909,2732.642028,2732.360444,-0.4248809999999139,-0.7064650000002075,-0.5656730000000607
2022-07-30 05:00:00,2733.067489,2732.637048,2732.363492,-0.43044099999997343,-0.7039970000000721,-0.5672190000000228
2022-07-30 05:15:00,2733.06574,2732.637458,2732.357397,-0.4282819999998537,-0.7083429999997861,-0.5683124999998199
2022-07-30 05:45:00,2733.06574,2732.638939,2732.367384,-0.4268010000000686,-0.6983559999998761,-0.5625784999999723
2022-07-30 06:00:00,2733.06457,2732.63777,2732.370846,-0.4268000000001848,-0.6937240000002021,-0.5602620000001934
2022-07-30 06:15:00,2733.06574,2732.638841,2732.369548,-0.42689900000004855,-0.6961919999998827,-0.5615454999999656
2022-07-30 07:00:00,2733.06574,2732.639831,2732.372143,-0.42590900000004694,-0.6935969999999543,-0.5597530000000006
2022-07-30 07:30:00,2733.06458,2732.640561,2732.361448,-0.4240190000000439,-0.703132000000096,-0.56357550000007
2022-07-30 07:45:00,2733.06458,2732.6376,2732.359738,-0.4269800000001851,-0.7048420000000988,-0.5659110000001419
2022-07-30 08:00:00,2733.06458,2732.635929,2732.358441,-0.42865100000017264,-0.7061390000003485,-0.5673950000002606
2022-07-30 08:15:00,2733.06458,2732.634447,2732.360193,-0.4301330000002963,-0.7043870000002244,-0.5672600000002603
2022-07-30 08:30:00,2733.063411,2732.635438,2732.35338,-0.4279730000002928,-0.7100310000000718,-0.5690020000001823
2022-07-30 09:00:00,2733.06458,2732.638089,2732.368429,-0.42649100000016915,-0.6961510000000999,-0.5613210000001345
2022-07-30 09:30:00,2733.06458,2732.632698,2732.367976,-0.4318820000003143,-0.6966040000002067,-0.5642430000002605
2022-07-30 10:15:00,2733.063411,2732.635167,2732.367546,-0.42824400000017704,-0.6958650000001398,-0.5620545000001584
2022-07-30 10:45:00,2733.063411,2732.633686,2732.370593,-0.42972499999996217,-0.6928179999999884,-0.5612714999999753
2022-07-30 11:45:00,2733.06633,2732.637327,2732.373515,-0.4290030000001934,-0.6928149999998823,-0.5609090000000378
2022-07-30 12:15:00,2733.06633,2732.633826,2732.368714,-0.43250399999988076,-0.6976159999999254,-0.5650599999999031
2022-07-30 12:45:00,2733.06458,2732.632344,2732.369726,-0.43223600000010265,-0.694854000000305,-0.5635450000002038
2022-07-30 13:00:00,2733.06458,2732.629194,2732.371023,-0.43538600000010774,-0.6935570000000553,-0.5644715000000815
2022-07-30 13:30:00,2733.06399,2732.628112,2732.368704,-0.4358780000002298,-0.6952860000001237,-0.5655820000001768
2022-07-30 13:45:00,2733.06574,2732.629093,2732.370456,-0.43664699999999357,-0.6952839999999014,-0.5659654999999475
2022-07-30 14:00:00,2733.06574,2732.629592,2732.370886,-0.43614800000023024,-0.6948539999998502,-0.5655010000000402
2022-07-30 14:30:00,2733.06574,2732.631342,2732.37554,-0.4343979999998737,-0.6902000000000044,-0.562298999999939
2022-07-30 15:30:00,2733.06574,2732.629423,2732.373503,-0.4363170000001446,-0.6922370000002047,-0.5642770000001747
2022-07-30 15:45:00,2733.06574,2732.629421,2732.370454,-0.4363189999999122,-0.6952860000001237,-0.565802500000018
2022-07-30 16:00:00,2733.066909,2732.628841,2732.372921,-0.4380679999999302,-0.6939879999999903,-0.5660279999999602
2022-07-30 16:15:00,2733.06399,2732.626681,2732.370884,-0.4373089999999138,-0.6931060000001708,-0.5652075000000423
2022-07-30 17:30:00,2733.06574,2732.625609,2732.371624,-0.4401309999998375,-0.6941160000001219,-0.5671234999999797
2022-07-30 17:45:00,2733.067489,2732.627071,2732.374799,-0.4404180000001361,-0.6926899999998568,-0.5665539999999964
2022-07-30 18:00:00,2733.06458,2732.623449,2732.37683,-0.44113100000004124,-0.6877500000000509,-0.5644405000000461
2022-07-30 18:30:00,2733.06458,2732.625911,2732.377857,-0.4386690000001181,-0.6867230000002564,-0.5626960000001873
2022-07-30 18:45:00,2733.06458,2732.624162,2732.373057,-0.4404180000001361,-0.6915230000004158,-0.5659705000002759
2022-07-30 19:00:00,2733.06458,2732.62443,2732.373511,-0.440150000000358,-0.6910690000004251,-0.5656095000003916
2022-07-30 19:15:00,2733.06516,2732.622279,2732.375389,-0.442880999999943,-0.6897710000002917,-0.5663260000001173
2022-07-30 19:30:00,2733.06458,2732.6212,2732.374809,-0.4433800000001611,-0.6897710000002917,-0.5665755000002264
2022-07-30 20:45:00,2733.06458,2732.620808,2732.379607,-0.4437720000000809,-0.6849730000003547,-0.5643725000002178
2022-07-30 21:15:00,2733.06633,2732.62295,2732.380329,-0.4433800000001611,-0.686001000000033,-0.564690500000097
2022-07-30 21:30:00,2733.06516,2732.619048,2732.379159,-0.44611200000008466,-0.686001000000033,-0.5660565000000588
2022-07-30 21:45:00,2733.06516,2732.62376,2732.377862,-0.4414000000001579,-0.6872980000002826,-0.5643490000002203
2022-07-30 22:15:00,2733.062241,2732.62259,2732.373642,-0.4396510000001399,-0.6885990000000675,-0.5641250000001037
2022-07-30 22:30:00,2733.06574,2732.62434,2732.376691,-0.4414000000001579,-0.6890490000000682,-0.565224500000113
2022-07-30 22:45:00,2733.06574,2732.621109,2732.379739,-0.4446309999998448,-0.686001000000033,-0.5653159999999389
2022-07-30 23:00:00,2733.06515,2732.61936,2732.377988,-0.44578999999976077,-0.6871619999997165,-0.5664759999997386
2022-07-31 00:00:00,2733.06515,2732.62259,2732.375394,-0.44255999999995765,-0.6897559999997611,-0.5661579999998594
2022-07-31 00:45:00,2733.06574,2732.617878,2732.378441,-0.44786199999998644,-0.6872990000001664,-0.5675805000000764
2022-07-31 01:15:00,2733.06516,2732.617298,2732.376564,-0.44786199999998644,-0.6885959999999614,-0.5682289999999739
2022-07-31 01:30:00,2733.06516,2732.620527,2732.377861,-0.4446330000000671,-0.6872990000001664,-0.5659660000001168
2022-07-31 02:00:00,2733.063411,2732.618278,2732.379158,-0.445133000000169,-0.6842529999998987,-0.5646930000000339
2022-07-31 02:15:00,2733.06516,2732.616136,2732.375841,-0.4490240000000085,-0.6893190000000686,-0.5691715000000386
2022-07-31 02:30:00,2733.06633,2732.615556,2732.378308,-0.4507739999999103,-0.6880220000002737,-0.569398000000092
2022-07-31 03:15:00,2733.06458,2732.616546,2732.383376,-0.4480340000000069,-0.6812039999999797,-0.5646189999999933
2022-07-31 03:30:00,2733.06633,2732.621527,2732.383107,-0.44480300000032,-0.6832229999999981,-0.5640130000001591
2022-07-31 05:30:00,2733.06574,2732.617706,2732.384536,-0.4480340000000069,-0.6812039999999797,-0.5646189999999933
2022-07-31 05:45:00,2733.06458,2732.616544,2732.386423,-0.44803600000022925,-0.678157000000283,-0.5630965000002561
2022-07-31 06:15:00,2733.067489,2732.620935,2732.386287,-0.4465540000001056,-0.6812020000002121,-0.5638780000001589
2022-07-31 06:45:00,2733.06458,2732.621256,2732.385126,-0.4433240000003025,-0.6794540000000779,-0.5613890000001902
2022-07-31 07:15:00,2733.066909,2732.617615,2732.382659,-0.44929400000000896,-0.6842500000002474,-0.5667720000001282
2022-07-31 07:30:00,2733.06516,2732.621836,2732.384697,-0.4433240000003025,-0.6804630000001453,-0.5618935000002239
2022-07-31 07:45:00,2733.06516,2732.615863,2732.383956,-0.4492970000001151,-0.6812039999999797,-0.5652505000000474
2022-07-31 08:30:00,2733.06515,2732.615853,2732.380478,-0.4492970000001151,-0.6846719999998641,-0.5669844999999896
2022-07-31 08:45:00,2733.06515,2732.619084,2732.383527,-0.44606599999997343,-0.681622999999945,-0.5638444999999592
2022-07-31 09:00:00,2733.06515,2732.614372,2732.38223,-0.4507779999999002,-0.68291999999974,-0.5668489999998201
2022-07-31 09:45:00,2733.063401,2732.61114,2732.381775,-0.45226099999990765,-0.6816260000000511,-0.5669434999999794
2022-07-31 10:00:00,2733.062241,2732.614102,2732.384822,-0.4481390000000829,-0.6774190000000999,-0.5627790000000914
2022-07-31 10:15:00,2733.06632,2732.619861,2732.387743,-0.446458999999777,-0.6785770000001321,-0.5625179999999546
2022-07-31 10:45:00,2733.062241,2732.61585,2732.383525,-0.4463909999999487,-0.6787159999998948,-0.5625534999999218
2022-07-31 11:00:00,2733.062241,2732.61235,2732.383072,-0.449891000000207,-0.6791690000000017,-0.5645300000001043
2022-07-31 11:30:00,2733.062241,2732.61294,2732.383662,-0.449301000000105,-0.6785789999998997,-0.5639400000000023
2022-07-31 11:45:00,2733.061081,2732.611459,2732.382365,-0.4496219999996356,-0.6787159999998948,-0.5641689999997652
2022-07-31 13:15:00,2733.061661,2732.613839,2732.381195,-0.44782200000008743,-0.6804660000002514,-0.5641440000001694
2022-07-31 13:30:00,2733.061661,2732.610607,2732.382945,-0.45105400000011286,-0.6787160000003496,-0.5648850000002312
2022-07-31 14:45:00,2733.059912,2732.607605,2732.379156,-0.4523070000000189,-0.6807560000002013,-0.5665315000001101
2022-07-31 15:00:00,2733.061081,2732.609846,2732.383375,-0.45123499999999694,-0.6777059999999437,-0.5644704999999703
2022-07-31 15:15:00,2733.061081,2732.611326,2732.384672,-0.44975499999964086,-0.6764089999996941,-0.5630819999996675
2022-07-31 15:30:00,2733.061081,2732.608096,2732.384671,-0.4529849999998987,-0.6764100000000326,-0.5646974999999657
2022-07-31 15:45:00,2733.061071,2732.608756,2732.382513,-0.4523149999999987,-0.6785580000000664,-0.5654365000000325
2022-07-31 16:00:00,2733.059322,2732.620077,2732.380764,-0.4392450000000281,-0.6785580000000664,-0.5589015000000472
2022-07-31 16:15:00,2733.062821,2732.613883,2732.383811,-0.4489379999999983,-0.6790099999998347,-0.5639739999999165
2022-07-31 16:30:00,2733.062821,2732.609992,2732.385831,-0.45282899999983783,-0.6769899999999325,-0.5649094999998852
2022-07-31 16:45:00,2733.061071,2732.603528,2732.382784,-0.45754299999998693,-0.6782870000001822,-0.5679150000000845
2022-07-31 17:15:00,2733.058162,2732.597388,2732.381624,-0.46077399999967383,-0.6765379999997094,-0.5686559999996916
2022-07-31 17:30:00,2733.06457,2732.600297,2732.387582,-0.46427300000004834,-0.6769880000001649,-0.5706305000001066
2022-07-31 17:45:00,2733.062821,2732.598057,2732.387582,-0.46476399999983187,-0.6752390000001469,-0.5700014999999894
2022-07-31 18:00:00,2733.061071,2732.595317,2732.382514,-0.4657540000002882,-0.6785570000001826,-0.5721555000002354
2022-07-31 18:15:00,2733.062821,2732.595897,2732.381216,-0.46692399999983536,-0.6816049999997631,-0.5742644999997992
2022-07-31 18:30:00,2733.061071,2732.592666,2732.384263,-0.46840500000007523,-0.6768080000001646,-0.5726065000001199
2022-07-31 19:00:00,2733.062241,2732.591365,2732.385435,-0.47087599999986196,-0.6768059999999423,-0.5738409999999021
2022-07-31 20:00:00,2733.061081,2732.588464,2732.380779,-0.47261699999990014,-0.6803019999997559,-0.576459499999828
2022-07-31 20:30:00,2733.059332,2732.589947,2732.379027,-0.4693849999998747,-0.680304999999862,-0.5748449999998684
2022-07-31 21:00:00,2733.059912,2732.588775,2732.384406,-0.4711369999999988,-0.6755060000000412,-0.57332150000002
2022-07-31 21:15:00,2733.059912,2732.592008,2732.382656,-0.4679040000000896,-0.677255999999943,-0.5725800000000163
2022-07-31 21:30:00,2733.059912,2732.588777,2732.379607,-0.47113500000023123,-0.6803050000003168,-0.575720000000274
2022-07-31 21:45:00,2733.063411,2732.592276,2732.386445,-0.47113500000023123,-0.6769659999999931,-0.5740505000001122
2022-07-31 22:00:00,2733.063411,2732.589538,2732.38774,-0.4738729999999123,-0.6756709999999657,-0.574771999999939
2022-07-31 23:00:00,2733.061661,2732.592769,2732.389492,-0.4688920000003236,-0.6721690000003946,-0.5705305000003591
2022-07-31 23:15:00,2733.062241,2732.59051,2732.38657,-0.4717310000000907,-0.6756709999999657,-0.5737010000000282
2022-07-31 23:30:00,2733.062241,2732.590118,2732.385273,-0.4721230000000105,-0.6769680000002154,-0.574545500000113
2022-07-31 23:45:00,2733.06399,2732.593351,2732.388322,-0.47063900000011927,-0.6756680000003144,-0.5731535000002168
2022-08-01 00:00:00,2733.06516,2732.589809,2732.384693,-0.47535100000004604,-0.6804670000001352,-0.5779090000000906
2022-08-01 00:15:00,2733.063411,2732.592771,2732.387742,-0.47064000000000306,-0.6756690000001981,-0.5731545000001006
2022-08-01 00:30:00,2733.061661,2732.58954,2732.383396,-0.47212100000024293,-0.6782650000000103,-0.5751930000001266
2022-08-01 01:00:00,2733.063411,2732.588059,2732.385703,-0.47535199999992983,-0.6777080000001661,-0.576530000000048
2022-08-01 01:15:00,2733.061661,2732.591292,2732.387455,-0.47036900000011883,-0.6742060000001402,-0.5722875000001295
2022-08-01 01:30:00,2733.061661,2732.590801,2732.387454,-0.4708600000003571,-0.674207000000024,-0.5725335000001905
2022-08-01 01:45:00,2733.061661,2732.593762,2732.384405,-0.4678990000002159,-0.6772560000003978,-0.5725775000003068
2022-08-01 02:00:00,2733.062831,2732.591702,2732.382528,-0.471129000000019,-0.6803030000000945,-0.5757160000000567
2022-08-01 02:45:00,2733.061081,2732.589542,2732.383825,-0.471538999999666,-0.677255999999943,-0.5743974999998045
2022-08-01 03:00:00,2733.062831,2732.592273,2732.388624,-0.4705579999999827,-0.674207000000024,-0.5723825000000033
2022-08-01 04:00:00,2733.059912,2732.589454,2732.388171,-0.4704580000002352,-0.6717410000001109,-0.5710995000001731
2022-08-01 04:15:00,2733.061071,2732.589935,2732.387581,-0.471136000000115,-0.6734900000001289,-0.572313000000122
2022-08-01 05:00:00,2733.059912,2732.590222,2732.387328,-0.4696900000003552,-0.67258400000037,-0.5711370000003626
2022-08-01 05:30:00,2733.062831,2732.592685,2732.389923,-0.4701460000001134,-0.6729080000000067,-0.5715270000000601
2022-08-01 05:45:00,2733.059332,2732.589954,2732.386876,-0.4693779999997787,-0.6724559999997837,-0.5709169999997812
2022-08-01 06:15:00,2733.061661,2732.589052,2732.387456,-0.4726090000003751,-0.6742050000002564,-0.5734070000003157
2022-08-01 06:30:00,2733.063411,2732.593764,2732.386158,-0.46964699999989534,-0.6772530000002916,-0.5734500000000935
2022-08-01 06:45:00,2733.061661,2732.590534,2732.384407,-0.47112700000025143,-0.6772540000001754,-0.5741905000002134
2022-08-01 07:00:00,2733.061661,2732.591293,2732.389493,-0.47036800000023504,-0.672168000000056,-0.5712680000001455
2022-08-01 07:45:00,2733.061661,2732.588062,2732.392541,-0.4735990000003767,-0.6691200000000208,-0.5713595000001988
2022-08-01 08:00:00,2733.060492,2732.591603,2732.388323,-0.4688890000002175,-0.6721689999999398,-0.5705290000000787
2022-08-01 08:15:00,2733.058742,2732.589854,2732.385276,-0.4688880000003337,-0.6734660000001895,-0.5711770000002616
2022-08-01 08:30:00,2733.060492,2732.591996,2732.387025,-0.46849599999995917,-0.6734670000000733,-0.5709815000000162
2022-08-01 08:45:00,2733.060492,2732.590844,2732.385728,-0.4696480000002339,-0.6747639999998682,-0.5722060000000511
2022-08-01 09:00:00,2733.061661,2732.591684,2732.385148,-0.46997700000019904,-0.676513000000341,-0.57324500000027
2022-08-01 09:45:00,2733.061661,2732.592013,2732.387743,-0.4696480000002339,-0.6739180000004126,-0.5717830000003232
2022-08-01 10:15:00,2733.058742,2732.590842,2732.383978,-0.4679000000000997,-0.674764000000323,-0.5713320000002113
2022-08-01 10:30:00,2733.058742,2732.589852,2732.385275,-0.4688900000001013,-0.6734670000000733,-0.5711785000000873
2022-08-01 10:45:00,2733.059912,2732.591022,2732.386447,-0.4688900000001013,-0.6734650000003057,-0.5711775000002035
2022-08-01 11:15:00,2733.060492,2732.589092,2732.386573,-0.47139999999990323,-0.6739189999998416,-0.5726594999998724
2022-08-01 11:30:00,2733.062241,2732.587609,2732.388324,-0.47463199999992867,-0.673917000000074,-0.5742745000000014
2022-08-01 12:15:00,2733.061661,2732.588781,2732.387744,-0.4728800000002593,-0.673917000000074,-0.5733985000001667
2022-08-01 12:45:00,2733.061081,2732.586718,2732.388914,-0.474362999999812,-0.6721669999997175,-0.5732649999997648
2022-08-01 13:00:00,2733.062831,2732.593182,2732.390664,-0.46964900000011767,-0.6721670000001723,-0.570908000000145
2022-08-01 13:15:00,2733.063411,2732.59201,2732.387744,-0.47140100000024177,-0.6756669999999758,-0.5735340000001088
2022-08-01 13:45:00,2733.061081,2732.589949,2732.389924,-0.47113199999967037,-0.6711569999997664,-0.5711444999997184
2022-08-01 14:00:00,2733.061081,2732.588771,2732.386877,-0.47230999999965206,-0.6742039999999179,-0.573256999999785
2022-08-01 14:15:00,2733.061071,2732.591411,2732.384988,-0.4696600000002036,-0.6760830000002898,-0.5728715000002467
2022-08-01 14:45:00,2733.062821,2732.590921,2732.388037,-0.4719000000000051,-0.6747839999998178,-0.5733419999999114
2022-08-01 15:00:00,2733.062821,2732.588449,2732.389787,-0.47437200000013036,-0.673033999999916,-0.5737030000000232
2022-08-01 15:15:00,2733.062241,2732.588938,2732.38791,-0.4733030000002145,-0.6743310000001657,-0.5738170000001901
2022-08-01 15:30:00,2733.060492,2732.589928,2732.388484,-0.47056400000019494,-0.6720080000000053,-0.5712860000001001
2022-08-01 15:45:00,2733.062241,2732.59168,2732.390234,-0.4705610000000888,-0.6720070000001215,-0.5712840000001052
2022-08-01 16:30:00,2733.059912,2732.588857,2732.388357,-0.47105499999997846,-0.6715550000003532,-0.5713050000001658
2022-08-01 17:00:00,2733.060492,2732.588179,2732.387187,-0.4723130000002129,-0.673305000000255,-0.5728090000002339
2022-08-01 17:15:00,2733.062241,2732.590918,2732.391101,-0.4713230000002113,-0.671139999999923,-0.5712315000000672
2022-08-01 17:30:00,2733.061661,2732.587108,2732.389224,-0.47455300000001444,-0.6724370000001727,-0.5734950000000936
2022-08-01 18:00:00,2733.062241,2732.584948,2732.385435,-0.4772929999999178,-0.6768059999999423,-0.57704949999993
2022-08-01 18:30:00,2733.061661,2732.587107,2732.386175,-0.47455400000035297,-0.6754860000000917,-0.5750200000002224
2022-08-01 18:45:00,2733.063411,2732.589946,2732.388937,-0.4734650000000329,-0.6744739999999183,-0.5739694999999756
2022-08-01 20:00:00,2733.062241,2732.587687,2732.385888,-0.4745539999998982,-0.6763530000002902,-0.5754535000000942
2022-08-01 22:00:00,2733.062241,2732.587109,2732.386613,-0.47513200000003053,-0.6756279999999606,-0.5753799999999956
2022-08-01 22:15:00,2733.06574,2732.588859,2732.388363,-0.4768810000000485,-0.6773769999999786,-0.5771290000000135
2022-08-01 22:30:00,2733.06574,2732.59092,2732.387193,-0.47481999999990876,-0.6785469999999805,-0.5766834999999446
2022-08-01 22:45:00,2733.06574,2732.59267,2732.388944,-0.473070000000007,-0.6767960000001949,-0.574933000000101
2022-08-01 23:00:00,2733.062821,2732.589171,2732.385443,-0.47364999999990687,-0.6773779999998624,-0.5755139999998846
2022-08-02 00:30:00,2733.06399,2732.59209,2732.388362,-0.4719000000000051,-0.6756279999999606,-0.5737639999999828
2022-08-02 02:00:00,2733.06516,2732.5911,2732.388812,-0.4740600000000086,-0.6763479999999618,-0.5752039999999852
2022-08-02 02:45:00,2733.063411,2732.591821,2732.390109,-0.47159000000010565,-0.6733020000001488,-0.5724460000001272
2022-08-02 03:00:00,2733.06457,2732.59473,2732.389971,-0.4698400000002039,-0.6745989999999438,-0.5722195000000738
2022-08-02 03:45:00,2733.06632,2732.59648,2732.39259,-0.4698399999997491,-0.6737299999999777,-0.5717849999998634
2022-08-02 04:30:00,2733.06632,2732.592481,2732.393888,-0.47383899999977075,-0.6724319999998443,-0.5731354999998075
2022-08-02 07:00:00,2733.066909,2732.593838,2732.389264,-0.4730710000003455,-0.6776450000002114,-0.5753580000002785
2022-08-02 09:00:00,2733.06399,2732.590916,2732.388364,-0.4730739999999969,-0.675626000000193,-0.574350000000095
2022-08-02 10:00:00,2733.06516,2732.590334,2732.392128,-0.474826000000121,-0.6730320000001484,-0.5739290000001347
2022-08-02 10:30:00,2733.068659,2732.595317,2732.397381,-0.47334200000022975,-0.671277999999802,-0.5723100000000159
2022-08-02 11:00:00,2733.063411,2732.590066,2732.390378,-0.4733449999998811,-0.6730330000000322,-0.5731889999999566
2022-08-02 11:15:00,2733.063411,2732.588316,2732.38531,-0.47509500000023763,-0.6781009999999696,-0.5765980000001036
2022-08-02 13:15:00,2733.061071,2732.586565,2732.386595,-0.4745060000000194,-0.6744760000001406,-0.57449100000008
2022-08-02 13:45:00,2733.061651,2732.586072,2732.389644,-0.47557899999992514,-0.6720070000001215,-0.5737930000000233
2022-08-02 14:30:00,2733.061071,2732.585001,2732.38647,-0.4760700000001634,-0.6746010000001661,-0.5753355000001648
2022-08-02 14:45:00,2733.059322,2732.58432,2732.387767,-0.4750020000001314,-0.6715549999998984,-0.5732785000000149
2022-08-02 15:00:00,2733.059322,2732.584322,2732.388777,-0.47499999999990905,-0.6705449999999473,-0.5727724999999282
2022-08-02 15:15:00,2733.058742,2732.585492,2732.391244,-0.4732500000000073,-0.6674980000002506,-0.570374000000129
2022-08-02 15:30:00,2733.060492,2732.58253,2732.393736,-0.47796199999993405,-0.6667560000000776,-0.5723590000000058
2022-08-02 15:45:00,2733.057583,2732.58226,2732.389947,-0.475322999999662,-0.6676359999996748,-0.5714794999996684
2022-08-02 16:00:00,2733.057583,2732.579029,2732.388196,-0.47855399999980364,-0.6693869999999151,-0.5739704999998594
2022-08-02 16:15:00,2733.059332,2732.582831,2732.386628,-0.4765009999996437,-0.6727039999996123,-0.574602499999628
2022-08-02 16:30:00,2733.059332,2732.581083,2732.387925,-0.4782489999997779,-0.6714069999998173,-0.5748279999997976
2022-08-02 16:45:00,2733.060492,2732.587224,2732.390837,-0.4732680000001892,-0.669655000000148,-0.5714615000001686
2022-08-02 17:00:00,2733.057583,2732.579331,2732.386176,-0.478251999999884,-0.6714069999998173,-0.5748294999998507
2022-08-02 17:15:00,2733.058742,2732.580493,2732.387336,-0.4782490000002326,-0.6714060000003883,-0.5748275000003105
2022-08-02 17:30:00,2733.057583,2732.582073,2732.384879,-0.4755099999997583,-0.6727039999996123,-0.5741069999996853
2022-08-02 18:00:00,2733.058742,2732.580002,2732.389356,-0.47874000000001615,-0.6693860000000313,-0.5740630000000237
2022-08-02 18:15:00,2733.062241,2732.584983,2732.392857,-0.4772579999998925,-0.6693840000002638,-0.5733210000000781
2022-08-02 18:30:00,2733.058742,2732.584716,2732.391105,-0.4740260000003218,-0.6676370000000134,-0.5708315000001676
2022-08-02 19:00:00,2733.061651,2732.580764,2732.389086,-0.48088700000016615,-0.6725649999998495,-0.5767260000000078
2022-08-02 19:45:00,2733.060492,2732.583727,2732.391106,-0.47676499999988664,-0.6693860000000313,-0.573075499999959
2022-08-02 20:00:00,2733.059332,2732.582568,2732.388648,-0.47676400000000285,-0.6706839999997101,-0.5737239999998565
2022-08-02 21:30:00,2733.058742,2732.586071,2732.390398,-0.4726709999999912,-0.668344000000161,-0.5705075000000761
2022-08-02 21:45:00,2733.057573,2732.582081,2732.391265,-0.4754920000000311,-0.6663079999998445,-0.5708999999999378
2022-08-02 22:15:00,2733.059322,2732.581099,2732.389513,-0.4782230000000709,-0.6698089999999866,-0.5740160000000287
2022-08-02 22:30:00,2733.059322,2732.582851,2732.393015,-0.4764709999999468,-0.6663069999999607,-0.5713889999999537
2022-08-02 23:15:00,2733.060492,2732.580111,2732.388091,-0.48038099999985207,-0.6724010000002636,-0.5763910000000578
2022-08-02 23:30:00,2733.060492,2732.581092,2732.387349,-0.4794000000001688,-0.6731429999999818,-0.5762715000000753
2022-08-03 00:15:00,2733.06399,2732.582541,2732.392889,-0.4814489999998841,-0.6711009999999078,-0.576274999999896
2022-08-03 00:30:00,2733.060492,2732.582274,2732.389388,-0.4782180000001972,-0.6711040000000139,-0.5746610000001056
2022-08-03 00:45:00,2733.062241,2732.580794,2732.392435,-0.48144700000011653,-0.6698059999998804,-0.5756264999999985
2022-08-03 01:00:00,2733.062241,2732.581775,2732.387351,-0.4804659999999785,-0.6748900000002322,-0.5776780000001054
2022-08-03 01:15:00,2733.061651,2732.585487,2732.38851,-0.47616400000015346,-0.6731409999997595,-0.5746524999999565
2022-08-03 01:30:00,2733.059332,2732.584327,2732.385329,-0.47500499999978274,-0.6740029999996295,-0.5745039999997061
2022-08-03 02:15:00,2733.060492,2732.583526,2732.386053,-0.47696600000017497,-0.674438999999893,-0.575702500000034
2022-08-03 02:30:00,2733.060492,2732.581366,2732.390397,-0.47912600000017846,-0.6700949999999466,-0.5746105000000625
2022-08-03 03:00:00,2733.060492,2732.582526,2732.391559,-0.47796599999992395,-0.6689329999999245,-0.5734494999999242
2022-08-03 03:30:00,2733.062241,2732.584009,2732.390262,-0.4782319999999345,-0.6719790000001922,-0.5751055000000633
2022-08-03 03:45:00,2733.060492,2732.580778,2732.392856,-0.47971400000005815,-0.6676360000001296,-0.5736750000000939
2022-08-03 04:15:00,2733.06399,2732.584999,2732.388242,-0.4789909999999509,-0.6757480000001124,-0.5773695000000316
2022-08-03 04:30:00,2733.063411,2732.586169,2732.390709,-0.4772419999999329,-0.6727020000002994,-0.5749720000001162
2022-08-03 04:45:00,2733.061661,2732.582938,2732.388959,-0.47872300000017276,-0.6727020000002994,-0.5757125000002361
2022-08-03 05:00:00,2733.063411,2732.581457,2732.390709,-0.4819540000003144,-0.6727020000002994,-0.5773280000003069
2022-08-03 05:30:00,2733.06516,2732.589399,2732.39071,-0.47576100000014776,-0.6744499999999789,-0.5751055000000633
2022-08-03 05:45:00,2733.06399,2732.585758,2732.39331,-0.4782319999999345,-0.6706800000001749,-0.5744560000000547
2022-08-03 06:00:00,2733.063401,2732.587239,2732.390263,-0.47616199999993114,-0.6731380000001081,-0.5746500000000196
2022-08-03 06:30:00,2733.06399,2732.586758,2732.389103,-0.4772320000001855,-0.6748870000001261,-0.5760595000001558
2022-08-03 06:45:00,2733.06399,2732.585776,2732.390853,-0.4782140000002073,-0.6731370000002244,-0.5756755000002158
2022-08-03 07:00:00,2733.062241,2732.582277,2732.387351,-0.4799640000001091,-0.6748900000002322,-0.5774270000001707
2022-08-03 07:30:00,2733.062821,2732.586088,2732.387933,-0.47673299999996743,-0.6748880000000099,-0.5758104999999887
2022-08-03 07:45:00,2733.06457,2732.583126,2732.387376,-0.4814440000000104,-0.6771939999998722,-0.5793189999999413
2022-08-03 08:00:00,2733.06457,2732.587837,2732.391722,-0.47673299999996743,-0.6728480000001582,-0.5747905000000628
2022-08-03 08:45:00,2733.06457,2732.586766,2732.388675,-0.4778040000001056,-0.6758949999998549,-0.5768494999999803
2022-08-03 09:30:00,2733.062821,2732.584337,2732.386923,-0.47848400000020774,-0.675897999999961,-0.5771910000000844
2022-08-03 09:45:00,2733.062821,2732.583576,2732.38705,-0.4792449999999917,-0.675771000000168,-0.5775080000000798
2022-08-03 10:00:00,2733.063401,2732.587075,2732.390552,-0.4763259999999718,-0.672849000000042,-0.5745875000000069
2022-08-03 10:15:00,2733.061651,2732.586807,2732.387503,-0.47484399999984817,-0.6741480000000593,-0.5744959999999537
2022-08-03 10:45:00,2733.062821,2732.587566,2732.391724,-0.47525499999983367,-0.6710969999999179,-0.5731759999998758
2022-08-03 11:45:00,2733.063401,2732.581414,2732.388802,-0.48198699999966266,-0.6745989999999438,-0.5782929999998032
2022-08-03 12:15:00,2733.061071,2732.582584,2732.389972,-0.4784869999998591,-0.6710990000001402,-0.5747929999999997
2022-08-03 12:45:00,2733.061071,2732.583655,2732.393021,-0.4774160000001757,-0.6680500000002212,-0.5727330000001984
2022-08-03 13:00:00,2733.061071,2732.584637,2732.391269,-0.4764340000001539,-0.6698019999998905,-0.5731180000000222
2022-08-03 13:30:00,2733.060492,2732.580824,2732.392439,-0.4796679999999469,-0.6680529999998726,-0.5738604999999097
2022-08-03 14:00:00,2733.060492,2732.579753,2732.389392,-0.48073900000008507,-0.671100000000024,-0.5759195000000545
2022-08-03 15:00:00,2733.078575,2732.574239,2732.376786,-0.5043359999999666,-0.7017890000001898,-0.6030625000000782
2022-08-03 15:15:00,2733.103057,2732.56332,2732.376587,-0.5397369999996044,-0.7264699999996083,-0.6331034999996064
2022-08-03 15:30:00,2733.101308,2732.565201,2732.383073,-0.5361069999999017,-0.7182349999998223,-0.627170999999862
2022-08-03 15:45:00,2733.097809,2732.571169,2732.378337,-0.5266400000000431,-0.7194719999997687,-0.6230559999999059
2022-08-03 16:00:00,2733.100728,2732.576298,2732.377303,-0.5244299999999384,-0.7234249999996791,-0.6239274999998088
2022-08-03 16:15:00,2733.104227,2732.574803,2732.382492,-0.5294239999998354,-0.7217349999996259,-0.6255794999997306
2022-08-03 16:30:00,2733.102477,2732.574049,2732.379897,-0.5284280000000763,-0.7225800000001072,-0.6255040000000918
2022-08-03 16:45:00,2733.101318,2732.580781,2732.374708,-0.5205369999998766,-0.7266100000001643,-0.6235735000000204
2022-08-03 17:00:00,2733.101318,2732.590475,2732.382206,-0.5108430000000226,-0.7191119999997682,-0.6149774999998954
2022-08-03 17:15:00,2733.099568,2732.603043,2732.380909,-0.49652500000001965,-0.7186590000001161,-0.6075920000000679
2022-08-03 17:30:00,2733.097819,2732.606276,2732.379612,-0.49154300000009243,-0.718206999999893,-0.6048749999999927
2022-08-03 17:45:00,2733.097229,2732.616102,2732.378178,-0.48112700000001496,-0.7190510000000359,-0.6000890000000254
2022-08-03 18:00:00,2733.09373,2732.623285,2732.382523,-0.47044499999992695,-0.7112069999998312,-0.5908259999998791
2022-08-03 18:15:00,2733.09373,2732.6275,2732.380773,-0.4662299999999959,-0.7129570000001877,-0.5895935000000918
2022-08-03 18:30:00,2733.09548,2732.633596,2732.384235,-0.4618839999998272,-0.7112449999999626,-0.5865644999998949
2022-08-03 18:45:00,2733.090811,2732.637647,2732.389878,-0.4531640000000152,-0.7009330000000773,-0.5770485000000463
2022-08-03 19:00:00,2733.089062,2732.642751,2732.395806,-0.44631100000015067,-0.6932560000000194,-0.569783500000085
2022-08-03 19:15:00,2733.090821,2732.643074,2732.395944,-0.44774699999970835,-0.6948769999999058,-0.5713119999998071
2022-08-03 19:30:00,2733.087322,2732.643485,2732.394234,-0.4438369999998031,-0.6930879999999888,-0.568462499999896
2022-08-03 19:45:00,2733.086153,2732.642046,2732.391314,-0.44410700000025827,-0.6948390000002291,-0.5694730000002437
2022-08-03 20:00:00,2733.086153,2732.643528,2732.394649,-0.4426250000001346,-0.6915040000003501,-0.5670645000002423
2022-08-03 20:15:00,2733.084403,2732.641285,2732.389462,-0.4431179999996857,-0.6949409999997442,-0.569029499999715
2022-08-03 20:30:00,2733.084983,2732.640116,2732.395685,-0.44486700000015844,-0.6892980000002353,-0.5670825000001969
2022-08-03 20:45:00,2733.081484,2732.639849,2732.393935,-0.44163499999967826,-0.6875489999997626,-0.5645919999997204
2022-08-03 21:00:00,2733.080905,2732.63957,2732.392058,-0.44133499999998094,-0.6888469999998961,-0.5650909999999385
2022-08-03 21:30:00,2733.081484,2732.639882,2732.391343,-0.44160199999987526,-0.6901410000000396,-0.5658714999999575
2022-08-03 21:45:00,2733.080325,2732.63774,2732.396549,-0.44258499999978085,-0.6837759999998525,-0.5631804999998167
2022-08-03 22:00:00,2733.080325,2732.639133,2732.399143,-0.44119199999977354,-0.6811819999998079,-0.5611869999997907
2022-08-03 22:15:00,2733.080905,2732.640212,2732.39019,-0.4406930000000102,-0.6907149999997273,-0.5657039999998688
2022-08-03 22:30:00,2733.080905,2732.636982,2732.392681,-0.44392299999981333,-0.6882239999999911,-0.5660734999999022
2022-08-03 22:45:00,2733.080905,2732.636213,2732.388337,-0.4446919999995771,-0.6925679999999375,-0.5686299999997573
2022-08-03 23:00:00,2733.082654,2732.637963,2732.390087,-0.4446909999996933,-0.6925669999995989,-0.5686289999996461
2022-08-03 23:15:00,2733.078575,2732.640614,2732.390519,-0.43796100000008664,-0.6880559999999605,-0.5630085000000236
2022-08-03 23:30:00,2733.077406,2732.639176,2732.390644,-0.43822999999974854,-0.6867619999998169,-0.5624959999997827
2022-08-03 23:45:00,2733.079155,2732.640926,2732.389347,-0.43822899999986475,-0.6898080000000846,-0.5640184999999747
2022-08-04 00:15:00,2733.076826,2732.640656,2732.388767,-0.4361699999999473,-0.6880590000000666,-0.562114500000007
2022-08-04 00:30:00,2733.079155,2732.643396,2732.394435,-0.4357589999999618,-0.6847199999997429,-0.5602394999998523
2022-08-04 01:00:00,2733.075656,2732.638906,2732.390934,-0.4367499999998472,-0.6847219999999652,-0.5607359999999062
2022-08-04 01:15:00,2733.077406,2732.639896,2732.393982,-0.4375099999997474,-0.6834239999998317,-0.5604669999997896
2022-08-04 01:30:00,2733.076236,2732.640208,2732.391514,-0.43602800000007846,-0.6847219999999652,-0.5603750000000218
2022-08-04 01:45:00,2733.075656,2732.637156,2732.389637,-0.4385000000002037,-0.6860189999997601,-0.5622594999999819
2022-08-04 02:00:00,2733.079155,2732.641646,2732.393138,-0.4375089999998636,-0.6860169999999925,-0.5617629999999281
2022-08-04 02:15:00,2733.078575,2732.644609,2732.39431,-0.4339660000000549,-0.6842649999998685,-0.5591154999999617
2022-08-04 02:30:00,2733.078575,2732.641376,2732.399951,-0.43719899999996414,-0.6786240000001271,-0.5579115000000456
2022-08-04 03:00:00,2733.082074,2732.644877,2732.401703,-0.4371969999997418,-0.6803709999999228,-0.5587839999998323
2022-08-04 03:15:00,2733.077986,2732.643625,2732.401113,-0.4343609999996261,-0.6768729999998868,-0.5556169999997564
2022-08-04 03:45:00,2733.081484,2732.65107,2732.405457,-0.4304139999999279,-0.6760269999999764,-0.5532204999999522
2022-08-04 04:00:00,2733.079735,2732.646089,2732.39648,-0.43364599999995335,-0.6832549999999173,-0.5584504999999353
2022-08-04 04:15:00,2733.079735,2732.647839,2732.399529,-0.4318959999995968,-0.6802059999999983,-0.5560509999997976
2022-08-04 04:30:00,2733.082654,2732.649008,2732.401996,-0.43364599999995335,-0.6806579999997666,-0.55715199999986
2022-08-04 04:45:00,2733.080905,2732.6494,2732.39765,-0.43150500000001557,-0.6832549999999173,-0.5573799999999665
2022-08-04 05:45:00,2733.078565,2732.6507,2732.400824,-0.427864999999656,-0.6777409999999691,-0.5528029999998125
2022-08-04 06:15:00,2733.081484,2732.652942,2732.407208,-0.42854199999965203,-0.6742759999997361,-0.5514089999996941
2022-08-04 06:30:00,2733.079735,2732.648228,2732.402019,-0.43150699999978315,-0.6777159999996911,-0.5546114999997371
2022-08-04 07:00:00,2733.080325,2732.650031,2732.396966,-0.43029399999977613,-0.6833590000001095,-0.5568264999999428
2022-08-04 07:30:00,2733.078575,2732.651512,2732.397253,-0.42706300000008923,-0.6813219999999092,-0.5541924999999992
2022-08-04 07:45:00,2733.080905,2732.648859,2732.396966,-0.43204599999990023,-0.6839390000000094,-0.5579924999999548
2022-08-04 08:00:00,2733.077406,2732.64927,2732.391323,-0.42813599999999497,-0.6860830000000533,-0.5571095000000241
2022-08-04 08:15:00,2733.076236,2732.648599,2732.390876,-0.4276369999997769,-0.685359999999946,-0.5564984999998615
2022-08-04 08:45:00,2733.076236,2732.645958,2732.392763,-0.43027799999981653,-0.6834730000000491,-0.5568754999999328
2022-08-04 09:00:00,2733.074487,2732.647439,2732.388417,-0.4270480000000134,-0.686069999999745,-0.5565589999998792
2022-08-04 09:15:00,2733.074487,2732.645688,2732.3962,-0.428798999999799,-0.6782869999997274,-0.5535429999997632
2022-08-04 09:30:00,2733.071568,2732.644516,2732.38809,-0.4270520000000033,-0.6834779999999228,-0.555264999999963
2022-08-04 09:45:00,2733.069818,2732.642766,2732.386793,-0.4270520000000033,-0.6830249999998159,-0.5550384999999096
2022-08-04 10:00:00,2733.069818,2732.641017,2732.391425,-0.4288010000000213,-0.6783930000001419,-0.5535970000000816
2022-08-04 10:15:00,2733.071568,2732.641776,2732.392436,-0.4297919999999067,-0.679131999999754,-0.5544619999998304
2022-08-04 10:30:00,2733.073327,2732.643526,2732.387963,-0.42980100000022503,-0.6853639999999359,-0.5575825000000805
2022-08-04 10:45:00,2733.068079,2732.643257,2732.388926,-0.4248219999999492,-0.6791530000000421,-0.5519874999999956
2022-08-04 11:00:00,2733.063411,2732.632124,2732.387716,-0.43128699999988385,-0.6756949999999051,-0.5534909999998945
2022-08-04 11:15:00,2733.071578,2732.643258,2732.403099,-0.42831999999998516,-0.6684789999999339,-0.5483994999999595
2022-08-04 11:30:00,2733.071578,2732.644916,2732.400235,-0.4266619999998511,-0.6713429999999789,-0.549002499999915
2022-08-04 11:45:00,2733.071578,2732.641685,2732.401532,-0.42989299999999275,-0.670046000000184,-0.5499695000000884
2022-08-04 12:00:00,2733.073327,2732.646397,2732.39978,-0.42693000000008396,-0.6735469999998713,-0.5502384999999776
2022-08-04 12:15:00,2733.069828,2732.644647,2732.395022,-0.425181000000066,-0.6748059999999896,-0.5499935000000278
2022-08-04 12:30:00,2733.070988,2732.644637,2732.393133,-0.42635100000006787,-0.6778549999999086,-0.5521029999999882
2022-08-04 12:45:00,2733.070988,2732.643647,2732.398347,-0.42734100000006947,-0.6726410000001124,-0.5499910000000909
2022-08-04 13:00:00,2733.070988,2732.641405,2732.397319,-0.4295830000000933,-0.6736689999997907,-0.551625999999942
2022-08-04 13:15:00,2733.070988,2732.643157,2732.400366,-0.4278309999999692,-0.670622000000094,-0.5492265000000316
2022-08-04 13:30:00,2733.067489,2732.639656,2732.393546,-0.42783300000019153,-0.6739430000002358,-0.5508880000002137
2022-08-04 13:45:00,2733.070988,2732.642886,2732.398345,-0.42810199999985343,-0.67264299999988,-0.5503724999998667
2022-08-04 14:00:00,2733.072737,2732.647866,2732.400097,-0.42487100000016653,-0.6726399999997739,-0.5487554999999702
2022-08-04 14:45:00,2733.070408,2732.638683,2732.397765,-0.43172499999991487,-0.67264299999988,-0.5521839999998974
2022-08-04 15:00:00,2733.070408,2732.641423,2732.396181,-0.4289850000000115,-0.6742269999999735,-0.5516059999999925
2022-08-04 15:15:00,2733.069239,2732.639674,2732.398775,-0.4295649999999114,-0.6704639999998108,-0.5500144999998611
2022-08-04 15:30:00,2733.072158,2732.641826,2732.399945,-0.43033199999990757,-0.6722129999998288,-0.5512724999998682
2022-08-04 15:45:00,2733.066909,2732.642134,2732.396156,-0.42477499999995416,-0.6707530000003317,-0.5477640000001429
2022-08-04 16:00:00,2733.070408,2732.642894,2732.397906,-0.42751399999997375,-0.6725019999998949,-0.5500079999999343
2022-08-04 16:15:00,2733.071568,2732.645046,2732.399068,-0.4265219999997498,-0.6724999999996726,-0.5495109999997112
2022-08-04 16:30:00,2733.068069,2732.643294,2732.396019,-0.42477499999995416,-0.6720500000001266,-0.5484125000000404
2022-08-04 16:45:00,2733.068069,2732.638314,2732.397604,-0.4297550000001138,-0.6704650000001493,-0.5501100000001315
2022-08-04 17:00:00,2733.069818,2732.639384,2732.398056,-0.4304339999998774,-0.6717619999999442,-0.5510979999999108
2022-08-04 18:00:00,2733.068069,2732.643026,2732.400363,-0.4250429999997323,-0.6677059999997255,-0.5463744999997289
2022-08-04 18:15:00,2733.069818,2732.642615,2732.401103,-0.42720299999973577,-0.6687149999997928,-0.5479589999997643
2022-08-04 18:30:00,2733.067489,2732.644775,2732.400236,-0.4227139999998144,-0.6672530000000734,-0.5449834999999439
2022-08-04 19:00:00,2733.071568,2732.640066,2732.40341,-0.43150199999990946,-0.6681579999999485,-0.549829999999929
2022-08-04 19:30:00,2733.071568,2732.639076,2732.400816,-0.43249199999991106,-0.6707519999999931,-0.5516219999999521
2022-08-04 19:45:00,2733.072158,2732.641556,2732.401693,-0.430601999999908,-0.6704650000001493,-0.5505335000000287
2022-08-04 20:15:00,2733.070408,2732.640076,2732.398644,-0.43033199999990757,-0.6717640000001666,-0.5510480000000371
2022-08-04 20:30:00,2733.071578,2732.636843,2732.402988,-0.4347349999998187,-0.6685900000002221,-0.5516625000000204
2022-08-04 20:45:00,2733.070408,2732.642136,2732.40431,-0.42827200000010635,-0.6660980000001473,-0.5471850000001268
2022-08-04 21:00:00,2733.070408,2732.639405,2732.405607,-0.43100300000014613,-0.6648009999998976,-0.5479020000000219
2022-08-04 21:15:00,2733.069239,2732.636754,2732.403408,-0.43248499999981505,-0.6658309999997982,-0.5491579999998066
2022-08-04 21:30:00,2733.070988,2732.641136,2732.403863,-0.4298519999997552,-0.6671249999999418,-0.5484884999998485
2022-08-04 21:45:00,2733.067489,2732.637637,2732.397472,-0.42985200000020996,-0.6700169999999162,-0.549934500000063
2022-08-04 22:00:00,2733.069239,2732.639386,2732.401244,-0.42985300000009374,-0.6679949999997916,-0.5489239999999427
2022-08-04 22:15:00,2733.069239,2732.64186,2732.399224,-0.42737899999974616,-0.6700150000001486,-0.5486969999999474
2022-08-04 22:30:00,2733.071578,2732.64146,2732.400084,-0.4301180000002205,-0.6714940000001661,-0.5508060000001933
2022-08-04 23:00:00,2733.072737,2732.639388,2732.402111,-0.4333489999999074,-0.6706260000000839,-0.5519874999999956
2022-08-05 00:15:00,2733.071578,2732.639587,2732.406178,-0.4319909999999254,-0.6653999999998632,-0.5486954999998943
2022-08-05 00:45:00,2733.071578,2732.644692,2732.40488,-0.42688600000019505,-0.6666979999999967,-0.5467920000000959
2022-08-05 01:00:00,2733.071578,2732.642942,2732.40387,-0.42863600000009683,-0.6677079999999478,-0.5481720000000223
2022-08-05 01:15:00,2733.071578,2732.642452,2732.406177,-0.42912599999999657,-0.6654010000002017,-0.5472635000000992
2022-08-05 01:30:00,2733.070988,2732.641862,2732.405157,-0.42912599999999657,-0.6658309999997982,-0.5474784999998974
2022-08-05 01:45:00,2733.072158,2732.64412,2732.406327,-0.428038000000015,-0.6658309999997982,-0.5469344999999066
2022-08-05 03:00:00,2733.072737,2732.642453,2732.411253,-0.43028400000002875,-0.6614839999997457,-0.5458839999998872
2022-08-05 03:15:00,2733.070988,2732.639222,2732.408204,-0.4317660000001524,-0.6627840000001015,-0.547275000000127
2022-08-05 03:30:00,2733.072158,2732.643623,2732.404308,-0.42853500000001077,-0.6678499999998166,-0.5481924999999137
2022-08-05 04:00:00,2733.070408,2732.643353,2732.40503,-0.42705500000010943,-0.6653780000001461,-0.5462165000001278
2022-08-05 04:15:00,2733.072158,2732.64439,2732.406058,-0.4277680000000146,-0.6660999999999149,-0.5469339999999647
2022-08-05 04:30:00,2733.072158,2732.642141,2732.408079,-0.43001700000013443,-0.6640790000001289,-0.5470480000001317
2022-08-05 04:45:00,2733.073327,2732.641562,2732.40344,-0.43176500000026863,-0.669887000000017,-0.5508260000001428
2022-08-05 05:15:00,2733.070408,2732.640802,2732.403728,-0.4296060000001489,-0.6666800000002695,-0.5481430000002092
2022-08-05 05:30:00,2733.071578,2732.646275,2732.405478,-0.42530299999998533,-0.6660999999999149,-0.5457014999999501
2022-08-05 06:30:00,2733.070988,2732.64147,2732.404888,-0.42951799999991636,-0.6660999999999149,-0.5478089999999156
2022-08-05 07:15:00,2733.070988,2732.641863,2732.406907,-0.4291250000001128,-0.6640809999998964,-0.5466030000000046
2022-08-05 07:45:00,2733.070988,2732.643343,2732.40429,-0.4276449999997567,-0.6666979999999967,-0.5471714999998767
2022-08-05 08:45:00,2733.071578,2732.643933,2732.407927,-0.42764500000021144,-0.6636509999998452,-0.5456480000000283
2022-08-05 10:00:00,2733.070988,2732.63972,2732.40386,-0.43126799999981813,-0.6671280000000479,-0.549197999999933
2022-08-05 11:15:00,2733.068659,2732.63689,2732.406757,-0.4317689999998038,-0.6619019999998272,-0.5468354999998155
2022-08-05 11:30:00,2733.069239,2732.637201,2732.405587,-0.43203799999992043,-0.663651999999729,-0.5478449999998247
2022-08-05 11:45:00,2733.070408,2732.63514,2732.404737,-0.4352680000001783,-0.6656710000002022,-0.5504695000001902
2022-08-05 12:15:00,2733.070408,2732.636621,2732.405605,-0.4337869999999384,-0.6648030000001199,-0.5492950000000292
2022-08-05 12:30:00,2733.069239,2732.63613,2732.408652,-0.4331090000000586,-0.6605869999998504,-0.5468479999999545
2022-08-05 13:00:00,2733.068659,2732.638371,2732.409822,-0.43028800000001866,-0.6588369999999486,-0.5445624999999836
2022-08-05 13:15:00,2733.066909,2732.633388,2732.408072,-0.4335209999999279,-0.6588369999999486,-0.5461789999999382
2022-08-05 14:15:00,2733.068069,2732.633787,2732.408492,-0.43428199999971184,-0.6595769999998993,-0.5469294999998056
2022-08-05 14:45:00,2733.068069,2732.630146,2732.405443,-0.4379229999999552,-0.6626259999998183,-0.5502744999998868
2022-08-05 15:00:00,2733.06516,2732.627236,2732.409369,-0.43792400000029374,-0.6557910000001357,-0.5468575000002147
2022-08-05 16:30:00,2733.068069,2732.627505,2732.407193,-0.44056399999999485,-0.6608759999999165,-0.5507199999999557
2022-08-05 16:45:00,2733.06632,2732.628406,2732.407623,-0.4379140000000916,-0.6586969999998473,-0.5483054999999695
2022-08-05 17:30:00,2733.06632,2732.629378,2732.405156,-0.4369419999998172,-0.6611640000000989,-0.549052999999958
2022-08-05 17:45:00,2733.068069,2732.627897,2732.408944,-0.44017200000007506,-0.659125000000131,-0.549648500000103
2022-08-05 18:00:00,2733.06457,2732.626147,2732.40849,-0.4384230000000571,-0.6560800000002018,-0.5472515000001295
2022-08-05 18:15:00,2733.068069,2732.63113,2732.410242,-0.4369389999997111,-0.6578269999999975,-0.5473829999998543
2022-08-05 19:15:00,2733.068069,2732.632612,2732.405896,-0.43545700000004217,-0.6621729999997115,-0.5488149999998768
2022-08-05 19:30:00,2733.06632,2732.62938,2732.407193,-0.4369400000000496,-0.6591269999998985,-0.5480334999999741
2022-08-05 20:00:00,2733.06632,2732.6284,2732.408943,-0.4379199999998491,-0.6573769999999968,-0.5476484999999229
2022-08-05 20:45:00,2733.066909,2732.632223,2732.408524,-0.4346860000000561,-0.6583850000001803,-0.5465355000001182
2022-08-05 21:15:00,2733.066909,2732.627242,2732.406773,-0.4396670000000995,-0.6601359999999659,-0.5499015000000327
2022-08-05 21:45:00,2733.067489,2732.625761,2732.407352,-0.44172800000023926,-0.6601369999998496,-0.5509325000000445
2022-08-05 22:00:00,2733.067489,2732.628994,2732.410401,-0.4384949999998753,-0.6570879999999306,-0.547791499999903
2022-08-05 22:15:00,2733.067489,2732.630743,2732.409104,-0.4367459999998573,-0.6583850000001803,-0.5475655000000188
2022-08-05 23:00:00,2733.068659,2732.628995,2732.408524,-0.4396639999999934,-0.6601350000000821,-0.5498995000000377
2022-08-05 23:30:00,2733.068659,2732.629406,2732.406772,-0.4392530000000079,-0.6618870000002062,-0.550570000000107
2022-08-06 00:00:00,2733.070408,2732.631157,2732.410543,-0.4392510000002403,-0.6598650000000816,-0.549558000000161
2022-08-06 00:15:00,2733.070408,2732.630167,2732.408523,-0.4402410000002419,-0.6618849999999838,-0.5510630000001129
2022-08-06 00:30:00,2733.067489,2732.632227,2732.408076,-0.43526199999996606,-0.6594129999998586,-0.5473374999999123
2022-08-06 01:15:00,2733.068659,2732.626936,2732.409822,-0.4417229999999108,-0.6588369999999486,-0.5502799999999297
2022-08-06 01:30:00,2733.068659,2732.632229,2732.408525,-0.4364300000002004,-0.6601340000001983,-0.5482820000001993
2022-08-06 02:00:00,2733.066909,2732.633211,2732.411572,-0.4336980000002768,-0.655337000000145,-0.5445175000002109
2022-08-06 02:30:00,2733.068069,2732.634872,2732.410982,-0.4331969999998364,-0.6570870000000468,-0.5451419999999416
2022-08-06 03:30:00,2733.06632,2732.63339,2732.407647,-0.4329299999999421,-0.6586729999999079,-0.545801499999925
2022-08-06 03:45:00,2733.066909,2732.633711,2732.408524,-0.43319800000017494,-0.6583850000001803,-0.5457915000001776
2022-08-06 04:15:00,2733.066909,2732.63223,2732.411573,-0.43467899999996007,-0.6553360000002613,-0.5450075000001107
2022-08-06 04:30:00,2733.068069,2732.631141,2732.411437,-0.4369280000000799,-0.6566319999997177,-0.5467799999998988
2022-08-06 04:45:00,2733.068069,2732.632624,2732.407649,-0.43544500000007247,-0.6604199999997036,-0.547932499999888
2022-08-06 05:00:00,2733.068069,2732.635854,2732.410983,-0.4322149999998146,-0.6570859999997083,-0.5446504999997615
2022-08-06 05:15:00,2733.068659,2732.632232,2732.411574,-0.43642700000009427,-0.6570849999998245,-0.5467559999999594
2022-08-06 07:00:00,2733.068659,2732.636943,2732.413594,-0.4317160000000513,-0.6550649999999223,-0.5433904999999868
2022-08-06 07:15:00,2733.070408,2732.637624,2732.416643,-0.4327840000000833,-0.6537650000000212,-0.5432745000000523
2022-08-06 07:30:00,2733.069239,2732.635464,2732.412154,-0.4337749999999687,-0.6570849999998245,-0.5454299999998966
2022-08-06 07:45:00,2733.068659,2732.634702,2732.410404,-0.43395700000019133,-0.6582549999998264,-0.5461060000000089
2022-08-06 08:15:00,2733.068659,2732.633712,2732.409107,-0.43494700000019293,-0.6595520000000761,-0.5472495000001345
2022-08-06 08:45:00,2733.066909,2732.632231,2732.409377,-0.4346780000000763,-0.6575320000001739,-0.5461050000001251
2022-08-06 09:00:00,2733.067489,2732.634292,2732.413006,-0.4331969999998364,-0.6544829999998001,-0.5438399999998182
2022-08-06 09:15:00,2733.070988,2732.63281,2732.418092,-0.43817799999987983,-0.6528960000000552,-0.5455369999999675
2022-08-06 10:15:00,2733.067489,2732.63106,2732.415045,-0.43642899999986184,-0.6524439999998322,-0.544436499999847
2022-08-06 10:30:00,2733.067489,2732.632542,2732.411256,-0.43494700000019293,-0.6562330000001566,-0.5455900000001748
2022-08-06 10:45:00,2733.068079,2732.631382,2732.411266,-0.4366970000000947,-0.6568130000000565,-0.5467550000000756
2022-08-06 11:00:00,2733.068079,2732.629319,2732.411267,-0.43876000000000204,-0.6568120000001727,-0.5477860000000874
2022-08-06 11:30:00,2733.070988,2732.629988,2732.414178,-0.44099999999980355,-0.6568099999999504,-0.548904999999877
2022-08-06 12:00:00,2733.06574,2732.629719,2732.412426,-0.43602099999998245,-0.6533140000001367,-0.5446675000000596
2022-08-06 12:15:00,2733.069239,2732.627828,2732.415187,-0.44141099999978906,-0.6540519999998651,-0.5477314999998271
2022-08-06 12:30:00,2733.068659,2732.627246,2732.41331,-0.4414130000000114,-0.6553490000001148,-0.5483810000000631
2022-08-06 12:45:00,2733.070408,2732.628998,2732.415928,-0.44140999999990527,-0.6544800000001487,-0.547945000000027
2022-08-06 13:00:00,2733.069239,2732.628237,2732.412156,-0.4410020000000259,-0.6570830000000569,-0.5490425000000414
2022-08-06 13:30:00,2733.066909,2732.628728,2732.411577,-0.43818099999998594,-0.6553320000002714,-0.5467565000001287
2022-08-06 14:00:00,2733.068659,2732.625497,2732.414626,-0.44316200000002937,-0.6540329999997994,-0.5485974999999144
2022-08-06 14:30:00,2733.067489,2732.627558,2732.414178,-0.4399309999998877,-0.6533110000000306,-0.5466209999999592
2022-08-06 15:00:00,2733.069818,2732.628726,2732.414036,-0.441092000000026,-0.6557819999998173,-0.5484369999999217
2022-08-06 15:15:00,2733.069818,2732.631467,2732.41624,-0.4383509999997841,-0.6535779999999249,-0.5459644999998545
2022-08-06 15:30:00,2733.069818,2732.627966,2732.410987,-0.4418519999999262,-0.6588309999997364,-0.5503414999998313
2022-08-06 15:45:00,2733.072158,2732.628226,2732.412031,-0.44393200000013167,-0.6601270000001023,-0.552029500000117
2022-08-06 16:00:00,2733.068659,2732.627957,2732.413329,-0.4407019999998738,-0.655330000000049,-0.5480159999999614
2022-08-06 16:15:00,2733.070408,2732.627244,2732.416376,-0.4431640000002517,-0.6540319999999156,-0.5485980000000836
2022-08-06 16:30:00,2733.072158,2732.631456,2732.415079,-0.4407019999998738,-0.657079000000067,-0.5488904999999704
2022-08-06 18:45:00,2733.070408,2732.628233,2732.417225,-0.4421750000001339,-0.653182999999899,-0.5476790000000165
2022-08-06 19:30:00,2733.073907,2732.630473,2732.415928,-0.4434339999997974,-0.6579790000000685,-0.5507064999999329
2022-08-06 20:15:00,2733.073907,2732.631955,2732.417965,-0.44195200000012846,-0.6559419999998681,-0.5489469999999983
2022-08-06 20:45:00,2733.072737,2732.631732,2732.418977,-0.441005000000132,-0.6537600000001476,-0.5473825000001398
2022-08-06 21:15:00,2733.073327,2732.632134,2732.419852,-0.4411930000001121,-0.6534750000000713,-0.5473340000000917
2022-08-06 21:30:00,2733.074487,2732.628992,2732.420274,-0.44549499999993714,-0.6542129999997996,-0.5498539999998684
2022-08-06 22:00:00,2733.072158,2732.629894,2732.417385,-0.4422639999997955,-0.65477299999975,-0.5485184999997728
2022-08-06 22:15:00,2733.073317,2732.632143,2732.419137,-0.44117400000004636,-0.6541799999999967,-0.5476770000000215
2022-08-06 22:30:00,2733.074487,2732.633312,2732.418557,-0.44117499999993015,-0.6559299999998984,-0.5485524999999143
2022-08-06 23:30:00,2733.073327,2732.631831,2732.418555,-0.4414959999999155,-0.6547719999998662,-0.5481339999998909
2022-08-07 01:15:00,2733.072737,2732.632224,2732.421014,-0.4405130000000099,-0.6517229999999472,-0.5461179999999786
2022-08-07 01:45:00,2733.074487,2732.62858,2732.420727,-0.44590699999980643,-0.6537599999996928,-0.5498334999997496
2022-08-07 02:00:00,2733.073907,2732.630742,2732.420147,-0.4431650000001355,-0.6537600000001476,-0.5484625000001415
2022-08-07 02:15:00,2733.072158,2732.630472,2732.421015,-0.44168600000011793,-0.6511430000000473,-0.5464145000000826
2022-08-07 02:45:00,2733.073907,2732.630743,2732.422764,-0.44316399999979694,-0.6511430000000473,-0.5471534999999221
2022-08-07 03:30:00,2733.072158,2732.62751,2732.417966,-0.44464800000014293,-0.6541919999999664,-0.5494200000000546
2022-08-07 05:30:00,2733.072158,2732.63047,2732.422765,-0.4416879999998855,-0.6493930000001455,-0.5455405000000155
2022-08-07 06:00:00,2733.070988,2732.63006,2732.420728,-0.44092799999998533,-0.6502599999998893,-0.5455939999999373
2022-08-07 07:00:00,2733.071578,2732.628901,2732.418556,-0.4426770000000033,-0.6530219999999645,-0.5478494999999839
2022-08-07 07:45:00,2733.071578,2732.629309,2732.418557,-0.4422690000001239,-0.6530210000000807,-0.5476450000001023
2022-08-07 08:30:00,2733.071578,2732.630078,2732.420308,-0.4414999999999054,-0.6512699999998404,-0.5463849999998729
2022-08-07 08:45:00,2733.071568,2732.628906,2732.417839,-0.4426619999999275,-0.6537289999996574,-0.5481954999997924
2022-08-07 09:00:00,2733.071568,2732.630387,2732.419137,-0.44118099999968763,-0.6524309999999787,-0.5468059999998331
2022-08-07 09:15:00,2733.069818,2732.631368,2732.420434,-0.4384500000001026,-0.6493839999998272,-0.5439169999999649
2022-08-07 09:30:00,2733.070408,2732.628137,2732.417385,-0.4422709999998915,-0.6530229999998483,-0.5476469999998699
2022-08-07 09:45:00,2733.068659,2732.626386,2732.418682,-0.4422730000001138,-0.6499770000000353,-0.5461250000000746
2022-08-07 10:00:00,2733.071568,2732.631369,2732.422186,-0.44019899999966583,-0.6493820000000596,-0.5447904999998627
2022-08-07 10:30:00,2733.071568,2732.629295,2732.416088,-0.4422729999996591,-0.6554799999998977,-0.5488764999997784
2022-08-07 10:45:00,2733.069818,2732.628636,2732.421157,-0.44118200000002616,-0.6486609999997199,-0.544921499999873
2022-08-07 11:15:00,2733.068069,2732.623653,2732.422001,-0.4444159999998192,-0.6460680000000139,-0.5452419999999165
2022-08-07 11:30:00,2733.068069,2732.624634,2732.417656,-0.4434350000001359,-0.650412999999844,-0.54692399999999
2022-08-07 11:45:00,2733.068659,2732.627866,2732.420704,-0.4407930000002125,-0.6479549999999108,-0.5443740000000616
2022-08-07 12:00:00,2733.070988,2732.627554,2732.420577,-0.4434339999997974,-0.6504110000000765,-0.5469224999999369
2022-08-07 12:15:00,2733.070408,2732.623154,2732.418683,-0.44725400000015725,-0.6517250000001695,-0.5494895000001634
2022-08-07 12:30:00,2733.071578,2732.625803,2732.418103,-0.4457750000001397,-0.6534750000000713,-0.5496250000001055
2022-08-07 12:45:00,2733.071568,2732.624633,2732.417386,-0.44693499999993946,-0.6541819999997642,-0.5505584999998518
2022-08-07 13:00:00,2733.070408,2732.626383,2732.420435,-0.4440250000002379,-0.6499730000000454,-0.5469990000001417
2022-08-07 13:15:00,2733.071578,2732.627553,2732.419853,-0.4440250000002379,-0.6517250000001695,-0.5478750000002037
2022-08-07 13:30:00,2733.074487,2732.627822,2732.422902,-0.446664999999939,-0.6515850000000682,-0.5491250000000036
2022-08-07 13:45:00,2733.071578,2732.624322,2732.416806,-0.4472559999999248,-0.6547719999998662,-0.5510139999998955
2022-08-07 14:00:00,2733.071568,2732.624989,2732.420433,-0.4465789999999288,-0.6511350000000675,-0.5488569999999982
2022-08-07 14:15:00,2733.071568,2732.627452,2732.42173,-0.4441159999996671,-0.6498379999998178,-0.5469769999997425
2022-08-07 15:00:00,2733.070988,2732.62507,2732.422311,-0.44591799999989234,-0.6486770000001343,-0.5472975000000133
2022-08-07 15:30:00,2733.077986,2732.62781,2732.422765,-0.4501759999998285,-0.6552209999999832,-0.5526984999999058
2022-08-07 15:45:00,2733.079155,2732.630461,2732.423194,-0.44869399999970483,-0.6559609999999338,-0.5523274999998193
2022-08-07 16:00:00,2733.077986,2732.62956,2732.422023,-0.4484259999999267,-0.6559629999997014,-0.5521944999998141
2022-08-07 16:15:00,2733.079155,2732.62974,2732.418107,-0.44941500000004453,-0.661047999999937,-0.5552314999999908
2022-08-07 16:45:00,2733.078575,2732.63015,2732.417527,-0.44842500000004293,-0.661047999999937,-0.55473649999999
2022-08-07 17:00:00,2733.078575,2732.6319,2732.419277,-0.44667500000014115,-0.6592980000000352,-0.5529865000000882
2022-08-07 17:15:00,2733.074487,2732.626329,2732.41735,-0.44815799999969386,-0.6571369999996932,-0.5526474999996935
2022-08-07 17:30:00,2733.077406,2732.629249,2732.418975,-0.44815699999981007,-0.6584309999998368,-0.5532939999998234
2022-08-07 17:45:00,2733.078575,2732.633381,2732.417098,-0.4451939999999013,-0.6614770000001045,-0.5533355000000029
2022-08-07 18:00:00,2733.076826,2732.629659,2732.423193,-0.44716699999980847,-0.6536329999998998,-0.5503999999998541
2022-08-07 18:15:00,2733.076826,2732.630151,2732.423481,-0.44667500000014115,-0.6533450000001721,-0.5500100000001567
2022-08-07 18:30:00,2733.073327,2732.62692,2732.421442,-0.4464069999999083,-0.6518850000002203,-0.5491460000000643
2022-08-07 19:00:00,2733.073907,2732.62575,2732.421012,-0.44815699999981007,-0.6528950000001714,-0.5505259999999907
2022-08-07 19:15:00,2733.073907,2732.62651,2732.419714,-0.4473969999999099,-0.6541929999998501,-0.55079499999988
2022-08-07 19:45:00,2733.074487,2732.628981,2732.422022,-0.44550600000002305,-0.6524649999996655,-0.5489854999998443
2022-08-07 20:15:00,2733.074487,2732.6275,2732.422309,-0.4469869999998082,-0.6521779999998216,-0.5495824999998149
2022-08-07 20:30:00,2733.072737,2732.625359,2732.421602,-0.4473779999998442,-0.6511350000000675,-0.5492564999999558
2022-08-07 20:45:00,2733.075077,2732.628587,2732.422054,-0.4464899999998124,-0.6530229999998483,-0.5497564999998303
2022-08-07 21:00:00,2733.072737,2732.62684,2732.420304,-0.44589700000005905,-0.6524329999997462,-0.5491649999999026
2022-08-07 21:15:00,2733.073317,2732.628901,2732.420884,-0.4444159999998192,-0.6524329999997462,-0.5484244999997827
2022-08-07 21:30:00,2733.073897,2732.627402,2732.421734,-0.44649500000014086,-0.6521630000002006,-0.5493290000001707
2022-08-07 21:45:00,2733.073897,2732.630632,2732.420437,-0.44326500000033775,-0.6534599999999955,-0.5483625000001666
2022-08-07 22:30:00,2733.072737,2732.628482,2732.425658,-0.4442549999998846,-0.6470789999998487,-0.5456669999998667
2022-08-07 22:45:00,2733.073907,2732.627002,2732.426956,-0.44690499999978783,-0.6469510000001719,-0.5469279999999799
2022-08-07 23:00:00,2733.075646,2732.625921,2732.425068,-0.449724999999944,-0.6505779999997685,-0.5501514999998562
2022-08-07 23:15:00,2733.075646,2732.626189,2732.425523,-0.4494569999997111,-0.6501229999998941,-0.5497899999998026
2022-08-07 23:45:00,2733.073897,2732.629152,2732.424781,-0.4447450000002391,-0.6491160000000491,-0.5469305000001441
2022-08-08 00:15:00,2733.075067,2732.63059,2732.430296,-0.44447700000000623,-0.6447710000002189,-0.5446240000001126
2022-08-08 00:30:00,2733.075646,2732.629912,2732.433758,-0.44573399999990215,-0.6418879999996534,-0.5438109999997778
2022-08-08 00:45:00,2733.072148,2732.628162,2732.42896,-0.4439860000002227,-0.6431880000000092,-0.543587000000116
2022-08-08 01:15:00,2733.073317,2732.62561,2732.425953,-0.44770699999980934,-0.647363999999925,-0.5475354999998672
2022-08-08 01:45:00,2733.071568,2732.627091,2732.421154,-0.44447700000000623,-0.6504139999997278,-0.547445499999867
2022-08-08 02:00:00,2733.075067,2732.624949,2732.422451,-0.4501180000002023,-0.6526160000003074,-0.5513670000002548
2022-08-08 02:15:00,2733.078565,2732.632074,2732.42725,-0.4464909999996962,-0.6513149999996131,-0.5489029999996546
2022-08-08 02:30:00,2733.075067,2732.628843,2732.426795,-0.44622400000025664,-0.648272000000361,-0.5472480000003088
2022-08-08 02:45:00,2733.073317,2732.630324,2732.424201,-0.44299299999966024,-0.6491160000000491,-0.5460544999998547
2022-08-08 03:15:00,2733.073317,2732.628451,2732.421339,-0.4448659999998199,-0.6519779999998718,-0.5484219999998459
2022-08-08 04:00:00,2733.071568,2732.626699,2732.42031,-0.444868999999926,-0.6512579999998707,-0.5480634999998983
2022-08-08 05:15:00,2733.071568,2732.628573,2732.417263,-0.44299499999988257,-0.6543050000000221,-0.5486499999999523
2022-08-08 05:45:00,2733.071568,2732.631803,2732.419015,-0.4397649999996247,-0.652552999999898,-0.5461589999997614
2022-08-08 06:00:00,2733.072148,2732.632383,2732.419595,-0.43976500000007945,-0.6525530000003528,-0.5461590000002161
2022-08-08 06:45:00,2733.072148,2732.627401,2732.41739,-0.44474700000000666,-0.654758000000129,-0.5497525000000678
2022-08-08 07:00:00,2733.070398,2732.622689,2732.416093,-0.44770900000003166,-0.6543050000000221,-0.5510070000000269
2022-08-08 07:30:00,2733.070988,2732.627001,2732.415386,-0.4439870000001065,-0.655601999999817,-0.5497944999999618
2022-08-08 08:15:00,2733.072148,2732.628161,2732.415991,-0.4439870000001065,-0.6561570000003485,-0.5500720000002275
2022-08-08 08:45:00,2733.070398,2732.629641,2732.422477,-0.44075699999984863,-0.6479209999997693,-0.544338999999809
2022-08-08 09:15:00,2733.073897,2732.629151,2732.425523,-0.4447460000001229,-0.6483740000003309,-0.5465600000002269
2022-08-08 09:30:00,2733.069239,2732.626239,2732.421315,-0.44299999999975626,-0.6479239999998754,-0.5454619999998158
2022-08-08 10:30:00,2733.070988,2732.625249,2732.424363,-0.44573899999977584,-0.6466249999998581,-0.546181999999817
2022-08-08 10:45:00,2733.072148,2732.624659,2732.423773,-0.44748900000013236,-0.6483750000002146,-0.5479320000001735
2022-08-08 11:15:00,2733.070398,2732.624658,2732.419985,-0.44573999999965963,-0.650412999999844,-0.5480764999997518
2022-08-08 11:30:00,2733.068649,2732.619186,2732.418688,-0.44946299999992334,-0.649960999999621,-0.5497119999997722
2022-08-08 11:45:00,2733.072148,2732.623898,2732.421735,-0.4482500000003711,-0.6504130000002988,-0.5493315000003349
2022-08-08 12:00:00,2733.072148,2732.623506,2732.422189,-0.44864200000029086,-0.6499590000003082,-0.5493005000002995
2022-08-08 12:15:00,2733.069818,2732.628628,2732.421155,-0.44119000000000597,-0.6486629999999423,-0.5449264999999741
2022-08-08 12:30:00,2733.070398,2732.622744,2732.419985,-0.44765400000005684,-0.650412999999844,-0.5490334999999504
2022-08-08 12:45:00,2733.071568,2732.625664,2732.422905,-0.4459039999997003,-0.6486629999999423,-0.5472834999998213
2022-08-08 13:00:00,2733.075646,2732.622415,2732.426821,-0.45323099999995975,-0.6488249999997606,-0.5510279999998602
2022-08-08 13:15:00,2733.082654,2732.626997,2732.424362,-0.4556569999999738,-0.6582919999996193,-0.5569744999997965
2022-08-08 13:30:00,2733.084403,2732.629424,2732.427411,-0.4549789999996392,-0.6569919999997182,-0.5559854999996787
2022-08-08 13:45:00,2733.087902,2732.630194,2732.423066,-0.45770800000036616,-0.6648360000003777,-0.5612720000003719
2022-08-08 14:00:00,2733.091981,2732.635345,2732.42293,-0.45663599999988946,-0.669050999999854,-0.5628434999998717
2022-08-08 14:15:00,2733.105976,2732.642263,2732.418297,-0.4637129999996432,-0.6876789999996618,-0.5756959999996525
2022-08-08 14:30:00,2733.113554,2732.65854,2732.419467,-0.45501400000011927,-0.694086999999854,-0.5745504999999866
2022-08-08 14:45:00,2733.113554,2732.671431,2732.413826,-0.4421229999998104,-0.6997280000000501,-0.5709254999999303
2022-08-08 15:00:00,2733.115303,2732.679191,2732.420041,-0.4361119999998664,-0.6952620000001843,-0.5656870000000254
2022-08-08 15:15:00,2733.115303,2732.682382,2732.420764,-0.4329210000000785,-0.6945390000000771,-0.5637300000000778
2022-08-08 15:30:00,2733.115313,2732.683599,2732.414271,-0.43171399999982896,-0.7010419999996884,-0.5663779999997587
2022-08-08 15:45:00,2733.111814,2732.682327,2732.424528,-0.42948699999988094,-0.6872859999998582,-0.5583864999998696
2022-08-08 16:00:00,2733.107725,2732.682007,2732.416728,-0.42571799999996074,-0.6909969999996974,-0.5583574999998291
2022-08-08 16:15:00,2733.106566,2732.679143,2732.42148,-0.4274230000000898,-0.6850859999999557,-0.5562545000000227
2022-08-08 16:30:00,2733.104816,2732.680134,2732.416291,-0.4246819999998479,-0.6885250000000269,-0.5566034999999374
2022-08-08 16:45:00,2733.104227,2732.680306,2732.425235,-0.4239209999996092,-0.6789919999996528,-0.551456499999631
2022-08-08 17:00:00,2733.103067,2732.680136,2732.422507,-0.42293100000006234,-0.6805599999997867,-0.5517454999999245
2022-08-08 17:15:00,2733.101308,2732.680529,2732.421344,-0.4207789999995839,-0.6799639999999272,-0.5503714999997555
2022-08-08 17:30:00,2733.101308,2732.681618,2732.425418,-0.41968999999971857,-0.6758899999999812,-0.5477899999998499
2022-08-08 17:45:00,2733.100728,2732.681038,2732.420494,-0.41968999999971857,-0.6802339999999276,-0.5499619999998231
2022-08-08 18:00:00,2733.098978,2732.681759,2732.424838,-0.41721899999993184,-0.6741400000000795,-0.5456795000000056
2022-08-08 18:15:00,2733.100148,2732.683919,2732.427307,-0.41622899999993024,-0.6728410000000622,-0.5445349999999962
2022-08-08 18:30:00,2733.098978,2732.68059,2732.42873,-0.41838800000004994,-0.6702479999999014,-0.5443179999999757
2022-08-08 18:45:00,2733.097229,2732.680321,2732.436082,-0.4169080000001486,-0.6611469999998008,-0.5390274999999747
2022-08-08 19:00:00,2733.097809,2732.67884,2732.438676,-0.4189689999998336,-0.659132999999656,-0.5390509999997448
2022-08-08 19:15:00,2733.096059,2732.67709,2732.432318,-0.4189689999998336,-0.6637409999998454,-0.5413549999998395
2022-08-08 19:30:00,2733.096059,2732.681803,2732.439981,-0.41425600000002305,-0.6560779999999795,-0.5351670000000013
2022-08-08 20:00:00,2733.09315,2732.679883,2732.435358,-0.41326700000036,-0.6577919999999722,-0.5355295000001661
2022-08-08 20:15:00,2733.09315,2732.680372,2732.437952,-0.41277800000034404,-0.6551979999999276,-0.5339880000001358
2022-08-08 20:30:00,2733.090231,2732.677452,2732.431881,-0.4127790000002278,-0.658350000000155,-0.5355645000001914
2022-08-08 20:45:00,2733.091981,2732.675972,2732.434475,-0.41600900000003094,-0.6575060000000121,-0.5367575000000215
2022-08-08 21:30:00,2733.091981,2732.67422,2732.437522,-0.41776100000015504,-0.6544589999998607,-0.5361100000000079
2022-08-08 21:45:00,2733.090811,2732.674201,2732.434211,-0.41661000000021886,-0.6566000000002532,-0.536605000000236
2022-08-08 22:00:00,2733.089062,2732.670971,2732.435508,-0.418091000000004,-0.6535539999999855,-0.5358224999999948
2022-08-08 22:30:00,2733.089062,2732.673442,2732.438102,-0.41562000000021726,-0.6509599999999409,-0.5332900000000791
2022-08-08 22:45:00,2733.087902,2732.67162,2732.430456,-0.4162820000001375,-0.6574460000001636,-0.5368640000001506
2022-08-08 23:00:00,2733.087312,2732.672781,2732.429866,-0.4145309999998972,-0.6574460000001636,-0.5359885000000304
2022-08-08 23:15:00,2733.089062,2732.669058,2732.431616,-0.42000400000006266,-0.6574460000001636,-0.5387250000001131
2022-08-09 00:45:00,2733.088482,2732.668478,2732.432786,-0.42000400000006266,-0.6556960000002618,-0.5378500000001623
2022-08-09 01:00:00,2733.086733,2732.67026,2732.426404,-0.4164730000002237,-0.6603290000002744,-0.538401000000249
2022-08-09 01:15:00,2733.086733,2732.669547,2732.429452,-0.41718600000012884,-0.6572810000002391,-0.537233500000184
2022-08-09 01:30:00,2733.084983,2732.668779,2732.429451,-0.41620400000010704,-0.6555320000002212,-0.5358680000001641
2022-08-09 01:45:00,2733.086733,2732.670529,2732.432499,-0.41620400000010704,-0.6542340000000877,-0.5352190000000974
2022-08-09 02:00:00,2733.085563,2732.67125,2732.428154,-0.4143130000002202,-0.657408999999916,-0.5358610000000681
2022-08-09 02:15:00,2733.084983,2732.669769,2732.42381,-0.41521400000010544,-0.6611730000004172,-0.5381935000002613
2022-08-09 02:30:00,2733.084983,2732.670668,2732.429324,-0.4143149999999878,-0.6556590000000142,-0.534987000000001
2022-08-09 02:45:00,2733.089652,2732.677401,2732.437458,-0.41225100000019665,-0.652194000000236,-0.5322225000002163
2022-08-09 03:00:00,2733.087902,2732.672418,2732.437003,-0.4154840000001059,-0.6508990000002086,-0.5331915000001572
2022-08-09 03:30:00,2733.087902,2732.667707,2732.433669,-0.42019500000014887,-0.6542330000002039,-0.5372140000001764
2022-08-09 04:00:00,2733.087902,2732.672416,2732.431075,-0.4154860000003282,-0.6568270000002485,-0.5361565000002884
2022-08-09 04:30:00,2733.086733,2732.669186,2732.427573,-0.4175470000000132,-0.6591600000001563,-0.5383535000000848
2022-08-09 04:45:00,2733.086733,2732.670667,2732.42887,-0.4160660000002281,-0.6578629999999066,-0.5369645000000673
2022-08-09 05:00:00,2733.089652,2732.670934,2732.434512,-0.4187179999998989,-0.6551400000003014,-0.5369290000001001
2022-08-09 05:15:00,2733.087902,2732.675377,2732.437107,-0.412525000000187,-0.6507950000000164,-0.5316600000001017
2022-08-09 05:30:00,2733.086733,2732.673896,2732.438404,-0.41283700000030876,-0.6483290000001034,-0.5305830000002061
2022-08-09 06:00:00,2733.086153,2732.673894,2732.443488,-0.41225900000017646,-0.6426650000003065,-0.5274620000002415
2022-08-09 06:30:00,2733.086733,2732.673484,2732.434536,-0.41324900000017806,-0.6521969999998873,-0.5327230000000327
2022-08-09 06:45:00,2733.088482,2732.675642,2732.437583,-0.4128399999999601,-0.6508990000002086,-0.5318695000000844
2022-08-09 07:00:00,2733.085563,2732.674472,2732.43077,-0.41109099999994214,-0.6547930000001543,-0.5329420000000482
2022-08-09 07:15:00,2733.088482,2732.674661,2732.434989,-0.41382100000009814,-0.6534930000002532,-0.5336570000001757
2022-08-09 07:45:00,2733.089062,2732.677701,2732.433819,-0.4113609999999426,-0.655243000000155,-0.5333020000000488
2022-08-09 08:00:00,2733.087312,2732.675952,2732.433817,-0.4113600000000588,-0.6534950000000208,-0.5324275000000398
2022-08-09 08:30:00,2733.083814,2732.673219,2732.433365,-0.4105950000002849,-0.6504490000002079,-0.5305220000002464
2022-08-09 08:45:00,2733.087312,2732.674969,2732.438449,-0.4123429999999644,-0.648862999999892,-0.5306029999999282
2022-08-09 09:15:00,2733.085563,2732.67595,2732.437152,-0.4096130000002631,-0.6484110000001237,-0.5290120000001934
2022-08-09 09:30:00,2733.085563,2732.675679,2732.4367,-0.40988400000014735,-0.648862999999892,-0.5293735000000197
2022-08-09 09:45:00,2733.085563,2732.674199,2732.43845,-0.4113640000000487,-0.6471129999999903,-0.5292385000000195
2022-08-09 10:00:00,2733.087312,2732.674197,2732.434106,-0.413115000000289,-0.6532059999999547,-0.5331605000001218
2022-08-09 10:15:00,2733.089062,2732.672716,2732.436413,-0.4163459999999759,-0.6526490000001104,-0.5344975000000431
2022-08-09 10:30:00,2733.082064,2732.669216,2732.433651,-0.4128480000003947,-0.6484130000003461,-0.5306305000003704
2022-08-09 10:45:00,2733.086733,2732.670384,2732.434536,-0.416349000000082,-0.6521969999998873,-0.5342729999999847
2022-08-09 11:15:00,2733.085563,2732.667053,2732.431615,-0.4185099999999693,-0.6539480000001276,-0.5362290000000485
2022-08-09 11:30:00,2733.083814,2732.668534,2732.435959,-0.4152800000001662,-0.6478550000001633,-0.5315675000001647
2022-08-09 11:45:00,2733.082064,2732.669524,2732.433365,-0.4125400000002628,-0.6486990000003061,-0.5306195000002845
2022-08-09 12:00:00,2733.083234,2732.667461,2732.434822,-0.41577300000017203,-0.6484120000000075,-0.5320925000000898
2022-08-09 12:30:00,2733.083234,2732.665711,2732.436119,-0.4175230000000738,-0.6471150000002126,-0.5323190000001432
2022-08-09 12:45:00,2733.083234,2732.667193,2732.433525,-0.41604099999995015,-0.6497090000002572,-0.5328750000001037
2022-08-09 13:00:00,2733.082064,2732.6667,2732.435833,-0.4153639999999541,-0.6462310000001708,-0.5307975000000624
2022-08-09 13:15:00,2733.080315,2732.661309,2732.43713,-0.41900600000008126,-0.6431850000003578,-0.5310955000002195
2022-08-09 13:30:00,2733.084983,2732.66571,2732.440051,-0.4192729999999756,-0.6449320000001535,-0.5321025000000645
2022-08-09 13:45:00,2733.081484,2732.663869,2732.4383,-0.41761499999984153,-0.6431840000000193,-0.5303994999999304
2022-08-09 14:00:00,2733.079145,2732.66435,2732.43771,-0.41479500000014013,-0.6414350000000013,-0.5281150000000707
2022-08-09 14:15:00,2733.080895,2732.661119,2732.434374,-0.41977600000018356,-0.6465210000001207,-0.5331485000001521
2022-08-09 14:30:00,2733.079145,2732.66211,2732.435671,-0.41703499999994165,-0.6434739999999692,-0.5302544999999554
2022-08-09 14:45:00,2733.080895,2732.663591,2732.433651,-0.4173040000000583,-0.647244000000228,-0.5322740000001431
2022-08-09 15:00:00,2733.077396,2732.661841,2732.433921,-0.4155550000000403,-0.6434750000003078,-0.529515000000174
2022-08-09 15:15:00,2733.076236,2732.659699,2732.434948,-0.4165370000000621,-0.641287999999804,-0.5289124999999331
2022-08-09 15:30:00,2733.077406,2732.662619,2732.43787,-0.4147869999997056,-0.6395359999996799,-0.5271614999996928
2022-08-09 16:15:00,2733.079155,2732.660378,2732.435543,-0.4187769999998636,-0.6436119999998482,-0.5311944999998559
2022-08-09 16:30:00,2733.077986,2732.662441,2732.440469,-0.4155449999998382,-0.6375169999996615,-0.5265309999997498
2022-08-09 16:45:00,2733.079735,2732.665672,2732.439172,-0.4140629999997145,-0.6405629999999292,-0.5273129999998218
2022-08-09 17:15:00,2733.079155,2732.663611,2732.435273,-0.4155439999999544,-0.6438819999998486,-0.5297129999999015
2022-08-09 17:30:00,2733.077986,2732.663923,2732.435399,-0.4140629999997145,-0.6425869999998213,-0.5283249999997679
2022-08-09 17:45:00,2733.077406,2732.661861,2732.436569,-0.4155449999998382,-0.6408369999999195,-0.5281909999998788
2022-08-09 18:00:00,2733.080905,2732.663613,2732.436569,-0.41729199999963384,-0.6443359999998393,-0.5308139999997366
2022-08-09 18:15:00,2733.079155,2732.665094,2732.439617,-0.41406099999994694,-0.6395379999999022,-0.5267994999999246
2022-08-09 18:45:00,2733.078575,2732.665085,2732.437738,-0.41348999999991065,-0.6408369999999195,-0.5271634999999151
2022-08-09 19:00:00,2733.079155,2732.665096,2732.439615,-0.4140589999997246,-0.6395400000001246,-0.5267994999999246
2022-08-09 19:15:00,2733.079155,2732.662936,2732.436568,-0.4162189999997281,-0.6425869999998213,-0.5294029999997747
2022-08-09 19:30:00,2733.079155,2732.661865,2732.437865,-0.41728999999986627,-0.6412900000000263,-0.5292899999999463
2022-08-09 19:45:00,2733.079735,2732.664687,2732.43787,-0.41504799999984243,-0.6418649999995978,-0.5284564999997201
2022-08-09 20:00:00,2733.079145,2732.664418,2732.439167,-0.4147270000003118,-0.6399780000001556,-0.5273525000002337
2022-08-09 20:15:00,2733.079145,2732.666168,2732.437869,-0.4129769999999553,-0.6412760000002891,-0.5271265000001222
2022-08-09 20:30:00,2733.079735,2732.664681,2732.438746,-0.4150539999995999,-0.6409889999999905,-0.5280214999997952
2022-08-09 20:45:00,2733.079735,2732.66145,2732.437449,-0.41828499999974156,-0.6422859999997854,-0.5302854999997635
2022-08-09 21:15:00,2733.078565,2732.666743,2732.434982,-0.4118219999995745,-0.6435829999995804,-0.5277024999995774
2022-08-09 21:30:00,2733.078565,2732.665263,2732.439327,-0.41330199999993056,-0.6392379999997502,-0.5262699999998404
2022-08-09 22:00:00,2733.080315,2732.665272,2732.437146,-0.41504299999996874,-0.6431689999999435,-0.5291059999999561
2022-08-09 22:15:00,2733.080905,2732.666355,2732.437736,-0.4145499999999629,-0.6431689999999435,-0.5288594999999532
2022-08-09 22:45:00,2733.077406,2732.664605,2732.439756,-0.4128009999999449,-0.6376499999996668,-0.5252254999998058
2022-08-09 23:00:00,2733.080315,2732.668507,2732.443965,-0.41180800000029194,-0.6363500000002205,-0.5240790000002562
2022-08-09 23:30:00,2733.080905,2732.669587,2732.444555,-0.41131799999993746,-0.6363499999997657,-0.5238339999998516
2022-08-09 23:45:00,2733.080905,2732.666357,2732.438897,-0.41454799999974057,-0.6420079999998052,-0.5282779999997729
2022-08-10 00:00:00,2733.079735,2732.667347,2732.440336,-0.4123879999997371,-0.6393989999996847,-0.5258934999997109
2022-08-10 00:15:00,2733.079735,2732.669588,2732.439039,-0.41014699999959703,-0.6406959999999344,-0.5254214999997657
2022-08-10 00:30:00,2733.079735,2732.666669,2732.438594,-0.4130659999996169,-0.6411409999996067,-0.5271034999996118
2022-08-10 00:45:00,2733.079735,2732.667348,2732.440337,-0.4123869999998533,-0.639397999999801,-0.5258924999998271
2022-08-10 01:15:00,2733.080905,2732.668519,2732.441507,-0.4123859999999695,-0.639397999999801,-0.5258919999998852
2022-08-10 01:45:00,2733.081484,2732.667349,2732.442375,-0.4141349999999875,-0.6391089999997348,-0.5266219999998611
2022-08-10 02:00:00,2733.079735,2732.66587,2732.442376,-0.41386499999998705,-0.637358999999833,-0.52561199999991
2022-08-10 02:15:00,2733.079735,2732.667351,2732.439041,-0.4123839999997472,-0.6406939999997121,-0.5265389999997296
2022-08-10 02:30:00,2733.080905,2732.670002,2732.441509,-0.41090299999996205,-0.6393959999995786,-0.5251494999997703
2022-08-10 03:15:00,2733.079155,2732.66636,2732.441055,-0.4127949999997327,-0.6381000000001222,-0.5254474999999275
2022-08-10 03:30:00,2733.079155,2732.667843,2732.438462,-0.41131199999972523,-0.6406929999998283,-0.5260024999997768
2022-08-10 04:00:00,2733.080905,2732.668112,2732.44065,-0.4127929999999651,-0.6402549999997973,-0.5265239999998812
2022-08-10 04:15:00,2733.082654,2732.672824,2732.445448,-0.40982999999960157,-0.6372059999998783,-0.5235179999997399
2022-08-10 04:30:00,2733.080905,2732.669593,2732.444559,-0.41131199999972523,-0.6363459999997758,-0.5238289999997505
2022-08-10 04:45:00,2733.080905,2732.668833,2732.443244,-0.4120719999996254,-0.6376609999997527,-0.524866499999689
2022-08-10 05:00:00,2733.082654,2732.670583,2732.441949,-0.4120709999997416,-0.640704999999798,-0.5263879999997698
2022-08-10 05:15:00,2733.083814,2732.672504,2732.441375,-0.41130999999995765,-0.6424390000001949,-0.5268745000000763
2022-08-10 05:30:00,2733.082654,2732.672823,2732.442402,-0.4098309999999401,-0.6402519999996912,-0.5250414999998156
2022-08-10 06:30:00,2733.081484,2732.673545,2732.439045,-0.4079389999997147,-0.6424389999997402,-0.5251889999997275
2022-08-10 06:45:00,2733.081484,2732.671073,2732.444569,-0.41041099999984,-0.6369150000000445,-0.5236629999999423
2022-08-10 07:15:00,2733.082064,2732.668422,2732.445436,-0.41364199999998164,-0.6366280000002007,-0.5251350000000912
2022-08-10 08:30:00,2733.082074,2732.674115,2732.442979,-0.407959000000119,-0.6390949999999975,-0.5235270000000583
2022-08-10 08:45:00,2733.082074,2732.674113,2732.441682,-0.40796099999988655,-0.6403919999997925,-0.5241764999998395
2022-08-10 09:00:00,2733.081484,2732.668812,2732.444139,-0.41267199999992954,-0.637344999999641,-0.5250084999997853
2022-08-10 09:15:00,2733.081484,2732.670562,2732.442102,-0.41092200000002777,-0.6393819999998414,-0.5251519999999346
2022-08-10 09:45:00,2733.078575,2732.66765,2732.441228,-0.4109250000001339,-0.6373469999998633,-0.5241359999999986
2022-08-10 10:00:00,2733.082074,2732.669901,2732.444277,-0.41217299999971146,-0.6377969999998641,-0.5249849999997878
2022-08-10 10:15:00,2733.082074,2732.670883,2732.446027,-0.4111910000001444,-0.6360469999999623,-0.5236190000000533
2022-08-10 10:30:00,2733.082074,2732.670881,2732.44473,-0.411192999999912,-0.6373439999997572,-0.5242684999998346
2022-08-10 10:45:00,2733.078575,2732.67138,2732.44298,-0.40719499999977415,-0.635595000000194,-0.5213949999999841
2022-08-10 11:30:00,2733.078575,2732.669629,2732.442526,-0.40894600000001446,-0.6360490000001846,-0.5224975000000995
2022-08-10 11:45:00,2733.078575,2732.665899,2732.444278,-0.41267599999991944,-0.6342970000000605,-0.52348649999999
2022-08-10 12:00:00,2733.081484,2732.66854,2732.446735,-0.41294399999969755,-0.6347489999998288,-0.5238464999997632
2022-08-10 12:15:00,2733.078565,2732.667879,2732.442391,-0.4106859999997141,-0.6361739999997553,-0.5234299999997347
2022-08-10 12:30:00,2733.077986,2732.664646,2732.443689,-0.41333999999960724,-0.6342969999996058,-0.5238184999996065
2022-08-10 12:45:00,2733.078565,2732.664916,2732.445439,-0.4136489999996229,-0.6331259999997201,-0.5233874999996715
2022-08-10 13:30:00,2733.079735,2732.667386,2732.447745,-0.41234899999972185,-0.6319899999998597,-0.5221694999997908
2022-08-10 13:45:00,2733.078565,2732.668867,2732.444698,-0.40969799999993484,-0.6338670000000093,-0.5217824999999721
2022-08-10 14:00:00,2733.075656,2732.665956,2732.441787,-0.40970000000015716,-0.6338689999997769,-0.521784499999967
2022-08-10 14:15:00,2733.075067,2732.665366,2732.444986,-0.40970100000004095,-0.6300810000002457,-0.5198910000001433
2022-08-10 14:45:00,2733.083234,2732.665633,2732.446449,-0.41760100000010425,-0.6367850000001454,-0.5271930000001248
2022-08-10 15:30:00,2733.082654,2732.663573,2732.447618,-0.4190810000000056,-0.6350359999996726,-0.5270584999998391
2022-08-10 15:45:00,2733.083234,2732.661413,2732.444572,-0.4218210000003637,-0.6386620000002949,-0.5302415000003293
2022-08-10 16:00:00,2733.084403,2732.662091,2732.443992,-0.4223119999996925,-0.6404109999998582,-0.5313614999997753
2022-08-10 16:15:00,2733.082654,2732.65886,2732.448336,-0.42379399999981615,-0.6343179999998938,-0.529055999999855
2022-08-10 16:30:00,2733.084403,2732.65738,2732.447898,-0.4270229999997355,-0.6365049999999428,-0.5317639999998391
2022-08-10 16:45:00,2733.083234,2732.65845,2732.448025,-0.4247840000002725,-0.6352090000000317,-0.5299965000001521
2022-08-10 17:15:00,2733.083234,2732.652258,2732.449775,-0.4309760000001006,-0.6334590000001299,-0.5322175000001153
2022-08-10 17:30:00,2733.082654,2732.653739,2732.445868,-0.42891499999996086,-0.6367860000000292,-0.532850499999995
2022-08-10 18:15:00,2733.082654,2732.649207,2732.443991,-0.43344699999988734,-0.638662999999724,-0.5360549999998057
2022-08-10 18:30:00,2733.082654,2732.650688,2732.447038,-0.43196599999964747,-0.6356160000000273,-0.5337909999998374
2022-08-10 18:45:00,2733.082654,2732.65343,2732.445741,-0.4292239999999765,-0.6369129999998222,-0.5330684999998994
2022-08-10 19:00:00,2733.084403,2732.651948,2732.449649,-0.4324549999996634,-0.6347539999997025,-0.533604499999683
2022-08-10 19:15:00,2733.084403,2732.65244,2732.4466,-0.4319629999999961,-0.6378029999996215,-0.5348829999998088
2022-08-10 19:30:00,2733.083234,2732.653019,2732.447618,-0.43021500000031665,-0.6356160000000273,-0.532915500000172
2022-08-10 19:45:00,2733.084983,2732.65185,2732.448485,-0.433132999999998,-0.6364980000003015,-0.5348155000001498
2022-08-10 20:00:00,2733.084983,2732.653028,2732.449782,-0.4319550000000163,-0.6352010000000519,-0.5335780000000341
2022-08-10 20:15:00,2733.084983,2732.651547,2732.448484,-0.43343600000025617,-0.6364990000001853,-0.5349675000002208
2022-08-10 20:45:00,2733.085573,2732.653618,2732.449074,-0.4319550000000163,-0.6364989999997306,-0.5342269999998734
2022-08-10 21:00:00,2733.083824,2732.65586,2732.450371,-0.4279639999999745,-0.6334529999999177,-0.5307084999999461
2022-08-10 21:15:00,2733.083824,2732.652629,2732.447324,-0.4311949999996614,-0.6364999999996144,-0.5338474999996379
2022-08-10 21:30:00,2733.085563,2732.653601,2732.449926,-0.4319620000001123,-0.6356370000003153,-0.5337995000002138
2022-08-10 21:45:00,2733.087312,2732.655842,2732.44558,-0.43146999999999025,-0.6417320000000473,-0.5366010000000188
2022-08-10 22:30:00,2733.085563,2732.656834,2732.448628,-0.4287290000002031,-0.636934999999994,-0.5328320000000986
2022-08-10 23:15:00,2733.083814,2732.651132,2732.444282,-0.4326820000001135,-0.6395320000001448,-0.5361070000001291
2022-08-10 23:30:00,2733.085563,2732.655844,2732.442985,-0.4297190000002047,-0.6425779999999577,-0.5361485000000812
2022-08-11 00:00:00,2733.085563,2732.654365,2732.449368,-0.43119800000022224,-0.6361950000000434,-0.5336965000001328
2022-08-11 01:15:00,2733.085573,2732.658005,2732.448503,-0.4275680000000648,-0.6370699999997669,-0.5323189999999158
2022-08-11 01:45:00,2733.087322,2732.659095,2732.44953,-0.4282269999998789,-0.6377919999999904,-0.5330094999999346
2022-08-11 02:00:00,2733.087322,2732.660085,2732.445185,-0.4272369999998773,-0.6421369999998205,-0.5346869999998489
2022-08-11 02:15:00,2733.087322,2732.657613,2732.448232,-0.42970900000000256,-0.6390899999996691,-0.5343994999998358
2022-08-11 02:45:00,2733.085573,2732.659486,2732.449077,-0.4260869999998249,-0.6364959999996245,-0.5312914999997247
2022-08-11 03:00:00,2733.087322,2732.661236,2732.44778,-0.4260859999999411,-0.6395419999998921,-0.5328139999999166
2022-08-11 03:30:00,2733.084983,2732.660254,2732.450237,-0.4247290000002977,-0.6347460000001774,-0.5297375000002376
2022-08-11 03:45:00,2733.084983,2732.662725,2732.445893,-0.4222580000000562,-0.6390900000001238,-0.53067400000009
2022-08-11 04:00:00,2733.084983,2732.664477,2732.451989,-0.42050600000038685,-0.6329940000000533,-0.5267500000002201
2022-08-11 04:30:00,2733.084983,2732.659495,2732.450239,-0.42548800000031406,-0.6347440000004099,-0.530116000000362
2022-08-11 05:00:00,2733.084983,2732.662226,2732.445608,-0.4227570000002743,-0.6393750000002001,-0.5310660000002372
2022-08-11 05:15:00,2733.086153,2732.661646,2732.445027,-0.42450700000017605,-0.6411259999999857,-0.5328165000000809
2022-08-11 05:30:00,2733.087902,2732.663397,2732.448075,-0.4245050000004085,-0.6398270000004231,-0.5321660000004158
2022-08-11 06:00:00,2733.087902,2732.660165,2732.450669,-0.4277370000004339,-0.6372330000003785,-0.5324850000004062
2022-08-11 06:30:00,2733.086733,2732.664475,2732.446906,-0.4222580000000562,-0.6398269999999684,-0.5310425000000123
2022-08-11 06:45:00,2733.086733,2732.662994,2732.45024,-0.4237390000002961,-0.6364929999999731,-0.5301160000001346
2022-08-11 07:15:00,2733.089652,2732.663395,2732.448076,-0.4262570000000778,-0.6415759999999864,-0.5339165000000321
2022-08-11 07:30:00,2733.089652,2732.667126,2732.450115,-0.42252600000028906,-0.6395370000000185,-0.5310315000001538
2022-08-11 08:00:00,2733.086733,2732.666225,2732.453742,-0.4205080000001544,-0.6329909999999472,-0.5267495000000508
2022-08-11 08:30:00,2733.086733,2732.665954,2732.450243,-0.42077900000003865,-0.6364900000003217,-0.5286345000001802
2022-08-11 09:00:00,2733.086733,2732.664865,2732.450965,-0.421867999999904,-0.6357680000000983,-0.5288180000000011
2022-08-11 09:30:00,2733.083234,2732.664202,2732.45154,-0.419032000000243,-0.6316940000001523,-0.5253630000001976
2022-08-11 09:45:00,2733.084983,2732.664474,2732.447649,-0.4205090000000382,-0.6373340000000098,-0.528921500000024
2022-08-11 10:00:00,2733.084983,2732.662993,2732.451993,-0.4219900000002781,-0.6329900000000634,-0.5274900000001708
2022-08-11 10:30:00,2733.083234,2732.661241,2732.450696,-0.4219930000003842,-0.6325380000002951,-0.5272655000003397
2022-08-11 10:45:00,2733.083234,2732.659489,2732.448947,-0.42374500000005355,-0.6342870000003131,-0.5290160000001833
2022-08-11 11:15:00,2733.081484,2732.658721,2732.447195,-0.42276300000003175,-0.634288999999626,-0.5285259999998289
2022-08-11 11:30:00,2733.083234,2732.65872,2732.453561,-0.42451400000027206,-0.6296730000003663,-0.5270935000003192
2022-08-11 11:45:00,2733.078565,2732.655988,2732.446743,-0.42257699999981924,-0.6318219999998291,-0.5271994999998242
2022-08-11 12:00:00,2733.081484,2732.65989,2732.452712,-0.42159399999991365,-0.6287720000000263,-0.52518299999997
2022-08-11 12:45:00,2733.077986,2732.655978,2732.45182,-0.42200800000000527,-0.6261659999995572,-0.5240869999997813
2022-08-11 13:00:00,2733.080905,2732.658138,2732.451694,-0.42276700000002165,-0.6292109999999411,-0.5259889999999814
2022-08-11 13:15:00,2733.080905,2732.6611,2732.452132,-0.41980499999999665,-0.6287729999999101,-0.5242889999999534
2022-08-11 13:30:00,2733.079155,2732.653158,2732.449083,-0.42599699999982477,-0.6300719999999274,-0.5280344999998761
2022-08-11 13:45:00,2733.079155,2732.649925,2732.448342,-0.429229999999734,-0.6308129999997618,-0.5300214999997479
2022-08-11 14:00:00,2733.079155,2732.650996,2732.447045,-0.4281590000000506,-0.6321100000000115,-0.530134500000031
2022-08-11 14:15:00,2733.078565,2732.653146,2732.450076,-0.42541899999969246,-0.6284889999997176,-0.526953999999705
2022-08-11 14:30:00,2733.078565,2732.654627,2732.451254,-0.42393799999990733,-0.6273109999997359,-0.5256244999998216
2022-08-11 14:45:00,2733.080315,2732.655608,2732.449217,-0.42470700000012584,-0.6310980000002928,-0.5279025000002093
2022-08-11 15:00:00,2733.080315,2732.655298,2732.449949,-0.4250170000000253,-0.630366000000322,-0.5276915000001736
2022-08-11 15:15:00,2733.078565,2732.653546,2732.449496,-0.42501899999979287,-0.6290689999996175,-0.5270439999997052
2022-08-11 15:30:00,2733.078565,2732.653548,2732.448199,-0.4250170000000253,-0.6303659999998672,-0.5276914999999462
2022-08-11 15:45:00,2733.075067,2732.649655,2732.449495,-0.4254120000000512,-0.6255720000003748,-0.525492000000213
2022-08-11 16:00:00,2733.078565,2732.651404,2732.450523,-0.42716099999961443,-0.628041999999823,-0.5276014999997187
2022-08-11 16:15:00,2733.079735,2732.655046,2732.451693,-0.4246889999999439,-0.628041999999823,-0.5263654999998835
2022-08-23 17:00:00,2733.091981,2732.643386,2732.439423,-0.4485949999998411,-0.6525580000002265,-0.5505765000000338
2022-08-23 17:15:00,2733.09373,2732.644047,2732.442472,-0.4496830000002774,-0.6512579999998707,-0.550470500000074
2022-08-23 17:30:00,2733.09373,2732.642566,2732.438126,-0.4511640000000625,-0.6556040000000394,-0.553384000000051
2022-08-23 19:00:00,2733.098399,2732.636144,2732.440593,-0.4622549999999137,-0.6578060000001642,-0.560030500000039
2022-08-23 19:15:00,2733.105396,2732.633512,2732.442925,-0.4718840000000455,-0.662471000000096,-0.5671775000000707
2022-08-23 19:30:00,2733.098399,2732.637134,2732.444222,-0.4612649999999121,-0.6541769999998905,-0.5577209999999013
2022-08-23 19:45:00,2733.100148,2732.648674,2732.444509,-0.45147399999996196,-0.6556390000000647,-0.5535565000000133
2022-08-23 20:00:00,2733.098978,2732.647504,2732.443792,-0.45147399999996196,-0.6551859999999579,-0.5533299999999599
2022-08-23 20:15:00,2733.098978,2732.646514,2732.440745,-0.45246399999996356,-0.6582330000001093,-0.5553485000000364
2022-08-23 20:30:00,2733.097819,2732.648995,2732.440307,-0.44882400000005873,-0.6575120000002244,-0.5531680000001415
2022-08-23 21:00:00,2733.09432,2732.648014,2732.441604,-0.446306000000277,-0.6527160000000549,-0.549511000000166
2022-08-23 21:15:00,2733.096069,2732.648015,2732.443354,-0.44805399999995643,-0.6527150000001711,-0.5503845000000638
2022-08-23 21:30:00,2733.096059,2732.645855,2732.440887,-0.4502039999997578,-0.6551719999997658,-0.5526879999997618
2022-08-23 22:00:00,2733.096059,2732.648016,2732.440433,-0.4480429999998705,-0.6556259999997565,-0.5518344999998135
2022-08-23 22:30:00,2733.096059,2732.646535,2732.442065,-0.4495240000001104,-0.6539939999997841,-0.5517589999999473
2022-08-23 22:45:00,2733.09489,2732.645366,2732.441755,-0.44952399999965564,-0.6531350000000202,-0.5513294999998379
2022-08-23 23:00:00,2733.091391,2732.646846,2732.44044,-0.44454499999983454,-0.6509510000000773,-0.5477479999999559
2022-08-23 23:45:00,2733.091391,2732.645096,2732.436096,-0.4462949999997363,-0.6552950000000237,-0.55079499999988
2022-08-24 01:00:00,2733.091391,2732.647567,2732.437393,-0.4438239999999496,-0.653997999999774,-0.5489109999998618
2022-08-24 02:45:00,2733.092561,2732.64806,2732.437839,-0.44450099999994563,-0.6547219999997651,-0.5496114999998554
2022-08-24 05:00:00,2733.09432,2732.653439,2732.442057,-0.4408809999999903,-0.6522629999999481,-0.5465719999999692
2022-08-24 05:30:00,2733.0949,2732.652269,2732.442637,-0.4426309999998921,-0.6522629999999481,-0.5474469999999201
2022-08-24 06:15:00,2733.091401,2732.647289,2732.439878,-0.44411200000013196,-0.6515229999999974,-0.5478175000000647
2022-08-24 06:45:00,2733.09314,2732.646799,2732.437846,-0.44634099999984755,-0.6552940000001399,-0.5508174999999937
2022-08-24 07:15:00,2733.088482,2732.645457,2732.43928,-0.4430250000000342,-0.6492020000000593,-0.5461135000000468
2022-08-24 07:45:00,2733.090231,2732.647617,2732.439733,-0.4426140000000487,-0.6504979999999705,-0.5465560000000096
2022-08-24 08:00:00,2733.090231,2732.646136,2732.436686,-0.44409500000028856,-0.653545000000122,-0.5488200000002053
2022-08-24 08:30:00,2733.088482,2732.644386,2732.44002,-0.44409600000017235,-0.6484620000001087,-0.5462790000001405
2022-08-24 09:15:00,2733.088482,2732.644117,2732.441317,-0.444365000000289,-0.6471650000003137,-0.5457650000003014
2022-08-24 09:45:00,2733.085563,2732.654387,2732.43885,-0.4311760000000504,-0.6467130000000907,-0.5389445000000705
2022-08-24 12:15:00,2733.088482,2732.641454,2732.44103,-0.4470280000000457,-0.6474520000001576,-0.5472400000001016
2022-08-24 14:00:00,2733.090231,2732.640862,2732.442192,-0.4493689999999333,-0.6480390000001535,-0.5487040000000434
2022-08-24 14:30:00,2733.091981,2732.636149,2732.437966,-0.4558320000001004,-0.6540150000000722,-0.5549235000000863
2022-09-16 00:30:00,2733.077986,2732.602494,2732.407076,-0.47549199999957636,-0.6709099999998216,-0.573200999999699
2022-09-16 00:45:00,2733.076236,2732.601013,2732.408373,-0.47522299999991446,-0.6678629999996701,-0.5715429999997923
2022-09-16 03:15:00,2733.077396,2732.603964,2732.406486,-0.4734320000002299,-0.6709100000002763,-0.5721710000002531
2022-09-16 03:45:00,2733.079145,2732.606394,2732.409533,-0.47275100000024395,-0.6696120000001429,-0.5711815000001934
2022-09-16 04:00:00,2733.079145,2732.604234,2732.409534,-0.47491100000024744,-0.6696110000002591,-0.5722610000002533
2022-09-16 04:15:00,2733.077396,2732.605714,2732.408793,-0.4716820000003281,-0.6686030000000756,-0.5701425000002018
2022-09-16 05:00:00,2733.079145,2732.603163,2732.411841,-0.47598199999993085,-0.6673040000000583,-0.5716429999999946
2022-09-16 05:15:00,2733.077396,2732.601413,2732.408794,-0.4759830000002694,-0.6686020000001918,-0.5722925000002306
2022-09-16 05:45:00,2733.080895,2732.607874,2732.411285,-0.4730210000002444,-0.6696099999999205,-0.5713155000000825
2022-09-16 06:15:00,2733.079145,2732.601411,2732.407784,-0.47773400000005495,-0.6713610000001609,-0.5745475000001079
2022-09-16 07:00:00,2733.084393,2732.605402,2732.412582,-0.4789909999999509,-0.6718110000001616,-0.5754010000000562
2022-09-16 07:15:00,2733.081484,2732.609363,2732.411421,-0.4721209999997882,-0.6700630000000274,-0.5710919999999078
2022-09-16 07:30:00,2733.084983,2732.608953,2732.410124,-0.4760300000002644,-0.6748590000001968,-0.5754445000002306
2022-09-16 08:15:00,2733.081484,2732.608951,2732.410393,-0.4725329999996575,-0.6710909999997057,-0.5718119999996816
2022-09-16 08:45:00,2733.078565,2732.604551,2732.409223,-0.47401399999989735,-0.6693419999996877,-0.5716779999997925
2022-09-16 09:00:00,2733.080315,2732.608461,2732.413567,-0.4718540000003486,-0.6667480000000978,-0.5693010000002232
2022-09-16 09:15:00,2733.080315,2732.606711,2732.412271,-0.4736040000002504,-0.668044000000009,-0.5708240000001297
2022-09-16 09:45:00,2733.078565,2732.604959,2732.409224,-0.47360600000001796,-0.6693409999998039,-0.5714734999999109
2022-09-16 10:00:00,2733.081484,2732.603478,2732.407927,-0.47800599999982296,-0.6735569999996187,-0.5757814999997208
2022-09-16 10:15:00,2733.076816,2732.602219,2732.407474,-0.47459699999990335,-0.6693419999996877,-0.5719694999997955
2022-09-16 10:45:00,2733.077986,2732.602528,2732.411818,-0.4754579999998896,-0.6661679999997432,-0.5708129999998164
2022-09-16 11:00:00,2733.077396,2732.600287,2732.407599,-0.4771089999999276,-0.6697970000000169,-0.5734529999999722
2022-09-16 11:15:00,2733.075067,2732.599297,2732.408769,-0.47577000000001135,-0.6662980000000971,-0.5710340000000542
2022-09-16 11:45:00,2733.076816,2732.598804,2732.410519,-0.47801199999958044,-0.6662969999997586,-0.5721544999996695
2022-09-16 12:00:00,2733.075067,2732.602035,2732.409222,-0.4730320000003303,-0.6658449999999903,-0.5694385000001603
2022-09-16 12:30:00,2733.076236,2732.602524,2732.412717,-0.4737119999999777,-0.6635189999997237,-0.5686154999998507
2022-09-16 12:45:00,2733.075646,2732.601435,2732.41083,-0.47421099999974103,-0.6648159999999734,-0.5695134999998572
2022-09-16 13:00:00,2733.073897,2732.599685,2732.40733,-0.47421200000007957,-0.6665670000002137,-0.5703895000001467
2022-09-16 13:15:00,2733.074487,2732.597044,2732.40967,-0.47744299999976647,-0.6648169999998572,-0.5711299999998118
2022-09-16 13:30:00,2733.074487,2732.595294,2732.40792,-0.47919299999966825,-0.666566999999759,-0.5728799999997136
2022-09-16 13:45:00,2733.074487,2732.596454,2732.40834,-0.4780329999998685,-0.6661469999999099,-0.5720899999998892
2022-09-16 14:00:00,2733.072737,2732.593221,2732.403994,-0.47951599999987593,-0.6687430000001768,-0.5741295000000264
2022-09-16 14:15:00,2733.073907,2732.593901,2732.40951,-0.48000599999977567,-0.6643970000000081,-0.5722014999998919
2022-09-16 14:30:00,2733.077406,2732.595259,2732.41126,-0.48214699999971344,-0.6661460000000261,-0.5741464999998698
2022-09-16 14:45:00,2733.073907,2732.59324,2732.409508,-0.4806669999998121,-0.6643989999997757,-0.5725329999997939
2022-09-16 15:30:00,2733.073327,2732.592169,2732.410678,-0.4811580000000504,-0.6626489999998739,-0.5719034999999622
2022-09-16 15:45:00,2733.075077,2732.593919,2732.412428,-0.4811580000000504,-0.6626489999998739,-0.5719034999999622
2022-09-16 16:00:00,2733.072158,2732.59248,2732.410805,-0.47967800000014904,-0.6613529999999628,-0.5705155000000559
2022-09-16 16:15:00,2733.070408,2732.590419,2732.409938,-0.4799889999999323,-0.6604700000002595,-0.5702295000000959
2022-09-16 17:15:00,2733.073327,2732.595401,2732.410391,-0.47792600000002494,-0.6629360000001725,-0.5704310000000987
2022-09-16 17:30:00,2733.072158,2732.593651,2732.411686,-0.4785069999998086,-0.660472000000027,-0.5694894999999178
2022-09-16 18:30:00,2733.073317,2732.594401,2732.411549,-0.47891600000002654,-0.6617679999999382,-0.5703419999999824
2022-09-16 19:30:00,2733.076236,2732.593903,2732.412846,-0.48233299999992596,-0.6633899999997084,-0.5728614999998172
2022-09-16 19:45:00,2733.074487,2732.596554,2732.412719,-0.4779329999996662,-0.6617679999999382,-0.5698504999998022
2022-09-16 20:00:00,2733.075067,2732.593634,2732.411096,-0.48143300000037925,-0.6639710000004015,-0.5727020000003904
2022-09-16 20:45:00,2733.076826,2732.597455,2732.413436,-0.47937099999990096,-0.6633900000001631,-0.571380500000032
2022-09-16 21:00:00,2733.073327,2732.592973,2732.411971,-0.4803540000002613,-0.6613560000000689,-0.5708550000001651
2022-09-16 21:15:00,2733.075077,2732.592253,2732.410674,-0.48282400000016423,-0.6644029999997656,-0.5736134999999649
2022-09-16 21:30:00,2733.075656,2732.593244,2732.408207,-0.4824119999998402,-0.6674490000000333,-0.5749304999999367
2022-09-16 21:45:00,2733.075077,2732.592174,2732.411971,-0.48290300000007846,-0.6631059999999707,-0.5730045000000246
2022-09-16 22:00:00,2733.076826,2732.592934,2732.411127,-0.4838920000001963,-0.6656990000001315,-0.5747955000001639
2022-09-16 22:15:00,2733.078575,2732.597154,2732.412137,-0.4814209999999548,-0.6664380000001984,-0.5739295000000766
2022-09-16 22:30:00,2733.079735,2732.596834,2732.414595,-0.48290099999985614,-0.6651399999996102,-0.5740204999997331
2022-09-16 22:45:00,2733.078575,2732.595674,2732.410386,-0.48290099999985614,-0.6681889999999839,-0.57554499999992
2022-09-16 23:30:00,2733.079735,2732.596836,2732.414593,-0.4828989999996338,-0.6651419999998325,-0.5740204999997331
2022-09-16 23:45:00,2733.076236,2732.596566,2732.412843,-0.4796699999997145,-0.6633929999998145,-0.5715314999997645
2022-09-17 00:00:00,2733.080905,2732.597326,2732.412716,-0.48357899999973597,-0.6681889999999839,-0.57588399999986
