Date_Time,P6_WSE,P6_gw_left,P6_gw_right,P6_h_left,P6_h_right,P6_h_average
2022-03-02 00:15:00,2737.311252,2736.905518,2736.974864,-0.40573399999993853,-0.33638800000017,-0.37106100000005426
2022-03-02 00:30:00,2737.310086,2736.900868,2736.9763,-0.4092179999997825,-0.3337860000001456,-0.371501999999964
2022-03-02 00:45:00,2737.30892,2736.901451,2736.976882,-0.4074689999997645,-0.3320380000000114,-0.36975349999988794
2022-03-02 01:00:00,2737.311252,2736.903024,2736.978318,-0.4082279999997809,-0.33293400000002293,-0.3705809999999019
2022-03-02 01:15:00,2737.308336,2736.901858,2736.977152,-0.4064779999998791,-0.33118400000012116,-0.36883100000000013
2022-03-02 01:30:00,2737.310669,2736.901123,2736.981234,-0.40954599999986385,-0.3294350000001032,-0.3694904999999835
2022-03-02 01:45:00,2737.312422,2736.901706,2736.979216,-0.41071599999986574,-0.33320599999979095,-0.37196099999982835
2022-03-02 02:00:00,2737.314171,2736.904528,2736.980068,-0.40964299999996,-0.33410300000014104,-0.3718730000000505
2022-03-02 02:15:00,2737.315337,2736.905694,2736.97778,-0.40964299999996,-0.33755699999983335,-0.3735999999998967
2022-03-02 02:30:00,2737.313005,2736.902699,2736.978901,-0.410305999999764,-0.3341040000000248,-0.3722049999998944
2022-03-02 03:30:00,2737.312418,2736.902113,2736.975132,-0.41030499999988024,-0.3372859999999491,-0.3737954999999147
2022-03-02 03:45:00,2737.310476,2736.89918,2736.977255,-0.4112960000002204,-0.3332210000003215,-0.37225850000027094
2022-03-02 04:00:00,2737.311839,2736.901533,2736.976868,-0.410305999999764,-0.33497099999976854,-0.3726384999997663
2022-03-02 04:15:00,2737.311255,2736.901874,2736.981489,-0.4093809999999394,-0.32976600000029066,-0.369573500000115
2022-03-02 04:30:00,2737.311255,2736.900884,2736.980636,-0.410370999999941,-0.3306190000002971,-0.37049500000011903
2022-03-02 05:00:00,2737.314171,2736.902116,2736.977451,-0.412054999999782,-0.3367199999997865,-0.37438749999978427
2022-03-02 05:15:00,2737.310089,2736.907012,2736.978053,-0.4030769999999393,-0.3320360000002438,-0.36755650000009155
2022-03-02 05:30:00,2737.313005,2736.911909,2736.979784,-0.4010960000000523,-0.33322099999986676,-0.36715849999995953
2022-03-02 05:45:00,2737.310672,2736.917647,2736.976598,-0.3930249999998523,-0.3340739999998732,-0.36354949999986275
2022-03-02 06:00:00,2737.312422,2736.927697,2736.976033,-0.3847249999998894,-0.3363890000000538,-0.3605569999999716
2022-03-02 06:15:00,2737.312422,2736.938574,2736.978348,-0.37384800000018004,-0.3340739999998732,-0.3539610000000266
2022-03-02 06:45:00,2737.311255,2736.948448,2736.980071,-0.36280699999997523,-0.33118400000012116,-0.3469955000000482
2022-03-02 07:00:00,2737.311255,2736.953927,2736.97747,-0.35732800000005227,-0.3337850000002618,-0.34555650000015703
2022-03-02 07:15:00,2737.311255,2736.955744,2736.982674,-0.35551100000020597,-0.32858100000021295,-0.34204600000020946
2022-03-02 07:30:00,2737.310282,2736.95926,2736.979098,-0.35102199999982986,-0.33118400000012116,-0.3411029999999755
2022-03-02 08:15:00,2737.310086,2736.975434,2736.983254,-0.3346520000000055,-0.3268319999997402,-0.33074199999987286
2022-03-02 08:30:00,2737.311252,2736.976668,2736.98267,-0.3345840000001772,-0.32858200000009674,-0.33158300000013696
2022-03-02 08:45:00,2737.309699,2736.977853,2736.981117,-0.3318460000000414,-0.32858200000009674,-0.33021400000006906
2022-03-02 09:00:00,2737.306594,2736.979236,2736.979761,-0.3273580000000038,-0.32683300000007875,-0.3270955000000413
2022-03-02 09:15:00,2737.306594,2736.967453,2736.977159,-0.33914099999992686,-0.3294350000001032,-0.334288000000015
2022-03-02 09:30:00,2737.304454,2736.95003,2736.975872,-0.3544240000001082,-0.32858200000009674,-0.3415030000001025
2022-03-02 09:45:00,2737.301925,2736.936475,2736.97249,-0.3654500000002372,-0.3294350000001032,-0.3474425000001702
2022-03-02 10:00:00,2737.300759,2736.925257,2736.973926,-0.3755020000003242,-0.32683300000007875,-0.35116750000020147
2022-03-02 10:15:00,2737.300759,2736.921528,2736.975676,-0.3792310000003454,-0.325083000000177,-0.3521570000002612
2022-03-02 10:30:00,2737.293761,2736.916956,2736.973073,-0.3768049999998766,-0.3206879999997909,-0.34874649999983376
2022-03-02 11:00:00,2737.290263,2736.909662,2736.975106,-0.3806009999998423,-0.31515699999999924,-0.3478789999999208
2022-03-02 11:30:00,2737.28929,2736.904958,2736.974133,-0.3843320000000858,-0.31515699999999924,-0.34974450000004254
2022-03-02 11:45:00,2737.289093,2736.901262,2736.973936,-0.3878310000000056,-0.31515699999999924,-0.3514940000000024
2022-03-02 12:00:00,2737.287927,2736.898116,2736.97277,-0.3898110000000088,-0.31515699999999924,-0.352484000000004
2022-03-02 12:30:00,2737.287733,2736.900662,2736.974896,-0.3870710000001054,-0.31283699999994496,-0.3499540000000252
2022-03-02 13:00:00,2737.285597,2736.897125,2736.971907,-0.3884720000000925,-0.3136899999999514,-0.35108100000002196
2022-03-02 13:15:00,2737.287347,2736.894385,2736.971055,-0.39296199999989767,-0.3162919999999758,-0.35462699999993674
2022-03-02 13:30:00,2737.287154,2736.89335,2736.970862,-0.39380400000027294,-0.3162919999999758,-0.3550480000001244
2022-03-02 13:45:00,2737.2891,2736.899027,2736.971057,-0.3900730000000294,-0.3180429999997614,-0.3540579999998954
2022-03-02 14:00:00,2737.289683,2736.898948,2736.972206,-0.39073499999994965,-0.3174770000000535,-0.3541060000000016
2022-03-02 14:15:00,2737.290069,2736.897257,2736.96999,-0.392812000000049,-0.32007900000007794,-0.3564455000000635
2022-03-02 14:30:00,2737.289676,2736.899603,2736.971635,-0.3900730000000294,-0.3180409999999938,-0.3540570000000116
2022-03-02 14:45:00,2737.292592,2736.90077,2736.973366,-0.39182199999959266,-0.31922599999961676,-0.3555239999996047
2022-03-02 15:00:00,2737.293175,2736.902343,2736.9722,-0.39083199999959106,-0.32097499999963475,-0.3559034999996129
2022-03-02 15:15:00,2737.294731,2736.905649,2736.976358,-0.38908200000014403,-0.3183730000000651,-0.35372750000010456
2022-03-02 15:30:00,2737.293761,2736.904679,2736.975388,-0.3890819999996893,-0.3183730000000651,-0.3537274999998772
2022-03-02 15:45:00,2737.293761,2736.908076,2736.972786,-0.3856849999997394,-0.3209750000000895,-0.35332999999991443
2022-03-02 16:00:00,2737.293761,2736.909066,2736.973356,-0.3846949999997378,-0.320404999999937,-0.3525499999998374
2022-03-02 16:15:00,2737.293175,2736.909649,2736.973939,-0.38352599999961967,-0.3192359999998189,-0.3513809999997193
2022-03-02 16:30:00,2737.293758,2736.91297,2736.97192,-0.3807879999999386,-0.3218379999998433,-0.35131299999989096
2022-03-02 16:45:00,2737.292592,2736.911804,2736.970755,-0.3807879999999386,-0.3218369999999595,-0.35131249999994907
2022-03-02 17:30:00,2737.293758,2736.911221,2736.969317,-0.3825369999999566,-0.3244409999997515,-0.35348899999985406
2022-03-02 18:00:00,2737.297257,2736.915711,2736.973671,-0.3815460000000712,-0.3235859999999775,-0.35256600000002436
2022-03-02 18:15:00,2737.298233,2736.911788,2736.973476,-0.3864450000000943,-0.3247569999998632,-0.35560099999997874
2022-03-02 18:30:00,2737.29901,2736.916474,2736.978025,-0.3825360000000728,-0.3209850000002916,-0.3517605000001822
2022-03-02 18:45:00,2737.300179,2736.918305,2736.980626,-0.38187399999969784,-0.31955299999981435,-0.3507134999997561
2022-03-02 19:00:00,2737.300179,2736.919399,2736.975422,-0.3807799999999588,-0.3247569999998632,-0.352768499999911
2022-03-02 19:15:00,2737.301539,2736.91627,2736.974462,-0.3852689999998802,-0.32707699999991746,-0.3561729999998988
2022-03-02 19:30:00,2737.301149,2736.919275,2736.974073,-0.38187399999969784,-0.3270760000000337,-0.35447499999986576
2022-03-02 19:45:00,2737.303288,2736.922405,2736.977065,-0.3808830000002672,-0.32622300000002724,-0.3535530000001472
2022-03-02 20:00:00,2737.302508,2736.921625,2736.978887,-0.3808830000002672,-0.3236210000000028,-0.352252000000135
2022-03-02 20:15:00,2737.302508,2736.920969,2736.975432,-0.38153900000042995,-0.3270760000000337,-0.3543075000002318
2022-03-02 20:45:00,2737.303675,2736.922217,2736.973997,-0.3814580000002934,-0.3296780000000581,-0.35556800000017574
2022-03-02 21:30:00,2737.304258,2736.920061,2736.978035,-0.384197000000313,-0.32622300000002724,-0.3552100000001701
2022-03-02 23:00:00,2737.306007,2736.921148,2736.977182,-0.3848590000002332,-0.32882500000005166,-0.35684200000014243
2022-03-02 23:15:00,2737.30834,2736.919654,2736.979801,-0.38868600000023434,-0.3285390000000916,-0.358612500000163
2022-03-02 23:30:00,2737.305424,2736.918406,2736.98095,-0.3870180000003529,-0.32447400000000926,-0.3557460000001811
2022-03-02 23:45:00,2737.308923,2736.919144,2736.979201,-0.3897790000000896,-0.329721999999947,-0.3597505000000183
2022-03-03 00:30:00,2737.304258,2736.91275,2736.977468,-0.39150800000015806,-0.32679000000007363,-0.35914900000011585
2022-03-03 00:45:00,2737.307757,2736.917321,2736.978034,-0.3904360000001361,-0.3297229999998308,-0.36007949999998345
2022-03-03 01:45:00,2737.305617,2736.913016,2736.975042,-0.3926010000000133,-0.33057499999995343,-0.36158799999998337
2022-03-03 02:00:00,2737.306977,2736.914376,2736.979291,-0.3926010000000133,-0.3276860000000852,-0.36014350000004924
2022-03-03 02:30:00,2737.309506,2736.914501,2736.979218,-0.3950049999998555,-0.3302880000001096,-0.36264649999998255
2022-03-03 03:00:00,2737.310089,2736.913333,2736.9772,-0.3967560000000958,-0.33288900000025023,-0.364822500000173
2022-03-03 03:30:00,2737.309506,2736.912335,2736.982385,-0.3971710000000712,-0.3271210000002611,-0.36214600000016617
2022-03-03 03:45:00,2737.309896,2736.909984,2736.980174,-0.39991200000031313,-0.32972200000040175,-0.36481700000035744
2022-03-03 04:00:00,2737.308926,2736.911755,2736.980954,-0.3971710000000712,-0.3279720000000452,-0.3625715000000582
2022-03-03 04:30:00,2737.310286,2736.906979,2736.977961,-0.4033070000000407,-0.3323249999998552,-0.36781599999994796
2022-03-03 04:45:00,2737.30873,2736.908162,2736.975553,-0.40056800000002113,-0.33317699999997785,-0.3668724999999995
2022-03-03 05:15:00,2737.308343,2736.906785,2736.977768,-0.40155800000002273,-0.33057499999995343,-0.3660664999999881
2022-03-03 05:30:00,2737.308926,2736.903802,2736.976601,-0.40512400000034177,-0.33232500000030996,-0.36872450000032586
2022-03-03 05:45:00,2737.311259,2736.907192,2736.977185,-0.4040669999999409,-0.3340739999998732,-0.36907049999990704
2022-03-03 06:00:00,2737.311842,2736.905959,2736.978621,-0.4058829999999034,-0.33322099999986676,-0.3695519999998851
2022-03-03 06:45:00,2737.312425,2736.905553,2736.980101,-0.4068720000000212,-0.3323239999999714,-0.3695979999999963
2022-03-03 07:15:00,2737.314174,2736.906543,2736.980952,-0.4076310000000376,-0.3332220000002053,-0.37042650000012145
2022-03-03 07:45:00,2737.311842,2736.90223,2736.982972,-0.4096119999999246,-0.3288700000002791,-0.36924100000010185
2022-03-03 08:15:00,2737.308536,2736.901664,2736.978814,-0.4068720000000212,-0.329721999999947,-0.3682969999999841
2022-03-03 08:30:00,2737.309506,2736.903623,2736.977181,-0.4058829999999034,-0.3323249999998552,-0.3691039999998793
2022-03-03 09:15:00,2737.305034,2736.898921,2736.976208,-0.40611300000000483,-0.32882599999993545,-0.36746949999997014
2022-03-03 09:30:00,2737.304254,2736.898206,2736.973679,-0.4060480000002826,-0.33057499999995343,-0.36831150000011803
2022-03-03 09:45:00,2737.300756,2736.896456,2736.971929,-0.40430000000014843,-0.328827000000274,-0.3665635000002112
2022-03-03 10:00:00,2737.298423,2736.891318,2736.971346,-0.40710500000022876,-0.3270770000003722,-0.3670910000003005
2022-03-03 10:15:00,2737.300172,2736.896797,2736.973949,-0.4033750000003238,-0.32622300000002724,-0.3647990000001755
2022-03-03 10:30:00,2737.299006,2736.893651,2736.974532,-0.405355000000327,-0.32447400000000926,-0.3649145000001681
2022-03-03 10:45:00,2737.294341,2736.893474,2736.973364,-0.40086699999983466,-0.32097699999985707,-0.36092199999984587
2022-03-03 11:15:00,2737.297257,2736.892557,2736.971364,-0.404700000000048,-0.3258930000001783,-0.36529650000011316
2022-03-03 11:30:00,2737.294341,2736.891392,2736.972799,-0.4029489999998077,-0.32154199999968114,-0.3622454999997444
2022-03-03 11:45:00,2737.294924,2736.889234,2736.968179,-0.4056899999995949,-0.3267449999998462,-0.36621749999972053
2022-03-03 12:00:00,2737.295314,2736.893354,2736.970884,-0.40196000000014465,-0.32443000000012034,-0.3631950000001325
2022-03-03 12:15:00,2737.296091,2736.893468,2736.973682,-0.40262299999994866,-0.32240900000033434,-0.3625160000001415
2022-03-03 12:30:00,2737.294924,2736.889562,2736.969913,-0.40536199999996825,-0.325010999999904,-0.36518649999993613
2022-03-03 12:45:00,2737.294731,2736.890278,2736.969721,-0.4044530000001032,-0.3250100000000202,-0.3647315000000617
2022-03-03 13:00:00,2737.290846,2736.88989,2736.971653,-0.400955999999951,-0.31919299999981376,-0.3600744999998824
2022-03-03 13:15:00,2737.292982,2736.892688,2736.972039,-0.4002940000000308,-0.32094299999971554,-0.36061849999987317
2022-03-03 13:30:00,2737.291422,2736.888323,2736.970491,-0.40309899999965637,-0.32093099999974584,-0.3620149999997011
2022-03-03 13:45:00,2737.292395,2736.890286,2736.972886,-0.4021090000001095,-0.31950899999992544,-0.3608090000000175
2022-03-03 14:00:00,2737.291425,2736.888988,2736.969313,-0.40243699999973614,-0.32211199999983364,-0.3622744999997849
2022-03-03 14:15:00,2737.293175,2736.891728,2736.971063,-0.40144699999973454,-0.32211199999983364,-0.3617794999997841
2022-03-03 14:45:00,2737.294731,2736.894192,2736.972619,-0.4005389999997533,-0.32211199999983364,-0.36132549999979346
2022-03-03 15:00:00,2737.293768,2736.897128,2736.973382,-0.39663999999993393,-0.3203859999998713,-0.3585129999999026
2022-03-03 15:15:00,2737.295517,2736.894055,2736.972529,-0.40146199999981036,-0.3229879999998957,-0.362224999999853
2022-03-03 15:30:00,2737.294351,2736.894972,2736.973399,-0.3993789999999535,-0.3209520000000339,-0.3601654999999937
2022-03-03 15:45:00,2737.294731,2736.896597,2736.972332,-0.3981340000000273,-0.3223990000001322,-0.36026650000007976
2022-03-03 16:00:00,2737.296677,2736.897955,2736.973689,-0.398721999999907,-0.3229879999998957,-0.36085499999990134
2022-03-03 16:15:00,2737.296677,2736.899703,2736.975438,-0.3969739999997728,-0.3212389999998777,-0.35910649999982525
2022-03-03 16:30:00,2737.296094,2736.897372,2736.973105,-0.398721999999907,-0.3229889999997795,-0.36085549999984323
2022-03-03 16:45:00,2737.29726,2736.896705,2736.972522,-0.4005549999997129,-0.32473799999979747,-0.3626464999997552
2022-03-03 17:15:00,2737.294734,2736.896919,2736.971464,-0.39781500000026426,-0.32326999999986583,-0.36054250000006505
2022-03-03 17:30:00,2737.29668,2736.898865,2736.970807,-0.3978149999998095,-0.32587299999977404,-0.3618439999997918
2022-03-03 18:30:00,2737.29843,2736.896125,2736.971659,-0.40230499999961467,-0.3267710000000079,-0.3645379999998113
2022-03-03 18:45:00,2737.299403,2736.897098,2736.974383,-0.4023050000000694,-0.3250199999997676,-0.3636624999999185
2022-03-03 19:00:00,2737.299599,2736.900036,2736.971977,-0.3995629999999437,-0.327621999999792,-0.36359249999986787
2022-03-03 19:30:00,2737.300182,2736.900619,2736.977764,-0.3995629999999437,-0.3224179999997432,-0.36099049999984345
2022-03-03 19:45:00,2737.303681,2736.902367,2736.979514,-0.4013139999997293,-0.3241669999997612,-0.3627404999997452
2022-03-03 20:15:00,2737.303098,2736.900795,2736.976611,-0.4023029999998471,-0.32648699999981545,-0.36439499999983127
2022-03-03 20:30:00,2737.302708,2736.898656,2736.97419,-0.4040520000003198,-0.3285180000002583,-0.3662850000002891
2022-03-03 20:45:00,2737.300179,2736.899958,2736.976011,-0.40022099999987404,-0.32416799999964496,-0.3621944999997595
2022-03-03 21:00:00,2737.304651,2736.900931,2736.976414,-0.4037199999997938,-0.3282369999997172,-0.3659784999997555
2022-03-03 21:30:00,2737.306984,2736.902172,2736.976716,-0.40481199999976525,-0.33026799999970535,-0.3675399999997353
2022-03-03 21:45:00,2737.304258,2736.903607,2736.975738,-0.40065099999992526,-0.3285200000000259,-0.3645854999999756
2022-03-03 22:30:00,2737.305621,2736.903219,2736.973603,-0.40240200000016557,-0.3320180000000619,-0.3672100000001137
2022-03-03 22:45:00,2737.303098,2736.901785,2736.974578,-0.4013129999998455,-0.3285200000000259,-0.3649164999999357
2022-03-03 23:15:00,2737.302515,2736.899452,2736.972247,-0.40306299999974726,-0.33026799999970535,-0.3666654999997263
2022-03-03 23:30:00,2737.302318,2736.898266,2736.971197,-0.4040519999998651,-0.33112100000016653,-0.3675865000000158
2022-03-03 23:45:00,2737.300759,2736.899378,2736.971957,-0.40138100000012855,-0.32880199999999604,-0.3650915000000623
2022-03-04 00:00:00,2737.301342,2736.900625,2736.972539,-0.400716999999986,-0.3288030000003346,-0.3647600000001603
2022-03-04 00:30:00,2737.300566,2736.901418,2736.971774,-0.3991479999999683,-0.3287919999997939,-0.3639699999998811
2022-03-04 01:00:00,2737.302318,2736.902509,2736.973526,-0.39980900000000474,-0.3287919999997939,-0.36430049999989933
2022-03-04 01:15:00,2737.304848,2736.903289,2736.975158,-0.40155900000036127,-0.3296900000000278,-0.36562450000019453
2022-03-04 01:30:00,2737.304848,2736.901211,2736.975723,-0.4036370000003444,-0.3291250000002037,-0.36638100000027407
2022-03-04 01:45:00,2737.303681,2736.901794,2736.97314,-0.4018869999999879,-0.3305409999998119,-0.3662139999998999
2022-03-04 02:00:00,2737.302512,2736.902784,2736.975454,-0.39972800000032294,-0.3270580000003065,-0.3633930000003147
2022-03-04 02:15:00,2737.307567,2736.90492,2736.975841,-0.40264699999988807,-0.3317259999998896,-0.36718649999988884
2022-03-04 02:30:00,2737.306587,2736.904038,2736.976031,-0.4025489999999081,-0.3305559999998877,-0.3665524999998979
2022-03-04 02:45:00,2737.304061,2736.901512,2736.973222,-0.4025489999999081,-0.33083899999974165,-0.3666939999998249
2022-03-04 03:00:00,2737.307367,2736.903067,2736.976811,-0.4042999999996937,-0.3305559999998877,-0.3674279999997907
2022-03-04 03:15:00,2737.306587,2736.903936,2736.977454,-0.40265099999987797,-0.32913300000018353,-0.36589200000003075
2022-03-04 03:30:00,2737.304644,2736.901925,2736.976407,-0.4027189999997063,-0.3282369999997172,-0.36547799999971176
2022-03-04 04:00:00,2737.304841,2736.904862,2736.976604,-0.39997900000025766,-0.328237000000172,-0.3641080000002148
2022-03-04 04:15:00,2737.304258,2736.901539,2736.976021,-0.40271900000016103,-0.328237000000172,-0.3654780000001665
2022-03-04 04:30:00,2737.305231,2736.90068,2736.976994,-0.4045509999996284,-0.3282369999997172,-0.3663939999996728
2022-03-04 04:45:00,2737.304261,2736.902122,2736.975741,-0.40213900000026115,-0.3285200000000259,-0.3653295000001435
2022-03-04 05:00:00,2737.303678,2736.900549,2736.974306,-0.40312900000026275,-0.32937200000014855,-0.36625050000020565
2022-03-04 05:30:00,2737.304065,2736.899186,2736.975546,-0.4048789999997098,-0.32851899999968737,-0.36669899999969857
2022-03-04 05:45:00,2737.303671,2736.899701,2736.97255,-0.4039700000002995,-0.33112100000016653,-0.367545500000233
2022-03-04 06:00:00,2737.302698,2736.900739,2736.974496,-0.4019589999998061,-0.32820200000014665,-0.3650804999999764
2022-03-04 06:30:00,2737.302702,2736.902312,2736.972477,-0.4003899999997884,-0.330225000000155,-0.3653074999999717
2022-03-04 07:00:00,2737.303095,2736.900956,2736.973723,-0.40213900000026115,-0.32937200000014855,-0.36575550000020485
2022-03-04 08:30:00,2737.304261,2736.89481,2736.975171,-0.40945100000044476,-0.3290900000001784,-0.3692705000003116
2022-03-04 08:45:00,2737.302705,2736.895087,2736.971582,-0.4076180000001841,-0.3311229999999341,-0.3693705000000591
2022-03-04 09:00:00,2737.301732,2736.893122,2736.973212,-0.4086099999999533,-0.3285200000000259,-0.3685649999999896
2022-03-04 09:15:00,2737.301929,2736.891488,2736.973408,-0.4104409999999916,-0.32852100000036444,-0.36948100000017803
2022-03-04 09:30:00,2737.299789,2736.892089,2736.969564,-0.40770000000020445,-0.330225000000155,-0.3689625000001797
2022-03-04 09:45:00,2737.300759,2736.891309,2736.97224,-0.40945000000010623,-0.3285190000001421,-0.36898450000012417
2022-03-04 10:00:00,2737.29765,2736.891699,2736.970027,-0.40595100000018647,-0.32762300000013056,-0.3667870000001585
2022-03-04 10:15:00,2737.294928,2736.892557,2736.967621,-0.4023709999996754,-0.3273070000000189,-0.36483899999984715
2022-03-04 10:30:00,2737.295511,2736.893073,2736.971372,-0.40243799999961993,-0.32413899999983187,-0.3632884999997259
2022-03-04 10:45:00,2737.292982,2736.893284,2736.970592,-0.39969799999971656,-0.3223899999998139,-0.3610439999997652
2022-03-04 11:00:00,2737.292005,2736.889485,2736.969641,-0.4025199999996403,-0.32236399999965215,-0.3624419999996462
2022-03-04 11:45:00,2737.289479,2736.89876,2736.970614,-0.39071899999999005,-0.31886500000018714,-0.3547920000000886
2022-03-04 12:00:00,2737.292592,2736.898947,2736.969944,-0.3936449999996512,-0.3226479999998446,-0.3581464999997479
2022-03-04 12:15:00,2737.290066,2736.90091,2736.969168,-0.3891560000001846,-0.32089799999994284,-0.3550270000000637
2022-03-04 12:30:00,2737.292595,2736.897961,2736.969947,-0.394633999999769,-0.3226479999998446,-0.3586409999998068
2022-03-04 12:45:00,2737.290263,2736.901107,2736.969082,-0.38915599999972983,-0.32118099999979677,-0.3551684999997633
2022-03-04 13:00:00,2737.294731,2736.902077,2736.970904,-0.3926539999997658,-0.32382700000016484,-0.3582404999999653
2022-03-04 13:15:00,2737.291236,2736.90207,2736.970317,-0.38916599999993196,-0.3209190000002309,-0.3550425000000814
2022-03-04 13:30:00,2737.297647,2736.907552,2736.971782,-0.3900949999997465,-0.32586499999979424,-0.35797999999977037
2022-03-04 13:45:00,2737.295904,2736.906575,2736.9712,-0.38932900000008885,-0.3247040000001107,-0.35701650000009977
2022-03-04 14:00:00,2737.296677,2736.907245,2736.970794,-0.3894319999999425,-0.32588299999997616,-0.3576574999999593
2022-03-04 14:15:00,2737.294734,2736.909709,2736.971179,-0.3850250000000415,-0.3235549999999421,-0.3542899999999918
2022-03-04 14:30:00,2737.294738,2736.910702,2736.970331,-0.38403599999992366,-0.3244070000000647,-0.3542214999999942
2022-03-04 14:45:00,2737.296484,2736.914199,2736.972062,-0.3822850000001381,-0.32442200000014054,-0.3533535000001393
2022-03-04 15:00:00,2737.297647,2736.917439,2736.970623,-0.38020800000003874,-0.3270239999997102,-0.3536159999998745
2022-03-04 15:15:00,2737.296677,2736.915316,2736.970224,-0.3813609999997425,-0.3264529999996739,-0.3539069999997082
2022-03-04 15:30:00,2737.301342,2736.922125,2736.972569,-0.37921700000015335,-0.32877300000018295,-0.35399500000016815
2022-03-04 15:45:00,2737.302315,2736.925838,2736.977567,-0.3764769999997952,-0.3247479999999996,-0.3506124999998974
2022-03-04 16:00:00,2737.299013,2736.920391,2736.97256,-0.3786219999997229,-0.3264529999996739,-0.3525374999996984
2022-03-04 16:15:00,2737.295897,2736.920015,2736.967728,-0.3758819999998195,-0.3281689999998889,-0.3520254999998542
2022-03-04 16:30:00,2737.297253,2736.925943,2736.970789,-0.37130999999999403,-0.3264640000002146,-0.3488870000001043
2022-03-04 16:45:00,2737.297837,2736.921621,2736.966178,-0.3762160000001131,-0.3316589999999451,-0.3539375000000291
2022-03-04 17:00:00,2737.296867,2736.92514,2736.968707,-0.37172700000019177,-0.3281600000000253,-0.34994350000010854
2022-03-04 17:15:00,2737.296677,2736.928106,2736.966758,-0.36857099999997445,-0.3299189999997907,-0.34924499999988257
2022-03-04 17:45:00,2737.299393,2736.932637,2736.969474,-0.3667559999998957,-0.3299189999997907,-0.3483374999998432
2022-03-04 18:00:00,2737.300949,2736.930464,2736.96929,-0.3704849999999169,-0.3316589999999451,-0.351071999999931
2022-03-04 18:15:00,2737.29881,2736.928258,2736.97064,-0.37055199999986144,-0.3281699999997727,-0.34936099999981707
2022-03-04 18:30:00,2737.301922,2736.929621,2736.970254,-0.3723009999998794,-0.3316680000002634,-0.3519845000000714
2022-03-04 18:45:00,2737.302508,2736.930028,2736.96968,-0.3724799999999959,-0.3328280000000632,-0.35265400000002955
2022-03-04 19:00:00,2737.303285,2736.930805,2736.973049,-0.3724799999999959,-0.33023599999978615,-0.35135799999989104
2022-03-04 19:15:00,2737.303668,2736.929618,2736.978057,-0.3740499999998974,-0.32561100000020815,-0.3498305000000528
2022-03-04 19:30:00,2737.304058,2736.929018,2736.975844,-0.37504000000035376,-0.32821400000011636,-0.35162700000023506
2022-03-04 19:45:00,2737.305034,2736.931631,2736.975081,-0.373403000000053,-0.3299529999999322,-0.3516779999999926
2022-03-04 20:00:00,2737.303088,2736.928033,2736.975737,-0.3750549999999748,-0.3273509999999078,-0.3512029999999413
2022-03-04 20:15:00,2737.300169,2736.929022,2736.970533,-0.3711470000002919,-0.32963599999993676,-0.3503915000001143
2022-03-04 20:30:00,2737.303671,2736.925877,2736.972866,-0.3777939999999944,-0.33080500000005486,-0.35429950000002464
2022-03-04 20:45:00,2737.303085,2736.927121,2736.974301,-0.37596399999983987,-0.3287839999998141,-0.352373999999827
2022-03-04 21:00:00,2737.303868,2736.928813,2736.973062,-0.3750549999999748,-0.33080599999993865,-0.35293049999995674
2022-03-04 21:15:00,2737.305427,2736.925882,2736.973724,-0.37954499999978,-0.331702999999834,-0.355623999999807
2022-03-04 21:30:00,2737.304844,2736.923647,2736.972289,-0.3811969999997018,-0.33255499999995664,-0.3568759999998292
2022-03-04 21:45:00,2737.307177,2736.926062,2736.975757,-0.3811150000001362,-0.33141999999998006,-0.35626750000005813
2022-03-04 22:00:00,2737.304454,2736.923919,2736.974784,-0.3805350000002363,-0.3296700000000783,-0.3551025000001573
2022-03-04 22:15:00,2737.307757,2736.923903,2736.975485,-0.3838540000001558,-0.3322720000001027,-0.35806300000012925
2022-03-04 22:30:00,2737.304841,2736.922737,2736.974317,-0.382104000000254,-0.3305239999999685,-0.35631400000011126
2022-03-04 22:45:00,2737.307173,2736.922329,2736.974902,-0.3848440000001574,-0.3322710000002189,-0.35855750000018816
2022-03-04 23:00:00,2737.307757,2736.919332,2736.972882,-0.3884250000000975,-0.3348750000000109,-0.3616500000000542
2022-03-04 23:30:00,2737.30873,2736.92148,2736.976458,-0.3872500000002219,-0.3322720000001027,-0.3597610000001623
2022-03-05 00:00:00,2737.308343,2736.918927,2736.976923,-0.3894159999999829,-0.33141999999998006,-0.3604179999999815
2022-03-05 00:15:00,2737.307177,2736.916607,2736.978076,-0.3905700000000252,-0.3291010000002643,-0.35983550000014475
2022-03-05 00:30:00,2737.308146,2736.914175,2736.975875,-0.393970999999965,-0.33227099999976417,-0.3631209999998646
2022-03-05 00:45:00,2737.307753,2736.915533,2736.979831,-0.3922200000001794,-0.3279219999999441,-0.36007100000006176
2022-03-05 01:00:00,2737.30756,2736.916329,2736.977607,-0.3912310000000616,-0.32995300000038696,-0.3605920000002243
2022-03-05 01:15:00,2737.309116,2736.918547,2736.976561,-0.39056899999968664,-0.33255499999995664,-0.36156199999982164
2022-03-05 01:30:00,2737.310476,2736.914427,2736.976171,-0.39604899999994814,-0.33430500000031316,-0.36517700000013065
2022-03-05 01:45:00,2737.309506,2736.913703,2736.976951,-0.3958029999998871,-0.33255499999995664,-0.36417899999992187
2022-03-05 02:30:00,2737.309893,2736.909601,2736.975588,-0.4002920000002632,-0.33430500000031316,-0.3672985000002882
2022-03-05 02:45:00,2737.310866,2736.915063,2736.978311,-0.3958029999998871,-0.33255499999995664,-0.36417899999992187
2022-03-05 03:00:00,2737.309306,2736.912923,2736.978773,-0.39638300000024174,-0.33053300000028685,-0.3634580000002643
2022-03-05 03:15:00,2737.313005,2736.914365,2736.976098,-0.39863999999988664,-0.33690699999988283,-0.36777349999988473
2022-03-05 03:30:00,2737.312228,2736.911938,2736.979629,-0.40028999999958614,-0.33259899999984555,-0.36644449999971584
2022-03-05 03:45:00,2737.310282,2736.911822,2736.978,-0.39845999999988635,-0.3322819999998501,-0.3653709999998682
2022-03-05 04:00:00,2737.310479,2736.909859,2736.975322,-0.4006200000003446,-0.3351570000004358,-0.3678885000003902
2022-03-05 04:15:00,2737.312425,2736.909974,2736.980722,-0.40245099999992817,-0.33170300000028874,-0.36707700000010846
2022-03-05 04:30:00,2737.310282,2736.90999,2736.980602,-0.40029199999980847,-0.32967999999982567,-0.36498599999981707
2022-03-05 04:45:00,2737.310086,2736.907054,2736.977803,-0.4030320000001666,-0.3322829999997339,-0.36765749999995023
2022-03-05 05:00:00,2737.30892,2736.907637,2736.977534,-0.4012830000001486,-0.33138599999983853,-0.36633449999999357
2022-03-05 05:15:00,2737.311645,2736.909194,2736.979943,-0.4024510000003829,-0.33170200000040495,-0.36707650000039393
2022-03-05 05:30:00,2737.313785,2736.909584,2736.979481,-0.40420099999982995,-0.3343039999999746,-0.3692524999999023
2022-03-05 05:45:00,2737.312422,2736.905481,2736.978118,-0.40694100000018807,-0.3343039999999746,-0.37062250000008135
2022-03-05 06:15:00,2737.311835,2736.906064,2736.978701,-0.4057710000001862,-0.33313399999997273,-0.36945250000007945
2022-03-05 07:00:00,2737.309506,2736.898836,2736.978656,-0.41067000000020926,-0.3308500000002823,-0.3707600000002458
2022-03-05 07:45:00,2737.310866,2736.903263,2736.979163,-0.40760299999965355,-0.331702999999834,-0.36965299999974377
2022-03-05 08:00:00,2737.311252,2736.90091,2736.976378,-0.4103420000001279,-0.3348740000001271,-0.3726080000001275
2022-03-05 08:15:00,2737.311835,2736.899742,2736.979564,-0.41209299999991345,-0.33227099999976417,-0.3721819999998388
2022-03-05 08:30:00,2737.310866,2736.899614,2736.979446,-0.4112519999998767,-0.33141999999998006,-0.3713359999999284
2022-03-05 08:45:00,2737.311842,2736.898842,2736.977821,-0.4130000000000109,-0.3340210000001207,-0.3735105000000658
2022-03-05 09:00:00,2737.309703,2736.898785,2736.974828,-0.41091800000003786,-0.3348750000000109,-0.3728965000000244
2022-03-05 09:30:00,2737.307367,2736.89272,2736.975382,-0.41464700000005905,-0.33198499999980413,-0.3733159999999316
2022-03-05 09:45:00,2737.302118,2736.88922,2736.96928,-0.41289800000004107,-0.3328380000002653,-0.3728680000001532
2022-03-05 10:00:00,2737.304648,2736.889091,2736.97006,-0.4155569999998079,-0.33458799999971234,-0.3750724999997601
2022-03-05 10:15:00,2737.30717,2736.896432,2736.974332,-0.4107380000000376,-0.3328380000002653,-0.37178800000015144
2022-03-05 10:30:00,2737.301535,2736.894958,2736.972196,-0.4065770000001976,-0.3293389999998908,-0.3679580000000442
2022-03-05 10:45:00,2737.305817,2736.89259,2736.976444,-0.41322700000000623,-0.32937300000003233,-0.3713000000000193
2022-03-05 11:00:00,2737.303871,2736.893385,2736.975965,-0.41048600000021906,-0.3279059999999845,-0.3691960000001018
2022-03-05 11:15:00,2737.302515,2736.893778,2736.974039,-0.40873699999974633,-0.32847599999968224,-0.3686064999997143
2022-03-05 11:45:00,2737.299209,2736.89255,2736.972483,-0.4066589999997632,-0.32672599999978047,-0.3666924999997718
2022-03-05 12:00:00,2737.301345,2736.893762,2736.973756,-0.40758299999970404,-0.32758899999998903,-0.36758599999984654
2022-03-05 12:15:00,2737.297653,2736.895221,2736.971813,-0.40243199999986246,-0.32583999999997104,-0.36413599999991675
2022-03-05 12:30:00,2737.300959,2736.896777,2736.973369,-0.404182000000219,-0.32759000000032756,-0.36588600000027327
2022-03-05 12:45:00,2737.300569,2736.892985,2736.972093,-0.4075840000000426,-0.328476000000137,-0.3680300000000898
2022-03-05 13:15:00,2737.29707,2736.893646,2736.97124,-0.4034240000000864,-0.32583000000022366,-0.364627000000155
2022-03-05 13:30:00,2737.29843,2736.891026,2736.972872,-0.4074040000000423,-0.3255580000000009,-0.3664810000000216
2022-03-05 14:00:00,2737.306597,2736.895515,2736.976371,-0.4110819999996238,-0.330225999999584,-0.3706539999996039
2022-03-05 14:15:00,2737.304848,2736.897167,2736.975192,-0.40768100000013874,-0.329656000000341,-0.3686685000002399
2022-03-05 14:45:00,2737.299596,2736.890278,2736.967084,-0.40931799999998475,-0.3325119999999515,-0.37091499999996813
2022-03-05 15:15:00,2737.304264,2736.894106,2736.97664,-0.41015799999968294,-0.32762400000001435,-0.36889099999984865
2022-03-05 15:30:00,2737.301732,2736.89697,2736.974425,-0.40476200000011886,-0.3273070000000189,-0.3660345000000689
2022-03-05 15:45:00,2737.304254,2736.898666,2736.972314,-0.4055880000000798,-0.33194000000003143,-0.3687640000000556
2022-03-05 16:00:00,2737.303671,2736.898083,2736.972583,-0.4055880000000798,-0.3310879999999088,-0.3683379999999943
2022-03-05 16:15:00,2737.302505,2736.899656,2736.973166,-0.4028490000000602,-0.3293389999998908,-0.3660939999999755
2022-03-05 16:45:00,2737.304838,2736.897499,2736.973749,-0.40733899999986534,-0.3310889999997926,-0.36921399999982896
2022-03-05 17:00:00,2737.299589,2736.893584,2736.969398,-0.4060050000002775,-0.33019100000001345,-0.3680980000001455
2022-03-05 17:45:00,2737.306587,2736.894679,2736.976352,-0.41190800000003946,-0.33023499999990236,-0.3710714999999709
2022-03-05 18:00:00,2737.304838,2736.898259,2736.975499,-0.40657899999996516,-0.3293389999998908,-0.367958999999928
2022-03-05 18:15:00,2737.308726,2736.896899,2736.970684,-0.41182700000035766,-0.33804200000031415,-0.3749345000003359
2022-03-05 18:30:00,2737.306007,2736.898669,2736.972317,-0.40733799999998155,-0.3336899999999332,-0.3705139999999574
2022-03-05 18:45:00,2737.307173,2736.898004,2736.976085,-0.4091690000000199,-0.33108800000036354,-0.3701285000001917
2022-03-05 19:00:00,2737.308146,2736.896237,2736.977623,-0.41190899999992325,-0.33052299999963,-0.3712159999997766
2022-03-05 19:15:00,2737.307953,2736.892314,2736.976865,-0.41563899999982823,-0.3310879999999088,-0.3733634999998685
2022-03-05 19:30:00,2737.307757,2736.894857,2736.974919,-0.4129000000002634,-0.33283799999981056,-0.372869000000037
2022-03-05 20:00:00,2737.307757,2736.892118,2736.974067,-0.41563899999982823,-0.3336899999999332,-0.3746644999998807
2022-03-05 20:15:00,2737.308923,2736.894931,2736.977835,-0.41399200000023484,-0.3310879999999088,-0.3725400000000718
2022-03-05 20:45:00,2737.308533,2736.891145,2736.972241,-0.4173879999998462,-0.3362919999999576,-0.3768399999999019
2022-03-05 21:00:00,2737.308336,2736.895519,2736.972326,-0.4128169999999045,-0.3360099999999875,-0.374413499999946
2022-03-05 21:15:00,2737.308336,2736.89377,2736.974928,-0.4145659999999225,-0.33340799999996307,-0.3739869999999428
2022-03-05 21:45:00,2737.307753,2736.894936,2736.974345,-0.4128169999999045,-0.33340799999996307,-0.3731124999999338
2022-03-05 22:00:00,2737.307757,2736.894761,2736.976351,-0.412996000000021,-0.3314060000002428,-0.3722010000001319
2022-03-05 23:00:00,2737.310089,2736.891613,2736.975512,-0.4184760000002825,-0.33457700000008117,-0.37652650000018184
2022-03-05 23:15:00,2737.304838,2736.889296,2736.976678,-0.4155420000001868,-0.3281600000000253,-0.37185100000010607
2022-03-05 23:30:00,2737.30717,2736.891531,2736.97348,-0.41563899999982823,-0.3336899999999332,-0.3746644999998807
2022-03-05 23:45:00,2737.30756,2736.893671,2736.973017,-0.4138890000003812,-0.3345430000003944,-0.3742160000003878
2022-03-06 00:00:00,2737.308923,2736.896023,2736.97263,-0.4129000000002634,-0.3362929999998414,-0.3745965000000524
2022-03-06 00:15:00,2737.309313,2736.894665,2736.971271,-0.4146480000003976,-0.33804200000031415,-0.37634500000035587
2022-03-06 00:30:00,2737.307177,2736.898767,2736.9758,-0.4084100000000035,-0.33137699999997494,-0.3698934999999892
2022-03-06 00:45:00,2737.309509,2736.89387,2736.973782,-0.415639000000283,-0.33572700000013356,-0.37568300000020827
2022-03-06 01:00:00,2737.309896,2736.895822,2736.976771,-0.4140740000002552,-0.33312500000010914,-0.37359950000018216
2022-03-06 01:15:00,2737.313585,2736.892281,2736.976108,-0.4213039999999637,-0.33747700000003533,-0.3793904999999995
2022-03-06 01:30:00,2737.314558,2736.892496,2736.975331,-0.4220620000000963,-0.3392269999999371,-0.3806445000000167
2022-03-06 01:45:00,2737.315337,2736.895025,2736.977861,-0.42031200000019453,-0.33747600000015154,-0.37889400000017304
2022-03-06 02:00:00,2737.316504,2736.895366,2736.97988,-0.4211379999997007,-0.3366240000000289,-0.3788809999998648
2022-03-06 02:15:00,2737.313005,2736.893616,2736.978131,-0.41938900000013746,-0.3348740000001271,-0.3771315000001323
2022-03-06 02:30:00,2737.311059,2736.892511,2736.979104,-0.41854800000010073,-0.33195500000010725,-0.375251500000104
2022-03-06 03:00:00,2737.30834,2736.895188,2736.976101,-0.4131520000000819,-0.33223899999984496,-0.37269549999996343
2022-03-06 03:15:00,2737.30834,2736.893112,2736.974932,-0.4152279999998427,-0.33340799999996307,-0.3743179999999029
2022-03-06 03:30:00,2737.310476,2736.896238,2736.975318,-0.41423800000029587,-0.3351580000003196,-0.37469800000030773
2022-03-06 03:45:00,2737.30775,2736.898001,2736.975238,-0.40974899999991976,-0.3325119999999515,-0.37113049999993564
2022-03-06 04:00:00,2737.309306,2736.897726,2736.973862,-0.4115799999999581,-0.33544400000027963,-0.37351200000011886
2022-03-06 04:15:00,2737.30892,2736.898329,2736.972622,-0.4105909999998403,-0.33629800000016985,-0.37344450000000506
2022-03-06 04:30:00,2737.308336,2736.897412,2736.974641,-0.4109240000002501,-0.33369500000026164,-0.37230950000025587
2022-03-06 04:45:00,2737.305427,2736.894672,2736.972892,-0.41075499999988097,-0.33253500000000713,-0.37164499999994405
2022-03-06 05:00:00,2737.304651,2736.896635,2736.972115,-0.4080159999998614,-0.3325359999998909,-0.37027599999987615
2022-03-06 05:15:00,2737.305431,2736.898339,2736.972042,-0.40709200000037526,-0.3333890000003521,-0.3702405000003637
2022-03-06 05:30:00,2737.306597,2736.894025,2736.97378,-0.41257199999972727,-0.33281699999997727,-0.37269449999985227
2022-03-06 05:45:00,2737.305431,2736.893768,2736.972612,-0.41166300000031697,-0.3328190000001996,-0.3722410000002583
2022-03-06 06:15:00,2737.308733,2736.898059,2736.975018,-0.4106739999997444,-0.3337149999997564,-0.3721944999997504
2022-03-06 06:30:00,2737.307173,2736.896173,2736.975208,-0.4110000000000582,-0.3319650000003094,-0.3714825000001838
2022-03-06 06:45:00,2737.306007,2736.897084,2736.974042,-0.40892299999995885,-0.3319650000003094,-0.3704440000001341
2022-03-06 07:00:00,2737.303092,2736.898509,2736.974625,-0.40458300000000236,-0.3284670000002734,-0.3665250000001379
2022-03-06 07:15:00,2737.306787,2736.898704,2736.976571,-0.4080829999998059,-0.33021599999983664,-0.3691494999998213
2022-03-06 07:30:00,2737.304848,2736.898514,2736.976381,-0.40633400000024267,-0.3284670000002734,-0.36740050000025803
2022-03-06 07:45:00,2737.309316,2736.899485,2736.977351,-0.4098309999999401,-0.3319649999998546,-0.37089799999989737
2022-03-06 08:00:00,2737.312035,2736.896724,2736.977469,-0.41531099999974685,-0.33456599999999526,-0.37493849999987106
2022-03-06 08:15:00,2737.308346,2736.894786,2736.978984,-0.4135599999999613,-0.3293619999999464,-0.37146099999995386
2022-03-06 08:30:00,2737.310672,2736.894203,2736.974945,-0.4164690000002338,-0.33572700000013356,-0.3760980000001837
2022-03-06 08:45:00,2737.308346,2736.900265,2736.978413,-0.4080809999995836,-0.3299329999999827,-0.36900699999978315
2022-03-06 09:00:00,2737.306014,2736.895191,2736.978399,-0.4108229999997093,-0.327614999999696,-0.36921899999970265
2022-03-06 09:15:00,2737.309123,2736.898368,2736.976588,-0.41075499999988097,-0.33253500000000713,-0.37164499999994405
2022-03-06 09:30:00,2737.308336,2736.89817,2736.976391,-0.4101660000001175,-0.3319449999999051,-0.3710555000000113
2022-03-06 09:45:00,2737.306011,2736.897005,2736.976974,-0.4090060000003177,-0.32903699999997116,-0.36902150000014444
2022-03-06 10:00:00,2737.309503,2736.90066,2736.978409,-0.40884300000016083,-0.331094000000121,-0.3699685000001409
2022-03-06 10:15:00,2737.311642,2736.90105,2736.978799,-0.4105920000001788,-0.332843000000139,-0.3717175000001589
2022-03-06 10:45:00,2737.30776,2736.899743,2736.977826,-0.4080170000001999,-0.32993400000032125,-0.3689755000002606
2022-03-06 11:00:00,2737.306011,2736.895254,2736.973475,-0.4107570000001033,-0.33253600000034567,-0.3716465000002245
2022-03-06 11:15:00,2737.304454,2736.897197,2736.972815,-0.40725700000029974,-0.3316389999999956,-0.36944800000014766
2022-03-06 11:30:00,2737.304648,2736.894985,2736.972444,-0.4096629999999095,-0.33220399999981964,-0.3709334999998646
2022-03-06 11:45:00,2737.309113,2736.899281,2736.974853,-0.4098319999998239,-0.33425999999963096,-0.37204599999972743
2022-03-06 12:00:00,2737.30775,2736.89701,2736.972637,-0.41073999999980515,-0.33511300000009214,-0.37292649999994865
2022-03-06 12:15:00,2737.307363,2736.895633,2736.975705,-0.41172999999980675,-0.3316580000000613,-0.371693999999934
2022-03-06 12:30:00,2737.303478,2736.891664,2736.972717,-0.41181399999959467,-0.3307609999997112,-0.37128749999965294
2022-03-06 13:00:00,2737.303675,2736.892934,2736.973766,-0.4107410000001437,-0.3299090000000433,-0.3703250000000935
2022-03-06 13:15:00,2737.307757,2736.894425,2736.974349,-0.4133320000000822,-0.33340799999996307,-0.37337000000002263
2022-03-06 13:30:00,2737.306394,2736.894812,2736.977338,-0.4115820000001804,-0.3290560000000369,-0.37031900000010864
2022-03-06 13:45:00,2737.309889,2736.897214,2736.977334,-0.41267500000003565,-0.33255499999995664,-0.37261499999999614
2022-03-06 14:00:00,2737.314361,2736.896541,2736.978308,-0.41782000000011976,-0.3360529999999926,-0.3769365000000562
2022-03-06 14:15:00,2737.311832,2736.891271,2736.975778,-0.4205609999999069,-0.3360539999998764,-0.37830749999989166
2022-03-06 14:30:00,2737.312998,2736.887948,2736.976092,-0.4250499999998283,-0.33690599999999904,-0.38097799999991366
2022-03-06 15:00:00,2737.312415,2736.888453,2736.975508,-0.42396199999984674,-0.33690699999988283,-0.3804344999998648
2022-03-06 15:30:00,2737.312612,2736.890399,2736.974272,-0.4222130000002835,-0.3383400000002439,-0.3802765000002637
2022-03-06 15:45:00,2737.309309,2736.886189,2736.968368,-0.42312000000038097,-0.3409410000003845,-0.38203050000038274
2022-03-06 16:00:00,2737.306977,2736.884436,2736.971819,-0.4225410000003649,-0.3351580000003196,-0.37884950000034223
2022-03-06 16:15:00,2737.309116,2736.887745,2736.973389,-0.42137099999990824,-0.3357269999996788,-0.3785489999997935
2022-03-06 16:30:00,2737.307367,2736.888736,2736.975138,-0.41863100000000486,-0.3322290000000976,-0.3754300000000512
2022-03-06 16:45:00,2737.306594,2736.888787,2736.974365,-0.41780700000026627,-0.3322290000000976,-0.37501800000018193
2022-03-06 17:00:00,2737.308343,2736.885222,2736.976968,-0.42312100000026476,-0.33137500000020736,-0.37724800000023606
2022-03-06 17:15:00,2737.307953,2736.883908,2736.974263,-0.4240450000002056,-0.3336899999999332,-0.3788675000000694
2022-03-06 17:30:00,2737.311255,2736.882723,2736.975816,-0.42853199999990466,-0.3354389999999512,-0.3819854999999279
2022-03-06 17:45:00,2737.313588,2736.882649,2736.976399,-0.43093899999985297,-0.33718899999985297,-0.38406399999985297
2022-03-06 18:00:00,2737.313201,2736.881093,2736.976875,-0.43210799999997107,-0.33632600000009916,-0.3842170000000351
2022-03-06 18:15:00,2737.313785,2736.883835,2736.976596,-0.42994999999973516,-0.33718899999985297,-0.38356949999979406
2022-03-06 18:30:00,2737.311262,2736.882071,2736.975253,-0.4291910000001735,-0.3360090000001037,-0.3826000000001386
2022-03-06 19:00:00,2737.31612,2736.881862,2736.975715,-0.43425799999977244,-0.3404049999999188,-0.3873314999998456
2022-03-06 19:15:00,2737.314174,2736.882825,2736.9741,-0.4313489999999547,-0.34007400000018606,-0.3857115000000704
2022-03-06 19:30:00,2737.317283,2736.884185,2736.978063,-0.43309799999997267,-0.3392199999998411,-0.3861589999999069
2022-03-06 19:45:00,2737.319219,2736.886607,2736.978839,-0.43261200000006284,-0.3403800000000956,-0.3864960000000792
2022-03-06 20:00:00,2737.320582,2736.886221,2736.978453,-0.4343609999996261,-0.34212899999965884,-0.38824499999964246
2022-03-06 20:30:00,2737.308923,2736.8863,2736.9767,-0.42262299999993047,-0.33222299999988536,-0.3774229999999079
2022-03-06 20:45:00,2737.308923,2736.885308,2736.978732,-0.4236150000001544,-0.33019100000001345,-0.3769030000000839
2022-03-06 21:00:00,2737.30737,2736.892161,2736.978929,-0.415208999999777,-0.32844100000011167,-0.37182499999994434
2022-03-06 21:15:00,2737.306597,2736.895117,2736.978156,-0.4114799999997558,-0.3284409999996569,-0.36996049999970637
2022-03-06 21:30:00,2737.30893,2736.900257,2736.978739,-0.40867300000036266,-0.33019100000001345,-0.36943200000018805
2022-03-06 22:00:00,2737.308533,2736.921704,2736.978361,-0.3868290000000343,-0.33017199999994773,-0.358500499999991
2022-03-06 22:15:00,2737.309113,2736.935156,2736.980647,-0.37395699999979115,-0.32846599999993487,-0.351211499999863
2022-03-06 22:30:00,2737.307557,2736.941655,2736.978238,-0.3659020000000055,-0.3293189999999413,-0.3476104999999734
2022-03-06 22:45:00,2737.311835,2736.947006,2736.982492,-0.36482900000009977,-0.3293429999998807,-0.34708599999999024
2022-03-06 23:15:00,2737.313195,2736.956764,2736.983851,-0.35643100000015693,-0.32934400000021924,-0.3428875000001881
2022-03-06 23:30:00,2737.313581,2736.961705,2736.984238,-0.3518759999997201,-0.3293429999998807,-0.3406094999998004
2022-03-06 23:45:00,2737.311249,2736.964853,2736.985692,-0.34639599999991333,-0.32555699999966237,-0.33597649999978785
2022-03-07 00:00:00,2737.314164,2736.968841,2736.985674,-0.3453230000000076,-0.32848999999987427,-0.33690649999994093
2022-03-07 00:15:00,2737.314554,2736.97197,2736.985211,-0.342583999999988,-0.3293429999998807,-0.33596349999993436
2022-03-07 00:30:00,2737.319999,2736.976656,2736.987445,-0.3433430000000044,-0.3325539999996181,-0.33794849999981125
2022-03-07 00:45:00,2737.31825,2736.978405,2736.984556,-0.3398449999999684,-0.3336939999999231,-0.33676949999994577
2022-03-07 01:00:00,2737.319806,2736.982783,2736.984363,-0.3370230000000447,-0.3354429999999411,-0.3362329999999929
2022-03-07 01:15:00,2737.319613,2736.988501,2736.985919,-0.33111200000030294,-0.3336939999999231,-0.332403000000113
2022-03-07 01:30:00,2737.319999,2736.988953,2736.985408,-0.33104599999978745,-0.33459099999981845,-0.33281849999980295
2022-03-07 01:45:00,2737.317667,2736.992197,2736.986011,-0.32546999999976833,-0.33165599999983897,-0.32856299999980365
2022-03-07 02:00:00,2737.3165,2737.000092,2736.986594,-0.31640799999968294,-0.3299059999999372,-0.32315699999981007
2022-03-07 02:15:00,2737.315334,2736.997279,2736.988029,-0.3180549999997311,-0.32730499999979656,-0.3226799999997638
2022-03-07 02:30:00,2737.315917,2736.996872,2736.988612,-0.3190449999997327,-0.32730499999979656,-0.3231749999997646
2022-03-07 02:45:00,2737.317083,2737.002609,2736.987177,-0.314473999999791,-0.3299059999999372,-0.3221899999998641
2022-03-07 03:00:00,2737.319223,2737.003989,2736.984964,-0.3152340000001459,-0.3342589999997472,-0.32474649999994654
2022-03-07 03:15:00,2737.317863,2737.003389,2736.989374,-0.3144740000002457,-0.3284889999999905,-0.3214815000001181
2022-03-07 03:30:00,2737.316307,2737.006978,2736.99042,-0.3093290000001616,-0.32588699999996606,-0.31760800000006384
2022-03-07 03:45:00,2737.316504,2737.009914,2736.989764,-0.3065899999996873,-0.3267399999999725,-0.3166649999998299
2022-03-07 04:00:00,2737.317087,2737.013238,2736.989474,-0.3038489999999001,-0.32761299999992843,-0.3157309999999143
2022-03-07 04:15:00,2737.31864,2737.014791,2736.990175,-0.3038489999999001,-0.3284650000000511,-0.3161569999999756
2022-03-07 04:30:00,2737.321745,2737.016147,2736.99068,-0.30559800000037285,-0.3310650000003079,-0.3183315000003404
2022-03-07 04:45:00,2737.322328,2737.013991,2736.992115,-0.30833700000039244,-0.3302130000001853,-0.31927500000028886
2022-03-07 05:00:00,2737.321162,2737.012167,2736.990949,-0.30899500000032276,-0.3302130000001853,-0.319604000000254
2022-03-07 05:15:00,2737.320192,2737.012947,2736.991705,-0.30724499999996624,-0.3284870000002229,-0.3178660000000946
2022-03-07 05:30:00,2737.320002,2737.012757,2736.990662,-0.30724499999996624,-0.3293399999997746,-0.3182924999998704
2022-03-07 05:45:00,2737.322335,2737.01334,2736.994699,-0.308994999999868,-0.32763599999998405,-0.31831549999992603
2022-03-07 06:00:00,2737.322918,2737.011944,2736.99268,-0.3109739999999874,-0.33023800000000847,-0.32060599999999795
2022-03-07 06:15:00,2737.320002,2737.010018,2736.991515,-0.3099839999999858,-0.32848699999976816,-0.319235499999877
2022-03-07 06:45:00,2737.317087,2737.010601,2736.993848,-0.30648599999994985,-0.3232389999998304,-0.31486249999989013
2022-03-07 07:00:00,2737.31767,2737.008445,2736.991828,-0.30922499999996944,-0.3258419999997386,-0.31753349999985403
2022-03-07 07:30:00,2737.314171,2737.006694,2736.993533,-0.30747699999983524,-0.32063800000014453,-0.3140574999999899
2022-03-07 07:45:00,2737.313588,2737.003289,2736.995553,-0.31029899999975896,-0.3180349999997816,-0.31416699999977027
2022-03-07 08:00:00,2737.314947,2736.99559,2736.991707,-0.31935699999985445,-0.3232399999997142,-0.3212984999997843
2022-03-07 08:15:00,2737.314751,2736.989154,2736.990614,-0.3255970000000161,-0.3241370000000643,-0.3248670000000402
2022-03-07 08:30:00,2737.309696,2736.983868,2736.988493,-0.32582800000000134,-0.3212029999999686,-0.32351549999998497
2022-03-07 08:45:00,2737.308333,2736.971808,2736.98888,-0.33652500000016516,-0.3194530000000668,-0.327989000000116
2022-03-07 09:00:00,2737.309113,2736.96262,2736.990512,-0.3464930000000095,-0.3186009999999442,-0.33254699999997683
2022-03-07 09:15:00,2737.309116,2736.949983,2736.983561,-0.35913299999992887,-0.3255549999998948,-0.34234399999991183
2022-03-07 09:30:00,2737.309503,2736.935844,2736.982198,-0.3736589999998614,-0.32730499999979656,-0.350481999999829
2022-03-07 09:45:00,2737.309503,2736.930365,2736.983051,-0.37913799999978437,-0.32645199999979013,-0.35279499999978725
2022-03-07 10:00:00,2737.306197,2736.922488,2736.982348,-0.3837089999997261,-0.3238489999998819,-0.353778999999804
2022-03-07 10:15:00,2737.305807,2736.918517,2736.981105,-0.3872900000001209,-0.3247020000003431,-0.355996000000232
2022-03-07 10:30:00,2737.304448,2736.913428,2736.979745,-0.3910200000000259,-0.32470299999977215,-0.357861499999899
2022-03-07 10:45:00,2737.305224,2736.91031,2736.98194,-0.39491399999997157,-0.32328400000005786,-0.3590990000000147
2022-03-07 11:00:00,2737.310476,2736.908251,2736.985441,-0.4022250000002714,-0.32503500000029817,-0.3636300000002848
2022-03-07 11:15:00,2737.307367,2736.905902,2736.988434,-0.40146499999991647,-0.31893300000001545,-0.36019899999996596
2022-03-07 11:30:00,2737.305227,2736.903762,2736.98284,-0.40146499999991647,-0.32238699999970777,-0.3619259999998121
2022-03-07 11:45:00,2737.30834,2736.900636,2736.982453,-0.40770400000019436,-0.32588699999996606,-0.3667955000000802
2022-03-07 12:00:00,2737.306007,2736.898222,2736.983621,-0.4077850000003309,-0.3223860000002787,-0.3650855000003048
2022-03-07 13:00:00,2737.306394,2736.891312,2736.980507,-0.41508199999998396,-0.32588699999996606,-0.370484499999975
2022-03-07 13:15:00,2737.306584,2736.890512,2736.982448,-0.41607199999998556,-0.32413599999972575,-0.37010399999985566
2022-03-07 13:30:00,2737.309306,2736.892393,2736.984015,-0.4169130000000223,-0.3252910000001066,-0.37110200000006444
2022-03-07 13:45:00,2737.30892,2736.888933,2736.986231,-0.4199869999997645,-0.32268900000008216,-0.37133799999992334
2022-03-07 14:00:00,2737.30717,2736.887103,2736.988832,-0.4200670000000173,-0.31833800000003976,-0.3692025000000285
2022-03-07 14:15:00,2737.308726,2736.88417,2736.984005,-0.4245560000003934,-0.3247210000004088,-0.3746385000004011
2022-03-07 14:30:00,2737.309506,2736.883795,2736.984215,-0.4257109999998647,-0.3252910000001066,-0.37550099999998565
2022-03-07 14:45:00,2737.30718,2736.882957,2736.982196,-0.4242229999999836,-0.3249839999998585,-0.37460349999992104
2022-03-07 15:00:00,2737.308346,2736.881383,2736.986534,-0.42696299999988696,-0.3218119999996816,-0.37438749999978427
2022-03-07 15:15:00,2737.30718,2736.877395,2736.985368,-0.4297849999998107,-0.3218119999996816,-0.3757984999997461
2022-03-07 15:30:00,2737.308733,2736.876871,2736.98257,-0.43186199999991004,-0.326162999999724,-0.379012499999817
2022-03-07 15:45:00,2737.307173,2736.877061,2736.98276,-0.43011200000000827,-0.32441300000027695,-0.3772625000001426
2022-03-07 16:00:00,2737.309896,2736.878696,2736.98288,-0.4311999999999898,-0.32701600000018516,-0.3791080000000875
2022-03-07 16:15:00,2737.310286,2736.877254,2736.986437,-0.43303199999991193,-0.3238489999998819,-0.37844049999989693
2022-03-07 16:30:00,2737.307757,2736.873735,2736.983908,-0.43402199999991353,-0.3238489999998819,-0.37893549999989773
2022-03-07 16:45:00,2737.308146,2736.874123,2736.983445,-0.4340229999997973,-0.32470100000000457,-0.37936199999990095
2022-03-07 17:00:00,2737.306594,2736.874648,2736.984494,-0.4319460000001527,-0.3221000000003187,-0.3770230000002357
2022-03-07 17:15:00,2737.308343,2736.871842,2736.986244,-0.4365010000001348,-0.32209899999998015,-0.3793000000000575
2022-03-07 17:30:00,2737.30815,2736.871649,2736.986051,-0.43650099999968006,-0.32209899999998015,-0.3792999999998301
2022-03-07 17:45:00,2737.310679,2736.873091,2736.98683,-0.43758800000023257,-0.3238490000003367,-0.3807185000002846
2022-03-07 18:15:00,2737.310679,2736.871259,2736.98858,-0.4394200000001547,-0.32209899999998015,-0.3807595000000674
2022-03-07 18:30:00,2737.310096,2736.866945,2736.987997,-0.44315099999994345,-0.32209899999998015,-0.3826249999999618
2022-03-07 19:15:00,2737.312815,2736.865505,2736.988966,-0.4473099999995611,-0.3238489999998819,-0.3855794999997215
2022-03-07 19:30:00,2737.313785,2736.866474,2736.990788,-0.44731099999989965,-0.3229969999997593,-0.38515399999982947
2022-03-07 20:00:00,2737.310872,2736.865972,2736.982716,-0.44489999999996144,-0.3281560000000354,-0.38652799999999843
2022-03-07 20:15:00,2737.310676,2736.863036,2736.985409,-0.4476399999998648,-0.3252670000001672,-0.386453500000016
2022-03-07 20:30:00,2737.309316,2736.865177,2736.9884,-0.44413899999972273,-0.32091599999967,-0.3825274999996964
2022-03-07 20:45:00,2737.312038,2736.864399,2736.985022,-0.447638999999981,-0.32701600000018516,-0.3873275000000831
2022-03-07 21:00:00,2737.311259,2736.864609,2736.984243,-0.4466499999998632,-0.32701600000018516,-0.3868330000000242
2022-03-07 21:15:00,2737.312425,2736.869358,2736.984557,-0.44306700000015553,-0.32786799999985305,-0.3854675000000043
2022-03-07 21:30:00,2737.312425,2736.868696,2736.987159,-0.44372900000007576,-0.3252660000002834,-0.38449750000017957
2022-03-07 21:45:00,2737.310092,2736.863542,2736.986575,-0.4465500000001157,-0.3235170000002654,-0.38503350000019054
2022-03-07 22:00:00,2737.313008,2736.864789,2736.985992,-0.4482189999998809,-0.32701600000018516,-0.38761750000003303
2022-03-07 22:15:00,2737.310676,2736.866617,2736.988012,-0.4440589999999247,-0.32266400000025897,-0.38336150000009184
2022-03-07 23:15:00,2737.311649,2736.865759,2736.986382,-0.4458900000004178,-0.3252670000001672,-0.3855785000002925
2022-03-08 00:30:00,2737.315337,2736.868688,2736.988035,-0.4466489999999794,-0.3273020000001452,-0.3869755000000623
2022-03-08 00:45:00,2737.311255,2736.869014,2736.988303,-0.4422410000001946,-0.3229519999999866,-0.3825965000000906
2022-03-08 01:00:00,2737.311645,2736.86732,2736.986944,-0.44432500000039,-0.32470100000000457,-0.3845130000001973
2022-03-08 01:15:00,2737.311839,2736.864528,2736.986275,-0.44731099999989965,-0.3255639999997584,-0.386437499999829
2022-03-08 01:30:00,2737.313588,2736.866934,2736.988025,-0.4466539999998531,-0.3255629999998746,-0.38610849999986385
2022-03-08 01:45:00,2737.314754,2736.867444,2736.983987,-0.44731000000001586,-0.33076699999992343,-0.38903849999996964
2022-03-08 02:00:00,2737.315144,2736.866674,2736.985229,-0.4484700000002704,-0.32991500000025553,-0.38919250000026295
2022-03-08 02:15:00,2737.314758,2736.868037,2736.986592,-0.44672099999979764,-0.3281659999997828,-0.3874434999997902
2022-03-08 02:30:00,2737.315341,2736.869611,2736.988028,-0.44572999999991225,-0.32731299999977637,-0.3865214999998443
2022-03-08 02:45:00,2737.316507,2736.866288,2736.985704,-0.4502189999998336,-0.33080299999983254,-0.3905109999998331
2022-03-08 03:15:00,2737.31631,2736.867841,2736.987257,-0.44846899999993184,-0.32905299999993076,-0.3887609999999313
2022-03-08 03:30:00,2737.317667,2736.865616,2736.988613,-0.45205099999975573,-0.32905399999981455,-0.39055249999978514
2022-03-08 04:00:00,2737.3165,2736.866199,2736.987165,-0.45030099999985396,-0.3293349999999009,-0.38981799999987743
2022-03-08 04:15:00,2737.313585,2736.863863,2736.985999,-0.44972199999983786,-0.3275859999998829,-0.3886539999998604
2022-03-08 04:45:00,2737.317083,2736.864951,2736.985147,-0.4521319999998923,-0.33193600000004153,-0.3920339999999669
2022-03-08 05:15:00,2737.315334,2736.865792,2736.987748,-0.44954199999983757,-0.3275859999998829,-0.38856399999986024
2022-03-08 05:30:00,2737.319806,2736.865016,2736.988721,-0.4547899999997753,-0.3310849999998027,-0.392937499999789
2022-03-08 05:45:00,2737.320002,2736.866962,2736.988066,-0.45303999999987354,-0.33193600000004153,-0.39248799999995754
2022-03-08 06:00:00,2737.320586,2736.866704,2736.988649,-0.45388199999979406,-0.3319369999999253,-0.3929094999998597
2022-03-08 06:15:00,2737.321169,2736.869118,2736.990937,-0.45205099999975573,-0.33023199999979624,-0.391141499999776
2022-03-08 07:15:00,2737.325251,2736.86589,2736.996769,-0.45936100000017177,-0.3284820000003492,-0.3939215000002605
2022-03-08 07:30:00,2737.32739,2736.86727,2736.992807,-0.4601199999997334,-0.33458299999983865,-0.39735149999978603
2022-03-08 07:45:00,2737.32817,2736.868809,2736.994766,-0.459360999999717,-0.33340399999997317,-0.3963824999998451
2022-03-08 08:00:00,2737.329529,2736.86908,2736.996979,-0.4604490000001533,-0.33255000000008295,-0.39649950000011813
2022-03-08 08:15:00,2737.325444,2736.866744,2736.994643,-0.45870000000013533,-0.33080100000006496,-0.39475050000010015
2022-03-08 08:30:00,2737.320582,2736.865464,2736.991529,-0.4551179999998567,-0.32905299999993076,-0.3920854999998937
2022-03-08 08:45:00,2737.319999,2736.864881,2736.990946,-0.4551179999998567,-0.32905299999993076,-0.3920854999998937
2022-03-08 09:30:00,2737.312032,2736.860412,2736.983594,-0.4516199999998207,-0.32843800000000556,-0.39002899999991314
2022-03-08 09:45:00,2737.30698,2736.851778,2736.981143,-0.4552019999996446,-0.32583699999986493,-0.39051949999975477
2022-03-08 10:00:00,2737.303088,2736.846897,2736.977251,-0.4561910000002172,-0.3258370000003197,-0.3910140000002684
2022-03-08 10:15:00,2737.305811,2736.850938,2736.977654,-0.4548730000001342,-0.32815700000037396,-0.3915150000002541
2022-03-08 10:30:00,2737.306784,2736.851583,2736.981228,-0.4552009999997608,-0.3255559999997786,-0.3903784999997697
2022-03-08 11:00:00,2737.309506,2736.852884,2736.983625,-0.4566220000001522,-0.3258810000002086,-0.3912515000001804
2022-03-08 11:15:00,2737.311255,2736.854633,2736.982202,-0.4566220000001522,-0.32905299999993076,-0.3928375000000415
2022-03-08 11:30:00,2737.312422,2736.85405,2736.984791,-0.45837200000005396,-0.32763100000011036,-0.39300150000008216
2022-03-08 11:45:00,2737.310866,2736.852494,2736.97978,-0.4583719999995992,-0.33108599999968646,-0.39472899999964284
2022-03-08 12:00:00,2737.308726,2736.853936,2736.97882,-0.45479000000023007,-0.32990600000039194,-0.392348000000311
2022-03-08 12:15:00,2737.311452,2736.852751,2736.978627,-0.4587010000000191,-0.33282499999995707,-0.3957629999999881
2022-03-08 12:30:00,2737.307367,2736.852576,2736.973108,-0.4547909999996591,-0.3342589999997472,-0.39452499999970314
2022-03-08 12:45:00,2737.304844,2736.851043,2736.973758,-0.4538009999996575,-0.33108599999968646,-0.392443499999672
2022-03-08 13:00:00,2737.304065,2736.851684,2736.972409,-0.4523809999996047,-0.33165599999983897,-0.3920184999997218
2022-03-08 13:15:00,2737.30756,2736.856931,2736.975621,-0.4506290000003901,-0.33193900000014764,-0.39128400000026886
2022-03-08 13:30:00,2737.309506,2736.854388,2736.97842,-0.4551179999998567,-0.3310860000001412,-0.39310199999999895
2022-03-08 13:45:00,2737.306784,2736.858134,2736.978299,-0.4486499999998159,-0.3284850000000006,-0.38856749999990825
2022-03-08 14:00:00,2737.306587,2736.848876,2736.971149,-0.4577110000000175,-0.3354380000000674,-0.39657450000004246
2022-03-08 14:15:00,2737.306394,2736.850432,2736.975308,-0.45596199999999953,-0.3310860000001412,-0.3935240000000704
2022-03-08 14:30:00,2737.310479,2736.85343,2736.978209,-0.4570490000000973,-0.33227000000033513,-0.3946595000002162
2022-03-08 14:45:00,2737.310092,2736.854131,2736.976969,-0.45596100000011575,-0.33312300000034156,-0.39454200000022865
2022-03-08 15:00:00,2737.307563,2736.854343,2736.977043,-0.45321999999987383,-0.3305199999999786,-0.3918699999999262
2022-03-08 15:15:00,2737.303478,2736.852007,2736.973854,-0.45147099999985585,-0.32962399999996705,-0.39054749999991145
2022-03-08 15:30:00,2737.305814,2736.857082,2736.97619,-0.44873199999983626,-0.32962399999996705,-0.38917799999990166
2022-03-08 15:45:00,2737.308926,2736.857455,2736.980155,-0.4514710000003106,-0.3287709999999606,-0.3901210000001356
2022-03-08 16:00:00,2737.310676,2736.860195,2736.981905,-0.45048099999985425,-0.3287709999999606,-0.38962599999990744
2022-03-08 16:15:00,2737.307953,2736.856482,2736.979182,-0.45147099999985585,-0.3287709999999606,-0.39012099999990824
2022-03-08 16:30:00,2737.307757,2736.858117,2736.978985,-0.4496399999998175,-0.3287719999998444,-0.38920599999983096
2022-03-08 16:45:00,2737.307367,2736.856886,2736.976846,-0.45048099999985425,-0.3305209999998624,-0.3905009999998583
2022-03-08 17:00:00,2737.305227,2736.857486,2736.973853,-0.4477409999999509,-0.33137399999986883,-0.38955749999990985
2022-03-08 17:15:00,2737.305617,2736.854146,2736.975096,-0.45147099999985585,-0.3305209999998624,-0.3909959999998591
2022-03-08 17:45:00,2737.305427,2736.855706,2736.975803,-0.4497209999999541,-0.32962399999996705,-0.38967249999996056
2022-03-08 18:15:00,2737.310479,2736.860758,2736.981708,-0.4497210000004088,-0.32877100000041537,-0.3892460000004121
2022-03-08 18:30:00,2737.314364,2736.862894,2736.983279,-0.45146999999997206,-0.3310849999998027,-0.39127749999988737
2022-03-08 18:45:00,2737.315924,2736.864536,2736.983089,-0.4513879999999517,-0.3328350000001592,-0.39211150000005546
2022-03-08 19:00:00,2737.314174,2736.861796,2736.982236,-0.4523779999999533,-0.33193800000026386,-0.3921580000001086
2022-03-08 19:15:00,2737.315924,2736.863546,2736.984839,-0.4523779999999533,-0.3310849999998027,-0.391731499999878
2022-03-08 19:45:00,2737.320009,2736.86504,2736.986005,-0.4549689999998918,-0.33400399999982255,-0.3944864999998572
2022-03-08 20:15:00,2737.321172,2736.865623,2736.986018,-0.4555489999997917,-0.33515399999987494,-0.3953514999998333
2022-03-08 20:45:00,2737.320592,2736.865705,2736.98687,-0.4548869999998715,-0.3337219999998524,-0.39430449999986195
2022-03-08 21:00:00,2737.320589,2736.866872,2736.985752,-0.4537169999998696,-0.3348369999998795,-0.39427699999987453
2022-03-08 21:30:00,2737.321175,2736.866289,2736.98574,-0.4548859999999877,-0.3354349999999613,-0.3951604999999745
2022-03-08 21:45:00,2737.320199,2736.863742,2736.985362,-0.45645699999977296,-0.3348369999998795,-0.3956469999998262
2022-03-08 22:15:00,2737.320589,2736.862963,2736.98198,-0.45762599999989106,-0.3386089999999058,-0.3981174999998984
2022-03-08 22:45:00,2737.320006,2736.862379,2736.983999,-0.45762699999977485,-0.3360069999998814,-0.3968169999998281
2022-03-08 23:00:00,2737.321172,2736.865295,2736.985165,-0.4558769999998731,-0.3360069999998814,-0.3959419999998772
2022-03-08 23:15:00,2737.330892,2736.862769,2736.983219,-0.4681230000001051,-0.34767299999975876,-0.4078979999999319
2022-03-08 23:30:00,2737.330505,2736.863291,2736.985435,-0.4672139999997853,-0.34506999999985055,-0.4061419999998179
2022-03-09 00:30:00,2737.332058,2736.860026,2736.984385,-0.4720320000001266,-0.34767299999975876,-0.40985249999994267
2022-03-09 00:45:00,2737.331082,2736.858968,2736.983979,-0.4721140000001469,-0.347103000000061,-0.40960850000010396
2022-03-09 01:00:00,2737.332248,2736.858385,2736.982544,-0.4738630000001649,-0.34970400000020163,-0.41178350000018327
2022-03-09 01:15:00,2737.330499,2736.860462,2736.984293,-0.47003700000004756,-0.34620600000016566,-0.4081215000001066
2022-03-09 01:30:00,2737.32622,2736.859765,2736.985535,-0.4664549999997689,-0.34068500000012136,-0.40356999999994514
2022-03-09 01:45:00,2737.327003,2736.860466,2736.984297,-0.46653699999978926,-0.34270599999990736,-0.4046214999998483
2022-03-09 02:00:00,2737.323501,2736.860478,2736.983712,-0.4630229999997937,-0.33978899999965506,-0.40140599999972437
2022-03-09 02:15:00,2737.323501,2736.859816,2736.984565,-0.4636849999997139,-0.33893599999964863,-0.40131049999968127
2022-03-09 03:00:00,2737.32564,2736.858129,2736.981501,-0.46751099999983126,-0.3441389999998137,-0.40582499999982247
2022-03-09 03:15:00,2737.325254,2736.855909,2736.984282,-0.4693449999999757,-0.3409719999999652,-0.40515849999997045
2022-03-09 03:45:00,2737.323308,2736.859114,2736.985835,-0.4641940000001341,-0.33747300000004543,-0.40083350000008977
2022-03-09 04:00:00,2737.321165,2736.859378,2736.986293,-0.46178699999973105,-0.3348719999999048,-0.3983294999998179
2022-03-09 04:15:00,2737.321745,2736.857546,2736.985441,-0.4641990000000078,-0.3363040000003821,-0.40025150000019494
2022-03-09 04:30:00,2737.321162,2736.858713,2736.984575,-0.462449000000106,-0.336587000000236,-0.399518000000171
2022-03-09 05:00:00,2737.322721,2736.856363,2736.984965,-0.4663580000001275,-0.33775599999989936,-0.40205700000001343
2022-03-09 05:15:00,2737.324081,2736.858133,2736.983995,-0.4659480000000258,-0.34008600000015576,-0.4030170000000908
2022-03-09 06:15:00,2737.329529,2736.856107,2736.984775,-0.47342200000002777,-0.34475400000019363,-0.4090880000001107
2022-03-09 06:30:00,2737.328166,2736.855734,2736.980811,-0.4724319999995714,-0.3473549999998795,-0.40989349999972546
2022-03-09 06:45:00,2737.332831,2736.855977,2736.980227,-0.476854000000003,-0.3526040000001558,-0.4147290000000794
2022-03-09 07:15:00,2737.336917,2736.853758,2736.983415,-0.4831589999998869,-0.3535019999999349,-0.4183304999999109
2022-03-09 07:45:00,2737.333028,2736.857097,2736.982174,-0.4759309999999459,-0.35085399999979927,-0.4133924999998726
2022-03-09 08:00:00,2737.329916,2736.85755,2736.984265,-0.4723659999999654,-0.34565100000008897,-0.4090085000000272
2022-03-09 08:15:00,2737.330109,2736.854178,2736.982709,-0.4759309999999459,-0.34740000000010696,-0.41166550000002644
2022-03-09 08:30:00,2737.331468,2736.853788,2736.978863,-0.4776799999999639,-0.3526050000000396,-0.41514250000000175
2022-03-09 08:45:00,2737.332248,2736.856384,2736.982246,-0.4758640000000014,-0.3500020000001314,-0.4129330000000664
2022-03-09 09:00:00,2737.333998,2736.854568,2736.980496,-0.4794299999998657,-0.3535019999999349,-0.4164659999999003
2022-03-09 09:30:00,2737.331275,2736.853661,2736.976922,-0.47761399999990317,-0.3543530000001738,-0.4159835000000385
2022-03-09 09:45:00,2737.32778,2736.8466,2736.974278,-0.4811800000002222,-0.3535019999999349,-0.41734100000007857
2022-03-09 10:00:00,2737.320196,2736.843175,2736.967591,-0.4770210000001498,-0.3526050000000396,-0.4148130000000947
2022-03-09 10:15:00,2737.318446,2736.844264,2736.970192,-0.4741820000003827,-0.3482539999999972,-0.41121800000018993
2022-03-09 10:30:00,2737.319033,2736.84759,2736.973098,-0.4714430000003631,-0.34593500000028143,-0.40868900000032227
2022-03-09 10:45:00,2737.305811,2736.848773,2736.972405,-0.4570380000000114,-0.3334060000001955,-0.39522200000010344
2022-03-09 11:00:00,2737.30834,2736.851303,2736.972332,-0.4570370000001276,-0.3360080000002199,-0.39652250000017375
2022-03-09 11:15:00,2737.308726,2736.851361,2736.971865,-0.45736500000020897,-0.33686100000022634,-0.39711300000021765
2022-03-09 11:30:00,2737.307167,2736.851551,2736.972908,-0.45561599999973623,-0.3342589999997472,-0.3949374999997417
2022-03-09 11:45:00,2737.305031,2736.848753,2736.972522,-0.45627799999965646,-0.3325089999998454,-0.39439349999975093
2022-03-09 12:00:00,2737.308726,2736.84877,2736.970969,-0.45995600000014747,-0.3377570000002379,-0.3988565000001927
2022-03-09 12:15:00,2737.304834,2736.850968,2736.972325,-0.45386599999983446,-0.3325089999998454,-0.39318749999983993
2022-03-09 12:30:00,2737.305614,2736.849157,2736.970171,-0.45645699999977296,-0.3354429999999411,-0.395949999999857
2022-03-09 12:45:00,2737.302895,2736.847197,2736.968348,-0.4556979999997566,-0.33454699999992954,-0.39512249999984306
2022-03-09 13:00:00,2737.301142,2736.848184,2736.968346,-0.4529579999998532,-0.33279599999968923,-0.3928769999997712
2022-03-09 13:15:00,2737.303088,2736.847308,2736.971714,-0.45578000000023167,-0.3313740000003236,-0.3935770000002776
2022-03-09 13:30:00,2737.302895,2736.847777,2736.969245,-0.4551179999998567,-0.3336500000000342,-0.39438399999994544
2022-03-09 13:45:00,2737.307367,2736.84875,2736.973391,-0.45861699999977645,-0.33397599999989325,-0.39629649999983485
2022-03-09 14:00:00,2737.305811,2736.848943,2736.973584,-0.4568680000002132,-0.33222700000033,-0.3945475000002716
2022-03-09 14:15:00,2737.304068,2736.84994,2736.969219,-0.4541279999998551,-0.3348489999998492,-0.39448849999985214
2022-03-09 14:30:00,2737.30659,2736.849723,2736.971742,-0.4568670000003294,-0.3348479999999654,-0.3958575000001474
2022-03-09 14:45:00,2737.306397,2736.85052,2736.971549,-0.4558769999998731,-0.3348479999999654,-0.39536249999991924
2022-03-09 15:00:00,2737.307177,2736.854039,2736.968874,-0.45313800000030824,-0.33830299999999625,-0.39572050000015224
2022-03-09 15:15:00,2737.305427,2736.856779,2736.969727,-0.4486479999995936,-0.3356999999996333,-0.39217399999961344
2022-03-09 16:00:00,2737.30776,2736.859177,2736.972912,-0.44858300000032614,-0.3348479999999654,-0.39171550000014577
2022-03-09 16:15:00,2737.306594,2736.857945,2736.969167,-0.44864899999993213,-0.3374269999999342,-0.39303799999993316
2022-03-09 16:45:00,2737.303678,2736.85777,2736.968001,-0.44590800000014497,-0.3356770000000324,-0.3907925000000887
2022-03-09 17:00:00,2737.305621,2736.857962,2736.969047,-0.44765899999993053,-0.33657399999992776,-0.39211649999992915
2022-03-09 17:15:00,2737.304065,2736.855416,2736.970093,-0.44864899999993213,-0.33397199999990335,-0.39131049999991774
2022-03-09 17:30:00,2737.30776,2736.857362,2736.968584,-0.4503979999999501,-0.3391759999999522,-0.39478699999995115
2022-03-09 17:45:00,2737.308926,2736.858528,2736.972328,-0.4503979999999501,-0.3365980000003219,-0.393498000000136
2022-03-09 18:00:00,2737.312425,2736.863844,2736.973226,-0.4485810000001038,-0.3391990000000078,-0.3938900000000558
2022-03-09 18:30:00,2737.311842,2736.863261,2736.974674,-0.4485810000001038,-0.3371680000000197,-0.39287450000006174
2022-03-09 19:30:00,2737.311842,2736.86151,2736.972925,-0.4503319999998894,-0.33891700000003766,-0.3946244999999635
2022-03-09 20:15:00,2737.310286,2736.861703,2736.973971,-0.4485829999998714,-0.33631500000001324,-0.3924489999999423
2022-03-09 20:30:00,2737.312035,2736.863535,2736.973118,-0.44849999999996726,-0.33891700000003766,-0.39370850000000246
2022-03-09 20:45:00,2737.311649,2736.859753,2736.972731,-0.4518960000000334,-0.3389180000003762,-0.3954070000002048
2022-03-09 21:00:00,2737.312415,2736.863089,2736.973191,-0.44932599999992817,-0.339223999999831,-0.3942749999998796
2022-03-09 21:15:00,2737.311255,2736.864921,2736.975793,-0.4463340000002063,-0.3354620000000068,-0.39089800000010655
2022-03-09 21:30:00,2737.311839,2736.864514,2736.975524,-0.4473250000000917,-0.33631500000001324,-0.39182000000005246
2022-03-09 21:45:00,2737.314171,2736.864108,2736.976107,-0.45006299999977273,-0.33806400000003123,-0.394063499999902
2022-03-09 22:00:00,2737.312618,2736.862555,2736.974554,-0.45006299999977273,-0.33806400000003123,-0.394063499999902
2022-03-09 22:15:00,2737.310096,2736.86094,2736.976382,-0.44915600000013,-0.33371400000032736,-0.3914350000002287
2022-03-09 22:30:00,2737.309513,2736.860357,2736.970595,-0.44915600000013,-0.3389180000003762,-0.3940370000002531
2022-03-09 22:45:00,2737.310089,2736.859773,2736.972615,-0.4503159999999298,-0.3374739999999292,-0.3938949999999295
2022-03-09 23:00:00,2737.312232,2736.861506,2736.973315,-0.4507260000000315,-0.33891700000003766,-0.3948215000000346
2022-03-09 23:15:00,2737.313195,2736.861309,2736.97572,-0.451886000000286,-0.33747500000026776,-0.3946805000002769
2022-03-09 23:30:00,2737.310089,2736.859953,2736.971762,-0.4501359999999295,-0.33832699999993565,-0.39423149999993257
2022-03-09 23:45:00,2737.310672,2736.863276,2736.972345,-0.4473960000000261,-0.33832699999993565,-0.3928614999999809
2022-03-10 00:00:00,2737.311839,2736.862693,2736.974364,-0.4491459999999279,-0.337474999999813,-0.39331049999987044
2022-03-10 00:15:00,2737.313005,2736.86112,2736.975529,-0.45188499999994747,-0.33747600000015154,-0.3946805000000495
2022-03-10 00:45:00,2737.311845,2736.862772,2736.972928,-0.4490730000002259,-0.33891700000003766,-0.39399500000013177
2022-03-10 01:15:00,2737.310672,2736.862188,2736.973198,-0.44848400000000765,-0.3374739999999292,-0.39297899999996844
2022-03-10 01:30:00,2737.309506,2736.860032,2736.971178,-0.44947400000000926,-0.3383280000002742,-0.3939010000001417
2022-03-10 02:45:00,2737.313974,2736.86092,2736.9765,-0.45305400000006557,-0.3374739999999292,-0.3952639999999974
2022-03-10 03:00:00,2737.315914,2736.863849,2736.979292,-0.45206499999994776,-0.3366219999998066,-0.39434349999987717
2022-03-10 03:15:00,2737.313588,2736.861693,2736.979023,-0.4518950000001496,-0.33456500000011147,-0.39323000000013053
2022-03-10 03:30:00,2737.314164,2736.862859,2736.97844,-0.4513050000000476,-0.33572400000002744,-0.3935145000000375
2022-03-10 03:45:00,2737.311839,2736.862683,2736.977273,-0.44915600000013,-0.33456599999999526,-0.39186100000006263
2022-03-10 04:00:00,2737.311062,2736.861906,2736.977349,-0.44915600000013,-0.33371300000044357,-0.3914345000002868
2022-03-10 04:15:00,2737.315924,2736.862935,2736.97786,-0.4529889999998886,-0.33806400000003123,-0.3955264999999599
2022-03-10 04:45:00,2737.311259,2736.861688,2736.976692,-0.4495710000001054,-0.33456699999987904,-0.39206899999999223
2022-03-10 05:30:00,2737.313008,2736.864427,2736.97584,-0.4485810000001038,-0.3371680000000197,-0.39287450000006174
2022-03-10 06:00:00,2737.311842,2736.857781,2736.972643,-0.45406099999991056,-0.3391990000000078,-0.3966299999999592
2022-03-10 06:15:00,2737.313008,2736.862678,2736.974661,-0.4503300000001218,-0.33834699999988516,-0.3943385000000035
2022-03-10 07:00:00,2737.313008,2736.855448,2736.971488,-0.45756000000028507,-0.34151999999994587,-0.39954000000011547
2022-03-10 07:30:00,2737.314174,2736.858364,2736.97611,-0.45580999999992855,-0.33806400000003123,-0.3969369999999799
2022-03-10 07:45:00,2737.314951,2736.860132,2736.972535,-0.45481900000004316,-0.3424159999999574,-0.3986175000000003
2022-03-10 08:00:00,2737.313005,2736.860925,2736.972338,-0.4520800000000236,-0.34066699999993943,-0.3963734999999815
2022-03-10 08:15:00,2737.312422,2736.859352,2736.970902,-0.4530700000000252,-0.34151999999994587,-0.3972949999999855
2022-03-10 08:30:00,2737.311255,2736.860016,2736.971485,-0.45123899999998685,-0.3397700000000441,-0.39550450000001547
2022-03-10 08:45:00,2737.314164,2736.85936,2736.970633,-0.45480399999996735,-0.3435309999999845,-0.3991674999999759
2022-03-10 09:00:00,2737.314164,2736.86111,2736.973235,-0.45305400000006557,-0.34092899999996007,-0.3969915000000128
2022-03-10 09:15:00,2737.311832,2736.861518,2736.97005,-0.45031399999970745,-0.3417819999999665,-0.396047999999837
2022-03-10 09:30:00,2737.311249,2736.860933,2736.970319,-0.4503159999999298,-0.34092999999984386,-0.3956229999998868
2022-03-10 10:00:00,2737.312028,2736.858974,2736.968497,-0.4530539999996108,-0.3435309999999845,-0.39829249999979766
2022-03-10 10:15:00,2737.311255,2736.858201,2736.968576,-0.45305400000006557,-0.34267899999986184,-0.3978664999999637
2022-03-10 10:45:00,2737.310476,2736.856432,2736.968694,-0.45404400000006717,-0.3417819999999665,-0.39791300000001684
2022-03-10 11:00:00,2737.312035,2736.858391,2736.969663,-0.45364399999971283,-0.3423720000000685,-0.39800799999989067
2022-03-10 11:30:00,2737.309506,2736.856451,2736.967724,-0.45305499999994936,-0.3417819999999665,-0.39741849999995793
2022-03-10 11:45:00,2737.30718,2736.85586,2736.967409,-0.45131999999966865,-0.3397709999999279,-0.39554549999979827
2022-03-10 12:30:00,2737.308346,2736.858858,2736.965974,-0.44948799999974653,-0.34237199999961376,-0.39592999999968015
2022-03-10 12:45:00,2737.310482,2736.858402,2736.967213,-0.4520800000000236,-0.34326899999996385,-0.3976744999999937
2022-03-10 13:00:00,2737.311839,2736.860092,2736.968569,-0.4517470000000685,-0.34326999999984764,-0.3975084999999581
2022-03-10 13:30:00,2737.311062,2736.857991,2736.967511,-0.4530710000003637,-0.34355100000038874,-0.3983110000003762
2022-03-10 13:45:00,2737.30776,2736.853633,2736.965983,-0.4541269999999713,-0.3417770000000928,-0.39795200000003206
2022-03-10 14:00:00,2737.308926,2736.85305,2736.967149,-0.4558759999999893,-0.3417770000000928,-0.39882650000004105
2022-03-10 15:30:00,2737.308343,2736.856197,2736.966566,-0.4521460000000843,-0.3417770000000928,-0.39696150000008856
2022-03-10 16:00:00,2737.309703,2736.854816,2736.968777,-0.4548869999998715,-0.34092599999985396,-0.3979064999998627
2022-03-10 16:15:00,2737.309896,2736.854353,2736.967524,-0.4555430000000342,-0.3423720000000685,-0.39895750000005137
2022-03-10 16:30:00,2737.307953,2736.851421,2736.967028,-0.45653200000015204,-0.34092499999997017,-0.3987285000000611
2022-03-10 16:45:00,2737.307173,2736.852287,2736.965371,-0.4548859999999877,-0.34180200000037075,-0.3983440000001792
2022-03-10 17:00:00,2737.30659,2736.852863,2736.96682,-0.4537270000000717,-0.3397700000000441,-0.3967485000000579
2022-03-10 17:15:00,2737.307757,2736.855779,2736.967986,-0.4519780000000537,-0.3397709999999279,-0.3958744999999908
2022-03-10 17:30:00,2737.311255,2736.856539,2736.968883,-0.4547160000001895,-0.3423720000000685,-0.398544000000129
2022-03-10 17:45:00,2737.310672,2736.858695,2736.9683,-0.45197700000016994,-0.3423720000000685,-0.3971745000001192
2022-03-10 18:00:00,2737.310286,2736.855897,2736.967914,-0.45438899999999194,-0.3423720000000685,-0.3983805000000302
2022-03-10 18:15:00,2737.310482,2736.854196,2736.970712,-0.456286000000091,-0.3397700000000441,-0.39802800000006755
2022-03-10 18:30:00,2737.311445,2736.852167,2736.969945,-0.4592779999998129,-0.34149999999999636,-0.4003889999999046
2022-03-10 18:45:00,2737.311839,2736.854392,2736.972941,-0.45744699999977456,-0.33889799999997194,-0.39817249999987325
2022-03-10 19:00:00,2737.314754,2736.855559,2736.974107,-0.45919499999990876,-0.34064699999998993,-0.39992099999994934
2022-03-10 19:15:00,2737.314171,2736.853986,2736.973524,-0.46018499999991036,-0.34064699999998993,-0.40041599999995015
2022-03-10 19:30:00,2737.314171,2736.854977,2736.970922,-0.45919400000002497,-0.34324900000001435,-0.40122150000001966
2022-03-10 19:45:00,2737.313588,2736.855562,2736.972088,-0.45802599999979066,-0.34149999999999636,-0.3997629999998935
2022-03-10 20:00:00,2737.314171,2736.858885,2736.974709,-0.4552859999998873,-0.3394619999999122,-0.39737399999989975
2022-03-10 20:15:00,2737.317087,2736.858302,2736.974126,-0.45878499999980704,-0.342960999999832,-0.4008729999998195
2022-03-10 20:45:00,2737.313198,2736.856922,2736.975485,-0.4562759999998889,-0.33771299999989424,-0.39699449999989156
2022-03-10 21:00:00,2737.320582,2736.858468,2736.976154,-0.46211399999992864,-0.34442799999987983,-0.40327099999990423
2022-03-10 21:15:00,2737.318443,2736.857088,2736.974912,-0.46135499999991225,-0.3435309999999845,-0.40244299999994837
2022-03-10 21:30:00,2737.320579,2736.860296,2736.975298,-0.46028300000034506,-0.345281000000341,-0.40278200000034303
2022-03-10 21:45:00,2737.319613,2736.85618,2736.97665,-0.4634329999998954,-0.3429630000000543,-0.40319799999997485
2022-03-10 22:00:00,2737.319423,2736.85698,2736.976744,-0.4624429999998938,-0.34267899999986184,-0.4025609999998778
2022-03-10 22:15:00,2737.318839,2736.858147,2736.97791,-0.46069200000010824,-0.34092899999996007,-0.40081050000003415
2022-03-10 22:30:00,2737.322142,2736.860029,2736.980316,-0.46211300000004485,-0.3418259999998554,-0.40196949999995013
2022-03-10 22:45:00,2737.323694,2736.861582,2736.979266,-0.46211200000016106,-0.3444280000003346,-0.4032700000002478
2022-03-10 23:00:00,2737.320589,2736.862056,2736.977058,-0.45853299999998853,-0.3435309999999845,-0.4010319999999865
2022-03-10 23:15:00,2737.322921,2736.86089,2736.978493,-0.4620310000000245,-0.34442799999987983,-0.40322949999995217
2022-03-10 23:30:00,2737.321172,2736.859058,2736.979346,-0.46211399999992864,-0.3418259999998554,-0.401969999999892
2022-03-11 00:00:00,2737.319033,2736.859412,2736.975502,-0.45962100000042483,-0.34353100000043924,-0.40157600000043203
2022-03-11 00:15:00,2737.319419,2736.857059,2736.975888,-0.46235999999998967,-0.3435309999999845,-0.4029454999999871
2022-03-11 00:30:00,2737.318253,2736.855893,2736.974722,-0.46235999999998967,-0.3435309999999845,-0.4029454999999871
2022-03-11 00:45:00,2737.317087,2736.856476,2736.976157,-0.4606109999999717,-0.34092999999984386,-0.40077049999990777
2022-03-11 01:00:00,2737.320002,2736.857642,2736.979926,-0.46235999999998967,-0.34007599999995364,-0.40121799999997165
2022-03-11 01:30:00,2737.316504,2736.853153,2736.973824,-0.46335099999987506,-0.34267999999974563,-0.40301549999981034
2022-03-11 02:15:00,2737.319419,2736.85432,2736.974139,-0.46509900000000926,-0.3452800000000025,-0.40518950000000586
2022-03-11 02:30:00,2737.31592,2736.85531,2736.975844,-0.4606100000000879,-0.34007599999995364,-0.40034300000002077
2022-03-11 02:45:00,2737.318643,2736.854451,2736.976817,-0.4641919999999118,-0.3418259999998554,-0.4030089999998836
2022-03-11 03:30:00,2737.322532,2736.85659,2736.978103,-0.4659420000002683,-0.34442900000021837,-0.40518550000024334
2022-03-11 04:00:00,2737.320002,2736.853913,2736.976758,-0.46608900000001086,-0.34324400000014066,-0.40466650000007576
2022-03-11 04:30:00,2737.321169,2736.85333,2736.978778,-0.46783899999991263,-0.3423909999996795,-0.40511499999979605
2022-03-11 04:45:00,2737.321362,2736.854513,2736.973767,-0.46684899999991103,-0.34759500000018306,-0.40722200000004705
2022-03-11 05:15:00,2737.319806,2736.856784,2736.976562,-0.4630219999999099,-0.34324400000014066,-0.4031330000000253
2022-03-11 05:30:00,2737.324278,2736.857757,2736.979566,-0.46652099999982966,-0.3447120000000723,-0.405616499999951
2022-03-11 05:45:00,2737.323305,2736.855794,2736.978593,-0.46751099999983126,-0.3447120000000723,-0.4061114999999518
2022-03-11 06:15:00,2737.323498,2736.856053,2736.977936,-0.46744500000022526,-0.3455619999999726,-0.40650350000009894
2022-03-11 06:30:00,2737.322915,2736.856558,2736.979954,-0.4663570000002437,-0.34296100000028673,-0.4046590000002652
2022-03-11 06:45:00,2737.325447,2736.857921,2736.981317,-0.4675260000003618,-0.3441299999999501,-0.40582800000015595
2022-03-11 07:00:00,2737.326617,2736.856433,2736.980167,-0.47018400000024485,-0.34645000000000437,-0.4083170000001246
2022-03-11 07:15:00,2737.325254,2736.857809,2736.978804,-0.4674449999997705,-0.34645000000000437,-0.40694749999988744
2022-03-11 07:30:00,2737.324864,2736.853263,2736.976655,-0.47160100000019156,-0.3482090000002245,-0.409905000000208
2022-03-11 07:45:00,2737.322532,2736.851772,2736.975507,-0.47076000000015483,-0.34702500000003056,-0.4088925000000927
2022-03-11 08:00:00,2737.321758,2736.852816,2736.974733,-0.46894199999997,-0.34702500000003056,-0.4079835000000003
2022-03-11 08:15:00,2737.321369,2736.852426,2736.973774,-0.4689429999998538,-0.3475949999997283,-0.40826899999979105
2022-03-11 08:30:00,2737.31845,2736.848845,2736.973456,-0.46960500000022876,-0.34499400000004243,-0.4072995000001356
2022-03-11 08:45:00,2737.316497,2736.850223,2736.97124,-0.46627399999988484,-0.34525699999994686,-0.40576549999991585
2022-03-11 09:00:00,2737.313778,2736.847354,2736.973726,-0.46642400000018824,-0.34005200000001423,-0.40323800000010124
2022-03-11 09:15:00,2737.313781,2736.850097,2736.973159,-0.4636839999998301,-0.340621999999712,-0.40215299999977105
2022-03-11 09:30:00,2737.312418,2736.849724,2736.969764,-0.4626939999998285,-0.34265400000003865,-0.4026739999999336
2022-03-11 09:45:00,2737.309309,2736.844055,2736.965231,-0.46525400000018635,-0.3440780000000814,-0.40466600000013386
2022-03-11 10:00:00,2737.305034,2736.839778,2736.961809,-0.46525599999995393,-0.34322500000007494,-0.40424050000001444
2022-03-11 10:15:00,2737.303865,2736.840425,2736.963242,-0.4634399999999914,-0.3406230000000505,-0.40203150000002097
2022-03-11 10:30:00,2737.304834,2736.838988,2736.961897,-0.46584600000005594,-0.3429369999998926,-0.40439149999997426
2022-03-11 10:45:00,2737.304834,2736.842719,2736.962749,-0.4621149999998124,-0.3420850000002247,-0.40210000000001855
2022-03-11 11:00:00,2737.302502,2736.841988,2736.961314,-0.4605139999998755,-0.3411879999998746,-0.40085099999987506
2022-03-11 11:15:00,2737.307557,2736.846283,2736.966343,-0.46127400000023044,-0.3412140000000363,-0.4012440000001334
2022-03-11 11:30:00,2737.309506,2736.848813,2736.966271,-0.460692999999992,-0.34323500000027707,-0.40196400000013455
2022-03-11 11:45:00,2737.308533,2736.84784,2736.965298,-0.460692999999992,-0.3432349999998223,-0.4019639999999072
2022-03-11 12:00:00,2737.305417,2736.845892,2736.963352,-0.45952500000021246,-0.34206499999982043,-0.40079500000001644
2022-03-11 12:15:00,2737.309116,2736.845765,2736.964415,-0.46335099999987506,-0.3447009999999864,-0.4040259999999307
2022-03-11 12:30:00,2737.304844,2736.843243,2736.961039,-0.4616009999999733,-0.3438049999999748,-0.40270299999997405
2022-03-11 12:45:00,2737.303288,2736.844425,2736.962085,-0.45886300000029223,-0.3412029999999504,-0.4000330000001213
2022-03-11 13:00:00,2737.304648,2736.846776,2736.961695,-0.4578719999999521,-0.3429529999998522,-0.40041249999990214
2022-03-11 13:15:00,2737.304648,2736.848525,2736.960842,-0.4561229999999341,-0.3438059999998586,-0.39996449999989636
2022-03-11 13:30:00,2737.3062,2736.850078,2736.963248,-0.4561220000000503,-0.3429519999999684,-0.39953700000000936
2022-03-11 13:45:00,2737.304454,2736.84767,2736.961502,-0.45678399999997055,-0.3429519999999684,-0.39986799999996947
2022-03-11 14:00:00,2737.303675,2736.84788,2736.960722,-0.4557950000003075,-0.34295300000030693,-0.3993740000003072
2022-03-11 14:15:00,2737.302508,2736.850279,2736.961304,-0.4522290000004432,-0.34120400000028894,-0.39671650000036607
2022-03-11 14:30:00,2737.305814,2736.844541,2736.962862,-0.4612729999998919,-0.3429519999999684,-0.40211249999993015
2022-03-11 15:00:00,2737.309703,2736.849486,2736.968456,-0.46021699999982957,-0.3412469999998393,-0.40073199999983444
2022-03-11 15:15:00,2737.307757,2736.849289,2736.965656,-0.4584679999998116,-0.3421010000001843,-0.40028449999999793
2022-03-11 15:45:00,2737.309506,2736.853778,2736.967689,-0.4557279999999082,-0.3418169999999918,-0.39877249999995
2022-03-11 16:00:00,2737.312422,2736.854037,2736.971457,-0.45838499999990745,-0.3409649999998692,-0.3996749999998883
2022-03-11 16:15:00,2737.310282,2736.854637,2736.969317,-0.4556450000000041,-0.3409649999998692,-0.3983049999999366
2022-03-11 16:30:00,2737.303868,2736.853798,2736.96555,-0.45006999999986874,-0.33831800000007206,-0.3941939999999704
2022-03-11 16:45:00,2737.302512,2736.854274,2736.964193,-0.44823800000040137,-0.3383190000004106,-0.393278500000406
2022-03-11 17:15:00,2737.306204,2736.853477,2736.966423,-0.452726999999868,-0.33978100000013,-0.396253999999999
2022-03-11 17:30:00,2737.307567,2736.855487,2736.966616,-0.4520800000000236,-0.34095099999967715,-0.39651549999985036
2022-03-11 17:45:00,2737.325251,2736.858349,2736.969999,-0.4669020000001183,-0.35525200000029145,-0.41107700000020486
2022-03-11 18:00:00,2737.331665,2736.860506,2736.967709,-0.47115900000017064,-0.36395600000014383,-0.41755750000015723
2022-03-11 18:15:00,2737.334581,2736.859774,2736.97176,-0.47480700000005527,-0.36282100000016726,-0.41881400000011126
2022-03-11 18:30:00,2737.333414,2736.859367,2736.974094,-0.4740470000001551,-0.3593200000000252,-0.41668350000009013
2022-03-11 18:45:00,2737.332831,2736.864263,2736.973511,-0.46856800000023213,-0.3593200000000252,-0.41394400000012865
2022-03-11 19:00:00,2737.331665,2736.863856,2736.974981,-0.46780900000021575,-0.35668400000031397,-0.41224650000026486
2022-03-11 19:15:00,2737.32836,2736.861638,2736.976027,-0.466722000000118,-0.3523329999998168,-0.4095274999999674
2022-03-11 19:45:00,2737.320582,2736.8617,2736.974677,-0.4588819999999032,-0.34590499999967506,-0.40239349999978913
2022-03-11 20:00:00,2737.316507,2736.863273,2736.975259,-0.45323400000006586,-0.34124800000017785,-0.39724100000012186
2022-03-11 20:45:00,2737.303288,2736.859561,2736.975709,-0.44372699999985343,-0.32757900000024165,-0.38565300000004754
2022-03-11 21:00:00,2737.298423,2736.859364,2736.972341,-0.4390590000002703,-0.32608200000004217,-0.38257050000015624
2022-03-11 21:15:00,2737.301342,2736.862104,2736.974944,-0.4392380000003868,-0.32639800000015384,-0.38281800000027033
2022-03-11 21:30:00,2737.301925,2736.860937,2736.972923,-0.4409880000002886,-0.3290020000004006,-0.3849950000003446
2022-03-11 21:45:00,2737.301539,2736.860551,2736.972538,-0.44098799999983385,-0.32900100000006205,-0.38499449999994795
2022-03-11 22:00:00,2737.302515,2736.861692,2736.976404,-0.44082299999990937,-0.32611099999985527,-0.3834669999998823
2022-03-11 22:15:00,2737.302125,2736.862477,2736.977763,-0.4396480000000338,-0.32436200000029203,-0.3820050000001629
2022-03-11 22:30:00,2737.299013,2736.860124,2736.975547,-0.4388890000000174,-0.3234659999998257,-0.38117749999992157
2022-03-11 22:45:00,2737.301345,2736.862456,2736.979585,-0.4388890000000174,-0.32175999999981286,-0.38032449999991513
2022-03-11 23:00:00,2737.297263,2736.864613,2736.980751,-0.4326499999997395,-0.3165119999998751,-0.3745809999998073
2022-03-11 23:15:00,2737.292012,2736.863041,2736.980168,-0.42897099999981947,-0.31184399999983725,-0.37040749999982836
2022-03-12 00:00:00,2737.283848,2736.862863,2736.979002,-0.42098500000020067,-0.30484599999999773,-0.3629155000000992
2022-03-12 01:15:00,2737.280156,2736.881766,2736.980558,-0.3983899999998357,-0.29959799999960524,-0.3489939999997205
2022-03-12 01:30:00,2737.280546,2736.887718,2736.980948,-0.3928280000000086,-0.29959800000006,-0.3462130000000343
2022-03-12 02:15:00,2737.275688,2736.913672,2736.981338,-0.36201600000003964,-0.29435000000012224,-0.32818300000008094
2022-03-12 02:45:00,2737.273548,2736.920593,2736.983551,-0.3529550000002928,-0.28999700000031225,-0.3214760000003025
2022-03-12 03:00:00,2737.274321,2736.925358,2736.980289,-0.3489629999999124,-0.29403199999978824,-0.32149749999985033
2022-03-12 03:15:00,2737.276854,2736.930117,2736.979903,-0.34673700000030294,-0.29695100000026287,-0.3218440000002829
2022-03-12 03:30:00,2737.279186,2736.931691,2736.979588,-0.34749500000043554,-0.29959800000006,-0.32354650000024776
2022-03-12 03:45:00,2737.282685,2736.933506,2736.978736,-0.3491790000002766,-0.3039490000001024,-0.3265640000001895
2022-03-12 04:00:00,2737.285018,2736.934089,2736.980172,-0.35092900000017835,-0.30484599999999773,-0.32788750000008804
2022-03-12 04:15:00,2737.2891,2736.937412,2736.980755,-0.35168799999974,-0.3083449999999175,-0.33001649999982874
2022-03-12 04:45:00,2737.301932,2736.938579,2736.981069,-0.3633529999997336,-0.3208629999999175,-0.34210799999982555
2022-03-12 05:15:00,2737.304068,2736.939955,2736.980558,-0.3641130000000885,-0.32350999999971464,-0.34381149999990157
2022-03-12 05:30:00,2737.306204,2736.938592,2736.983547,-0.36761200000000827,-0.32265700000016295,-0.3451345000000856
2022-03-12 06:00:00,2737.311252,2736.939316,2736.980765,-0.37193600000000515,-0.3304870000001756,-0.3512115000000904
2022-03-12 06:15:00,2737.313585,2736.938,2736.981348,-0.37558499999977357,-0.3322370000000774,-0.3539109999999255
2022-03-12 06:30:00,2737.311835,2736.93716,2736.979598,-0.37467500000002474,-0.3322370000000774,-0.35345600000005106
2022-03-12 07:15:00,2737.300956,2736.936038,2736.982124,-0.3649180000002161,-0.3188319999999294,-0.34187500000007276
2022-03-12 07:30:00,2737.29726,2736.932261,2736.981928,-0.36499899999989793,-0.3153319999996711,-0.3401654999997845
2022-03-12 07:45:00,2737.298426,2736.932666,2736.980448,-0.3657599999996819,-0.3179780000000392,-0.34186899999986053
2022-03-12 08:00:00,2737.301335,2736.93176,2736.979595,-0.3695750000001681,-0.3217400000003181,-0.3456575000002431
2022-03-12 08:15:00,2737.300169,2736.928761,2736.979282,-0.371407999999974,-0.3208870000003117,-0.3461475000001428
2022-03-12 08:30:00,2737.304448,2736.927792,2736.977459,-0.37665599999991173,-0.3269889999996849,-0.3518224999997983
2022-03-12 08:45:00,2737.298426,2736.924279,2736.974936,-0.37414699999999357,-0.32348999999976513,-0.34881849999987935
2022-03-12 09:00:00,2737.299593,2736.923696,2736.978987,-0.3758970000003501,-0.3206060000002253,-0.3482515000002877
2022-03-12 09:15:00,2737.300176,2736.921539,2736.976969,-0.37863700000025347,-0.32320700000036595,-0.3509220000003097
2022-03-12 09:30:00,2737.29862,2736.915493,2736.975983,-0.3831270000000586,-0.32263700000021345,-0.35288200000013603
2022-03-12 09:45:00,2737.293951,2736.909768,2736.970461,-0.38418300000012096,-0.3234900000002199,-0.3538365000001704
2022-03-12 10:00:00,2737.294921,2736.90374,2736.968215,-0.3911809999999605,-0.3267060000002857,-0.3589435000001231
2022-03-12 10:15:00,2737.300752,2736.903332,2736.968798,-0.39742000000023836,-0.33195400000022346,-0.3646870000002309
2022-03-12 10:30:00,2737.303865,2736.897466,2736.968411,-0.40639899999996487,-0.335454000000027,-0.37092649999999594
2022-03-12 10:45:00,2737.301929,2736.894362,2736.965304,-0.4075670000001992,-0.33662500000036744,-0.3720960000002833
2022-03-12 11:00:00,2737.301929,2736.893699,2736.967055,-0.4082300000000032,-0.3348740000001271,-0.37155200000006516
2022-03-12 11:15:00,2737.29648,2736.890097,2736.968025,-0.40638300000000527,-0.32845499999984895,-0.3674189999999271
2022-03-12 11:30:00,2737.29842,2736.888969,2736.967363,-0.40945099999999,-0.33105699999987337,-0.3702539999999317
2022-03-12 11:45:00,2737.296284,2736.889572,2736.969578,-0.40671199999997043,-0.32670599999983096,-0.3667089999999007
2022-03-12 12:00:00,2737.290649,2736.888344,2736.970043,-0.4023050000000694,-0.3206060000002253,-0.36145550000014737
2022-03-12 12:15:00,2737.291036,2736.885001,2736.967828,-0.4060349999999744,-0.32320800000024974,-0.36462150000011206
2022-03-12 12:30:00,2737.2889,2736.881213,2736.968012,-0.4076869999998962,-0.32088800000019546,-0.36428750000004584
2022-03-12 12:45:00,2737.294145,2736.88121,2736.967155,-0.41293499999983396,-0.32699000000002343,-0.3699624999999287
2022-03-12 13:00:00,2737.289093,2736.88233,2736.969101,-0.40676299999995535,-0.31999199999972916,-0.36337749999984226
2022-03-12 13:15:00,2737.289676,2736.880173,2736.967935,-0.40950299999985873,-0.32174099999974715,-0.36562199999980294
2022-03-12 13:30:00,2737.28851,2736.879586,2736.968518,-0.40892399999984264,-0.31999199999972916,-0.3644579999997859
2022-03-12 14:00:00,2737.294148,2736.878227,2736.966877,-0.41592099999979837,-0.3272710000001098,-0.3715959999999541
2022-03-12 14:15:00,2737.297647,2736.879894,2736.968626,-0.4177529999997205,-0.32902100000001155,-0.373386999999866
2022-03-12 14:30:00,2737.298426,2736.875261,2736.968816,-0.4231649999996989,-0.329609999999775,-0.376387499999737
2022-03-12 14:45:00,2737.29726,2736.876768,2736.972567,-0.4204919999997401,-0.32469300000002477,-0.3725924999998824
2022-03-12 15:00:00,2737.29765,2736.87607,2736.967753,-0.42158000000017637,-0.3298970000000736,-0.375738500000125
2022-03-12 15:15:00,2737.297263,2736.874694,2736.968218,-0.42256899999983943,-0.32904499999995096,-0.3758069999998952
2022-03-12 15:30:00,2737.300179,2736.87685,2736.968531,-0.4233289999997396,-0.33164799999985917,-0.3774884999997994
2022-03-12 15:45:00,2737.299013,2736.877433,2736.969968,-0.4215799999997216,-0.32904499999995096,-0.3753124999998363
2022-03-12 16:00:00,2737.299596,2736.878017,2736.970551,-0.42157899999983783,-0.32904499999995096,-0.3753119999998944
2022-03-12 16:30:00,2737.293571,2736.877158,2736.969774,-0.4164130000003752,-0.3237970000000132,-0.3701050000001942
2022-03-12 16:45:00,2737.294351,2736.878929,2736.970554,-0.41542200000003504,-0.3237970000000132,-0.3696095000000241
2022-03-12 17:00:00,2737.294351,2736.876188,2736.967953,-0.4181629999998222,-0.32639800000015384,-0.372280499999988
2022-03-12 17:30:00,2737.298433,2736.877761,2736.971707,-0.42067199999974036,-0.32672599999978047,-0.3736989999997604
2022-03-12 18:00:00,2737.298236,2736.875585,2736.970659,-0.4226510000003145,-0.3275770000000193,-0.3751140000001669
2022-03-12 18:15:00,2737.301342,2736.877931,2736.972014,-0.4234110000002147,-0.32932800000025964,-0.37636950000023717
2022-03-12 18:30:00,2737.306007,2736.881838,2736.97318,-0.4241690000003473,-0.3328270000001794,-0.37849800000026335
2022-03-12 18:45:00,2737.30659,2736.88143,2736.973763,-0.4251600000002327,-0.3328270000001794,-0.37899350000020604
2022-03-12 19:00:00,2737.306007,2736.879857,2736.972327,-0.4261500000002343,-0.33368000000018583,-0.37991500000021006
2022-03-12 19:15:00,2737.306007,2736.882598,2736.97493,-0.4234089999999924,-0.3310770000002776,-0.377243000000135
2022-03-12 19:30:00,2737.307173,2736.880264,2736.974348,-0.42690900000025067,-0.33282499999995707,-0.37986700000010387
2022-03-12 19:45:00,2737.307757,2736.880847,2736.975213,-0.42691000000013446,-0.3325439999998707,-0.3797270000000026
2022-03-12 20:15:00,2737.310089,2736.883842,2736.976366,-0.4262469999998757,-0.33372300000019095,-0.3799850000000333
2022-03-12 20:30:00,2737.311255,2736.883259,2736.976962,-0.4279959999998937,-0.3342929999998887,-0.3811444999998912
2022-03-12 20:45:00,2737.31708,2736.884754,2736.976379,-0.43232599999964805,-0.3407009999996262,-0.38651349999963713
2022-03-12 21:00:00,2737.320579,2736.883845,2736.977231,-0.43673400000034235,-0.34334800000033283,-0.3900410000003376
2022-03-12 21:30:00,2737.318246,2736.885013,2736.980147,-0.4332329999997455,-0.3380989999996018,-0.38566599999967366
2022-03-12 21:45:00,2737.316694,2736.886199,2736.977742,-0.43049500000006446,-0.338952000000063,-0.3847235000000637
2022-03-12 22:00:00,2737.311845,2736.88053,2736.974951,-0.4313150000002679,-0.33689400000002934,-0.3841045000001486
2022-03-12 22:15:00,2737.311065,2736.884238,2736.976772,-0.4268269999997756,-0.3342929999998887,-0.38055999999983214
2022-03-12 22:30:00,2737.308923,2736.882856,2736.977277,-0.4260669999998754,-0.3316460000000916,-0.3788564999999835
2022-03-12 23:00:00,2737.30659,2736.882273,2736.977544,-0.42431699999997363,-0.3290460000002895,-0.37668150000013156
2022-03-12 23:15:00,2737.303092,2736.883181,2736.978397,-0.4199109999999564,-0.3246950000002471,-0.37230300000010175
2022-03-12 23:30:00,2737.304648,2736.885727,2736.979955,-0.4189209999999548,-0.32469300000002477,-0.3718069999999898
2022-03-12 23:45:00,2737.302512,2736.88709,2736.978715,-0.41542200000003504,-0.3237970000000132,-0.3696095000000241
2022-03-13 00:00:00,2737.301925,2736.883184,2736.977266,-0.41874100000040926,-0.324659000000338,-0.3717000000003736
2022-03-13 00:15:00,2737.299593,2736.88161,2736.979285,-0.41798300000027666,-0.3203080000002956,-0.3691455000002861
2022-03-13 00:30:00,2737.301732,2736.885401,2736.978822,-0.4163309999999001,-0.32290999999986525,-0.36962049999988267
2022-03-13 00:45:00,2737.300179,2736.887349,2736.979019,-0.412829999999758,-0.3211599999999635,-0.36699499999986074
2022-03-13 01:00:00,2737.301929,2736.884609,2736.97902,-0.4173200000000179,-0.32290899999998146,-0.3701144999999997
2022-03-13 01:15:00,2737.297263,2736.885341,2736.977852,-0.41192199999977674,-0.3194109999999455,-0.3656664999998611
2022-03-13 02:30:00,2737.293568,2736.883821,2736.978552,-0.4097470000001522,-0.3150160000000142,-0.3623815000000832
2022-03-13 02:45:00,2737.293175,2736.883361,2736.981331,-0.40981399999964196,-0.31184399999983725,-0.3608289999997396
2022-03-13 03:15:00,2737.292395,2736.88025,2736.978232,-0.41214499999978216,-0.31416300000000774,-0.36315399999989495
2022-03-13 03:45:00,2737.292592,2736.882115,2736.979325,-0.4104769999999007,-0.3132669999999962,-0.36187199999994846
2022-03-13 04:00:00,2737.290259,2736.880773,2736.98016,-0.40948600000001534,-0.31009899999980917,-0.35979249999991225
2022-03-13 04:15:00,2737.289676,2736.88468,2736.979012,-0.40499599999975544,-0.310664000000088,-0.3578299999999217
2022-03-13 04:30:00,2737.290066,2736.887809,2736.981151,-0.4022570000001906,-0.30891500000007,-0.3555860000001303
2022-03-13 04:45:00,2737.289679,2736.891666,2736.977875,-0.39801299999999173,-0.31180399999993824,-0.354908499999965
2022-03-13 05:00:00,2737.285021,2736.900874,2736.976126,-0.38414700000021185,-0.3088950000001205,-0.34652100000016617
2022-03-13 05:15:00,2737.290263,2736.912333,2736.981061,-0.37792999999965105,-0.3092019999999138,-0.34356599999978243
2022-03-13 05:30:00,2737.289679,2736.921802,2736.978728,-0.367877000000135,-0.3109509999999318,-0.3394140000000334
2022-03-13 06:00:00,2737.286374,2736.92754,2736.977172,-0.3588339999996606,-0.3092019999999138,-0.3340179999997872
2022-03-13 06:15:00,2737.28715,2736.936617,2736.977948,-0.35053300000026866,-0.3092019999999138,-0.32986750000009124
2022-03-13 06:30:00,2737.288513,2736.93973,2736.979311,-0.34878299999991214,-0.3092019999999138,-0.328992499999913
2022-03-13 06:45:00,2737.28793,2736.948356,2736.980478,-0.3395740000000842,-0.30745200000001205,-0.3235130000000481
2022-03-13 07:00:00,2737.285984,2736.949991,2736.981133,-0.3359930000001441,-0.3048509999998714,-0.32042200000000776
2022-03-13 07:15:00,2737.287543,2736.953701,2736.981251,-0.3338420000000042,-0.30629199999975754,-0.32006699999988086
2022-03-13 07:30:00,2737.286574,2736.952731,2736.980281,-0.3338430000003427,-0.30629300000009607,-0.3200680000002194
2022-03-13 07:45:00,2737.286377,2736.958013,2736.982686,-0.328363999999965,-0.30369100000007165,-0.31602750000001834
2022-03-13 08:00:00,2737.285604,2736.959057,2736.979312,-0.3265470000001187,-0.3062920000002123,-0.3164195000001655
2022-03-13 08:15:00,2737.285597,2736.960302,2736.978145,-0.3252950000000965,-0.30745200000001205,-0.31637350000005426
2022-03-13 09:00:00,2737.283272,2736.959136,2736.976979,-0.3241360000001805,-0.30629300000009607,-0.3152145000001383
2022-03-13 09:30:00,2737.286181,2736.9491,2736.978729,-0.33708100000012564,-0.30745200000001205,-0.32226650000006885
2022-03-13 09:45:00,2737.277244,2736.934688,2736.97445,-0.3425560000000587,-0.30279399999972156,-0.32267499999989013
2022-03-13 10:00:00,2737.291422,2736.922918,2736.969974,-0.36850399999957517,-0.3214479999996911,-0.34497599999963313
2022-03-13 10:15:00,2737.301729,2736.915997,2736.969511,-0.3857319999997344,-0.33221800000001167,-0.35897499999987303
2022-03-13 10:30:00,2737.300759,2736.909548,2736.971144,-0.3912110000001121,-0.32961500000010346,-0.3604130000001078
2022-03-13 10:45:00,2737.295511,2736.904977,2736.975495,-0.3905339999996613,-0.32001599999966857,-0.35527499999966494
2022-03-13 11:00:00,2737.293178,2736.901587,2736.97231,-0.3915910000000622,-0.3208679999997912,-0.3562294999999267
2022-03-13 11:15:00,2737.294151,2736.90157,2736.975033,-0.3925810000000638,-0.31911799999988943,-0.3558494999999766
2022-03-13 11:30:00,2737.292015,2736.897602,2736.975216,-0.3944129999999859,-0.3167990000001737,-0.3556060000000798
2022-03-13 11:45:00,2737.293182,2736.896028,2736.975531,-0.3971539999997731,-0.3176509999998416,-0.35740249999980733
2022-03-13 12:00:00,2737.292015,2736.891282,2736.971762,-0.4007329999999456,-0.320252999999866,-0.3604929999999058
2022-03-13 12:15:00,2737.291819,2736.888011,2736.971565,-0.40380800000002637,-0.32025400000020454,-0.36203100000011545
2022-03-13 12:45:00,2737.290256,2736.884811,2736.96857,-0.4054450000003271,-0.32168600000022707,-0.3635655000002771
2022-03-13 13:00:00,2737.291812,2736.884618,2736.972445,-0.40719399999989037,-0.3193670000000566,-0.36328049999997347
2022-03-13 13:15:00,2737.291232,2736.883956,2736.973615,-0.4072759999999107,-0.3176170000001548,-0.36244650000003276
2022-03-13 13:30:00,2737.292012,2736.883566,2736.974088,-0.4084459999999126,-0.31792399999994814,-0.36318499999993037
2022-03-13 13:45:00,2737.292012,2736.878087,2736.972339,-0.41392499999983556,-0.3196729999999661,-0.36679899999990084
2022-03-13 14:00:00,2737.293565,2736.882544,2736.97304,-0.4110209999998915,-0.32052500000008877,-0.36577299999999013
2022-03-13 14:15:00,2737.294338,2736.878828,2736.972915,-0.4155100000002676,-0.32142300000032265,-0.3684665000002951
2022-03-13 14:30:00,2737.298226,2736.880638,2736.974773,-0.417587999999796,-0.32345299999997223,-0.3705204999998841
2022-03-13 14:45:00,2737.29707,2736.880561,2736.974775,-0.4165090000001328,-0.32229499999994005,-0.3694020000000364
2022-03-13 15:00:00,2737.29785,2736.880581,2736.971204,-0.417269000000033,-0.32664599999998245,-0.3719575000000077
2022-03-13 15:15:00,2737.294934,2736.878342,2736.969184,-0.41659200000003693,-0.3257499999999709,-0.3711710000000039
2022-03-13 15:30:00,2737.293571,2736.881469,2736.972743,-0.4121020000002318,-0.32082800000034695,-0.36646500000028936
2022-03-13 15:45:00,2737.301342,2736.882242,2736.975266,-0.4191000000000713,-0.3260760000002847,-0.372588000000178
2022-03-13 16:00:00,2737.29901,2736.886148,2736.97208,-0.41286200000013196,-0.3269300000001749,-0.36989600000015344
2022-03-13 16:15:00,2737.295511,2736.886045,2736.970331,-0.4094659999996111,-0.3251799999998184,-0.36732299999971474
2022-03-13 16:30:00,2737.294344,2736.886628,2736.976118,-0.4077159999997093,-0.3182259999998678,-0.36297099999978855
2022-03-13 17:00:00,2737.295901,2736.888183,2736.972183,-0.40771799999993164,-0.323718000000099,-0.3657180000000153
2022-03-13 17:15:00,2737.297847,2736.89386,2736.973233,-0.4039869999996881,-0.3246139999996558,-0.36430049999967196
2022-03-13 17:30:00,2737.29668,2736.889954,2736.971212,-0.4067259999997077,-0.32546800000000076,-0.36609699999985423
2022-03-13 17:45:00,2737.29843,2736.891704,2736.973815,-0.4067259999997077,-0.3246149999999943,-0.365670499999851
2022-03-13 18:00:00,2737.303095,2736.895692,2736.974416,-0.4074030000001585,-0.3286790000001929,-0.3680410000001757
2022-03-13 18:15:00,2737.299789,2736.896875,2736.970259,-0.40291400000023714,-0.329529999999977,-0.3662220000001071
2022-03-13 18:30:00,2737.300759,2736.89529,2736.97383,-0.40546900000026653,-0.3269290000002911,-0.36619900000027883
2022-03-13 18:45:00,2737.299206,2736.897134,2736.971425,-0.4020720000003166,-0.327780999999959,-0.3649265000001378
2022-03-13 19:00:00,2737.299599,2736.895777,2736.972952,-0.40382199999976365,-0.32664699999986624,-0.36523449999981494
2022-03-13 19:15:00,2737.300569,2736.899821,2736.978274,-0.4007480000000214,-0.32229499999994005,-0.36152149999998073
2022-03-13 19:30:00,2737.301342,2736.90026,2736.973843,-0.401082000000315,-0.3274989999999889,-0.36429050000015195
2022-03-13 19:45:00,2737.306007,2736.898031,2736.975579,-0.40797599999996237,-0.3304280000002109,-0.3692020000000866
2022-03-13 20:00:00,2737.302508,2736.897041,2736.972408,-0.4054670000000442,-0.3301000000001295,-0.36778350000008686
2022-03-13 20:15:00,2737.304648,2736.901816,2736.975969,-0.40283199999976205,-0.32867899999973815,-0.3657554999997501
2022-03-13 20:30:00,2737.306787,2736.90155,2736.976359,-0.4052369999999428,-0.3304280000002109,-0.36783250000007683
2022-03-13 20:45:00,2737.304258,2736.900436,2736.975009,-0.4038220000002184,-0.3292490000003454,-0.3665355000002819
2022-03-13 21:00:00,2737.305424,2736.899853,2736.973573,-0.4055710000002364,-0.3318509999999151,-0.36871100000007573
2022-03-13 21:15:00,2737.306007,2736.90176,2736.976432,-0.4042469999999412,-0.32957500000020445,-0.3669110000000728
2022-03-13 21:30:00,2737.30834,2736.89927,2736.976444,-0.40907000000015614,-0.3318960000001425,-0.37048300000014933
2022-03-13 21:45:00,2737.306007,2736.898688,2736.977612,-0.40731899999991583,-0.32839500000000044,-0.36785699999995813
2022-03-13 22:00:00,2737.305424,2736.896457,2736.977027,-0.4089670000003025,-0.32839700000022276,-0.36868200000026263
2022-03-13 22:15:00,2737.307173,2736.897447,2736.975278,-0.4097260000003189,-0.33189500000025873,-0.3708105000002888
2022-03-13 23:15:00,2737.30834,2736.89828,2736.978195,-0.41006000000015774,-0.3301449999999022,-0.37010250000003
2022-03-13 23:30:00,2737.307173,2736.898863,2736.978777,-0.40831000000025597,-0.328396000000339,-0.36835300000029747
2022-03-13 23:45:00,2737.305621,2736.895894,2736.974622,-0.40972699999974793,-0.33099899999979243,-0.3703629999997702
2022-03-14 00:00:00,2737.306984,2736.898083,2736.97887,-0.408900999999787,-0.3281139999999141,-0.36850749999985055
2022-03-14 00:15:00,2737.307757,2736.898031,2736.976759,-0.40972599999986414,-0.33099799999990864,-0.3703619999998864
2022-03-14 00:30:00,2737.306007,2736.894301,2736.980213,-0.4117060000003221,-0.32579400000031455,-0.3687500000003183
2022-03-14 00:45:00,2737.307757,2736.8978,2736.97936,-0.40995699999984936,-0.32839700000022276,-0.36917700000003606
2022-03-14 01:30:00,2737.312228,2736.895931,2736.980333,-0.41629699999975855,-0.331894999999804,-0.37409599999978127
2022-03-14 01:45:00,2737.312425,2736.894629,2736.980531,-0.41779600000018036,-0.3318939999999202,-0.3748450000000503
2022-03-14 02:00:00,2737.312035,2736.896072,2736.975789,-0.4159629999999197,-0.3362459999998464,-0.37610449999988305
2022-03-14 02:15:00,2737.311255,2736.895292,2736.976758,-0.4159629999999197,-0.33449700000028315,-0.3752300000001014
2022-03-14 02:45:00,2737.312422,2736.893719,2736.977925,-0.4187029999998231,-0.3344969999998284,-0.37659999999982574
2022-03-14 03:00:00,2737.313005,2736.88874,2736.974156,-0.4242650000001049,-0.3388489999997546,-0.38155699999992976
2022-03-14 03:15:00,2737.312422,2736.888157,2736.975322,-0.4242650000001049,-0.33710000000019136,-0.38068250000014814
2022-03-14 03:30:00,2737.314748,2736.892145,2736.979943,-0.42260299999998097,-0.3348049999999603,-0.3787039999999706
2022-03-14 04:30:00,2737.317277,2736.891272,2736.979301,-0.4260050000002593,-0.3379760000002534,-0.38199050000025636
2022-03-14 04:45:00,2737.317473,2736.888729,2736.980351,-0.4287440000002789,-0.33712199999990844,-0.38293300000009367
2022-03-14 05:00:00,2737.318636,2736.890882,2736.981514,-0.42775399999982255,-0.33712199999990844,-0.3824379999998655
2022-03-14 05:15:00,2737.319033,2736.891598,2736.980467,-0.4274350000000595,-0.3385660000003554,-0.38300050000020747
2022-03-14 05:30:00,2737.317087,2736.888661,2736.978521,-0.4284259999999449,-0.33856599999990067,-0.3834959999999228
2022-03-14 05:45:00,2737.316694,2736.887951,2736.978718,-0.42874299999994037,-0.3379760000002534,-0.3833595000000969
2022-03-14 06:00:00,2737.315531,2736.889526,2736.976703,-0.4260050000002593,-0.33882800000037605,-0.3824165000003177
2022-03-14 06:15:00,2737.322138,2736.889962,2736.980952,-0.4321759999997994,-0.341186000000107,-0.3866809999999532
2022-03-14 06:30:00,2737.320002,2736.887761,2736.977676,-0.43224099999997634,-0.3423259999999573,-0.3872834999999668
2022-03-14 06:45:00,2737.318446,2736.884454,2736.978721,-0.43399200000021665,-0.3397250000002714,-0.386858500000244
2022-03-14 07:00:00,2737.320775,2736.888599,2736.981338,-0.43217600000025413,-0.33943700000008903,-0.3858065000001716
2022-03-14 07:15:00,2737.321359,2736.885021,2736.976975,-0.4363379999999779,-0.3443839999999909,-0.3903609999999844
2022-03-14 07:30:00,2737.321755,2736.887829,2736.977951,-0.4339260000001559,-0.34380400000009104,-0.3888650000001235
2022-03-14 07:45:00,2737.321948,2736.884709,2736.978427,-0.43723899999986315,-0.34352099999978236,-0.39037999999982276
2022-03-14 08:00:00,2737.320779,2736.883539,2736.977258,-0.4372400000002017,-0.3435210000002371,-0.3903805000002194
2022-03-14 08:15:00,2737.31825,2736.884509,2736.978514,-0.4337409999998272,-0.33973599999990256,-0.38673849999986487
2022-03-14 08:30:00,2737.314947,2736.884111,2736.978711,-0.43083599999999933,-0.33623599999964426,-0.3835359999998218
2022-03-14 08:45:00,2737.316117,2736.880872,2736.978414,-0.4352449999996679,-0.3377029999996921,-0.38647399999968
2022-03-14 09:00:00,2737.312032,2736.879624,2736.975225,-0.4324079999996684,-0.33680699999968056,-0.3846074999996745
2022-03-14 09:15:00,2737.306784,2736.879706,2736.973476,-0.4270779999997103,-0.3333079999997608,-0.38019299999973555
2022-03-14 09:30:00,2737.297457,2736.875397,2736.974065,-0.42206000000032873,-0.32339200000023993,-0.37272600000028433
2022-03-14 09:45:00,2737.299399,2736.874174,2736.972796,-0.4252249999999549,-0.32660299999997733,-0.3759139999999661
2022-03-14 10:00:00,2737.302125,2736.872298,2736.968252,-0.42982700000038676,-0.3338730000000396,-0.3818500000002132
2022-03-14 10:15:00,2737.304844,2736.868958,2736.969505,-0.43588599999975486,-0.3353389999997489,-0.3856124999997519
2022-03-14 10:30:00,2737.297457,2736.868567,2736.969115,-0.42889000000013766,-0.32834200000024794,-0.3786160000001928
2022-03-14 10:45:00,2737.294344,2736.867532,2736.966899,-0.42681199999969976,-0.32744499999989785,-0.3771284999997988
2022-03-14 11:00:00,2737.292595,2736.866543,2736.967182,-0.4260519999997996,-0.32541300000002593,-0.37573249999991276
2022-03-14 11:30:00,2737.292012,2736.866801,2736.97095,-0.42521099999976286,-0.3210619999999835,-0.3731364999998732
2022-03-14 11:45:00,2737.294534,2736.868164,2736.969711,-0.4263700000001336,-0.3248229999999239,-0.37559650000002875
2022-03-14 12:00:00,2737.293761,2736.864651,2736.966335,-0.42911000000003696,-0.32742599999983213,-0.37826799999993455
2022-03-14 12:15:00,2737.291435,2736.866224,2736.967772,-0.4252110000002176,-0.32366300000012416,-0.3744370000001709
2022-03-14 12:30:00,2737.289103,2736.865641,2736.96979,-0.4234620000001996,-0.31931299999996554,-0.3713875000000826
2022-03-14 13:00:00,2737.289873,2736.864261,2736.9694,-0.425612000000001,-0.32047300000022005,-0.3730425000001105
2022-03-14 13:15:00,2737.290259,2736.866797,2736.969222,-0.4234619999997449,-0.3210369999997056,-0.37224949999972523
2022-03-14 13:30:00,2737.291425,2736.868955,2736.970388,-0.4224699999999757,-0.3210369999997056,-0.37175349999984064
2022-03-14 13:45:00,2737.290842,2736.868036,2736.969805,-0.4228060000000369,-0.3210369999997056,-0.37192149999987123
2022-03-14 14:15:00,2737.294341,2736.867278,2736.967202,-0.4270629999996345,-0.3271389999999883,-0.3771009999998114
2022-03-14 14:30:00,2737.298423,2736.867963,2736.969535,-0.43046000000003914,-0.3288880000000063,-0.3796740000000227
2022-03-14 14:45:00,2737.299396,2736.873174,2736.973111,-0.4262220000000525,-0.3262850000000981,-0.3762535000000753
2022-03-14 15:00:00,2737.298037,2736.872804,2736.970001,-0.4252329999999347,-0.32803599999988364,-0.37663449999990917
2022-03-14 15:15:00,2737.299589,2736.875348,2736.970692,-0.4242410000001655,-0.3288970000003246,-0.37656900000024507
2022-03-14 15:30:00,2737.295507,2736.876848,2736.968369,-0.41865899999993417,-0.32713799999964976,-0.37289849999979197
2022-03-14 15:45:00,2737.295701,2736.877124,2736.966242,-0.4185769999999138,-0.3294590000000426,-0.3740179999999782
2022-03-14 16:00:00,2737.29667,2736.881659,2736.968952,-0.41501100000004953,-0.3277180000000044,-0.37136450000002696
2022-03-14 16:45:00,2737.292202,2736.888247,2736.969733,-0.40395500000022366,-0.32246900000018286,-0.36321200000020326
2022-03-14 17:00:00,2737.294928,2736.890294,2736.969811,-0.4046339999999873,-0.32511699999986376,-0.3648754999999255
2022-03-14 17:30:00,2737.293761,2736.890961,2736.966044,-0.40279999999984284,-0.3277170000001206,-0.3652584999999817
2022-03-14 17:45:00,2737.29726,2736.892709,2736.967222,-0.4045509999996284,-0.3300379999996039,-0.36729449999961616
2022-03-14 18:00:00,2737.302512,2736.898443,2736.969556,-0.4040690000001632,-0.33295600000019476,-0.368512500000179
2022-03-14 18:15:00,2737.300956,2736.899791,2736.969748,-0.40116500000021915,-0.33120800000006057,-0.36618650000013986
2022-03-14 18:30:00,2737.302898,2736.899985,2736.971979,-0.4029129999998986,-0.3309189999999944,-0.3669159999999465
2022-03-14 18:45:00,2737.303288,2736.902124,2736.972369,-0.4011639999998806,-0.3309189999999944,-0.3660414999999375
2022-03-14 19:00:00,2737.306007,2736.904413,2736.97419,-0.40159399999993184,-0.3318170000002283,-0.36670550000008006
2022-03-14 19:15:00,2737.307173,2736.90368,2736.975357,-0.40349300000025323,-0.3318160000003445,-0.36765450000029887
2022-03-14 19:30:00,2737.307173,2736.901931,2736.972755,-0.4052420000002712,-0.3344180000003689,-0.36983000000032007
2022-03-14 19:45:00,2737.306784,2736.901541,2736.970616,-0.40524299999970026,-0.33616799999981595,-0.3707054999997581
2022-03-14 20:00:00,2737.306587,2736.903176,2736.973021,-0.4034110000002329,-0.3335660000002463,-0.3684885000002396
2022-03-14 20:15:00,2737.311835,2736.905915,2736.9742,-0.40592000000015105,-0.3376349999998638,-0.3717775000000074
2022-03-14 20:30:00,2737.311252,2736.909165,2736.977969,-0.4020869999999377,-0.3332829999999376,-0.36768499999993765
2022-03-14 20:45:00,2737.310286,2736.908845,2736.976729,-0.40144099999997707,-0.33355699999992794,-0.3674989999999525
2022-03-14 21:00:00,2737.309123,2736.904609,2736.973817,-0.4045139999998355,-0.3353059999999459,-0.3699099999998907
2022-03-14 21:15:00,2737.311065,2736.906886,2736.976018,-0.4041789999996581,-0.3350470000000314,-0.36961299999984476
2022-03-14 21:30:00,2737.311455,2736.907456,2736.978157,-0.4039990000001126,-0.3332980000000134,-0.368648500000063
2022-03-14 21:45:00,2737.313008,2736.908249,2736.977961,-0.40475900000001275,-0.3350470000000314,-0.3699030000000221
2022-03-14 22:00:00,2737.310676,2736.905916,2736.978229,-0.40475999999989654,-0.3324470000002293,-0.3686035000000629
2022-03-14 22:15:00,2737.311259,2736.9065,2736.975358,-0.40475900000001275,-0.3359009999999216,-0.3703299999999672
2022-03-14 22:30:00,2737.315341,2736.908503,2736.975376,-0.4068379999998797,-0.3399650000001202,-0.37340149999999994
2022-03-14 22:45:00,2737.311452,2736.902962,2736.975838,-0.4084899999998015,-0.3356140000000778,-0.37205199999993965
2022-03-14 23:00:00,2737.317087,2736.906088,2736.977974,-0.41099899999971967,-0.33911299999999756,-0.3750559999998586
2022-03-14 23:15:00,2737.317087,2736.905279,2736.977122,-0.4118079999998372,-0.3399650000001202,-0.3758864999999787
2022-03-14 23:30:00,2737.316504,2736.902945,2736.976822,-0.4135590000000775,-0.3396819999998115,-0.3766204999999445
2022-03-14 23:45:00,2737.315337,2736.902688,2736.977405,-0.4126489999998739,-0.33793199999990975,-0.37529049999989184
2022-03-15 00:00:00,2737.313005,2736.901114,2736.976539,-0.4118910000001961,-0.33646600000020044,-0.37417850000019826
2022-03-15 00:30:00,2737.313005,2736.898194,2736.97479,-0.41481100000009974,-0.3382149999997637,-0.3765129999999317
2022-03-15 01:00:00,2737.311839,2736.897871,2736.973623,-0.4139679999998407,-0.3382160000001022,-0.37609199999997145
2022-03-15 01:30:00,2737.309896,2736.896836,2736.975179,-0.4130600000003142,-0.33471700000018245,-0.3738885000002483
2022-03-15 01:45:00,2737.312035,2736.897226,2736.975569,-0.4148089999998774,-0.3364659999997457,-0.37563749999981155
2022-03-15 02:30:00,2737.313978,2736.895439,2736.974911,-0.41853900000023714,-0.33906700000034107,-0.3788030000002891
2022-03-15 02:45:00,2737.312425,2736.896558,2736.975106,-0.4158670000001621,-0.33731900000020687,-0.3765930000001845
2022-03-15 03:00:00,2737.311259,2736.892652,2736.975689,-0.41860700000006545,-0.3355700000001889,-0.37708850000012717
2022-03-15 03:15:00,2737.311065,2736.892459,2736.975496,-0.4186059999997269,-0.33556899999985035,-0.37708749999978863
2022-03-15 03:30:00,2737.310679,2736.896464,2736.974823,-0.41421500000024025,-0.3358560000001489,-0.3750355000001946
2022-03-15 03:45:00,2737.311845,2736.89664,2736.975989,-0.41520500000024185,-0.3358560000001489,-0.3755305000001954
2022-03-15 04:15:00,2737.30776,2736.893642,2736.975699,-0.4141180000001441,-0.332061000000067,-0.37308950000010555
2022-03-15 04:30:00,2737.309313,2736.895195,2736.975504,-0.4141180000001441,-0.3338090000002012,-0.37396350000017264
2022-03-15 04:45:00,2737.308336,2736.896958,2736.976277,-0.4113780000002407,-0.3320589999998447,-0.3717185000000427
2022-03-15 05:00:00,2737.304838,2736.89879,2736.975424,-0.4060479999998279,-0.32941399999981513,-0.3677309999998215
2022-03-15 05:15:00,2737.305421,2736.902113,2736.976859,-0.4033079999999245,-0.32856200000014724,-0.36593500000003587
2022-03-15 05:30:00,2737.308336,2736.909748,2736.973391,-0.39858800000001793,-0.33494500000006155,-0.36676650000003974
2022-03-15 05:45:00,2737.306004,2736.912731,2736.974841,-0.39327300000013565,-0.3311629999998331,-0.3622179999999844
2022-03-15 06:00:00,2737.30717,2736.917627,2736.974828,-0.3895430000002307,-0.33234200000015335,-0.360942500000192
2022-03-15 06:15:00,2737.304254,2736.921033,2736.976263,-0.38322100000004866,-0.32799100000011094,-0.3556060000000798
2022-03-15 06:45:00,2737.3062,2736.93227,2736.975889,-0.3739300000002004,-0.3303110000001652,-0.3521205000001828
2022-03-15 07:00:00,2737.305427,2736.933246,2736.975116,-0.37218099999972765,-0.3303109999997105,-0.35124599999971906
2022-03-15 07:15:00,2737.304065,2736.936438,2736.978105,-0.36762699999962933,-0.32595999999966807,-0.3467934999996487
2022-03-15 07:30:00,2737.302702,2736.938574,2736.97764,-0.3641280000001643,-0.32506199999988894,-0.34459500000002663
2022-03-15 07:45:00,2737.303678,2736.936811,2736.978592,-0.3668670000001839,-0.3250860000002831,-0.3459765000002335
2022-03-15 08:00:00,2737.301929,2736.939552,2736.976867,-0.36237700000037876,-0.3250620000003437,-0.3437195000003612
2022-03-15 08:15:00,2737.295514,2736.937394,2736.975701,-0.35811999999987165,-0.3198130000000674,-0.33896649999996953
2022-03-15 08:30:00,2737.293182,2736.942372,2736.973388,-0.35080999999991036,-0.3197940000000017,-0.335301999999956
2022-03-15 09:00:00,2737.28871,2736.944139,2736.972415,-0.3445709999996325,-0.3162949999996272,-0.33043299999962983
2022-03-15 09:15:00,2737.283262,2736.942451,2736.969885,-0.3408110000000306,-0.31337699999994584,-0.3270939999999882
2022-03-15 09:30:00,2737.270626,2736.939651,2736.969784,-0.330974999999853,-0.3008420000001024,-0.3159084999999777
2022-03-15 09:45:00,2737.299206,2736.934319,2736.965432,-0.3648870000001807,-0.3337740000001759,-0.3493305000001783
2022-03-15 10:00:00,2737.302515,2736.92058,2736.966947,-0.3819349999998849,-0.33556799999996656,-0.3587514999999257
2022-03-15 10:15:00,2737.299016,2736.913284,2736.964344,-0.3857319999997344,-0.334671999999955,-0.3602019999998447
2022-03-15 10:30:00,2737.29785,2736.910798,2736.966678,-0.3870520000000397,-0.33117200000015146,-0.3591120000000956
2022-03-15 10:45:00,2737.290849,2736.906635,2736.967843,-0.3842140000001564,-0.3230060000000776,-0.353610000000117
2022-03-15 11:00:00,2737.290652,2736.899968,2736.963296,-0.3906839999999647,-0.32735600000023624,-0.3590200000001005
2022-03-15 11:15:00,2737.287927,2736.898911,2736.96667,-0.38901599999962855,-0.32125700000005963,-0.3551364999998441
2022-03-15 11:30:00,2737.287344,2736.894597,2736.967838,-0.39274699999987206,-0.3195059999998193,-0.3561264999998457
2022-03-15 11:45:00,2737.288317,2736.892005,2736.966773,-0.39631199999985256,-0.32154399999990346,-0.358927999999878
2022-03-15 12:00:00,2737.290263,2736.891866,2736.967848,-0.3983969999999317,-0.3224150000000918,-0.3604060000000118
2022-03-15 12:15:00,2737.289096,2736.888869,2736.96668,-0.40022700000008626,-0.3224159999999756,-0.36132150000003094
2022-03-15 12:30:00,2737.289096,2736.88613,2736.965828,-0.40296600000010585,-0.32326800000009825,-0.36311700000010205
2022-03-15 12:45:00,2737.290652,2736.885854,2736.965635,-0.40479800000002797,-0.32501700000011624,-0.3649075000000721
2022-03-15 13:00:00,2737.292015,2736.886458,2736.967568,-0.40555700000004435,-0.32444699999996374,-0.36500200000000405
2022-03-15 13:30:00,2737.290652,2736.886844,2736.965352,-0.40380800000002637,-0.32529999999997017,-0.36455399999999827
2022-03-15 13:45:00,2737.290646,2736.886192,2736.967085,-0.404453999999987,-0.32356099999969956,-0.3640074999998433
2022-03-15 14:00:00,2737.293758,2736.887555,2736.968448,-0.406203000000005,-0.32530999999971755,-0.36575649999986126
2022-03-15 14:15:00,2737.293758,2736.883644,2736.965847,-0.41011399999979403,-0.3279109999998582,-0.3690124999998261
2022-03-15 14:30:00,2737.289676,2736.883061,2736.965262,-0.40661499999987427,-0.324413999999706,-0.36551449999979013
2022-03-15 14:45:00,2737.292982,2736.885607,2736.965069,-0.40737499999977445,-0.3279130000000805,-0.3676439999999275
2022-03-15 15:00:00,2737.294928,2736.888215,2736.968433,-0.4067129999998542,-0.32649499999979525,-0.36660399999982474
2022-03-15 15:15:00,2737.294928,2736.894865,2736.967015,-0.40006299999959083,-0.32791299999962575,-0.3639879999996083
2022-03-15 15:30:00,2737.291232,2736.896321,2736.967672,-0.39491099999986545,-0.3235599999998158,-0.3592354999998406
2022-03-15 15:45:00,2737.294921,2736.898916,2736.96701,-0.3960050000000592,-0.3279110000003129,-0.3619580000001861
2022-03-15 16:00:00,2737.291422,2736.901656,2736.964407,-0.38976599999978134,-0.3270149999998466,-0.358390499999814
2022-03-15 16:15:00,2737.292395,2736.902629,2736.965945,-0.38976599999978134,-0.32645000000002256,-0.35810799999990195
2022-03-15 16:30:00,2737.290842,2736.902825,2736.966995,-0.38801699999976336,-0.3238469999996596,-0.3559319999997115
2022-03-15 16:45:00,2737.28851,2736.907721,2736.966411,-0.3807889999998224,-0.32209899999998015,-0.3514439999999013
2022-03-15 17:00:00,2737.292009,2736.905233,2736.966991,-0.38677599999982704,-0.32501800000000003,-0.35589699999991353
2022-03-15 17:15:00,2737.292009,2736.907065,2736.966421,-0.3849439999999049,-0.3255879999996978,-0.35526599999980135
2022-03-15 17:30:00,2737.294341,2736.910389,2736.969324,-0.383951999999681,-0.3250169999996615,-0.35448449999967124
2022-03-15 17:45:00,2737.295507,2736.911554,2736.966138,-0.38395300000001953,-0.32936900000004243,-0.356661000000031
2022-03-15 18:15:00,2737.29726,2736.911557,2736.968744,-0.3857029999999213,-0.328516000000036,-0.35710949999997865
2022-03-15 18:30:00,2737.299593,2736.915537,2736.965873,-0.3840560000003279,-0.33372000000008484,-0.3588880000002064
2022-03-15 19:00:00,2737.301145,2736.91709,2736.970027,-0.3840549999999894,-0.3311180000000604,-0.3575865000000249
2022-03-15 19:15:00,2737.303668,2736.917863,2736.9708,-0.38580499999989115,-0.3328679999999622,-0.3593364999999267
2022-03-15 19:45:00,2737.305417,2736.919613,2736.972549,-0.38580400000000736,-0.3328679999999622,-0.3593359999999848
2022-03-15 20:45:00,2737.30678,2736.916485,2736.973016,-0.3902949999996963,-0.33376399999997375,-0.362029499999835
2022-03-15 21:00:00,2737.306007,2736.915712,2736.97139,-0.39029500000015105,-0.3346169999999802,-0.3624560000000656
2022-03-15 21:15:00,2737.306007,2736.915057,2736.973129,-0.39094999999997526,-0.3328780000001643,-0.3619140000000698
2022-03-15 21:45:00,2737.308143,2736.9161,2736.973516,-0.39204300000028525,-0.3346270000001823,-0.3633350000002338
2022-03-15 22:15:00,2737.30678,2736.91583,2736.971593,-0.39094999999997526,-0.33518699999967794,-0.3630684999998266
2022-03-15 22:30:00,2737.306394,2736.918839,2736.971206,-0.3875550000002477,-0.3351880000000165,-0.3613715000001321
2022-03-15 22:45:00,2737.30775,2736.918446,2736.970813,-0.3893039999998109,-0.33693700000003446,-0.3631204999999227
2022-03-15 23:15:00,2737.307167,2736.915041,2736.971126,-0.39212599999973463,-0.3360410000000229,-0.36408349999987877
2022-03-15 23:30:00,2737.30775,2736.912043,2736.972562,-0.3957070000001295,-0.3351880000000165,-0.365447500000073
2022-03-15 23:45:00,2737.309306,2736.911702,2736.974119,-0.39760400000022855,-0.3351870000001327,-0.3663955000001806
2022-03-16 00:00:00,2737.30717,2736.912223,2736.973449,-0.3949470000002293,-0.3337209999999686,-0.36433400000009897
2022-03-16 00:30:00,2737.308726,2736.915431,2736.973257,-0.3932950000003075,-0.3354690000001028,-0.36438200000020515
2022-03-16 00:45:00,2737.30718,2736.911315,2736.972017,-0.39586499999995794,-0.33516299999973853,-0.36551399999984824
2022-03-16 01:00:00,2737.308346,2736.913471,2736.973182,-0.39487499999995634,-0.3351639999996223,-0.36501949999978933
2022-03-16 01:15:00,2737.30893,2736.912239,2736.973767,-0.39669099999991886,-0.3351630000001933,-0.36592700000005607
2022-03-16 01:30:00,2737.308346,2736.911656,2736.973753,-0.3966899999995803,-0.334592999999586,-0.3656414999995832
2022-03-16 01:45:00,2737.309316,2736.910548,2736.972121,-0.3987680000000182,-0.3371950000000652,-0.3679815000000417
2022-03-16 02:00:00,2737.309506,2736.911974,2736.968856,-0.3975319999999556,-0.34065000000009604,-0.3690910000000258
2022-03-16 02:15:00,2737.310479,2736.910207,2736.974137,-0.4002720000003137,-0.33634200000005876,-0.36830700000018624
2022-03-16 02:30:00,2737.308926,2736.908244,2736.970879,-0.4006819999999607,-0.33804700000018784,-0.36936450000007426
2022-03-16 02:45:00,2737.310092,2736.904921,2736.971148,-0.4051710000003368,-0.3389440000000832,-0.37205750000021
2022-03-16 03:00:00,2737.309316,2736.904079,2736.969231,-0.4052369999999428,-0.34008499999981723,-0.37266099999988
2022-03-16 03:15:00,2737.30815,2736.905318,2736.969814,-0.40283199999976205,-0.33833599999979924,-0.37058399999978064
2022-03-16 03:30:00,2737.311255,2736.909414,2736.971171,-0.40184099999987666,-0.34008399999993344,-0.37096249999990505
2022-03-16 03:45:00,2737.30892,2736.905508,2736.972607,-0.4034120000001167,-0.3363129999997909,-0.3698624999999538
2022-03-16 04:00:00,2737.30892,2736.903676,2736.972325,-0.4052440000000388,-0.33659499999976106,-0.3709194999998999
2022-03-16 04:15:00,2737.308336,2736.903755,2736.970001,-0.4045810000002348,-0.33833499999991545,-0.3714580000000751
2022-03-16 04:30:00,2737.311059,2736.904728,2736.971862,-0.40633100000013656,-0.3391970000002402,-0.3727640000001884
2022-03-16 04:45:00,2737.311839,2736.905753,2736.973503,-0.4060859999999593,-0.33833599999979924,-0.3722109999998793
2022-03-16 05:00:00,2737.312422,2736.904259,2736.974086,-0.4081630000000587,-0.33833599999979924,-0.37324949999992896
2022-03-16 05:15:00,2737.311839,2736.904666,2736.971754,-0.4071730000000571,-0.34008499999981723,-0.37362899999993715
2022-03-16 05:30:00,2737.311645,2736.906222,2736.97331,-0.4054230000001553,-0.3383350000003702,-0.37187900000026275
2022-03-16 05:45:00,2737.311259,2736.905837,2736.972071,-0.4054220000002715,-0.3391879999999219,-0.3723050000000967
2022-03-16 06:00:00,2737.313201,2736.901474,2736.973117,-0.4117270000001554,-0.34008399999993344,-0.3759055000000444
2022-03-16 06:15:00,2737.310479,2736.89776,2736.969542,-0.4127190000003793,-0.3409370000003946,-0.37682800000038696
2022-03-16 06:30:00,2737.310092,2736.901863,2736.971475,-0.4082290000001194,-0.33861700000034034,-0.3734230000002299
2022-03-16 06:45:00,2737.308926,2736.900697,2736.970309,-0.4082290000001194,-0.33861700000034034,-0.3734230000002299
2022-03-16 07:00:00,2737.308926,2736.897956,2736.97234,-0.4109700000003613,-0.3365860000003522,-0.37377800000035677
2022-03-16 07:15:00,2737.311259,2736.898541,2736.970322,-0.4127180000000408,-0.34093699999993987,-0.3768274999999903
2022-03-16 07:30:00,2737.310676,2736.901359,2736.972057,-0.40931700000010096,-0.3386190000001079,-0.37396800000010444
2022-03-16 07:45:00,2737.310092,2736.895215,2736.969726,-0.4148770000001605,-0.3403660000003583,-0.3776215000002594
2022-03-16 08:15:00,2737.310092,2736.900939,2736.970905,-0.4091530000000603,-0.3391870000000381,-0.3741700000000492
2022-03-16 08:30:00,2737.308536,2736.894828,2736.969349,-0.4137080000000424,-0.3391870000000381,-0.37644750000004024
2022-03-16 08:45:00,2737.306007,2736.895037,2736.966537,-0.4109700000003613,-0.33947000000034677,-0.37522000000035405
2022-03-16 09:15:00,2737.306397,2736.891847,2736.96778,-0.4145499999999629,-0.3386169999998856,-0.37658349999992424
2022-03-16 09:30:00,2737.304261,2736.890469,2736.969141,-0.41379200000028504,-0.33512000000018816,-0.3744560000002366
2022-03-16 09:45:00,2737.305038,2736.889168,2736.968168,-0.41586999999981344,-0.33687000000008993,-0.3763699999999517
2022-03-16 10:00:00,2737.299399,2736.891519,2736.965177,-0.40788000000020475,-0.3342219999999543,-0.3710510000000795
2022-03-16 10:30:00,2737.299013,2736.88656,2736.96881,-0.412452999999914,-0.33020299999998315,-0.3713279999999486
2022-03-16 10:45:00,2737.297263,2736.887216,2736.965355,-0.4100469999998495,-0.3319080000001122,-0.37097749999998086
2022-03-16 11:00:00,2737.295897,2736.887019,2736.966908,-0.40887800000018615,-0.32898900000009235,-0.36893350000013925
2022-03-16 11:15:00,2737.296674,2736.88755,2736.966515,-0.4091240000002472,-0.33015900000009424,-0.3696415000001707
2022-03-16 11:45:00,2737.289673,2736.886967,2736.966502,-0.40270600000030754,-0.3231710000000021,-0.3629385000001548
2022-03-16 12:00:00,2737.292395,2736.885862,2736.965726,-0.40653299999985393,-0.32666900000003807,-0.366600999999946
2022-03-16 12:15:00,2737.291425,2736.88481,2736.963051,-0.40661499999987427,-0.3283739999997124,-0.36749449999979333
2022-03-16 12:30:00,2737.295314,2736.883369,2736.963441,-0.41194499999983236,-0.3318730000000869,-0.37190899999995963
2022-03-16 12:45:00,2737.292595,2736.886888,2736.964791,-0.405706999999893,-0.32780400000001464,-0.3667554999999538
2022-03-16 13:00:00,2737.290846,2736.887878,2736.96652,-0.4029679999998734,-0.32432599999992817,-0.3636469999999008
2022-03-16 13:15:00,2737.289483,2736.886515,2736.965157,-0.4029679999998734,-0.32432599999992817,-0.3636469999999008
2022-03-16 13:30:00,2737.288896,2736.886524,2736.966885,-0.40237200000001394,-0.32201100000020233,-0.36219150000010814
2022-03-16 13:45:00,2737.290266,,,,,
2022-04-08 02:45:00,2737.311065,2736.891606,2736.9018,-0.41945899999973335,-0.4092649999997775,-0.4143619999997554
2022-04-08 03:00:00,2737.309513,2736.891736,2736.906348,-0.41777700000011464,-0.40316500000017186,-0.41047100000014325
2022-04-08 03:15:00,2737.312428,2736.892901,2736.90231,-0.4195270000000164,-0.4101180000002387,-0.41482250000012755
2022-04-08 03:30:00,2737.310096,2736.889579,2736.898554,-0.420517000000018,-0.4115420000002814,-0.4160295000001497
2022-04-08 03:45:00,2737.30893,2736.890162,2736.90174,-0.41876800000000003,-0.4071900000003552,-0.4129790000001776
2022-04-08 04:00:00,2737.311845,2736.893145,2736.902906,-0.4187000000001717,-0.4089390000003732,-0.41381950000027246
2022-04-08 04:15:00,2737.311845,2736.891328,2736.902053,-0.420517000000018,-0.40979200000037963,-0.4151545000001988
2022-04-08 04:30:00,2737.311845,2736.88859,2736.896849,-0.4232550000001538,-0.4149959999999737,-0.41912550000006377
2022-04-08 04:45:00,2737.312428,2736.886432,2736.900035,-0.4259960000003957,-0.4123930000000655,-0.4191945000002306
2022-04-08 05:00:00,2737.309513,2736.887925,2736.900618,-0.42158800000015617,-0.40889500000002954,-0.41524150000009286
2022-04-08 05:15:00,2737.311065,2736.887728,2736.897819,-0.4233369999997194,-0.41324600000007194,-0.4182914999998957
2022-04-08 05:30:00,2737.314754,2736.886927,2736.89976,-0.4278269999999793,-0.41499400000020614,-0.4214105000000927
2022-04-08 06:00:00,2737.314368,2736.888624,2736.89852,-0.4257439999996677,-0.4158479999996416,-0.42079599999965467
2022-04-08 06:15:00,2737.314761,2736.889099,2736.897164,-0.4256620000001021,-0.41759700000011435,-0.42162950000010824
2022-04-08 06:45:00,2737.311845,2736.884202,2736.8986,-0.4276429999999891,-0.41324500000018816,-0.42044400000008864
2022-04-08 07:00:00,2737.313205,2736.887543,2736.900246,-0.4256620000001021,-0.41295899999977337,-0.41931049999993775
2022-04-08 07:15:00,2737.311842,2736.887826,2736.896281,-0.4240159999999378,-0.41556100000025253,-0.41978850000009515
2022-04-08 07:30:00,2737.308926,2736.8894,2736.897717,-0.4195260000001326,-0.41120900000032634,-0.4153675000002295
2022-04-08 08:00:00,2737.310092,2736.887068,2736.897134,-0.4230240000001686,-0.4129580000003443,-0.41799100000025646
2022-04-08 08:30:00,2737.308536,2736.887491,2736.897327,-0.4210450000000492,-0.4112089999998716,-0.4161269999999604
2022-04-08 08:45:00,2737.307173,2736.886955,2736.89251,-0.4202180000002045,-0.41466300000001866,-0.41744050000011157
2022-04-08 09:00:00,2737.30834,2736.887363,2736.894528,-0.42097700000022087,-0.41381200000023455,-0.4173945000002277
2022-04-08 09:15:00,2737.306204,2736.88417,2736.894995,-0.422034000000167,-0.4112089999998716,-0.4166215000000193
2022-04-08 09:30:00,2737.303485,2736.885904,2736.888821,-0.4175809999997,-0.41466399999990244,-0.4161224999998012
2022-04-08 09:45:00,2737.303288,2736.887283,2736.891226,-0.41600500000004104,-0.412061999999878,-0.41403349999995953
2022-04-08 10:00:00,2737.299599,2736.887154,2736.886685,-0.4124449999999342,-0.41291400000000067,-0.41267949999996745
2022-04-08 10:15:00,2737.301349,2736.880758,2736.891889,-0.42059100000005856,-0.4094599999998536,-0.4150254999999561
2022-04-08 10:30:00,2737.301932,2736.881506,2736.88812,-0.42042599999967933,-0.4138119999997798,-0.41711899999972957
2022-04-08 10:45:00,2737.299599,2736.882328,2736.889286,-0.41727099999980055,-0.41031299999986004,-0.4137919999998303
2022-04-08 11:00:00,2737.295317,2736.88004,2736.890526,-0.41527700000006007,-0.40479099999993196,-0.410033999999996
2022-04-08 11:15:00,2737.295507,2736.880222,2736.888114,-0.4152850000000399,-0.4073929999999564,-0.4113389999999981
2022-04-08 11:30:00,2737.294148,2736.884079,2736.890818,-0.41006900000002133,-0.40333000000009633,-0.40669950000005883
2022-04-08 11:45:00,2737.294928,2736.889332,2736.89595,-0.40559599999960483,-0.3989779999997154,-0.4022869999996601
2022-04-08 12:00:00,2737.293178,2736.886506,2736.890746,-0.4066720000000714,-0.40243199999986246,-0.40455199999996694
2022-04-08 12:15:00,2737.290846,2736.884178,2736.891866,-0.4066680000000815,-0.3989799999999377,-0.4028240000000096
2022-04-08 12:30:00,2737.289486,2736.887296,2736.892256,-0.4021900000002461,-0.39723000000003594,-0.399710000000141
2022-04-08 12:45:00,2737.292598,2736.888479,2736.888133,-0.4041189999998096,-0.4044650000000729,-0.40429199999994125
2022-04-08 13:00:00,2737.293568,2736.89218,2736.892557,-0.40138800000022457,-0.40101099999992584,-0.4011995000000752
2022-04-08 13:15:00,2737.290842,2736.892218,2736.890729,-0.39862399999992704,-0.40011299999969197,-0.3993684999998095
2022-04-08 13:45:00,2737.290842,2736.893056,2736.88898,-0.3977859999999964,-0.40186199999970995,-0.3998239999998532
2022-04-08 14:00:00,2737.291815,2736.899047,2736.889953,-0.3927680000001601,-0.4018620000001647,-0.3973150000001624
2022-04-08 14:15:00,2737.294344,2736.903485,2736.890732,-0.39085900000009133,-0.4036120000000665,-0.3972355000000789
2022-04-08 14:30:00,2737.293175,2736.907218,2736.890449,-0.38595699999996214,-0.4027259999998023,-0.3943414999998822
2022-04-08 14:45:00,2737.296094,2736.904478,2736.891301,-0.3916159999998854,-0.40479299999969953,-0.39820449999979246
2022-04-08 15:00:00,2737.294731,2736.904215,2736.890256,-0.39051599999993414,-0.4044749999998203,-0.3974954999998772
2022-04-08 15:30:00,2737.294731,2736.90123,2736.890831,-0.39350100000001476,-0.4038999999997941,-0.3987004999999044
2022-04-08 15:45:00,2737.295894,2736.903137,2736.892847,-0.3927570000000742,-0.40304699999978766,-0.3979019999999309
2022-04-08 16:00:00,2737.290842,2736.906147,2736.89219,-0.3846949999997378,-0.39865199999985634,-0.39167349999979706
2022-04-08 16:15:00,2737.291425,2736.900088,2736.891024,-0.39133700000002136,-0.40040099999987433,-0.39586899999994785
2022-04-08 16:30:00,2737.292592,2736.903239,2736.894793,-0.3893529999995735,-0.3977989999998499,-0.3935759999997117
2022-04-08 16:45:00,2737.292592,2736.905979,2736.895362,-0.38661299999967014,-0.3972299999995812,-0.39192149999962567
2022-04-08 17:15:00,2737.292592,2736.906812,2736.89276,-0.3857799999996132,-0.3998319999996056,-0.3928059999996094
2022-04-08 17:30:00,2737.290259,2736.908969,2736.889006,-0.38128999999980806,-0.401252999999997,-0.3912714999999025
2022-04-08 17:45:00,2737.291425,2736.903993,2736.88582,-0.3874319999999898,-0.40560499999992317,-0.3965184999999565
2022-04-08 18:00:00,2737.296091,2736.90889,2736.891337,-0.38720100000000457,-0.40475400000013906,-0.3959775000000718
2022-04-08 18:15:00,2737.296091,2736.905159,2736.889589,-0.3909320000002481,-0.40650200000027326,-0.39871700000026067
2022-04-08 19:00:00,2737.294341,2736.90691,2736.886986,-0.38743099999965125,-0.40735499999982494,-0.3973929999997381
2022-04-08 19:15:00,2737.299396,2736.908466,2736.891714,-0.39093000000002576,-0.4076820000000225,-0.39930600000002414
2022-04-08 19:30:00,2737.299786,2736.910605,2736.88983,-0.38918100000000777,-0.40995599999996557,-0.39956849999998667
2022-04-08 20:00:00,2737.301339,2736.907669,2736.890485,-0.39366999999992913,-0.41085400000019945,-0.4022620000000643
2022-04-08 20:15:00,2737.300756,2736.91001,2736.892505,-0.39074600000003556,-0.40825100000029124,-0.3994985000001634
2022-04-08 20:45:00,2737.301922,2736.911176,2736.890215,-0.39074600000003556,-0.4117070000002059,-0.4012265000001207
2022-04-08 21:00:00,2737.302505,2736.90803,2736.8908,-0.39447500000005675,-0.41170499999998356,-0.40309000000002015
2022-04-08 21:15:00,2737.300756,2736.91001,2736.891087,-0.39074600000003556,-0.40966900000012174,-0.40020750000007865
2022-04-08 21:30:00,2737.301922,2736.908437,2736.893105,-0.39348500000005515,-0.4088169999999991,-0.4011510000000271
2022-04-08 22:00:00,2737.301339,2736.905114,2736.89167,-0.3962249999999585,-0.40966900000012174,-0.40294700000004013
2022-04-08 22:30:00,2737.301922,2736.905697,2736.892253,-0.3962249999999585,-0.40966900000012174,-0.40294700000004013
2022-04-08 22:45:00,2737.302505,2736.906279,2736.892836,-0.39622600000029706,-0.40966900000012174,-0.4029475000002094
2022-04-08 23:15:00,2737.306587,2736.908612,2736.892566,-0.3979749999998603,-0.41402100000004793,-0.4059979999999541
2022-04-08 23:30:00,2737.30717,2736.909195,2736.896604,-0.3979749999998603,-0.4105660000000171,-0.4042704999999387
2022-04-08 23:45:00,2737.306587,2736.906632,2736.902966,-0.3999549999998635,-0.40362099999993006,-0.4017879999998968
2022-04-09 00:00:00,2737.303478,2736.908012,2736.896977,-0.39546599999994214,-0.4065009999999347,-0.40098349999993843
2022-04-09 00:15:00,2737.307757,2736.90795,2736.89861,-0.39980700000023717,-0.40914699999984805,-0.4044770000000426
2022-04-09 00:30:00,2737.306007,2736.905211,2736.899179,-0.400796000000355,-0.4068280000001323,-0.40381200000024364
2022-04-09 00:45:00,2737.303092,2736.906784,2736.896589,-0.3963080000003174,-0.40650300000015704,-0.4014055000002372
2022-04-09 01:30:00,2737.306394,2736.906254,2736.898712,-0.40014000000019223,-0.4076820000000225,-0.4039110000001074
2022-04-09 01:45:00,2737.304834,2736.904613,2736.896301,-0.40022099999987404,-0.40853299999980663,-0.40437699999984034
2022-04-09 02:00:00,2737.30814,2736.907159,2736.895254,-0.40098100000022896,-0.41288600000007136,-0.40693350000015016
2022-04-09 02:15:00,2737.305421,2736.907871,2736.898637,-0.3975500000001375,-0.4067840000002434,-0.40216700000019046
2022-04-09 02:30:00,2737.307567,2736.906688,2736.899013,-0.40087899999980436,-0.4085539999996399,-0.40471649999972215
2022-04-09 02:45:00,2737.308346,2736.902979,2736.896339,-0.40536699999984194,-0.4120069999999032,-0.40868699999987257
2022-04-09 03:00:00,2737.30718,2736.906964,2736.900658,-0.40021600000000035,-0.406521999999768,-0.4033689999998842
2022-04-09 03:15:00,2737.308346,2736.905391,2736.899223,-0.40295500000001994,-0.40912299999990864,-0.4060389999999643
2022-04-09 03:30:00,2737.307567,2736.90735,2736.89759,-0.40021699999988414,-0.40997699999979886,-0.4050969999998415
2022-04-09 03:45:00,2737.30834,2736.909031,2736.898934,-0.3993089999999029,-0.4094060000002173,-0.4043575000000601
2022-04-09 04:00:00,2737.308923,2736.903294,2736.899517,-0.40562899999986257,-0.4094060000002173,-0.40751750000003995
2022-04-09 04:15:00,2737.307173,2736.901544,2736.90037,-0.4056290000003173,-0.4068030000003091,-0.4062160000003132
2022-04-09 04:30:00,2737.311255,2736.902887,2736.897498,-0.40836799999988216,-0.4137570000002597,-0.41106250000007094
2022-04-09 04:45:00,2737.307757,2736.903877,2736.89835,-0.4038799999998446,-0.4094070000001011,-0.40664349999997285
2022-04-09 05:00:00,2737.30698,2736.907344,2736.901638,-0.3996359999996457,-0.40534200000001874,-0.40248899999983223
2022-04-09 05:15:00,2737.313008,2736.905302,2736.899815,-0.40770599999996193,-0.4131929999998647,-0.4104494999999133
2022-04-09 05:30:00,2737.310092,2736.903146,2736.896057,-0.40694600000006176,-0.41403500000023996,-0.41049050000015086
2022-04-09 05:45:00,2737.308926,2736.904719,2736.897492,-0.40420700000004217,-0.41143400000009933,-0.40782050000007075
2022-04-09 06:00:00,2737.30776,2736.902563,2736.900668,-0.40519700000004377,-0.4070919999999205,-0.40614449999998214
2022-04-09 06:15:00,2737.309316,2736.904283,2736.897882,-0.4050330000000031,-0.4114339999996446,-0.40823349999982383
2022-04-09 06:30:00,2737.310096,2736.905063,2736.899515,-0.4050330000000031,-0.4105810000000929,-0.407807000000048
2022-04-09 06:45:00,2737.310096,2736.903083,2736.900085,-0.4070130000000063,-0.4100109999999404,-0.40851199999997334
2022-04-09 07:15:00,2737.307373,2736.902176,2736.895657,-0.40519700000004377,-0.41171600000006947,-0.4084565000000566
2022-04-09 07:30:00,2737.30776,2736.900813,2736.895474,-0.40694699999994555,-0.412286000000222,-0.40961650000008376
2022-04-09 07:45:00,2737.307567,2736.902369,2736.900485,-0.40519799999992756,-0.4070819999997184,-0.406139999999823
2022-04-09 08:00:00,2737.309123,2736.899371,2736.895939,-0.4097520000000259,-0.4131840000000011,-0.4114680000000135
2022-04-09 08:15:00,2737.3064,2736.898398,2736.897569,-0.4080020000001241,-0.4088309999997364,-0.40841649999993024
2022-04-09 08:30:00,2737.308346,2736.898594,2736.897482,-0.4097520000000259,-0.4108639999999468,-0.41030799999998635
2022-04-09 08:45:00,2737.306207,2736.899195,2736.894491,-0.4070120000001225,-0.41171600000006947,-0.409364000000096
2022-04-09 09:00:00,2737.304454,2736.896451,2736.89359,-0.4080030000000079,-0.4108639999999468,-0.40943349999997736
2022-04-09 09:15:00,2737.303481,2736.896467,2736.890016,-0.4070139999998901,-0.41346500000008746,-0.41023949999998877
2022-04-09 09:30:00,2737.301929,2736.897647,2736.891962,-0.40428200000042125,-0.4099670000000515,-0.40712450000023637
2022-04-09 09:45:00,2737.303095,2736.894309,2736.892231,-0.4087860000004184,-0.4108640000004016,-0.40982500000041
2022-04-09 10:30:00,2737.301929,2736.896601,2736.892814,-0.40532800000028146,-0.4091150000003836,-0.4072215000003325
2022-04-09 11:00:00,2737.294151,2736.895146,2736.894627,-0.39900500000021566,-0.3995239999999285,-0.3992645000000721
2022-04-09 11:15:00,2737.293765,2736.894754,2736.891638,-0.39901099999997314,-0.4021269999998367,-0.4005689999999049
2022-04-09 11:30:00,2737.293182,2736.893827,2736.892804,-0.3993550000000141,-0.4003779999998187,-0.3998664999999164
2022-04-09 11:45:00,2737.292985,2736.894705,2736.892607,-0.39827999999988606,-0.4003779999998187,-0.3993289999998524
2022-04-09 12:00:00,2737.296674,2736.896451,2736.891944,-0.40022300000009636,-0.40473000000019965,-0.402476500000148
2022-04-09 12:15:00,2737.294731,2736.893509,2736.892317,-0.40122199999996155,-0.4024140000001353,-0.4018180000000484
2022-04-09 12:30:00,2737.293178,2736.894635,2736.889911,-0.3985429999997905,-0.40326699999968696,-0.4009049999997387
2022-04-09 12:45:00,2737.296094,2736.8982,2736.891078,-0.39789399999972375,-0.40501599999970495,-0.40145499999971435
2022-04-09 13:00:00,2737.294151,2736.893524,2736.890601,-0.40062699999998586,-0.40354999999999563,-0.40208849999999074
2022-04-09 13:15:00,2737.293565,2736.893268,2736.891184,-0.4002970000001369,-0.40238099999987753,-0.4013390000000072
2022-04-09 13:30:00,2737.296087,2736.896446,2736.892835,-0.39964099999997416,-0.4032520000000659,-0.40144650000002
2022-04-09 13:45:00,2737.295311,2736.898321,2736.894378,-0.3969899999997324,-0.4009329999998954,-0.3989614999998139
2022-04-09 14:00:00,2737.300172,2736.903638,2736.891389,-0.39653400000042893,-0.4087830000003123,-0.4026585000003706
2022-04-09 14:15:00,2737.298813,2736.907606,2736.894947,-0.39120699999966746,-0.4038660000001073,-0.3975364999998874
2022-04-09 14:30:00,2737.298813,2736.908953,2736.896696,-0.3898599999997714,-0.4021170000000893,-0.39598849999993035
2022-04-09 14:45:00,2737.296087,2736.906146,2736.893117,-0.3899410000003627,-0.40297000000009575,-0.3964555000002292
2022-04-09 15:00:00,2737.296477,2736.908366,2736.892328,-0.3881109999997534,-0.40414899999996123,-0.3961299999998573
2022-04-09 15:15:00,2737.298423,2736.906561,2736.896876,-0.39186200000040117,-0.40154700000039156,-0.39670450000039637
2022-04-09 15:30:00,2737.296487,2736.905044,2736.895817,-0.3914429999999811,-0.400669999999991,-0.39605649999998604
2022-04-09 15:45:00,2737.296684,2736.902073,2736.894264,-0.3946109999997134,-0.40241999999989275,-0.39851549999980307
2022-04-09 16:00:00,2737.296684,2736.906659,2736.893412,-0.39002499999969586,-0.4032720000000154,-0.39664849999985563
2022-04-09 16:15:00,2737.296487,2736.906547,2736.896393,-0.38994000000002416,-0.400094000000081,-0.3950170000000526
2022-04-09 16:30:00,2737.29804,2736.909829,2736.893594,-0.3882109999999557,-0.4044460000000072,-0.39632849999998143
2022-04-09 16:45:00,2737.293185,2736.904913,2736.894839,-0.3882720000001427,-0.3983459999999468,-0.39330900000004476
2022-04-09 17:00:00,2737.298236,2736.908876,2736.894642,-0.3893600000001243,-0.40359399999988455,-0.3964770000000044
2022-04-09 17:15:00,2737.29901,2736.908894,2736.895415,-0.39011600000003455,-0.4035950000002231,-0.3968555000001288
2022-04-09 17:30:00,2737.29726,2736.907903,2736.891063,-0.38935700000001816,-0.40619699999979275,-0.39777699999990546
2022-04-09 17:45:00,2737.296484,2736.909867,2736.893787,-0.3866170000001148,-0.4026969999999892,-0.394657000000052
2022-04-09 18:15:00,2737.295901,2736.912024,2736.892639,-0.38387699999975666,-0.40326199999981327,-0.39356949999978497
2022-04-09 18:30:00,2737.296094,2736.907907,2736.894567,-0.38818700000001627,-0.4015269999999873,-0.3948570000000018
2022-04-09 18:45:00,2737.29843,2736.911479,2736.895733,-0.38695099999995364,-0.4026969999999892,-0.3948239999999714
2022-04-09 19:00:00,2737.297263,2736.910232,2736.893715,-0.38703099999975166,-0.4035479999997733,-0.3952894999997625
2022-04-09 19:15:00,2737.29765,2736.907299,2736.89352,-0.39035100000000966,-0.4041299999998955,-0.3972404999999526
2022-04-09 19:30:00,2737.301345,2736.909245,2736.895468,-0.39210000000002765,-0.4058769999996912,-0.3989884999998594
2022-04-09 19:45:00,2737.302515,2736.910994,2736.894615,-0.39152100000001155,-0.4078999999996995,-0.39971049999985553
2022-04-09 20:00:00,2737.299596,2736.910235,2736.892865,-0.38936100000000806,-0.40673100000003615,-0.3980460000000221
2022-04-09 20:15:00,2737.300959,2736.906699,2736.890456,-0.39426000000003114,-0.41050300000006246,-0.4023815000000468
2022-04-09 20:30:00,2737.300179,2736.907668,2736.891712,-0.39251100000001315,-0.4084669999997459,-0.4004889999998795
2022-04-09 20:45:00,2737.301929,2736.911398,2736.89086,-0.39053100000000995,-0.41106900000022506,-0.4008000000001175
2022-04-09 21:00:00,2737.299013,2736.911073,2736.892297,-0.3879399999996167,-0.40671599999996033,-0.3973279999997885
2022-04-09 21:45:00,2737.301539,2736.908454,2736.893073,-0.39308500000015556,-0.4084659999998621,-0.40077550000000883
2022-04-09 22:00:00,2737.301149,2736.908064,2736.892683,-0.3930849999997008,-0.4084659999998621,-0.40077549999978146
2022-04-09 22:30:00,2737.302512,2736.908438,2736.891444,-0.3940740000002734,-0.41106800000034127,-0.4025710000003073
2022-04-09 22:45:00,2737.301929,2736.909753,2736.89261,-0.3921760000002905,-0.4093190000003233,-0.4007475000003069
2022-04-09 23:00:00,2737.304651,2736.913214,2736.892687,-0.3914369999997689,-0.4119639999998981,-0.4017004999998335
2022-04-09 23:15:00,2737.303098,2736.909933,2736.894633,-0.3931649999999536,-0.4084649999999783,-0.40081499999996595
2022-04-09 23:30:00,2737.304065,2736.912151,2736.895018,-0.39191399999981513,-0.4090469999996458,-0.40048049999973045
2022-04-09 23:45:00,2737.305621,2736.913194,2736.892803,-0.3924269999997705,-0.4128179999997883,-0.4026224999997794
2022-04-10 00:00:00,2737.303678,2736.911579,2736.89203,-0.39209900000014386,-0.41164800000024115,-0.4018735000001925
2022-04-10 00:15:00,2737.303678,2736.910589,2736.889993,-0.39308900000014546,-0.4136850000004415,-0.4033870000002935
2022-04-10 00:30:00,2737.302512,2736.910516,2736.890576,-0.3919960000002902,-0.4119360000004235,-0.40196600000035687
2022-04-10 00:45:00,2737.302315,2736.909985,2736.890379,-0.3923300000001291,-0.41193599999996877,-0.4021330000000489
2022-04-10 01:00:00,2737.303671,2736.912332,2736.894338,-0.3913390000002437,-0.40933300000006057,-0.4003360000001521
2022-04-10 01:15:00,2737.306587,2736.914488,2736.892902,-0.39209900000014386,-0.41368499999998676,-0.4028920000000653
2022-04-10 01:30:00,2737.306977,2736.912139,2736.891542,-0.39483800000016345,-0.4154350000003433,-0.40513650000025336
2022-04-10 01:45:00,2737.30659,2736.911752,2736.892905,-0.39483800000016345,-0.41368499999998676,-0.4042615000000751
2022-04-10 02:15:00,2737.305231,2736.913809,2736.896468,-0.39142199999969307,-0.40876299999990806,-0.40009249999980057
2022-04-10 02:30:00,2737.305038,2736.911539,2736.893672,-0.39349899999979243,-0.41136599999981627,-0.40243249999980435
2022-04-10 02:45:00,2737.302898,2736.908409,2736.89243,-0.39448899999979403,-0.41046800000003714,-0.4024784999999156
2022-04-10 03:00:00,2737.304261,2736.909937,2736.89119,-0.3943240000003243,-0.4130710000004001,-0.4036975000003622
2022-04-10 03:15:00,2737.307563,2736.911489,2736.893595,-0.39607399999977133,-0.4139679999998407,-0.405020999999806
2022-04-10 03:30:00,2737.306587,2736.912263,2736.895221,-0.39432399999986956,-0.41136599999981627,-0.4028449999998429
2022-04-10 03:45:00,2737.305421,2736.910106,2736.893202,-0.3953150000002097,-0.4122189999998227,-0.4037670000000162
2022-04-10 04:00:00,2737.3062,2736.911876,2736.893983,-0.39432399999986956,-0.4122170000000551,-0.40327049999996234
2022-04-10 04:15:00,2737.302315,2736.909412,2736.891564,-0.39290299999993294,-0.41075099999989106,-0.401826999999912
2022-04-10 04:30:00,2737.301919,2736.907594,2736.892337,-0.3943250000002081,-0.40958199999977296,-0.4019534999999905
2022-04-10 04:45:00,2737.303671,2736.908177,2736.892032,-0.3954940000003262,-0.4116389999999228,-0.4035665000001245
2022-04-10 05:00:00,2737.304838,2736.912083,2736.896688,-0.39275499999985186,-0.4081500000002052,-0.4004525000000285
2022-04-10 05:15:00,2737.305227,2736.911483,2736.890134,-0.3937439999999697,-0.41509299999961513,-0.4044184999997924
2022-04-10 05:30:00,2737.303865,2736.91129,2736.893395,-0.39257499999985157,-0.4104699999998047,-0.40152249999982814
2022-04-10 05:45:00,2737.305421,2736.911759,2736.890283,-0.39366199999994933,-0.4151379999998426,-0.40439999999989595
2022-04-10 06:00:00,2737.305421,2736.910025,2736.891179,-0.3953959999998915,-0.414241999999831,-0.40481899999986126
2022-04-10 06:15:00,2737.304838,2736.906605,2736.88913,-0.39823299999989104,-0.4157079999999951,-0.40697049999994306
2022-04-10 06:30:00,2737.304838,2736.910186,2736.888278,-0.39465199999995093,-0.4165600000001177,-0.40560600000003433
2022-04-10 06:45:00,2737.303088,2736.911176,2736.889164,-0.39191200000004756,-0.4139239999999518,-0.40291799999999967
2022-04-10 07:00:00,2737.303088,2736.907446,2736.887415,-0.39564199999995253,-0.41567299999996976,-0.40565749999996115
2022-04-10 07:15:00,2737.303868,2736.903983,2736.889618,-0.39988499999981286,-0.4142499999998108,-0.40706749999981184
2022-04-10 07:30:00,2737.302512,2736.902628,2736.890011,-0.3998840000003838,-0.4125010000002476,-0.4061925000003157
2022-04-10 07:45:00,2737.305427,2736.906287,2736.888005,-0.3991399999999885,-0.41742199999998775,-0.4082809999999881
2022-04-10 08:00:00,2737.305427,2736.908364,2736.89581,-0.39706299999988914,-0.4096169999997983,-0.4033399999998437
2022-04-10 08:30:00,2737.300179,2736.906615,2736.891459,-0.3935639999999694,-0.40871999999990294,-0.40114199999993616
2022-04-10 08:45:00,2737.301929,2736.905625,2736.891176,-0.3963040000003275,-0.4107530000001134,-0.40352850000022045
2022-04-10 09:00:00,2737.301345,2736.904199,2736.88799,-0.3971459999997933,-0.41335499999968306,-0.40525049999973817
2022-04-10 09:15:00,2737.299789,2736.906222,2736.887297,-0.3935670000000755,-0.41249199999992925,-0.40302950000000237
2022-04-10 09:30:00,2737.302898,2736.905831,2736.889826,-0.39706699999987904,-0.41307199999982913,-0.4050694999998541
2022-04-10 09:45:00,2737.298816,2736.905243,2736.890096,-0.393572999999833,-0.40871999999990294,-0.40114649999986796
2022-04-10 10:00:00,2737.299589,2736.904591,2736.885094,-0.39499800000021423,-0.41449499999998807,-0.40474650000010115
2022-04-10 10:15:00,2737.302505,2736.90491,2736.886262,-0.3975949999999102,-0.41624300000012227,-0.40691900000001624
2022-04-10 10:30:00,2737.298813,2736.906713,2736.886067,-0.39210000000002765,-0.4127459999999701,-0.40242299999999886
2022-04-10 10:45:00,2737.300759,2736.908565,2736.884232,-0.3921940000000177,-0.41652700000031473,-0.4043605000001662
2022-04-10 11:00:00,2737.29687,2736.904366,2736.88815,-0.39250399999991714,-0.40871999999990294,-0.40061199999991004
2022-04-10 11:15:00,2737.299396,2736.906304,2736.88722,-0.3930919999997968,-0.4121759999998176,-0.4026339999998072
2022-04-10 11:30:00,2737.298037,2736.904789,2736.889643,-0.3932479999998577,-0.4083940000000439,-0.4008209999999508
2022-04-10 11:45:00,2737.298423,2736.904508,2736.88653,-0.3939150000001064,-0.41189299999996365,-0.402904000000035
2022-04-10 12:00:00,2737.299589,2736.907334,2736.890299,-0.39225500000020475,-0.40929000000005544,-0.4007725000001301
2022-04-10 12:15:00,2737.298423,2736.908908,2736.890881,-0.38951500000030137,-0.407542000000376,-0.3985285000003387
2022-04-10 12:30:00,2737.301339,2736.902,2736.885992,-0.3993390000000545,-0.4153470000001107,-0.4073430000000826
2022-04-10 12:45:00,2737.29648,2736.900626,2736.886054,-0.39585399999987203,-0.4104259999999158,-0.4031399999998939
2022-04-10 13:00:00,2737.29687,2736.901003,2736.8899,-0.39586700000018027,-0.40697000000000116,-0.4014185000000907
2022-04-10 13:15:00,2737.295897,2736.902766,2736.886324,-0.39313099999981205,-0.40957299999990937,-0.4013519999998607
2022-04-10 13:30:00,2737.296287,2736.90925,2736.886188,-0.3870369999999639,-0.41009900000017296,-0.3985680000000684
2022-04-10 13:45:00,2737.297257,2736.902126,2736.891138,-0.3951310000002195,-0.40611900000021706,-0.4006250000002183
2022-04-10 14:15:00,2737.29901,2736.913891,2736.892891,-0.3851190000000315,-0.40611900000021706,-0.3956190000001243
2022-04-10 14:30:00,2737.297067,2736.908043,2736.887494,-0.3890240000000631,-0.40957299999990937,-0.39929849999998623
2022-04-10 14:45:00,2737.297263,2736.907247,2736.886837,-0.3900159999998323,-0.4104259999999158,-0.40022099999987404
2022-04-10 15:00:00,2737.303678,2736.913073,2736.894061,-0.3906050000000505,-0.40961700000025303,-0.40011100000015176
2022-04-10 15:15:00,2737.295901,2736.908874,2736.888657,-0.38702699999976176,-0.4072439999999915,-0.39713549999987663
2022-04-10 15:30:00,2737.299589,2736.912477,2736.890595,-0.38711200000034296,-0.408994000000348,-0.3980530000003455
2022-04-10 15:45:00,2737.298423,2736.909484,2736.88943,-0.3889390000003914,-0.4089930000000095,-0.39896600000020044
2022-04-10 16:00:00,2737.295704,2736.910928,2736.888459,-0.3847760000003291,-0.40724500000033004,-0.39601050000032956
2022-04-10 16:15:00,2737.294931,2736.905754,2736.891176,-0.38917700000001787,-0.4037549999998191,-0.3964659999999185
2022-04-10 16:30:00,2737.297067,2736.908875,2736.891527,-0.38819199999988996,-0.4055399999997462,-0.3968659999998181
2022-04-10 16:45:00,2737.298423,2736.910149,2736.892031,-0.38827400000036505,-0.4063920000003236,-0.3973330000003443
2022-04-10 17:00:00,2737.296087,2736.910884,2736.885661,-0.3852030000002742,-0.41042600000037055,-0.39781450000032237
2022-04-10 17:15:00,2737.29667,2736.913303,2736.888847,-0.38336700000036217,-0.4078230000000076,-0.3955950000001849
2022-04-10 17:30:00,2737.300172,2736.913554,2736.890847,-0.3866179999999986,-0.40932500000008076,-0.39797150000003967
2022-04-10 17:45:00,2737.300756,2736.911397,2736.890012,-0.3893590000002405,-0.4107440000002498,-0.40005150000024514
2022-04-10 18:00:00,2737.297837,2736.908991,2736.888827,-0.38884600000028513,-0.4090099999998529,-0.398928000000069
2022-04-10 18:15:00,2737.299203,2736.912584,2736.889312,-0.38661899999988236,-0.40989100000024337,-0.39825500000006286
2022-04-10 18:30:00,2737.300566,2736.908572,2736.889822,-0.3919940000000679,-0.41074399999979505,-0.4013689999999315
2022-04-10 18:45:00,2737.303088,2736.904952,2736.890025,-0.3981360000002496,-0.41306299999996554,-0.4055995000001076
2022-04-10 19:15:00,2737.301922,2736.907188,2736.891461,-0.3947339999999713,-0.4104609999999411,-0.4025974999999562
2022-04-10 19:30:00,2737.305421,2736.908939,2736.891496,-0.3964820000001055,-0.41392499999983556,-0.4052034999999705
2022-04-10 19:45:00,2737.304451,2736.912869,2736.887924,-0.3915820000001986,-0.41652699999986,-0.4040545000000293
2022-04-10 20:00:00,2737.301345,2736.909531,2736.88917,-0.3918140000000676,-0.4121749999999338,-0.4019945000000007
2022-04-10 20:15:00,2737.301929,2736.911105,2736.891786,-0.390824000000066,-0.4101430000000619,-0.40048350000006394
2022-04-10 20:30:00,2737.302705,2736.911948,2736.88821,-0.3907570000001215,-0.41449499999998807,-0.4026260000000548
2022-04-10 20:45:00,2737.301342,2736.909595,2736.888597,-0.3917470000001231,-0.4127450000000863,-0.4022460000001047
2022-04-10 21:00:00,2737.302508,2736.910002,2736.888865,-0.39250600000013947,-0.41364300000032017,-0.4030745000002298
2022-04-10 21:15:00,2737.303092,2736.911673,2736.88945,-0.3914190000000417,-0.41364199999998164,-0.40253050000001167
2022-04-10 21:30:00,2737.303675,2736.916827,2736.891216,-0.3868480000001,-0.41245900000012625,-0.3996535000001131
2022-04-10 21:45:00,2737.303868,2736.913521,2736.888475,-0.39034700000001976,-0.4153929999997672,-0.4028699999998935
2022-04-10 22:00:00,2737.303478,2736.913891,2736.891873,-0.38958699999966484,-0.4116049999997813,-0.40059599999972306
2022-04-10 22:15:00,2737.303675,2736.913247,2736.890032,-0.3904280000001563,-0.41364300000032017,-0.40203550000023824
2022-04-10 22:30:00,2737.304258,2736.915579,2736.893218,-0.38867900000013833,-0.4110399999999572,-0.3998595000000478
2022-04-10 22:45:00,2737.305231,2736.911073,2736.891588,-0.39415799999960655,-0.4136429999998654,-0.403900499999736
2022-04-10 23:00:00,2737.303095,2736.910357,2736.89035,-0.39273800000000847,-0.4127450000000863,-0.4027415000000474
2022-04-10 23:15:00,2737.306011,2736.910764,2736.889765,-0.39524699999992663,-0.4162460000002284,-0.4057465000000775
2022-04-10 23:30:00,2737.304454,2736.912708,2736.892561,-0.3917460000002393,-0.41189299999996365,-0.40181950000010147
2022-04-10 23:45:00,2737.306007,2736.910762,2736.889763,-0.39524500000015905,-0.41624400000000605,-0.40574450000008255
2022-04-11 00:00:00,2737.305424,2736.911266,2736.890928,-0.3941580000000613,-0.4144960000003266,-0.40432700000019395
2022-04-11 00:30:00,2737.303675,2736.91018,2736.88918,-0.3934950000002573,-0.41449499999998807,-0.4039950000001227
2022-04-11 00:45:00,2737.303092,2736.906194,2736.885994,-0.39689799999996467,-0.4170979999998963,-0.40699799999993047
2022-04-11 01:15:00,2737.30659,2736.910683,2736.889449,-0.3959070000000793,-0.41714100000035614,-0.4065240000002177
2022-04-11 01:45:00,2737.306204,2736.909307,2736.890856,-0.3968970000000809,-0.4153479999999945,-0.4061225000000377
2022-04-11 02:00:00,2737.307563,2736.914067,2736.890466,-0.3934959999996863,-0.4170970000000125,-0.4052964999998494
2022-04-11 02:15:00,2737.308926,2736.91543,2736.894431,-0.39349600000014107,-0.41449499999998807,-0.40399550000006457
2022-04-11 02:45:00,2737.30717,2736.914597,2736.891823,-0.392573000000084,-0.4153470000001107,-0.40396000000009735
2022-04-11 03:00:00,2737.307753,2736.912441,2736.890656,-0.3953120000001036,-0.4170970000000125,-0.40620450000005803
2022-04-11 03:15:00,2737.304838,2736.910285,2736.88949,-0.3945530000000872,-0.4153479999999945,-0.40495050000004085
2022-04-11 03:30:00,2737.30892,2736.911858,2736.895277,-0.39706200000000536,-0.4136429999998654,-0.4053524999999354
2022-04-11 03:45:00,2737.30892,2736.91427,2736.892676,-0.3946499999997286,-0.41624400000000605,-0.40544699999986733
2022-04-11 04:00:00,2737.30892,2736.909119,2736.890643,-0.39980100000002494,-0.41827699999976176,-0.40903899999989335
2022-04-11 04:30:00,2737.303868,2736.906576,2736.892545,-0.3972920000001068,-0.41132299999981115,-0.40430749999995896
2022-04-11 04:45:00,2737.304261,2736.907959,2736.890335,-0.3963020000001052,-0.4139260000001741,-0.40511400000013964
2022-04-11 05:00:00,2737.306594,2736.910292,2736.894701,-0.3963020000001052,-0.41189299999996365,-0.4040975000000344
2022-04-11 05:15:00,2737.30776,2736.905979,2736.888913,-0.40178100000002814,-0.418847000000369,-0.4103140000001986
2022-04-11 05:30:00,2737.308343,2736.9059,2736.892951,-0.40244299999994837,-0.41539200000033816,-0.40891750000014326
2022-04-11 06:00:00,2737.307177,2736.908135,2736.892681,-0.39904200000000856,-0.4144960000003266,-0.4067690000001676
2022-04-11 06:15:00,2737.307177,2736.907146,2736.89008,-0.40003100000012637,-0.4170970000000125,-0.4085640000000694
2022-04-11 07:00:00,2737.305038,2736.907151,2736.890542,-0.3978870000000825,-0.41449599999987186,-0.40619149999997717
2022-04-11 07:15:00,2737.305424,2736.904731,2736.893531,-0.4006930000000466,-0.41189299999996365,-0.4062930000000051
2022-04-11 07:30:00,2737.305424,2736.902981,2736.888614,-0.40244299999994837,-0.41681000000016866,-0.4096265000000585
2022-04-11 07:45:00,2737.303868,2736.902251,2736.89141,-0.40161699999998746,-0.4124579999997877,-0.4070374999998876
2022-04-11 08:00:00,2737.305227,2736.906685,2736.891019,-0.3985419999999067,-0.4142079999996895,-0.4063749999997981
2022-04-11 08:15:00,2737.305034,2736.903752,2736.890825,-0.40128199999981007,-0.414209000000028,-0.40774549999991905
2022-04-11 08:30:00,2737.306004,2736.903962,2736.887444,-0.402042000000165,-0.41856000000007043,-0.4103010000001177
2022-04-11 08:45:00,2737.304838,2736.902648,2736.891482,-0.4021899999997913,-0.4133560000000216,-0.40777299999990646
2022-04-11 09:00:00,2737.303088,2736.903638,2736.890629,-0.3994500000003427,-0.41245900000012625,-0.4059545000002345
2022-04-11 09:15:00,2737.306004,2736.904803,2736.890899,-0.40120100000012826,-0.4151050000000396,-0.4081530000000839
2022-04-11 09:30:00,2737.305617,2736.904329,2736.890512,-0.4012880000000223,-0.4151050000000396,-0.40819650000003094
2022-04-11 09:45:00,2737.302705,2736.901739,2736.885895,-0.40096600000015314,-0.41681000000016866,-0.4088880000001609
2022-04-11 10:00:00,2737.298426,2736.900857,2736.88682,-0.3975689999997485,-0.4116059999996651,-0.4045874999997068
2022-04-11 10:15:00,2737.301732,2736.898004,2736.890126,-0.4037279999997736,-0.4116060000001198,-0.4076669999999467
2022-04-11 10:30:00,2737.300179,2736.896452,2736.885118,-0.4037269999998898,-0.4150609999996959,-0.40939399999979287
2022-04-11 10:45:00,2737.297457,2736.899207,2736.884145,-0.3982500000001892,-0.4133120000001327,-0.40578100000016093
2022-04-11 11:00:00,2737.295317,2736.8979,2736.885505,-0.39741700000013225,-0.4098119999998744,-0.4036145000000033
2022-04-11 11:15:00,2737.295517,2736.895923,2736.886284,-0.39959399999997913,-0.4092329999998583,-0.4044134999999187
2022-04-11 11:30:00,2737.293182,2736.896421,2736.886823,-0.3967609999999695,-0.40635900000006586,-0.4015600000000177
2022-04-11 11:45:00,2737.294931,2736.898497,2736.88597,-0.3964339999997719,-0.4089610000000903,-0.4026974999999311
2022-04-11 12:00:00,2737.293765,2736.904417,2736.885701,-0.3893479999996998,-0.4080639999997402,-0.39870599999972
2022-04-11 12:15:00,2737.29765,2736.903645,2736.889211,-0.3940050000001065,-0.4084389999998166,-0.40122199999996155
2022-04-11 12:30:00,2737.297257,2736.903335,2736.888861,-0.3939220000002024,-0.4083960000002662,-0.4011590000002343
2022-04-11 12:45:00,2737.29823,2736.906051,2736.887233,-0.3921789999999419,-0.4109969999999521,-0.401587999999947
2022-04-11 13:00:00,2737.29726,2736.905669,2736.884523,-0.39159099999960745,-0.41273699999965174,-0.4021639999996296
2022-04-11 13:15:00,2737.294928,2736.904332,2736.886576,-0.39059599999973216,-0.40835199999992255,-0.39947399999982736
2022-04-11 13:30:00,2737.29726,2736.905579,2736.885991,-0.3916809999996076,-0.4112689999997201,-0.40147499999966385
2022-04-11 13:45:00,2737.29765,2736.905299,2736.888972,-0.39235099999996237,-0.4086779999997816,-0.400514499999872
2022-04-11 14:00:00,2737.297263,2736.906581,2736.889156,-0.3906819999997424,-0.4081069999997453,-0.39939449999974386
2022-04-11 14:30:00,2737.29784,2736.908733,2736.887993,-0.38910699999996723,-0.40984700000035446,-0.39947700000016084
2022-04-11 15:00:00,2737.296477,2736.909196,2736.884012,-0.3872809999998026,-0.41246499999988373,-0.39987299999984316
2022-04-11 15:15:00,2737.298423,2736.907732,2736.885958,-0.39069100000006074,-0.4124650000003385,-0.4015780000001996
2022-04-11 15:30:00,2737.296674,2736.90866,2736.885106,-0.388014000000112,-0.4115679999999884,-0.3997910000000502
2022-04-11 16:00:00,2737.295314,2736.905144,2736.884317,-0.3901700000001256,-0.4109969999999521,-0.40058350000003884
2022-04-11 16:15:00,2737.29648,2736.90598,2736.882311,-0.39049999999997453,-0.414169000000129,-0.4023345000000518
2022-04-11 16:30:00,2737.294921,2736.903432,2736.886525,-0.39148900000009235,-0.4083960000002662,-0.3999425000001793
2022-04-11 16:45:00,2737.295504,2736.905002,2736.881051,-0.39050200000019686,-0.4144530000003215,-0.40247750000025917
2022-04-11 17:00:00,2737.29667,2736.90168,2736.88482,-0.39499000000023443,-0.4118499999999585,-0.4034200000000965
2022-04-11 17:15:00,2737.29667,2736.906169,2736.885673,-0.39050100000031307,-0.4109969999999521,-0.4007490000001326
2022-04-11 17:30:00,2737.299586,2736.911069,2736.883385,-0.3885169999998652,-0.41620100000000093,-0.4023589999999331
2022-04-11 17:45:00,2737.294534,2736.906777,2736.887036,-0.38775699999996505,-0.40749800000003233,-0.3976274999999987
2022-04-11 18:00:00,2737.296677,2736.906182,2736.886533,-0.3904949999996461,-0.41014399999994566,-0.4003194999997959
2022-04-11 18:15:00,2737.294731,2736.904897,2736.883163,-0.3898340000000644,-0.4115679999999884,-0.4007010000000264
2022-04-11 18:30:00,2737.299586,2736.908331,2736.88452,-0.391255000000001,-0.41506600000002436,-0.4031605000000127
2022-04-11 18:45:00,2737.297253,2736.906759,2736.887961,-0.39049400000021706,-0.40929200000027777,-0.3998930000002474
2022-04-11 19:00:00,2737.300169,2736.907924,2736.889128,-0.3922450000000026,-0.41104100000029575,-0.4016430000001492
2022-04-11 19:30:00,2737.299199,2736.909546,2736.886453,-0.3896530000001803,-0.4127459999999701,-0.4011995000000752
2022-04-11 19:45:00,2737.297647,2736.908142,2736.8849,-0.3895049999996445,-0.41274699999985387,-0.4011259999997492
2022-04-11 20:00:00,2737.299783,2736.909371,2736.890492,-0.39041199999974197,-0.40929099999993923,-0.3998514999998406
2022-04-11 20:15:00,2737.296677,2736.906183,2736.888564,-0.3904939999997623,-0.40811299999995754,-0.3993034999998599
2022-04-11 20:30:00,2737.298426,2736.905275,2736.882507,-0.39315099999976155,-0.4159190000000308,-0.40453499999989617
2022-04-11 20:45:00,2737.295511,2736.903117,2736.883378,-0.3923939999999675,-0.41213299999981245,-0.40226349999989
2022-04-11 21:00:00,2737.29862,2736.908371,2736.887341,-0.3902490000000398,-0.41127899999992223,-0.400763999999981
2022-04-11 21:15:00,2737.299006,2736.905193,2736.885124,-0.3938130000001365,-0.4138820000002852,-0.40384750000021086
2022-04-11 21:30:00,2737.301145,2736.910139,2736.885514,-0.3910059999998339,-0.4156309999998484,-0.40331849999984115
2022-04-11 21:45:00,2737.299786,2736.908549,2736.891108,-0.3912369999998191,-0.40867800000023635,-0.3999575000000277
2022-04-11 22:00:00,2737.299979,2736.907982,2736.887803,-0.39199699999971926,-0.4121759999998176,-0.4020864999997684
2022-04-11 22:15:00,2737.29901,2736.906945,2736.891184,-0.39206500000000233,-0.4078260000001137,-0.399945500000058
2022-04-11 22:30:00,2737.299593,2736.908191,2736.887129,-0.3914020000001983,-0.41246399999999994,-0.4019330000000991
2022-04-11 22:45:00,2737.300759,2736.903216,2736.885693,-0.3975430000000415,-0.41506600000002436,-0.40630450000003293
2022-04-11 23:00:00,2737.29823,2736.906828,2736.88406,-0.39140199999974357,-0.4141700000000128,-0.4027859999998782
2022-04-11 23:15:00,2737.301532,2736.90838,2736.883011,-0.3931520000001001,-0.4185210000000552,-0.40583650000007765
2022-04-11 23:30:00,2737.301729,2736.906745,2736.884913,-0.3949840000000222,-0.41681599999992613,-0.40589999999997417
2022-04-11 23:45:00,2737.299586,2736.909093,2736.883667,-0.3904929999998785,-0.4159190000000308,-0.40320599999995466
2022-04-12 00:00:00,2737.301142,2736.91073,2736.885223,-0.39041199999974197,-0.41591899999957604,-0.403165499999659
2022-04-12 00:15:00,2737.304448,2736.914036,2736.885927,-0.39041199999974197,-0.4185210000000552,-0.4044664999998986
2022-04-12 00:30:00,2737.301142,2736.91149,2736.890997,-0.3896519999998418,-0.41014499999982945,-0.3998984999998356
2022-04-12 00:45:00,2737.303671,2736.913177,2736.893528,-0.39049400000021706,-0.4101430000000619,-0.40031850000013947
2022-04-12 01:00:00,2737.304061,2736.914229,2736.888712,-0.3898319999998421,-0.4153489999998783,-0.4025904999998602
2022-04-12 01:15:00,2737.305424,2736.911103,2736.885724,-0.3943210000002182,-0.4196999999999207,-0.40701050000006944
2022-04-12 01:30:00,2737.304841,2736.91052,2736.890345,-0.3943210000002182,-0.4144960000003266,-0.4044085000002724
2022-04-12 01:45:00,2737.304848,2736.910696,2736.889762,-0.3941520000003038,-0.4150860000004286,-0.4046190000003662
2022-04-12 02:00:00,2737.302318,2736.909075,2736.890732,-0.393242999999984,-0.4115860000001703,-0.40241450000007717
2022-04-12 02:15:00,2737.302122,2736.906073,2736.887081,-0.39604899999994814,-0.41504100000020117,-0.40554500000007465
2022-04-12 02:30:00,2737.303485,2736.911231,2736.889866,-0.3922539999998662,-0.413618999999926,-0.4029364999998961
2022-04-12 02:45:00,2737.302508,2736.908105,2736.888037,-0.39440300000023853,-0.41447100000004866,-0.4044370000001436
2022-04-12 03:00:00,2737.298623,2736.909536,2736.886778,-0.3890870000000177,-0.41184500000008484,-0.4004660000000513
2022-04-12 03:15:00,2737.299403,2736.906749,2736.890135,-0.3926539999997658,-0.4092679999998836,-0.4009609999998247
2022-04-12 04:00:00,2737.300759,2736.906356,2736.885128,-0.39440300000023853,-0.4156310000003032,-0.40501700000027085
2022-04-12 04:15:00,2737.301732,2736.907329,2736.888703,-0.3944029999997838,-0.413028999999824,-0.4037159999998039
2022-04-12 04:30:00,2737.303095,2736.907522,2736.886898,-0.3955730000002404,-0.41619700000001103,-0.40588500000012573
2022-04-12 05:00:00,2737.301929,2736.907116,2736.884592,-0.39481300000034025,-0.41733700000031604,-0.40607500000032815
2022-04-12 05:15:00,2737.304068,2736.904766,2736.885834,-0.39930199999980687,-0.41823399999975663,-0.40876799999978175
2022-04-12 05:30:00,2737.300956,2736.908302,2736.890845,-0.39265400000022055,-0.41011100000014267,-0.4013825000001816
2022-04-12 06:00:00,2737.302318,2736.909584,2736.891039,-0.39273400000001857,-0.41127899999992223,-0.4020064999999704
2022-04-12 06:15:00,2737.303481,2736.910828,2736.889872,-0.392652999999882,-0.4136089999997239,-0.40313099999980295
2022-04-12 06:30:00,2737.302702,2736.910048,2736.890842,-0.3926539999997658,-0.41186000000016065,-0.4022569999999632
2022-04-12 06:45:00,2737.305427,2736.911025,2736.888364,-0.3944019999999,-0.41706299999987095,-0.4057324999998855
2022-04-12 07:00:00,2737.306014,2736.909452,2736.888634,-0.3965619999999035,-0.4173799999998664,-0.40697099999988495
2022-04-12 07:30:00,2737.302902,2736.906339,2736.883815,-0.3965629999997873,-0.41908699999976307,-0.4078249999997752
2022-04-12 07:45:00,2737.305624,2736.90665,2736.886538,-0.39897400000018024,-0.4190859999998793,-0.40903000000002976
2022-04-12 08:00:00,2737.303095,2736.909601,2736.884008,-0.3934940000003735,-0.4190870000002178,-0.40629050000029565
2022-04-12 08:15:00,2737.302512,2736.906277,2736.886881,-0.39623500000016065,-0.4156310000003032,-0.4059330000002319
2022-04-12 08:30:00,2737.302318,2736.907834,2736.887584,-0.39448399999992034,-0.4147339999999531,-0.4046089999999367
2022-04-12 08:45:00,2737.300959,2736.907234,2736.887974,-0.3937250000003587,-0.4129849999999351,-0.4033550000001469
2022-04-12 09:00:00,2737.301929,2736.906453,2736.886628,-0.39547600000014427,-0.4153009999999995,-0.40538850000007187
2022-04-12 09:15:00,2737.300179,2736.901964,2736.882277,-0.3982149999997091,-0.41790199999968536,-0.40805849999969723
2022-04-12 09:30:00,2737.300179,2736.903712,2736.888899,-0.39646700000002966,-0.411279999999806,-0.40387349999991784
2022-04-12 09:45:00,2737.299596,2736.900539,2736.882259,-0.3990569999996296,-0.4173369999998613,-0.40819699999974546
2022-04-12 10:00:00,2737.300179,2736.900214,2736.880528,-0.39996500000006563,-0.41965099999970334,-0.4098079999998845
2022-04-12 10:15:00,2737.302512,2736.905281,2736.88513,-0.3972310000003745,-0.41738200000008874,-0.4073065000002316
2022-04-12 10:30:00,2737.296874,2736.899415,2736.888239,-0.3974590000002536,-0.40863500000023123,-0.4030470000002424
2022-04-12 10:45:00,2737.301732,2736.900018,2736.881749,-0.4017140000000836,-0.4199829999997746,-0.4108484999999291
2022-04-12 11:00:00,2737.301929,2736.904704,2736.882842,-0.39722500000016225,-0.4190870000002178,-0.40815600000019003
2022-04-12 11:15:00,2737.300762,2736.906939,2736.883425,-0.3938229999998839,-0.4173369999998613,-0.4055799999998726
2022-04-12 11:30:00,2737.305621,2736.907637,2736.887674,-0.39798400000017864,-0.4179469999999128,-0.4079655000000457
2022-04-12 11:45:00,2737.299983,2736.903748,2736.890427,-0.3962349999997059,-0.409556000000066,-0.40289549999988594
2022-04-12 12:00:00,2737.301152,2736.90284,2736.88552,-0.39831199999980527,-0.41563200000018696,-0.4069719999999961
2022-04-12 12:15:00,2737.30718,2736.90986,2736.888947,-0.39731999999958134,-0.41823299999987285,-0.4077764999997271
2022-04-12 12:30:00,2737.301932,2736.907266,2736.884595,-0.3946659999996882,-0.4173369999998613,-0.40600149999977475
2022-04-12 12:45:00,2737.301349,2736.906683,2736.884012,-0.3946659999996882,-0.4173369999998613,-0.40600149999977475
2022-04-12 13:00:00,2737.303485,2736.908821,2736.889602,-0.39466399999992063,-0.41388299999971423,-0.40427349999981743
2022-04-12 13:15:00,2737.303871,2736.910049,2736.889989,-0.3938220000000001,-0.4138820000002852,-0.40385200000014265
2022-04-12 13:30:00,2737.304068,2736.906664,2736.888436,-0.397403999999824,-0.4156319999997322,-0.4065179999997781
2022-04-12 13:45:00,2737.301145,2736.91039,2736.887581,-0.39075499999989916,-0.4135639999999512,-0.4021594999999252
2022-04-12 14:00:00,2737.300569,2736.906745,2736.884084,-0.39382400000022244,-0.4164850000001934,-0.4051545000002079
2022-04-12 14:15:00,2737.301932,2736.908108,2736.888049,-0.3938239999997677,-0.41388299999971423,-0.40385349999974096
2022-04-12 14:30:00,2737.304068,2736.906663,2736.889006,-0.3974049999997078,-0.41506200000003446,-0.40623349999987113
2022-04-12 14:45:00,2737.303871,2736.906466,2736.887386,-0.39740500000016254,-0.4164850000001934,-0.40694500000017797
2022-04-12 15:00:00,2737.299596,2736.9061,2736.8866,-0.3934959999996863,-0.412996000000021,-0.40324599999985367
2022-04-12 15:15:00,2737.300569,2736.902174,2736.885835,-0.39839500000016415,-0.4147339999999531,-0.4065645000000586
2022-04-12 15:30:00,2737.303088,2736.909592,2736.887773,-0.39349600000014107,-0.4153150000001915,-0.4044055000001663
2022-04-12 15:45:00,2737.299589,2736.905765,2736.885741,-0.39382400000022244,-0.41384800000014366,-0.40383600000018305
2022-04-12 16:00:00,2737.299203,2736.903727,2736.889661,-0.39547600000014427,-0.40954199999987395,-0.4025090000000091
2022-04-12 16:15:00,2737.300182,2736.907266,2736.883415,-0.39291599999978644,-0.41676700000016353,-0.404841499999975
2022-04-12 16:30:00,2737.299596,2736.90511,2736.881396,-0.3944859999996879,-0.4181999999996151,-0.4063429999996515
2022-04-12 16:45:00,2737.302515,2736.908839,2736.883999,-0.3936759999996866,-0.4185159999997268,-0.4060959999997067
2022-04-12 17:00:00,2737.301735,2736.906081,2736.887,-0.39565399999992223,-0.4147349999998369,-0.40519449999987955
2022-04-12 17:15:00,2737.305038,2736.908475,2736.888554,-0.3965629999997873,-0.41648399999985486,-0.40652349999982107
2022-04-12 17:30:00,2737.303681,2736.904298,2736.883742,-0.3993829999999434,-0.4199389999998857,-0.40966099999991457
2022-04-12 17:45:00,2737.306597,2736.909374,2736.890965,-0.39722299999993993,-0.4156319999997322,-0.4064274999998361
2022-04-12 18:00:00,2737.306984,2736.906692,2736.888749,-0.40029199999980847,-0.4182349999996404,-0.40926349999972444
2022-04-12 18:15:00,2737.310089,2736.910788,2736.890959,-0.3993009999999231,-0.41913000000022294,-0.409215500000073
2022-04-12 18:30:00,2737.30834,2736.909038,2736.887504,-0.3993020000002616,-0.4208360000002358,-0.4100690000002487
2022-04-12 18:45:00,2737.306007,2736.906704,2736.886876,-0.3993030000001454,-0.4191310000001067,-0.40921700000012606
2022-04-12 19:00:00,2737.30834,2736.907287,2736.888356,-0.4010530000000472,-0.41998400000011316,-0.41051850000008017
2022-04-12 19:30:00,2737.310672,2736.907788,2736.892395,-0.4028840000000855,-0.4182770000002165,-0.410580500000151
2022-04-12 19:45:00,2737.30834,2736.908195,2736.889209,-0.4001450000000659,-0.4191310000001067,-0.4096380000000863
2022-04-12 20:15:00,2737.310286,2736.906494,2736.892905,-0.40379200000006676,-0.4173809999997502,-0.4105864999999085
2022-04-12 20:30:00,2737.309513,2736.907798,2736.888964,-0.4017149999999674,-0.4205489999999372,-0.4111319999999523
2022-04-12 20:45:00,2737.306014,2736.906049,2736.887215,-0.3999649999996109,-0.4187989999995807,-0.4093819999995958
2022-04-12 21:00:00,2737.310872,2736.90825,2736.891177,-0.4026220000000649,-0.419695000000047,-0.41115850000005594
2022-04-12 21:15:00,2737.310676,2736.909043,2736.890955,-0.40163299999994706,-0.41972100000020873,-0.4106770000000779
2022-04-12 21:30:00,2737.307953,2736.907413,2736.890007,-0.4005400000000918,-0.417946000000029,-0.4092430000000604
2022-04-12 21:45:00,2737.30659,2736.907867,2736.888947,-0.3987230000002455,-0.4176430000002256,-0.40818300000023555
2022-04-12 22:00:00,2737.30834,2736.906877,2736.888074,-0.4014630000001489,-0.4202660000000833,-0.4108645000001161
2022-04-12 22:15:00,2737.310089,2736.910376,2736.891548,-0.3997130000002471,-0.4185410000000047,-0.4091270000001259
2022-04-12 22:30:00,2737.313395,2736.910183,2736.888777,-0.4032120000001669,-0.4246180000000095,-0.4139150000000882
2022-04-12 22:45:00,2737.312425,2736.910203,2736.893558,-0.4022220000001653,-0.41886699999986376,-0.4105445000000145
2022-04-12 23:00:00,2737.311259,2736.907057,2736.891845,-0.4042020000001685,-0.41941399999996065,-0.41180800000006457
2022-04-12 23:15:00,2737.312425,2736.907232,2736.894736,-0.40519300000005387,-0.41768899999988207,-0.41144099999996797
2022-04-12 23:30:00,2737.314174,2736.906406,2736.892135,-0.40776800000003277,-0.4220390000000407,-0.41490350000003673
2022-04-12 23:45:00,2737.313008,2736.90425,2736.893288,-0.40875800000003437,-0.4197199999998702,-0.4142389999999523
2022-04-13 00:00:00,2737.314174,2736.907166,2736.898805,-0.4070080000001326,-0.41536900000028254,-0.41118850000020757
2022-04-13 00:15:00,2737.314758,2736.905009,2736.893313,-0.40974899999991976,-0.4214449999999488,-0.41559699999993427
2022-04-13 00:30:00,2737.312035,2736.905852,2736.897519,-0.40618300000005547,-0.41451599999982136,-0.4103494999999384
2022-04-13 00:45:00,2737.314171,2736.903827,2736.894734,-0.41034399999989546,-0.41943700000001627,-0.41489049999995586
2022-04-13 01:00:00,2737.315914,2736.90715,2736.895317,-0.40876399999979185,-0.42059699999981603,-0.41468049999980394
2022-04-13 01:15:00,2737.314164,2736.907991,2736.897919,-0.40617299999985335,-0.41624499999988984,-0.4112089999998716
2022-04-13 02:30:00,2737.314748,2736.905835,2736.896752,-0.4089129999997567,-0.4179959999996754,-0.41345449999971606
2022-04-13 02:45:00,2737.315331,2736.906418,2736.897336,-0.4089129999997567,-0.4179949999997916,-0.41345399999977417
2022-04-13 03:00:00,2737.313005,2736.90441,2736.896169,-0.4085949999998775,-0.41683599999987564,-0.41271549999987656
2022-04-13 03:30:00,2737.315534,2736.905272,2736.896379,-0.4102619999998751,-0.41915500000004613,-0.4147084999999606
2022-04-13 03:45:00,2737.316504,2736.90343,2736.896189,-0.41307400000005146,-0.4203149999998459,-0.4166944999999487
2022-04-13 04:15:00,2737.313588,2736.902264,2736.889819,-0.4113240000001497,-0.42376899999999296,-0.4175465000000713
2022-04-13 05:00:00,2737.315531,2736.901467,2736.894651,-0.41406400000005306,-0.4208800000001247,-0.4174720000000889
2022-04-13 05:15:00,2737.313585,2736.899521,2736.895306,-0.41406400000005306,-0.4182789999999841,-0.41617150000001857
2022-04-13 05:30:00,2737.314168,2736.899448,2736.895037,-0.41471999999976106,-0.4191310000001067,-0.4169254999999339
2022-04-13 05:45:00,2737.317667,2736.902187,2736.900241,-0.41547999999966123,-0.41742599999997765,-0.41645299999981944
2022-04-13 06:00:00,2737.320779,2736.901472,2736.896084,-0.4193070000001171,-0.42469500000015614,-0.42200100000013663
2022-04-13 06:15:00,2737.31708,2736.901518,2736.897052,-0.4155619999996816,-0.42002800000000207,-0.4177949999998418
2022-04-13 06:30:00,2737.315527,2736.899304,2736.89668,-0.41622300000017276,-0.418847000000369,-0.4175350000002709
2022-04-13 06:45:00,2737.318256,2736.899114,2736.897342,-0.41914200000019264,-0.4209139999998115,-0.42002800000000207
2022-04-13 07:00:00,2737.317283,2736.899889,2736.895799,-0.41739400000005844,-0.421483999999964,-0.4194390000000112
2022-04-13 07:15:00,2737.31767,2736.899696,2736.897925,-0.4179739999999583,-0.4197449999996934,-0.41885949999982586
2022-04-13 07:30:00,2737.315531,2736.895578,2736.897535,-0.41995300000007774,-0.41799600000013015,-0.41897450000010394
2022-04-13 07:45:00,2737.315334,2736.899109,2736.898192,-0.41622499999994034,-0.4171419999997852,-0.41668349999986276
2022-04-13 08:00:00,2737.315531,2736.89591,2736.895786,-0.41962100000000646,-0.41974500000014814,-0.4196830000000773
2022-04-13 08:15:00,2737.313008,2736.895219,2736.896719,-0.41778900000008434,-0.4162890000002335,-0.4170390000001589
2022-04-13 08:30:00,2737.313785,2736.894246,2736.89518,-0.4195389999999861,-0.41860499999984313,-0.4190719999999146
2022-04-13 08:45:00,2737.312422,2736.893971,2736.899021,-0.41845100000000457,-0.4134009999997943,-0.41592599999989943
2022-04-13 09:00:00,2737.314951,2736.892657,2736.896029,-0.4222939999999653,-0.4189219999998386,-0.42060799999990195
2022-04-13 09:15:00,2737.312418,2736.888488,2736.897268,-0.42392999999992753,-0.4151499999998123,-0.4195399999998699
2022-04-13 09:45:00,2737.306787,2736.888154,2736.888763,-0.41863299999977244,-0.41802400000005946,-0.41832849999991595
2022-04-13 10:00:00,2737.304844,2736.886608,2736.88799,-0.41823599999997896,-0.4168539999996028,-0.4175449999997909
2022-04-13 10:15:00,2737.306207,2736.893335,2736.888183,-0.41287199999987934,-0.41802400000005946,-0.4154479999999694
2022-04-13 10:30:00,2737.305817,2736.89128,2736.889541,-0.4145370000001094,-0.41627599999992526,-0.41540650000001733
2022-04-13 10:45:00,2737.307373,2736.89368,2736.889348,-0.41369299999996656,-0.41802499999994325,-0.4158589999999549
2022-04-13 11:00:00,2737.305427,2736.892561,2736.890288,-0.4128659999996671,-0.41513899999972637,-0.41400249999969674
2022-04-13 11:15:00,2737.305038,2736.889518,2736.887295,-0.415520000000015,-0.4177429999999731,-0.41663149999999405
2022-04-13 11:30:00,2737.301149,2736.890106,2736.888655,-0.41104300000006333,-0.4124939999996968,-0.4117684999998801
2022-04-13 11:45:00,2737.302512,2736.890457,2736.896075,-0.41205500000023676,-0.4064370000000963,-0.40924600000016653
2022-04-13 12:00:00,2737.302705,2736.889732,2736.891634,-0.4129729999999654,-0.41107099999999264,-0.412021999999979
2022-04-13 12:15:00,2737.299983,2736.889754,2736.890661,-0.4102290000000721,-0.40932199999997465,-0.4097755000000234
2022-04-13 12:30:00,2737.300956,2736.895464,2736.889885,-0.4054919999998674,-0.41107099999999264,-0.40828149999993
2022-04-13 12:45:00,2737.299983,2736.892493,2736.884561,-0.40749000000005253,-0.41542200000003504,-0.4114560000000438
2022-04-13 13:00:00,2737.302512,2736.89244,2736.890589,-0.41007200000012745,-0.4119230000001153,-0.41099750000012136
2022-04-13 13:15:00,2737.300179,2736.896262,2736.88655,-0.4039169999996375,-0.4136289999996734,-0.40877299999965544
2022-04-13 13:30:00,2737.302318,2736.89773,2736.891246,-0.40458799999987605,-0.4110719999998764,-0.40782999999987624
2022-04-13 13:45:00,2737.300959,2736.897043,2736.889036,-0.40391600000020844,-0.4119230000001153,-0.40791950000016186
2022-04-13 14:00:00,2737.301149,2736.894919,2736.886044,-0.4062300000000505,-0.4151050000000396,-0.41066750000004504
2022-04-13 14:15:00,2737.303678,2736.904682,2736.88999,-0.39899600000035207,-0.41368800000009287,-0.40634200000022247
2022-04-13 14:30:00,2737.304848,2736.899965,2736.888573,-0.4048830000001544,-0.4162750000000415,-0.41057900000009795
2022-04-13 14:45:00,2737.303481,2736.902175,2736.888088,-0.4013059999997495,-0.4153929999997672,-0.40834949999975834
2022-04-13 15:00:00,2737.30892,2736.906114,2736.891777,-0.40280600000005506,-0.4171430000001237,-0.4099745000000894
2022-04-13 15:15:00,2737.309506,2736.905527,2736.893796,-0.40397900000016307,-0.4157100000002174,-0.40984450000019024
2022-04-13 15:30:00,2737.304254,2736.903956,2736.889194,-0.4002980000000207,-0.4150600000002669,-0.4076790000001438
2022-04-13 16:00:00,2737.300956,2736.898908,2736.884997,-0.40204799999992247,-0.4159589999999298,-0.40900349999992613
2022-04-13 16:15:00,2737.299983,2736.896943,2736.884024,-0.40303999999969164,-0.4159589999999298,-0.4094994999998107
2022-04-13 16:30:00,2737.303095,2736.901885,2736.882786,-0.40120999999999185,-0.4203090000000884,-0.41075950000004013
2022-04-13 16:45:00,2737.301932,2736.901303,2736.883952,-0.40062899999975343,-0.4179799999997158,-0.4093044999997346
2022-04-13 17:00:00,2737.304848,2736.902471,2736.889426,-0.4023770000003424,-0.41542200000003504,-0.4088995000001887
2022-04-13 17:15:00,2737.305041,2736.901015,2736.890515,-0.4040260000001581,-0.4145260000000235,-0.4092760000000908
2022-04-13 17:30:00,2737.305817,2736.900041,2736.883768,-0.40577600000005987,-0.42204899999978807,-0.41391249999992397
2022-04-13 17:45:00,2737.305431,2736.900318,2736.888586,-0.40511300000025585,-0.416845000000194,-0.4109790000002249
2022-04-13 18:00:00,2737.310679,2736.904145,2736.892085,-0.40653400000019246,-0.41859400000021196,-0.4125640000002022
2022-04-13 18:15:00,2737.309513,2736.903737,2736.89584,-0.40577600000005987,-0.41367300000001705,-0.40972450000003846
2022-04-13 18:30:00,2737.306014,2736.899248,2736.888886,-0.4067659999996067,-0.41712799999959316,-0.41194699999959994
2022-04-13 18:45:00,2737.310096,2736.901663,2736.892072,-0.4084330000000591,-0.41802400000005946,-0.4132285000000593
2022-04-13 19:00:00,2737.307957,2736.904011,2736.893714,-0.4039459999999053,-0.41424300000016956,-0.40909450000003744
2022-04-13 19:15:00,2737.308343,2736.901658,2736.894953,-0.4066849999999249,-0.4133900000001631,-0.410037500000044
2022-04-13 19:30:00,2737.307177,2736.900492,2736.892933,-0.4066849999999249,-0.41424400000005335,-0.41046449999998913
2022-04-13 19:45:00,2737.307953,2736.898529,2736.890538,-0.4094239999999445,-0.41741499999989173,-0.4134194999999181
2022-04-13 20:00:00,2737.308923,2736.902632,2736.891498,-0.40629100000023755,-0.41742500000009386,-0.4118580000001657
2022-04-13 20:30:00,2737.310869,2736.902931,2736.895149,-0.40793799999983094,-0.4157199999999648,-0.41182899999989786
2022-04-13 20:45:00,2737.310096,2736.903149,2736.896127,-0.40694699999994555,-0.4139690000001792,-0.4104580000000624
2022-04-13 21:00:00,2737.310679,2736.900001,2736.893542,-0.41067800000018906,-0.41713700000036624,-0.41390750000027765
2022-04-13 21:15:00,2737.310866,2736.90185,2736.889967,-0.40901599999961036,-0.4208989999997357,-0.414957499999673
2022-04-13 21:30:00,2737.312225,2736.903209,2736.893359,-0.4090160000000651,-0.41886599999998,-0.41394100000002254
2022-04-13 21:45:00,2737.310282,2736.902026,2736.89837,-0.4082559999997102,-0.41191200000002937,-0.4100839999998698
2022-04-13 22:00:00,2737.310086,2736.902999,2736.893821,-0.40708700000004683,-0.41626499999983935,-0.4116759999999431
2022-04-13 22:15:00,2737.313001,2736.901426,2736.89759,-0.4115750000000844,-0.4154109999999491,-0.41349300000001676
2022-04-13 22:30:00,2737.311445,2736.900861,2736.894329,-0.41058399999974426,-0.41711599999962345,-0.41384999999968386
2022-04-13 22:45:00,2737.312415,2736.902819,2736.894402,-0.409595999999965,-0.41801299999997354,-0.41380449999996927
2022-04-13 23:15:00,2737.311055,2736.900471,2736.892759,-0.410584000000199,-0.4182960000002822,-0.4144400000002406
2022-04-13 23:30:00,2737.310086,2736.900259,2736.899596,-0.4098269999999502,-0.4104899999997542,-0.4101584999998522
2022-04-13 23:45:00,2737.309696,2736.902609,2736.899206,-0.4070869999995921,-0.4104899999997542,-0.40878849999967315
2022-04-27 00:00:00,2737.302508,2736.870462,2736.876474,-0.432046000000355,-0.4260340000000724,-0.4290400000002137
2022-04-27 00:15:00,2737.300759,2736.869376,2736.874437,-0.4313830000000962,-0.4263220000002548,-0.4288525000001755
2022-04-27 00:30:00,2737.302895,2736.869761,2736.874824,-0.4331339999998818,-0.428070999999818,-0.4306024999998499
2022-04-27 00:45:00,2737.300752,2736.872108,2736.876467,-0.42864400000007663,-0.4242850000000544,-0.4264645000000655
2022-04-27 01:30:00,2737.29881,2736.87117,2736.870781,-0.427639999999883,-0.4280289999996967,-0.42783449999978984
2022-04-27 01:45:00,2737.29784,2736.870862,2736.873267,-0.4269779999999628,-0.4245730000002368,-0.4257755000000998
2022-04-27 02:00:00,2737.301922,2736.871446,2736.871248,-0.43047599999999875,-0.43067400000018097,-0.43057500000008986
2022-04-27 02:30:00,2737.298423,2736.870456,2736.87617,-0.4279670000000806,-0.4222530000001825,-0.42511000000013155
2022-04-27 02:45:00,2737.301729,2736.873002,2736.873374,-0.42872699999998076,-0.4283550000000105,-0.4285409999999956
2022-04-27 03:00:00,2737.29862,2736.873222,2736.871161,-0.42539799999985917,-0.4274589999999989,-0.42642849999992904
2022-04-27 03:15:00,2737.302312,2736.872425,2736.873957,-0.42988699999978053,-0.4283550000000105,-0.4291209999998955
2022-04-27 03:30:00,2737.300176,2736.874778,2736.875319,-0.4253980000003139,-0.4248569999999745,-0.4251275000001442
2022-04-27 03:45:00,2737.299593,2736.875185,2736.872986,-0.4244080000003123,-0.426607000000331,-0.42550750000032167
2022-04-27 04:30:00,2737.303668,2736.869211,2736.875312,-0.43445699999983844,-0.42835599999989427,-0.43140649999986636
2022-04-27 04:45:00,2737.302115,2736.871239,2736.874657,-0.43087599999989834,-0.42745800000011513,-0.42916700000000674
2022-04-27 05:00:00,2737.302895,2736.870187,2736.87629,-0.43270799999982046,-0.42660499999965396,-0.4296564999997372
2022-04-27 05:15:00,2737.300949,2736.871821,2736.87349,-0.42912799999976414,-0.4274589999999989,-0.42829349999988153
2022-04-27 05:30:00,2737.301145,2736.872019,2736.875392,-0.42912599999999657,-0.42575299999998606,-0.4274394999999913
2022-04-27 06:30:00,2737.299003,2736.869219,2736.874146,-0.4297839999999269,-0.4248569999999745,-0.4273204999999507
2022-04-27 06:45:00,2737.303668,2736.865814,2736.87446,-0.4378540000002431,-0.4292080000000169,-0.43353100000013
2022-04-27 07:00:00,2737.301919,2736.868554,2736.87503,-0.433364999999867,-0.4268889999998464,-0.4301269999998567
2022-04-27 07:15:00,2737.302698,2736.867584,2736.876092,-0.435113999999885,-0.4266059999999925,-0.43085999999993874
2022-04-27 07:30:00,2737.300759,2736.871967,2736.8733,-0.4287920000001577,-0.4274589999999989,-0.4281255000000783
2022-04-27 08:00:00,2737.29862,2736.868836,2736.875512,-0.4297839999999269,-0.4231079999999565,-0.4264459999999417
2022-04-27 08:15:00,2737.299979,2736.866697,2736.87252,-0.43328199999996286,-0.4274589999999989,-0.4303704999999809
2022-04-27 08:30:00,2737.29726,2736.868466,2736.870697,-0.4287939999999253,-0.42656299999998737,-0.42767849999995633
2022-04-27 08:45:00,2737.297843,2736.869051,2736.872134,-0.42879199999970297,-0.4257089999996424,-0.4272504999996727
2022-04-27 09:00:00,2737.296677,2736.869634,2736.872717,-0.427042999999685,-0.4239599999996244,-0.4255014999996547
2022-04-27 09:30:00,2737.295511,2736.869374,2736.869518,-0.42613699999992605,-0.42599299999983486,-0.42606499999988046
2022-04-27 09:45:00,2737.296094,2736.87179,2736.870101,-0.4243039999996654,-0.42599299999983486,-0.42514849999975013
2022-04-27 10:15:00,2737.294351,2736.869043,2736.871266,-0.425307999999859,-0.4230849999999009,-0.42419649999987996
2022-04-27 11:00:00,2737.290269,2736.87011,2736.869786,-0.42015900000023976,-0.4204829999998765,-0.4203210000000581
2022-04-27 11:15:00,2737.289686,2736.873438,2736.86835,-0.41624799999999595,-0.4213359999998829,-0.41879199999993943
2022-04-27 11:30:00,2737.288323,2736.872653,2736.868738,-0.4156700000003184,-0.41958500000009735,-0.4176275000002079
2022-04-27 11:45:00,2737.290846,2736.876167,2736.868658,-0.41467899999997826,-0.42218800000000556,-0.4184334999999919
2022-04-27 12:00:00,2737.290652,2736.875646,2736.866715,-0.41500600000017585,-0.42393700000002354,-0.4194715000000997
2022-04-27 12:15:00,2737.292598,2736.871271,2736.869513,-0.4213270000000193,-0.4230849999999009,-0.4222059999999601
2022-04-27 12:30:00,2737.291822,2736.874983,2736.876257,-0.41683899999998175,-0.41556500000024243,-0.4162020000001121
2022-04-27 12:45:00,2737.289686,2736.872848,2736.870666,-0.41683800000009796,-0.4190200000002733,-0.4179290000001856
2022-04-27 13:00:00,2737.290073,2736.871085,2736.869883,-0.41898799999989933,-0.4201900000002752,-0.41958900000008725
2022-04-27 13:15:00,2737.293178,2736.872441,2736.874694,-0.4207369999999173,-0.41848399999980757,-0.41961049999986244
2022-04-27 13:30:00,2737.289483,2736.874225,2736.86843,-0.41525799999999435,-0.421053000000029,-0.41815550000001167
2022-04-27 13:45:00,2737.291819,2736.873821,2736.870768,-0.41799799999989773,-0.42105099999980666,-0.4195244999998522
2022-04-27 14:00:00,2737.293182,2736.875183,2736.872983,-0.4179989999997815,-0.420198999999684,-0.41909899999973277
2022-04-27 14:15:00,2737.296097,2736.87909,2736.876752,-0.41700700000001234,-0.4193449999997938,-0.41817599999990307
2022-04-27 14:30:00,2737.296097,2736.876351,2736.875003,-0.4197460000000319,-0.4210939999998118,-0.42041999999992186
2022-04-27 14:45:00,2737.291432,2736.871603,2736.871234,-0.41982899999993606,-0.42019799999980023,-0.42001349999986815
2022-04-27 15:00:00,2737.294734,2736.873156,2736.875954,-0.42157799999995405,-0.41877999999996973,-0.4201789999999619
2022-04-27 15:15:00,2737.294924,2736.87427,2736.873543,-0.4206540000000132,-0.4213809999996556,-0.4210174999998344
2022-04-27 15:30:00,2737.293565,2736.873669,2736.873933,-0.4198959999998806,-0.4196320000000924,-0.4197639999999865
2022-04-27 15:45:00,2737.294928,2736.873282,2736.872694,-0.42164599999978236,-0.42223399999966205,-0.4219399999997222
2022-04-27 16:00:00,2737.294344,2736.87369,2736.876136,-0.4206540000000132,-0.41820800000004965,-0.4194310000000314
2022-04-27 16:15:00,2737.292595,2736.872847,2736.875283,-0.4197479999997995,-0.4173120000000381,-0.4185299999999188
2022-04-27 16:45:00,2737.289679,2736.868941,2736.872368,-0.4207379999998011,-0.4173110000001543,-0.4190244999999777
2022-04-27 17:00:00,2737.292595,2736.870771,2736.874387,-0.4218240000000151,-0.41820800000004965,-0.42001600000003236
2022-04-27 17:15:00,2737.293178,2736.871353,2736.871516,-0.42182499999989886,-0.42166199999974197,-0.4217434999998204
2022-04-27 17:30:00,2737.29726,2736.873686,2736.872099,-0.42357399999991685,-0.4251609999996617,-0.4243674999997893
2022-04-27 17:45:00,2737.295511,2736.867365,2736.869497,-0.42814599999974234,-0.42601399999966816,-0.42707999999970525
2022-04-27 18:00:00,2737.296094,2736.870108,2736.875284,-0.42598599999973885,-0.4208099999996193,-0.4233979999996791
2022-04-27 18:30:00,2737.295511,2736.865795,2736.876407,-0.4297159999996438,-0.41910399999960646,-0.42440999999962514
2022-04-27 18:45:00,2737.294344,2736.868029,2736.873536,-0.426314999999704,-0.42080799999985175,-0.4235614999997779
2022-04-27 19:00:00,2737.29726,2736.871936,2736.8721,-0.4253239999998186,-0.42515999999977794,-0.4252419999997983
2022-04-27 19:15:00,2737.294538,2736.871804,2736.872876,-0.42273400000021866,-0.4216620000001967,-0.4221980000002077
2022-04-27 19:30:00,2737.29784,2736.870945,2736.87093,-0.42689500000005864,-0.42691000000013446,-0.42690250000009655
2022-04-27 19:45:00,2737.297257,2736.870362,2736.87238,-0.42689500000005864,-0.42487700000037876,-0.4258860000002187
2022-04-27 20:00:00,2737.29862,2736.869313,2736.871993,-0.42930699999988065,-0.4266269999998258,-0.4279669999998532
2022-04-27 20:15:00,2737.299596,2736.873759,2736.875571,-0.425836999999774,-0.42402499999980137,-0.4249309999997877
2022-04-27 20:30:00,2737.299596,2736.871018,2736.879027,-0.4285780000000159,-0.42056899999988673,-0.4245734999999513
2022-04-27 20:45:00,2737.300179,2736.872771,2736.877296,-0.427408000000014,-0.4228829999997288,-0.4251454999998714
2022-04-27 21:00:00,2737.301539,2736.871391,2736.8752,-0.4301479999999174,-0.42633900000009817,-0.42824350000000777
2022-04-27 21:15:00,2737.300176,2736.874517,2736.877005,-0.425658999999996,-0.4231710000003659,-0.42441500000018095
2022-04-27 21:30:00,2737.300762,2736.871195,2736.875856,-0.42956699999967896,-0.4249059999997371,-0.42723649999970803
2022-04-27 22:00:00,2737.29843,2736.867871,2736.876125,-0.4305589999999029,-0.4223050000000512,-0.42643199999997705
2022-04-27 22:15:00,2737.299593,2736.867798,2736.876708,-0.4317949999999655,-0.42288500000040585,-0.4273400000001857
2022-04-27 22:30:00,2737.302512,2736.870204,2736.878459,-0.4323080000003756,-0.4240530000001854,-0.4281805000002805
2022-04-27 22:45:00,2737.300176,2736.872111,2736.879607,-0.42806500000006054,-0.4205690000003415,-0.424317000000201
2022-04-27 23:00:00,2737.29901,2736.868861,2736.875838,-0.4301490000002559,-0.4231720000002497,-0.4266605000002528
2022-04-27 23:15:00,2737.300762,2736.871194,2736.873254,-0.4295680000000175,-0.4275079999997615,-0.4285379999998895
2022-04-27 23:30:00,2737.302122,2736.868972,2736.875465,-0.4331499999998414,-0.4266569999999774,-0.4299034999999094
2022-04-27 23:45:00,2737.303481,2736.869758,2736.880281,-0.4337230000001,-0.42319999999972424,-0.4284614999999121
2022-04-28 00:00:00,2737.302902,2736.870594,2736.878848,-0.43230799999992087,-0.4240540000000692,-0.42818099999999504
2022-04-28 00:15:00,2737.306597,2736.871698,2736.878191,-0.43489899999985937,-0.4284059999999954,-0.4316524999999274
2022-04-28 00:30:00,2737.305624,2736.874307,2736.878969,-0.4313170000000355,-0.42665500000020984,-0.42898600000012266
2022-04-28 00:45:00,2737.301929,2736.872361,2736.878771,-0.4295680000000175,-0.42315800000005765,-0.4263630000000376
2022-04-28 01:00:00,2737.304068,2736.86902,2736.87481,-0.43504799999982424,-0.42925800000011805,-0.43215299999997114
2022-04-28 01:15:00,2737.303681,2736.869727,2736.877922,-0.4339540000000852,-0.42575899999974354,-0.4298564999999144
2022-04-28 01:45:00,2737.304454,2736.867329,2736.879821,-0.4371249999999236,-0.4246330000000853,-0.43087900000000445
2022-04-28 02:00:00,2737.302898,2736.868178,2736.878264,-0.43471999999974287,-0.4246339999999691,-0.429676999999856
2022-04-28 02:15:00,2737.303095,2736.86623,2736.878461,-0.4368650000001253,-0.42463400000042384,-0.43074950000027457
2022-04-28 02:30:00,2737.305427,2736.866813,2736.881359,-0.43861399999968853,-0.4240679999998065,-0.4313409999997475
2022-04-28 02:45:00,2737.305814,2736.870007,2736.876541,-0.4358069999998406,-0.4292729999997391,-0.43253999999978987
2022-04-28 03:00:00,2737.303088,2736.869954,2736.876416,-0.4331340000003365,-0.42667200000005323,-0.4299030000001949
2022-04-28 03:15:00,2737.304644,2736.866359,2736.87537,-0.43828499999972337,-0.4292739999996229,-0.43377949999967313
2022-04-28 03:30:00,2737.304841,2736.870055,2736.879637,-0.43478600000025835,-0.4252040000001216,-0.42999500000019
2022-04-28 03:45:00,2737.306007,2736.86764,2736.878201,-0.43836700000019846,-0.427806000000146,-0.43308650000017224
2022-04-28 04:00:00,2737.302508,2736.868301,2736.877304,-0.43420700000024226,-0.4252040000001216,-0.42970550000018193
2022-04-28 04:15:00,2737.302508,2736.863812,2736.874701,-0.4386960000001636,-0.4278070000000298,-0.4332515000000967
2022-04-28 04:30:00,2737.304648,2736.865953,2736.877694,-0.4386949999998251,-0.42695400000002337,-0.43282449999992423
2022-04-28 04:45:00,2737.303288,2736.869083,2736.874628,-0.43420500000001994,-0.42866000000003623,-0.4314325000000281
2022-04-28 05:00:00,2737.304648,2736.867703,2736.876839,-0.4369449999999233,-0.4278089999997974,-0.43237699999986035
2022-04-28 05:15:00,2737.307177,2736.868483,2736.87705,-0.4386939999999413,-0.4301270000000841,-0.4344105000000127
2022-04-28 05:30:00,2737.306787,2736.872664,2736.879262,-0.4341229999999996,-0.42752500000005966,-0.4308240000000296
2022-04-28 05:45:00,2737.304258,2736.869063,2736.878482,-0.43519500000002154,-0.4257760000000417,-0.4304855000000316
2022-04-28 06:15:00,2737.304841,2736.869727,2736.879065,-0.43511400000033973,-0.4257760000000417,-0.4304450000001907
2022-04-28 06:45:00,2737.304838,2736.865564,2736.877312,-0.4392739999998412,-0.42752599999994345,-0.4333999999998923
2022-04-28 07:15:00,2737.306004,2736.86673,2736.876728,-0.4392739999998412,-0.4292759999998452,-0.4342749999998432
2022-04-28 07:30:00,2737.301339,2736.866554,2736.878164,-0.4347849999999198,-0.42317499999990105,-0.42897999999991043
2022-04-28 07:45:00,2737.302702,2736.867917,2736.873426,-0.4347849999999198,-0.4292759999998452,-0.4320304999998825
2022-04-28 08:00:00,2737.301929,2736.864404,2736.876152,-0.43752500000027794,-0.4257770000003802,-0.4316510000003291
2022-04-28 08:30:00,2737.303678,2736.866154,2736.874402,-0.43752400000039415,-0.4292760000003,-0.43340000000034706
2022-04-28 08:45:00,2737.301345,2736.866561,2736.87817,-0.43478400000003603,-0.42317499999990105,-0.42897949999996854
2022-04-28 09:00:00,2737.300179,2736.864405,2736.877003,-0.43577400000003763,-0.42317599999978484,-0.42947499999991123
2022-04-28 09:30:00,2737.297847,2736.868378,2736.87642,-0.429468999999699,-0.42142699999976685,-0.42544799999973293
2022-04-28 10:15:00,2737.300762,2736.865979,2736.872381,-0.4347829999996975,-0.42838099999971746,-0.4315819999997075
2022-04-28 10:30:00,2737.29843,2736.862655,2736.873504,-0.4357749999999214,-0.4249259999996866,-0.430350499999804
2022-04-28 10:45:00,2737.296097,2736.868214,2736.874669,-0.4278829999998379,-0.4214280000001054,-0.42465549999997165
2022-04-28 11:00:00,2737.296097,2736.868974,2736.872964,-0.42712299999993775,-0.4231329999997797,-0.42512799999985873
2022-04-28 11:15:00,2737.293182,2736.866058,2736.872651,-0.42712399999982154,-0.4205309999997553,-0.4238274999997884
2022-04-28 11:30:00,2737.292015,2736.864893,2736.875835,-0.42712200000005396,-0.41618000000016764,-0.4216510000001108
2022-04-28 11:45:00,2737.291432,2736.863319,2736.875252,-0.42811299999993935,-0.41618000000016764,-0.4221465000000535
2022-04-28 12:00:00,2737.290069,2736.862863,2736.876209,-0.4272060000002966,-0.41386000000011336,-0.420533000000205
2022-04-28 12:15:00,2737.293175,2736.863312,2736.873214,-0.4298629999998411,-0.4199609999996028,-0.42491199999972196
2022-04-28 12:30:00,2737.291425,2736.86422,2736.875816,-0.4272049999999581,-0.4156089999996766,-0.42140699999981734
2022-04-28 12:45:00,2737.293565,2736.86461,2736.873604,-0.42895499999985987,-0.41996100000005754,-0.4244579999999587
2022-04-28 13:00:00,2737.292012,2736.865798,2736.873519,-0.4262140000000727,-0.41849299999967116,-0.42235349999987193
2022-04-28 13:15:00,2737.292595,2736.865539,2736.872351,-0.4270559999999932,-0.42024399999991147,-0.42364999999995234
2022-04-28 13:30:00,2737.291236,2736.865601,2736.872741,-0.4256350000000566,-0.4184949999998935,-0.42206499999997504
2022-04-28 13:45:00,2737.292598,2736.867954,2736.872068,-0.4246440000001712,-0.4205299999998715,-0.42258700000002136
2022-04-28 14:00:00,2737.293761,2736.867378,2736.873529,-0.4263829999999871,-0.42023199999994176,-0.4233074999999644
2022-04-28 14:15:00,2737.293761,2736.865628,2736.871778,-0.42813299999988885,-0.4219829999997273,-0.4250579999998081
2022-04-28 14:30:00,2737.292982,2736.866598,2736.873601,-0.42638399999987087,-0.41938100000015766,-0.42288250000001426
2022-04-28 14:45:00,2737.293561,2736.866008,2736.876784,-0.42755299999998897,-0.4167769999999109,-0.42216499999994994
2022-04-28 15:00:00,2737.291425,2736.865621,2736.876115,-0.425803999999971,-0.41530999999986307,-0.420556999999917
2022-04-28 15:15:00,2737.294924,2736.864631,2736.873513,-0.43029299999989234,-0.42141099999980725,-0.4258519999998498
2022-04-28 15:30:00,2737.292009,2736.867196,2736.875801,-0.42481299999963085,-0.4162079999996422,-0.4205104999996365
2022-04-28 15:45:00,2737.292398,2736.868248,2736.876191,-0.42414999999982683,-0.41620700000021316,-0.42017850000002
2022-04-28 16:00:00,2737.293178,2736.870776,2736.875836,-0.42240199999969263,-0.417341999999735,-0.4198719999997138
2022-04-28 16:15:00,2737.292595,2736.868362,2736.873504,-0.42423299999973096,-0.41909099999975297,-0.42166199999974197
2022-04-28 16:30:00,2737.293565,2736.868571,2736.875327,-0.4249939999999697,-0.41823799999974653,-0.4216159999998581
2022-04-28 16:45:00,2737.292005,2736.867772,2736.874664,-0.42423299999973096,-0.4173409999998512,-0.4207869999997911
2022-04-28 17:00:00,2737.293172,2736.867948,2736.876397,-0.4252240000000711,-0.41677500000014334,-0.4209995000001072
2022-04-28 17:30:00,2737.294734,2736.869085,2736.874767,-0.42564900000024863,-0.41996700000026976,-0.4228080000002592
2022-04-28 17:45:00,2737.294931,2736.871031,2736.875817,-0.4238999999997759,-0.4191139999998086,-0.42150699999979224
2022-04-28 18:00:00,2737.294348,2736.868698,2736.880438,-0.4256499999996777,-0.41390999999975975,-0.4197799999997187
2022-04-28 18:15:00,2737.296097,2736.866949,2736.878689,-0.42914799999971365,-0.4174079999997957,-0.4232779999997547
2022-04-28 18:45:00,2737.29707,2736.865756,2736.87706,-0.43131399999992937,-0.4200100000002749,-0.4256620000001021
2022-04-28 19:00:00,2737.296101,2736.864786,2736.875238,-0.43131499999981315,-0.42086299999982657,-0.42608899999981986
2022-04-28 19:15:00,2737.295711,2736.86747,2736.872245,-0.4282410000000709,-0.4234660000001895,-0.4258535000001302
2022-04-28 19:45:00,2737.29746,2736.864395,2736.874848,-0.43306499999971493,-0.42261199999984456,-0.42783849999977974
2022-04-28 20:00:00,2737.29668,2736.865365,2736.874068,-0.43131499999981315,-0.42261199999984456,-0.42696349999982885
2022-04-28 20:15:00,2737.300569,2736.865755,2736.876208,-0.43481400000018766,-0.42436099999986254,-0.4295875000000251
2022-04-28 20:30:00,2737.299209,2736.863406,2736.876598,-0.4358029999998507,-0.42261099999996077,-0.42920699999990575
2022-04-28 20:45:00,2737.299596,2736.864782,2736.876985,-0.4348139999997329,-0.42261099999996077,-0.42871249999984684
2022-04-28 21:15:00,2737.300376,2736.865748,2736.878618,-0.43462799999997515,-0.42175799999995434,-0.42819299999996474
2022-04-28 21:30:00,2737.299013,2736.862552,2736.877253,-0.43646099999978105,-0.4217599999997219,-0.4291104999997515
2022-04-28 21:45:00,2737.302115,2736.863587,2736.879484,-0.43852800000013303,-0.4226309999999103,-0.43057950000002165
2022-04-28 22:00:00,2737.299586,2736.861713,2736.879558,-0.4378730000003088,-0.42002800000000207,-0.42895050000015544
2022-04-28 22:15:00,2737.297843,2736.860474,2736.876372,-0.4373689999997623,-0.42147099999965576,-0.42941999999970903
2022-04-28 22:30:00,2737.301335,2736.860396,2736.876103,-0.44093900000007125,-0.4252320000000509,-0.4330855000000611
2022-04-28 22:45:00,2737.300752,2736.859483,2736.878121,-0.4412689999999202,-0.4226309999999103,-0.43194999999991524
2022-04-28 23:00:00,2737.300759,2736.860651,2736.880141,-0.44010800000023664,-0.4206180000001041,-0.43036300000017036
2022-04-28 23:15:00,2737.302308,2736.862031,2736.875325,-0.4402769999996963,-0.42698299999983647,-0.43362999999976637
2022-04-28 23:30:00,2737.301922,2736.862552,2736.878106,-0.43937000000005355,-0.423815999999988,-0.43159300000002077
2022-04-28 23:45:00,2737.301345,2736.863134,2736.877836,-0.4382109999996828,-0.4235089999997399,-0.43085999999971136
2022-04-29 00:00:00,2737.300762,2736.862551,2736.872902,-0.4382109999996828,-0.4278599999997823,-0.43303549999973256
2022-04-29 00:15:00,2737.300179,2736.863719,2736.87667,-0.43645999999989726,-0.4235089999997399,-0.4299844999998186
2022-04-29 00:30:00,2737.301345,2736.860395,2736.875235,-0.4409499999997024,-0.42610999999988053,-0.43352999999979147
2022-04-29 01:00:00,2737.302705,2736.863914,2736.876594,-0.43879100000003746,-0.42611100000021906,-0.43245100000012826
2022-04-29 01:15:00,2737.302892,2736.862613,2736.879076,-0.44027900000037334,-0.423815999999988,-0.43204750000018066
2022-04-29 01:30:00,2737.304838,2736.863466,2736.879272,-0.4413720000002286,-0.42556599999988975,-0.43346900000005917
2022-04-29 01:45:00,2737.301345,2736.861893,2736.881291,-0.4394520000000739,-0.42005399999970905,-0.42975299999989147
2022-04-29 02:00:00,2737.301922,2736.8623,2736.876073,-0.4396220000003268,-0.42584900000019843,-0.4327355000002626
2022-04-29 02:15:00,2737.304261,2736.864301,2736.882457,-0.43996000000015556,-0.42180400000006557,-0.43088200000011057
2022-04-29 02:30:00,2737.305227,2736.861368,2736.878809,-0.4438589999999749,-0.4264180000000124,-0.43513849999999366
2022-04-29 02:45:00,2737.306597,2736.864888,2736.879589,-0.4417089999997188,-0.42700799999965966,-0.43435849999968923
2022-04-29 03:00:00,2737.305431,2736.862731,2736.882775,-0.44270000000005894,-0.4226560000001882,-0.4326780000001236
2022-04-29 03:15:00,2737.306984,2736.861545,2736.877372,-0.4454389999996238,-0.4296119999999064,-0.4375254999997651
2022-04-29 03:30:00,2737.304648,2736.860957,2736.879959,-0.4436909999999443,-0.4246889999999439,-0.4341899999999441
2022-04-29 03:45:00,2737.304651,2736.85837,2736.875609,-0.44628099999999904,-0.4290419999997539,-0.43766149999987647
2022-04-29 04:00:00,2737.306014,2736.860574,2736.880754,-0.4454399999999623,-0.4252599999999802,-0.43534999999997126
2022-04-29 04:15:00,2737.305624,2736.860184,2736.878614,-0.4454399999999623,-0.427009999999882,-0.43622499999992215
2022-04-29 04:30:00,2737.305427,2736.858238,2736.878417,-0.4471889999999803,-0.427009999999882,-0.43709949999993114
2022-04-29 04:45:00,2737.304068,2736.855888,2736.87966,-0.4481799999998657,-0.42440799999985757,-0.4362939999998616
2022-04-29 05:00:00,2737.304264,2736.856994,2736.879857,-0.4472699999996621,-0.4244069999999738,-0.43583849999981794
2022-04-29 05:15:00,2737.304848,2736.859327,2736.876985,-0.44552100000009887,-0.42786300000034316,-0.436692000000221
2022-04-29 05:30:00,2737.304848,2736.859983,2736.879587,-0.44486500000039086,-0.42526100000031875,-0.4350630000003548
2022-04-29 06:00:00,2737.306597,2736.858233,2736.877837,-0.4483639999998559,-0.42875999999978376,-0.4385619999998198
2022-04-29 06:15:00,2737.304848,2736.857242,2736.88044,-0.44760600000017803,-0.4244080000003123,-0.43600700000024517
2022-04-29 06:45:00,2737.306014,2736.857836,2736.875549,-0.44817799999964336,-0.43046499999991283,-0.4393214999997781
2022-04-29 07:00:00,2737.307757,2736.860169,2736.880771,-0.4475879999999961,-0.4269859999999426,-0.43728699999996934
2022-04-29 07:15:00,2737.307757,2736.857428,2736.87902,-0.450329000000238,-0.4287370000001829,-0.43953300000021045
2022-04-29 07:30:00,2737.307367,2736.857038,2736.881798,-0.45032899999978326,-0.42556899999999587,-0.43794899999988957
2022-04-29 07:45:00,2737.305427,2736.85725,2736.881871,-0.4481769999997596,-0.4235559999997349,-0.43586649999974725
2022-04-29 08:00:00,2737.30678,2736.854041,2736.878897,-0.4527389999998377,-0.4278829999998379,-0.4403109999998378
2022-04-29 08:15:00,2737.303668,2736.852678,2736.878385,-0.4509899999998197,-0.4252830000000358,-0.43813649999992776
2022-04-29 08:30:00,2737.303085,2736.854835,2736.87695,-0.4482499999999163,-0.42613500000015847,-0.4371925000000374
2022-04-29 08:45:00,2737.304251,2736.855093,2736.875514,-0.4491579999998976,-0.4287370000001829,-0.43894750000004024
2022-04-29 09:00:00,2737.303085,2736.852936,2736.880448,-0.450148999999783,-0.4226370000001225,-0.43639299999995274
2022-04-29 09:15:00,2737.303281,2736.851384,2736.879748,-0.45189699999991717,-0.42353300000013405,-0.4377150000000256
2022-04-29 09:30:00,2737.302508,2736.851601,2736.876938,-0.4509070000003703,-0.4255700000003344,-0.43823850000035236
2022-04-29 09:45:00,2737.300176,2736.850028,2736.878105,-0.45014800000035393,-0.42207100000041464,-0.4361095000003843
2022-04-29 10:00:00,2737.297843,2736.852184,2736.874354,-0.4456589999999778,-0.4234889999997904,-0.4345739999998841
2022-04-29 10:15:00,2737.29901,2736.851601,2736.878122,-0.44740900000033434,-0.4208880000001045,-0.43414850000021943
2022-04-29 10:30:00,2737.300759,2736.853351,2736.87727,-0.4474079999999958,-0.42348900000024514,-0.4354485000001205
2022-04-29 10:45:00,2737.300759,2736.852181,2736.876372,-0.4485779999999977,-0.4243870000000243,-0.436482500000011
2022-04-29 11:00:00,2737.296677,2736.852589,2736.875789,-0.4440879999997378,-0.42088799999964976,-0.4324879999996938
2022-04-29 11:15:00,2737.293178,2736.85541,2736.878391,-0.4377679999997781,-0.4147869999997056,-0.42627749999974185
2022-04-29 11:30:00,2737.293761,2736.85525,2736.878974,-0.4385109999998349,-0.4147869999997056,-0.42664899999977024
2022-04-29 12:00:00,2737.292012,2736.85251,2736.877225,-0.4395019999997203,-0.4147869999997056,-0.42714449999971293
2022-04-29 12:15:00,2737.294731,2736.854142,2736.877342,-0.44058899999981804,-0.41738899999973,-0.428988999999774
2022-04-29 12:30:00,2737.295504,2736.854915,2736.87868,-0.4405890000002728,-0.4168240000003607,-0.42870650000031674
2022-04-29 12:45:00,2737.293172,2736.857073,2736.875494,-0.4360990000000129,-0.4176780000002509,-0.4268885000001319
2022-04-29 13:00:00,2737.294338,2736.856488,2736.87666,-0.4378500000002532,-0.4176780000002509,-0.42776400000025205
2022-04-29 13:30:00,2737.291422,2736.855322,2736.87493,-0.4360999999998967,-0.41649199999983466,-0.42629599999986567
2022-04-29 13:45:00,2737.292005,2736.853315,2736.876077,-0.4386899999999514,-0.4159279999998944,-0.4273089999999229
2022-04-29 14:00:00,2737.292588,2736.850167,2736.876097,-0.44242099999974016,-0.4164909999999509,-0.4294559999998455
2022-04-29 14:30:00,2737.290839,2736.850824,2736.871745,-0.44001499999967564,-0.4190939999998591,-0.42955449999976736
2022-04-29 14:45:00,2737.291422,2736.85324,2736.873746,-0.43818199999986973,-0.41767599999957383,-0.4279289999997218
2022-04-29 15:00:00,2737.292588,2736.850907,2736.875764,-0.4416809999997895,-0.41682399999990594,-0.4292524999998477
2022-04-29 15:15:00,2737.292005,2736.852073,2736.877219,-0.4399319999997715,-0.4147859999998218,-0.42735899999979665
2022-04-29 15:30:00,2737.293951,2736.854353,2736.877416,-0.43959799999993265,-0.41653500000029453,-0.4280665000001136
2022-04-29 15:45:00,2737.294731,2736.855133,2736.879049,-0.43959799999993265,-0.41568199999983335,-0.427639999999883
2022-04-29 16:00:00,2737.292202,2736.85227,2736.874813,-0.43993200000022625,-0.41738900000018475,-0.4286605000002055
2022-04-29 16:15:00,2737.291429,2736.85457,2736.874893,-0.43685899999991307,-0.41653599999972357,-0.4266974999998183
2022-04-29 16:30:00,2737.294344,2736.856907,2736.875208,-0.4374370000000454,-0.4191359999999804,-0.4282865000000129
2022-04-29 16:45:00,2737.292398,2736.8528,2736.877613,-0.43959799999993265,-0.414784999999938,-0.42719149999993533
2022-04-29 17:00:00,2737.29745,2736.852604,2736.873962,-0.4448459999998704,-0.4234879999999066,-0.4341669999998885
2022-04-29 17:15:00,2737.296094,2736.852997,2736.877811,-0.4430969999998524,-0.418282999999974,-0.4306899999999132
2022-04-29 17:30:00,2737.294928,2736.851831,2736.876643,-0.4430969999998524,-0.41828499999974156,-0.430690999999797
2022-04-29 17:45:00,2737.296677,2736.84909,2736.875792,-0.44758699999965756,-0.4208849999999984,-0.434235999999828
2022-04-29 18:00:00,2737.295121,2736.854184,2736.876838,-0.44093700000030367,-0.418282999999974,-0.4296100000001388
2022-04-29 18:15:00,2737.29784,2736.852414,2736.87691,-0.44542600000022503,-0.42093000000022585,-0.43317800000022544
2022-04-29 19:00:00,2737.299006,2736.853647,2736.88068,-0.4453590000002805,-0.4183259999999791,-0.4318425000001298
2022-04-29 19:15:00,2737.298423,2736.853063,2736.877495,-0.4453600000001643,-0.4209280000000035,-0.4331440000000839
2022-04-29 19:30:00,2737.300366,2736.855334,2736.87972,-0.4450320000000829,-0.4206460000000334,-0.43283900000005815
2022-04-29 19:45:00,2737.29881,2736.853778,2736.878164,-0.44503199999962817,-0.42064599999957863,-0.4328389999996034
2022-04-29 20:15:00,2737.301335,2736.855215,2736.874588,-0.44612000000006446,-0.42674699999997756,-0.436433500000021
2022-04-29 20:30:00,2737.301532,2736.85201,2736.877387,-0.44952199999988807,-0.42414499999995314,-0.4368334999999206
2022-04-29 20:45:00,2737.302898,2736.853958,2736.881058,-0.44893999999976586,-0.4218399999999747,-0.43538999999987027
2022-04-29 21:00:00,2737.304254,2736.855313,2736.882415,-0.4489410000001044,-0.4218390000000909,-0.43539000000009764
2022-04-29 21:15:00,2737.303868,2736.852187,2736.884914,-0.45168100000000777,-0.4189539999997578,-0.4353174999998828
2022-04-29 21:30:00,2737.303678,2736.850099,2736.885576,-0.4535790000004454,-0.4181020000000899,-0.43584050000026764
2022-04-29 21:45:00,2737.304844,2736.854995,2736.883288,-0.4498489999996309,-0.4215559999997822,-0.43570249999970656
2022-04-29 22:00:00,2737.304844,2736.851496,2736.880685,-0.45334799999955067,-0.4241589999996904,-0.43875349999962054
2022-04-29 22:15:00,2737.303678,2736.851422,2736.884159,-0.45225600000003396,-0.4195190000000366,-0.4358875000000353
2022-04-29 22:30:00,2737.306787,2736.851032,2736.878565,-0.4557549999999537,-0.4282220000000052,-0.44198849999997947
2022-04-29 22:45:00,2737.302898,2736.850642,2736.877887,-0.45225600000003396,-0.42501099999981307,-0.4386334999999235
2022-04-29 23:00:00,2737.304261,2736.852005,2736.883556,-0.45225600000003396,-0.4207049999999981,-0.43648050000001604
2022-04-29 23:15:00,2737.304454,2736.852198,2736.883751,-0.45225600000003396,-0.42070300000023053,-0.43647950000013225
2022-04-29 23:30:00,2737.303675,2736.850429,2736.879515,-0.45324600000003556,-0.42416000000002896,-0.43870300000003226
2022-04-29 23:45:00,2737.307173,2736.85127,2736.881553,-0.4559030000000348,-0.4256199999999808,-0.4407615000000078
2022-04-30 00:00:00,2737.306007,2736.850104,2736.880385,-0.4559030000000348,-0.4256220000002031,-0.44076250000011896
2022-04-30 00:15:00,2737.305617,2736.852454,2736.881746,-0.45316300000013143,-0.4238709999999628,-0.4385170000000471
2022-04-30 00:30:00,2737.306977,2736.852889,2736.88656,-0.45408800000041083,-0.4204170000002705,-0.43725250000034066
2022-04-30 00:45:00,2737.30834,2736.853426,2736.882719,-0.454913999999917,-0.4256209999998646,-0.4402674999998908
2022-04-30 01:00:00,2737.307757,2736.851191,2736.88734,-0.4565659999998388,-0.42041699999981574,-0.4384914999998273
2022-04-30 01:15:00,2737.311255,2736.850201,2736.883884,-0.4610539999998764,-0.4273710000002211,-0.44421250000004875
2022-04-30 01:30:00,2737.310672,2736.852423,2736.885904,-0.4582490000002508,-0.42476799999985815,-0.4415085000000545
2022-04-30 01:45:00,2737.309506,2736.850268,2736.884737,-0.4592379999999139,-0.4247690000001967,-0.4420035000000553
2022-04-30 02:00:00,2737.309506,2736.848451,2736.886487,-0.46105500000021493,-0.42301899999984016,-0.44203700000002755
2022-04-30 02:15:00,2737.30834,2736.850024,2736.884467,-0.45831600000019534,-0.42387300000018513,-0.44109450000019024
2022-04-30 02:45:00,2737.310089,2736.848044,2736.88707,-0.46204500000021653,-0.42301899999984016,-0.44253200000002835
2022-04-30 03:00:00,2737.310672,2736.847786,2736.882449,-0.46288600000025326,-0.428222999999889,-0.44555450000007113
2022-04-30 03:45:00,2737.313198,2736.852211,2736.885827,-0.46098699999993187,-0.42737099999976635,-0.4441789999998491
2022-04-30 04:00:00,2737.310476,2736.848497,2736.885705,-0.4619790000001558,-0.42477099999996426,-0.44337500000006
2022-04-30 04:15:00,2737.313005,2736.852016,2736.883313,-0.4609890000001542,-0.42969200000015917,-0.4453405000001567
2022-04-30 04:30:00,2737.310866,2736.851626,2736.886095,-0.45923999999968146,-0.42477099999996426,-0.44200549999982286
2022-04-30 05:15:00,2737.310086,2736.850848,2736.889949,-0.4592379999999139,-0.42013700000006793,-0.4396874999999909
2022-04-30 05:30:00,2737.310669,2736.851431,2736.885328,-0.4592379999999139,-0.42534100000011676,-0.4422895000000153
2022-04-30 05:45:00,2737.311255,2736.851838,2736.887346,-0.4594170000000304,-0.42390900000009424,-0.4416630000000623
2022-04-30 06:00:00,2737.311255,2736.850185,2736.883893,-0.46107000000029075,-0.42736199999990276,-0.44421600000009676
2022-04-30 06:15:00,2737.310869,2736.850461,2736.883505,-0.4604079999999158,-0.4273640000001251,-0.44388600000002043
2022-04-30 06:30:00,2737.310096,2736.850858,2736.887367,-0.45923800000036863,-0.42272900000034497,-0.4409835000003568
2022-04-30 06:45:00,2737.311262,2736.849285,2736.886501,-0.4619770000003882,-0.4247610000002169,-0.44336900000030255
2022-04-30 07:00:00,2737.309513,2736.846544,2736.883001,-0.4629690000001574,-0.42651200000000244,-0.4447405000000799
2022-04-30 07:15:00,2737.307373,2736.847806,2736.885213,-0.45956699999987904,-0.42216000000007625,-0.44086349999997765
2022-04-30 07:30:00,2737.306594,2736.846364,2736.882113,-0.4602300000001378,-0.4244810000000143,-0.44235550000007606
2022-04-30 07:45:00,2737.306787,2736.84547,2736.876249,-0.4613169999997808,-0.4305380000000696,-0.4459274999999252
2022-04-30 08:00:00,2737.304258,2736.845779,2736.882423,-0.4584789999998975,-0.421835000000101,-0.44015699999999924
2022-04-30 08:30:00,2737.303092,2736.846362,2736.877802,-0.4567299999998795,-0.42529000000013184,-0.4410100000000057
2022-04-30 08:45:00,2737.305424,2736.845196,2736.88184,-0.4602279999999155,-0.423584000000119,-0.44190600000001723
2022-04-30 09:00:00,2737.300759,2736.84228,2736.880673,-0.45847900000035224,-0.420086000000083,-0.4392825000002176
2022-04-30 09:15:00,2737.300759,2736.83855,2736.875469,-0.4622090000002572,-0.42529000000013184,-0.44374950000019453
2022-04-30 09:30:00,2737.298426,2736.840705,2736.877488,-0.4577209999997649,-0.4209379999997509,-0.4393294999997579
2022-04-30 09:45:00,2737.299593,2736.838374,2736.876905,-0.4612190000002556,-0.4226880000001074,-0.4419535000001815
2022-04-30 10:00:00,2737.300176,2736.842686,2736.88009,-0.45749000000023443,-0.420086000000083,-0.4387880000001587
2022-04-30 10:15:00,2737.29901,2736.841192,2736.877174,-0.4578180000003158,-0.4218359999999848,-0.4398270000001503
2022-04-30 10:30:00,2737.298623,2736.842555,2736.876787,-0.4560679999999593,-0.4218359999999848,-0.43895199999997203
2022-04-30 10:45:00,2737.298236,2736.841506,2736.87815,-0.4567299999998795,-0.420086000000083,-0.43840799999998126
2022-04-30 11:30:00,2737.294928,2736.841696,2736.87834,-0.45323199999984354,-0.4165879999995923,-0.4349099999997179
2022-04-30 11:45:00,2737.298426,2736.845531,2736.881839,-0.4528949999998986,-0.4165869999997085,-0.43474099999980353
2022-04-30 12:00:00,2737.292012,2736.84502,2736.878923,-0.44699199999968187,-0.4130889999996725,-0.4300404999996772
2022-04-30 12:15:00,2737.292595,2736.847256,2736.878653,-0.44533899999987625,-0.41394199999967896,-0.4296404999997776
2022-04-30 12:30:00,2737.293761,2736.850173,2736.881526,-0.4435880000000907,-0.4122349999997823,-0.4279114999999365
2022-04-30 13:00:00,2737.294151,2736.844421,2736.881916,-0.4497300000002724,-0.41223500000023705,-0.43098250000025473
2022-04-30 13:15:00,2737.292015,2736.844182,2736.876042,-0.44783300000017334,-0.41597300000012183,-0.4319030000001476
2022-04-30 13:30:00,2737.290263,2736.847842,2736.880663,-0.44242099999974016,-0.4095999999999549,-0.4260104999998475
2022-04-30 13:45:00,2737.292012,2736.846012,2736.87806,-0.4459999999999127,-0.4139519999998811,-0.4299759999998969
2022-04-30 14:00:00,2737.292595,2736.850176,2736.879497,-0.4424189999999726,-0.41309799999999086,-0.4277584999999817
2022-04-30 14:30:00,2737.293178,2736.848168,2736.88008,-0.4450099999999111,-0.41309799999999086,-0.429053999999951
2022-04-30 14:45:00,2737.289486,2736.845235,2736.875536,-0.44425100000034945,-0.4139500000001135,-0.4291005000002315
2022-04-30 15:00:00,2737.295514,2736.852484,2736.878634,-0.4430299999999079,-0.41687999999976455,-0.4299549999998362
2022-04-30 15:15:00,2737.292015,2736.849417,2736.881237,-0.4425980000000891,-0.4107779999999366,-0.42668800000001283
2022-04-30 15:30:00,2737.29668,2736.848767,2736.879802,-0.44791299999997136,-0.416877999999997,-0.43239549999998417
2022-04-30 15:45:00,2737.293568,2736.850144,2736.884496,-0.44342400000005,-0.4090719999999237,-0.42624799999998686
2022-04-30 16:00:00,2737.293955,2736.852348,2736.881427,-0.4416070000002037,-0.4125280000002931,-0.4270675000002484
2022-04-30 16:15:00,2737.291819,2736.851961,2736.881894,-0.4398580000001857,-0.40992499999993015,-0.42489150000005793
2022-04-30 16:30:00,2737.293955,2736.851521,2736.882281,-0.4424340000000484,-0.41167399999994814,-0.42705399999999827
2022-04-30 16:45:00,2737.289683,2736.850748,2736.878053,-0.43893500000012864,-0.4116300000000592,-0.42528250000009393
2022-04-30 17:00:00,2737.291819,2736.851134,2736.87844,-0.4406850000000304,-0.4133790000000772,-0.4270320000000538
2022-04-30 17:15:00,2737.292592,2736.852897,2736.880066,-0.43969499999957407,-0.41252599999961603,-0.42611049999959505
2022-04-30 17:45:00,2737.294924,2736.849751,2736.879798,-0.44517299999961324,-0.4151259999998729,-0.43014949999974306
2022-04-30 18:30:00,2737.29648,2736.847726,2736.87842,-0.4487540000000081,-0.41805999999996857,-0.43340699999998833
2022-04-30 18:45:00,2737.295511,2736.848506,2736.8792,-0.4470049999999901,-0.4163109999999506,-0.43165799999997034
2022-04-30 19:00:00,2737.296094,2736.850079,2736.877181,-0.4460149999999885,-0.418912999999975,-0.43246399999998175
2022-04-30 19:30:00,2737.301342,2736.849745,2736.884136,-0.45159700000021985,-0.41720600000007835,-0.4344015000001491
2022-04-30 19:45:00,2737.301342,2736.848755,2736.881533,-0.45258700000022145,-0.41980899999998655,-0.436198000000104
2022-04-30 20:00:00,2737.302118,2736.842635,2736.88056,-0.4594830000000911,-0.42155800000000454,-0.44052050000004783
2022-04-30 20:15:00,2737.299396,2736.843412,2736.88044,-0.4559839999997166,-0.4189559999999801,-0.43746999999984837
2022-04-30 20:30:00,2737.302508,2736.846607,2736.88095,-0.45590100000026723,-0.42155800000000454,-0.4387295000001359
2022-04-30 20:45:00,2737.300759,2736.846607,2736.883553,-0.45415200000024925,-0.41720600000007835,-0.4356790000001638
2022-04-30 21:00:00,2737.303285,2736.846392,2736.885183,-0.4568930000000364,-0.4181020000000899,-0.43749750000006316
2022-04-30 21:15:00,2737.302505,2736.847593,2736.881235,-0.4549120000001494,-0.4212700000002769,-0.43809100000021317
2022-04-30 21:30:00,2737.304838,2736.845437,2736.88442,-0.4594010000000708,-0.4204180000001543,-0.43990950000011253
2022-04-30 21:45:00,2737.303868,2736.845555,2736.886053,-0.45831300000008923,-0.4178149999997913,-0.4380639999999403
2022-04-30 22:00:00,2737.302512,2736.846014,2736.884696,-0.4564980000000105,-0.41781600000012986,-0.4371570000000702
2022-04-30 22:15:00,2737.303678,2736.845365,2736.88501,-0.45831300000008923,-0.4186680000002525,-0.43849050000017087
2022-04-30 22:30:00,2737.304648,2736.847323,2736.885083,-0.4573249999998552,-0.4195649999996931,-0.43844499999977415
2022-04-30 22:45:00,2737.303088,2736.847185,2736.887023,-0.4559030000000348,-0.41606499999988955,-0.4359839999999622
2022-04-30 23:00:00,2737.303671,2736.843197,2736.887606,-0.4604739999999765,-0.4160650000003443,-0.4382695000001604
2022-04-30 23:15:00,2737.305227,2736.845742,2736.882208,-0.4594849999998587,-0.42301899999984016,-0.44125199999984943
2022-04-30 23:30:00,2737.306007,2736.843782,2736.88559,-0.4622250000002168,-0.4204170000002705,-0.44132100000024366
2022-05-01 00:00:00,2737.305424,2736.847772,2736.882118,-0.4576520000000528,-0.42330600000013874,-0.44047900000009577
2022-05-01 00:30:00,2737.306007,2736.848355,2736.882988,-0.4576520000000528,-0.4230190000002949,-0.44033550000017385
2022-05-01 01:00:00,2737.305231,2736.846403,2736.887981,-0.45882799999981216,-0.41724999999996726,-0.4380389999998897
2022-05-01 01:15:00,2737.306011,2736.844443,2736.886159,-0.4615680000001703,-0.4198519999999917,-0.440710000000081
2022-05-01 01:45:00,2737.305427,2736.844766,2736.888747,-0.46066099999961807,-0.41667999999981475,-0.4386704999997164
2022-05-01 02:00:00,2737.304065,2736.842413,2736.887384,-0.4616519999999582,-0.41668099999969854,-0.4391664999998284
2022-05-01 02:15:00,2737.305421,2736.841954,2736.88874,-0.46346700000003693,-0.4166810000001533,-0.4400740000000951
2022-05-01 02:30:00,2737.306587,2736.84411,2736.885554,-0.46247700000003533,-0.4210330000000795,-0.4417550000000574
2022-05-01 03:15:00,2737.305421,2736.842944,2736.883536,-0.46247700000003533,-0.4218850000002021,-0.44218100000011873
2022-05-01 03:30:00,2737.305417,2736.844109,2736.887304,-0.46130799999991723,-0.4181130000001758,-0.4397105000000465
2022-05-01 04:00:00,2737.30639,2736.845084,2736.883073,-0.46130600000014965,-0.42331700000022465,-0.44231150000018715
2022-05-01 04:15:00,2737.307753,2736.847109,2736.88789,-0.4606440000002294,-0.4198630000000776,-0.4402535000001535
2022-05-01 04:30:00,2737.30717,2736.841953,2736.884704,-0.4652169999999387,-0.4224659999999858,-0.44384149999996225
2022-05-01 04:45:00,2737.307757,2736.844289,2736.888473,-0.4634679999999207,-0.4192840000000615,-0.4413759999999911
2022-05-01 05:00:00,2737.306004,2736.844369,2736.885004,-0.4616350000001148,-0.42099999999982174,-0.4413174999999683
2022-05-01 05:45:00,2737.30717,2736.845536,2736.886171,-0.461634000000231,-0.42099899999993795,-0.4413165000000845
2022-05-01 06:00:00,2737.308336,2736.843961,2736.88819,-0.4643750000000182,-0.4201459999999315,-0.44226049999997485
2022-05-01 06:30:00,2737.308336,2736.84703,2736.886767,-0.46130600000014965,-0.42156900000009045,-0.44143750000012005
2022-05-01 06:45:00,2737.309503,2736.846447,2736.886184,-0.4630560000000514,-0.42331899999999223,-0.44318750000002183
2022-05-01 07:00:00,2737.307367,2736.842911,2736.88723,-0.4644559999997,-0.42013700000006793,-0.44229649999988396
2022-05-01 07:15:00,2737.306004,2736.844286,2736.885867,-0.46171800000001895,-0.42013700000006793,-0.44092750000004344
2022-05-01 07:30:00,2737.303868,2736.843967,2736.88373,-0.45990100000017264,-0.4201379999999517,-0.4400195000000622
2022-05-01 07:45:00,2737.301929,2736.842027,2736.881791,-0.45990200000005643,-0.42013800000040646,-0.44002000000023145
2022-05-01 08:00:00,2737.300759,2736.839288,2736.881789,-0.4614710000000741,-0.41897000000017215,-0.44022050000012314
2022-05-01 08:15:00,2737.300179,2736.838462,2736.878336,-0.4617169999996804,-0.42184299999962604,-0.44177999999965323
2022-05-01 08:30:00,2737.302512,2736.840795,2736.884122,-0.46171700000013516,-0.41839000000027227,-0.4400535000002037
2022-05-01 08:45:00,2737.301929,2736.840212,2736.880937,-0.46171700000013516,-0.4209920000002967,-0.4413545000002159
2022-05-01 09:00:00,2737.301145,2736.838521,2736.881324,-0.4626239999997779,-0.41982099999995626,-0.44122249999986707
2022-05-01 09:15:00,2737.300169,2736.842033,2736.877769,-0.45813600000019505,-0.42239999999992506,-0.44026800000006006
2022-05-01 09:30:00,2737.299783,2736.839897,2736.879108,-0.45988600000009683,-0.4206749999998465,-0.44028049999997165
2022-05-01 09:45:00,2737.300566,2736.84126,2736.882176,-0.4593059999997422,-0.4183899999998175,-0.43884799999977986
2022-05-01 10:00:00,2737.29842,2736.840285,2736.879191,-0.4581349999998565,-0.41922900000008667,-0.4386819999999716
2022-05-01 10:15:00,2737.296867,2736.844211,2736.881113,-0.45265599999993356,-0.4157540000001063,-0.43420500000001994
2022-05-01 10:30:00,2737.296677,2736.84303,2736.880923,-0.45364699999981895,-0.41575399999965157,-0.43470049999973526
2022-05-01 10:45:00,2737.294731,2736.838262,2736.879854,-0.45646899999974266,-0.4148770000001605,-0.43567299999995157
2022-05-01 11:00:00,2737.293172,2736.840202,2736.878621,-0.45297000000027765,-0.41455100000030143,-0.43376050000028954
2022-05-01 11:15:00,2737.291422,2736.838452,2736.881224,-0.4529699999998229,-0.41019799999958195,-0.43158399999970243
2022-05-01 11:30:00,2737.291036,2736.838067,2736.876202,-0.4529689999999391,-0.41483400000015536,-0.43390150000004724
2022-05-01 11:45:00,2737.291232,2736.843825,2736.879001,-0.447407000000112,-0.41223100000024715,-0.4298190000001796
2022-05-01 12:00:00,2737.289673,2736.844015,2736.882647,-0.44565800000009403,-0.4070260000003145,-0.4263420000002043
2022-05-01 12:15:00,2737.292005,2736.843756,2736.880627,-0.4482489999995778,-0.41137799999978597,-0.4298134999996819
2022-05-01 12:30:00,2737.292395,2736.846559,2736.880164,-0.445835999999872,-0.4122309999997924,-0.4290334999998322
2022-05-01 12:45:00,2737.289676,2736.848329,2736.878341,-0.44134699999995064,-0.41133499999978085,-0.42634099999986574
2022-05-01 13:00:00,2737.288317,2736.845897,2736.881899,-0.4424199999998564,-0.4064180000000306,-0.4244189999999435
2022-05-01 13:15:00,2737.292595,2736.843936,2736.880077,-0.4486589999996795,-0.412518000000091,-0.43058849999988524
2022-05-01 13:30:00,2737.292012,2736.842363,2736.876038,-0.4496489999996811,-0.4159740000000056,-0.43281149999984336
2022-05-01 13:45:00,2737.290263,2736.846094,2736.882096,-0.44416899999987436,-0.4081670000000486,-0.42616799999996147
2022-05-01 14:00:00,2737.287733,2736.845314,2736.878431,-0.4424189999999726,-0.40930200000002515,-0.42586049999999886
2022-05-01 14:15:00,2737.291036,2736.842967,2736.88344,-0.44806900000003225,-0.4075960000000123,-0.42783250000002226
2022-05-01 14:30:00,2737.291622,2736.84537,2736.882277,-0.44625200000018594,-0.40934500000003027,-0.4277985000001081
2022-05-01 14:45:00,2737.288516,2736.843357,2736.881228,-0.44515899999987596,-0.4072879999998804,-0.4262234999998782
2022-05-01 15:00:00,2737.290266,2736.846097,2736.883547,-0.44416899999987436,-0.40671900000006644,-0.4254439999999704
2022-05-01 15:15:00,2737.293182,2736.838865,2736.881215,-0.454316999999719,-0.4119670000000042,-0.4331419999998616
2022-05-01 15:30:00,2737.290649,2736.842401,2736.881021,-0.44824800000014875,-0.4096279999998842,-0.4289380000000165
2022-05-01 15:45:00,2737.294155,2736.843487,2736.881336,-0.45066799999995055,-0.41281900000012683,-0.4317435000000387
2022-05-01 16:00:00,2737.291236,2736.844661,2736.885084,-0.4465749999999389,-0.40615200000002005,-0.42636349999997947
2022-05-01 16:15:00,2737.291432,2736.845848,2736.882361,-0.4455840000000535,-0.40907100000003993,-0.4273275000000467
2022-05-01 16:30:00,2737.292405,2736.845072,2736.883334,-0.4473330000000715,-0.40907100000003993,-0.4282020000000557
2022-05-01 16:45:00,2737.291435,2736.844861,2736.884966,-0.4465740000000551,-0.4064690000000155,-0.4265215000000353
2022-05-01 17:00:00,2737.289686,2736.844676,2736.879762,-0.4450099999999111,-0.40992400000004636,-0.4274669999999787
2022-05-01 17:15:00,2737.295321,2736.846812,2736.881898,-0.44850899999983085,-0.4134229999999661,-0.4309659999998985
2022-05-01 17:30:00,2737.293178,2736.843679,2736.883825,-0.44949899999983245,-0.40935300000001007,-0.42942599999992126
2022-05-01 17:45:00,2737.292205,2736.843116,2736.880522,-0.4490890000001855,-0.4116830000002665,-0.430386000000226
2022-05-01 18:00:00,2737.292402,2736.843976,2736.881572,-0.4484259999999267,-0.41083000000026004,-0.4296280000000934
2022-05-01 18:15:00,2737.292592,2736.841343,2736.88091,-0.4512489999997342,-0.41168199999992794,-0.4314654999998311
2022-05-01 18:30:00,2737.291622,2736.83796,2736.879939,-0.4536620000003495,-0.4116830000002665,-0.432672500000308
2022-05-01 18:45:00,2737.290849,2736.839928,2736.880917,-0.4509210000001076,-0.40993200000002616,-0.4304265000000669
2022-05-01 19:00:00,2737.292015,2736.838353,2736.88639,-0.45366199999989476,-0.40562499999987267,-0.4296434999998837
2022-05-01 19:15:00,2737.296097,2736.840769,2736.886122,-0.4553280000000086,-0.4099750000000313,-0.43265150000001995
2022-05-01 19:30:00,2737.295514,2736.840185,2736.879763,-0.4553289999998924,-0.4157510000000002,-0.4355399999999463
2022-05-01 19:45:00,2737.292792,2736.842943,2736.879643,-0.44984900000008565,-0.4131489999999758,-0.4314990000000307
2022-05-01 20:00:00,2737.294348,2736.84143,2736.884382,-0.4529179999999542,-0.40996599999971295,-0.43144199999983357
2022-05-01 20:15:00,2737.294538,2736.84477,2736.87964,-0.4497679999999491,-0.41489799999999377,-0.43233299999997143
2022-05-01 20:30:00,2737.295511,2736.841178,2736.882329,-0.4543329999996786,-0.4131819999997788,-0.4337574999997287
2022-05-01 20:45:00,2737.296677,2736.84241,2736.882634,-0.45426699999961784,-0.414042999999765,-0.4341549999996914
2022-05-01 21:15:00,2737.296874,2736.845347,2736.882829,-0.4515270000001692,-0.41404499999998734,-0.4327860000000783
2022-05-01 21:30:00,2737.296684,2736.842417,2736.882639,-0.4542670000000726,-0.41404499999998734,-0.43415600000002996
2022-05-01 21:45:00,2737.29785,2736.843004,2736.881491,-0.4548460000000887,-0.4163589999998294,-0.43560249999995904
2022-05-01 22:00:00,2737.299209,2736.843372,2736.880248,-0.45583699999997407,-0.4189609999998538,-0.43739899999991394
2022-05-01 22:15:00,2737.296097,2736.83927,2736.884091,-0.45682699999997567,-0.4120060000000194,-0.43441649999999754
2022-05-01 22:30:00,2737.301152,2736.844557,2736.881295,-0.45659500000010667,-0.41985699999986537,-0.438225999999986
2022-05-01 22:45:00,2737.300376,2736.840049,2736.883121,-0.46032700000023397,-0.4172550000002957,-0.43879100000026483
2022-05-01 23:00:00,2737.301735,2736.843389,2736.88448,-0.45834599999989223,-0.41725499999984095,-0.4378004999998666
2022-05-01 23:15:00,2737.302125,2736.842789,2736.887472,-0.4593360000003486,-0.4146530000002713,-0.4369945000003099
2022-05-01 23:30:00,2737.301929,2736.843582,2736.882924,-0.45834700000023076,-0.41900500000019747,-0.4386760000002141
2022-05-01 23:45:00,2737.300179,2736.84467,2736.884674,-0.4555089999998927,-0.4155049999999392,-0.43550699999991593
2022-05-02 00:00:00,2737.300179,2736.841931,2736.887275,-0.4582479999999123,-0.41290399999979854,-0.4355759999998554
2022-05-02 00:15:00,2737.29882,2736.842321,2736.886769,-0.4564989999998943,-0.4120509999997921,-0.4342749999998432
2022-05-02 00:30:00,2737.301349,2736.846502,2736.884094,-0.45484699999997247,-0.41725499999984095,-0.4360509999999067
2022-05-02 00:45:00,2737.301932,2736.845336,2736.884677,-0.45659599999999045,-0.41725499999984095,-0.4369254999999157
2022-05-02 01:00:00,2737.29882,2736.842983,2736.88823,-0.45583699999997407,-0.4105899999999565,-0.4332134999999653
2022-05-02 01:15:00,2737.302508,2736.843751,2736.88842,-0.4587570000003325,-0.41408799999999246,-0.43642250000016247
2022-05-02 01:30:00,2737.302508,2736.846573,2736.889273,-0.45593500000040876,-0.4132350000004408,-0.43458500000042477
2022-05-02 01:45:00,2737.302508,2736.845584,2736.891023,-0.45692400000007183,-0.41148500000008426,-0.43420450000007804
2022-05-02 02:00:00,2737.302122,2736.841615,2736.882829,-0.46050700000023426,-0.4192929999999251,-0.43990000000007967
2022-05-02 02:15:00,2737.301152,2736.841733,2736.887064,-0.45941899999979796,-0.41408799999999246,-0.4367534999998952
2022-05-02 02:30:00,2737.300956,2736.841536,2736.886014,-0.4594200000001365,-0.4149419999998827,-0.4371810000000096
2022-05-02 02:45:00,2737.302515,2736.843096,2736.888427,-0.45941899999979796,-0.41408799999999246,-0.4367534999998952
2022-05-02 03:00:00,2737.301932,2736.839773,2736.886094,-0.46215899999970134,-0.41583799999989424,-0.4389984999997978
2022-05-02 03:15:00,2737.299599,2736.84193,2736.881203,-0.4576689999998962,-0.41839600000002974,-0.43803249999996297
2022-05-02 03:30:00,2737.299209,2736.84154,2736.88687,-0.4576689999998962,-0.4123389999999745,-0.43500399999993533
2022-05-02 03:45:00,2737.301539,2736.843869,2736.885745,-0.4576700000002347,-0.4157940000000053,-0.43673200000012
2022-05-02 04:00:00,2737.300759,2736.84309,2736.884965,-0.45766900000035093,-0.4157940000000053,-0.43673150000017813
2022-05-02 04:15:00,2737.304841,2736.843673,2736.885548,-0.4611680000002707,-0.4192929999999251,-0.4402305000000979
2022-05-02 04:30:00,2737.300759,2736.84035,2736.891021,-0.4604090000002543,-0.4097380000002886,-0.43507350000027145
2022-05-02 04:45:00,2737.303871,2736.840805,2736.88718,-0.46306600000025355,-0.41669099999990067,-0.4398785000000771
2022-05-02 05:00:00,2737.303098,2736.83937,2736.884657,-0.46372799999971903,-0.41844099999980244,-0.44108449999976074
2022-05-02 05:15:00,2737.299986,2736.843158,2736.88708,-0.45682799999985946,-0.41290600000002087,-0.43486699999994016
2022-05-02 05:30:00,2737.302122,2736.843545,2736.884865,-0.45857699999987744,-0.41725700000006327,-0.43791699999997036
2022-05-02 05:45:00,2737.305234,2736.845236,2736.88883,-0.45999799999981406,-0.41640400000005684,-0.43820099999993545
2022-05-02 06:00:00,2737.30737,2736.842883,2736.889216,-0.46448700000019016,-0.4181539999999586,-0.4413205000000744
2022-05-02 06:15:00,2737.306597,2736.839369,2736.886693,-0.46722799999997733,-0.4199039999998604,-0.44356599999991886
2022-05-02 06:30:00,2737.306597,2736.839288,2736.891898,-0.46730899999965914,-0.41469899999992776,-0.44100399999979345
2022-05-02 06:45:00,2737.30679,2736.841313,2736.886033,-0.46547700000019177,-0.4207569999998668,-0.4431170000000293
2022-05-02 07:00:00,2737.303095,2736.837617,2736.887543,-0.46547800000007555,-0.41555200000038894,-0.44051500000023225
2022-05-02 07:15:00,2737.302512,2736.837034,2736.883504,-0.46547800000007555,-0.4190080000003036,-0.44224300000018957
2022-05-02 07:30:00,2737.306004,2736.840209,2736.887869,-0.465795000000071,-0.4181349999998929,-0.44196499999998196
2022-05-02 07:45:00,2737.304254,2736.840543,2736.885266,-0.4637110000003304,-0.4189880000003541,-0.44134950000034223
2022-05-02 08:00:00,2737.301339,2736.840032,2736.889304,-0.46130700000003344,-0.41203500000028725,-0.43667100000016035
2022-05-02 08:15:00,2737.303865,2736.843883,2736.883127,-0.45998199999985445,-0.4207379999998011,-0.4403599999998278
2022-05-02 08:30:00,2737.303281,2736.84056,2736.885998,-0.46272099999987404,-0.41728299999977025,-0.44000199999982215
2022-05-02 08:45:00,2737.303478,2736.841582,2736.885343,-0.4618959999997969,-0.4181349999998929,-0.4400154999998449
2022-05-02 09:00:00,2737.301335,2736.841123,2736.891332,-0.4602119999999559,-0.4100029999999606,-0.43510749999995824
2022-05-02 09:15:00,2737.302115,2736.837412,2736.885158,-0.46470300000009956,-0.4169569999999112,-0.4408300000000054
2022-05-02 09:30:00,2737.300759,2736.836123,2736.887256,-0.46463600000015504,-0.4135030000002189,-0.43906950000018696
2022-05-02 09:45:00,2737.29726,2736.835953,2736.882905,-0.46130700000003344,-0.4143549999998868,-0.4378309999999601
2022-05-02 10:00:00,2737.300369,2736.838474,2736.886013,-0.4618949999999131,-0.4143560000002253,-0.4381255000000692
2022-05-02 10:15:00,2737.299589,2736.837694,2736.887836,-0.4618950000003679,-0.4117530000003171,-0.4368240000003425
2022-05-02 10:30:00,2737.299589,2736.835609,2736.882632,-0.4639799999999923,-0.41695700000036595,-0.4404685000001791
2022-05-02 10:45:00,2737.297257,2736.837767,2736.887253,-0.45949000000018714,-0.41000400000029913,-0.43474700000024313
2022-05-02 11:00:00,2737.293951,2736.837304,2736.879639,-0.4566469999999754,-0.41431199999988166,-0.4354794999999285
2022-05-02 11:15:00,2737.292588,2736.837111,2736.88523,-0.4554769999999735,-0.40735799999993105,-0.43141749999995227
2022-05-02 11:30:00,2737.290646,2736.835748,2736.886743,-0.4548979999999574,-0.4039029999999002,-0.4294004999999288
2022-05-02 11:45:00,2737.290842,2736.834953,2736.886086,-0.4558889999998428,-0.40475599999990663,-0.4303224999998747
2022-05-02 12:00:00,2737.292202,2736.839382,2736.883991,-0.45281999999997424,-0.4082109999999375,-0.43051549999995586
2022-05-02 12:15:00,2737.293172,2736.840434,2736.883498,-0.4527379999999539,-0.40967399999999543,-0.43120599999997467
2022-05-02 13:00:00,2737.293172,2736.841096,2736.885248,-0.4520760000000337,-0.40792400000009366,-0.43000000000006366
2022-05-02 13:30:00,2737.293758,2736.843252,2736.882915,-0.45050599999967744,-0.4108429999996588,-0.4306744999996681
2022-05-02 13:45:00,2737.292395,2736.84131,2736.882722,-0.4510850000001483,-0.40967300000011164,-0.43037900000012996
2022-05-02 14:00:00,2737.293951,2736.840126,2736.886881,-0.45382500000005166,-0.40707000000020344,-0.43044750000012755
2022-05-02 14:15:00,2737.290839,2736.841504,2736.882917,-0.44933499999979176,-0.40792199999987133,-0.42862849999983155
2022-05-02 14:30:00,2737.291812,2736.843467,2736.884742,-0.44834499999979016,-0.4070699999997487,-0.4277074999997694
2022-05-02 14:45:00,2737.292202,2736.843857,2736.885132,-0.4483450000002449,-0.40707000000020344,-0.4277075000002242
2022-05-02 15:00:00,2737.293172,2736.846474,2736.884352,-0.44669800000019677,-0.4088200000001052,-0.427759000000151
2022-05-02 15:15:00,2737.292588,2736.844244,2736.883482,-0.4483439999999064,-0.4091059999996105,-0.42872499999975844
2022-05-02 15:30:00,2737.292005,2736.84465,2736.882334,-0.44735499999978856,-0.4096709999998893,-0.42851299999983894
2022-05-02 15:45:00,2737.294341,2736.845817,2736.884065,-0.44852399999990666,-0.4102759999996124,-0.42939999999975953
2022-05-02 16:00:00,2737.290063,2736.844124,2736.884455,-0.44593899999972564,-0.4056080000000293,-0.42577349999987746
2022-05-02 16:15:00,2737.291622,2736.844514,2736.885699,-0.4471080000002985,-0.40592300000025716,-0.4265155000002778
2022-05-02 16:30:00,2737.290842,2736.840338,2736.884919,-0.45050399999990987,-0.4059229999998024,-0.42821349999985614
2022-05-02 16:45:00,2737.287923,2736.843733,2736.883169,-0.44418999999970765,-0.4047539999996843,-0.424471999999696
2022-05-02 17:00:00,2737.289673,2736.843077,2736.882316,-0.4465960000002269,-0.40735700000004726,-0.4269765000001371
2022-05-02 17:30:00,2737.292588,2736.842494,2736.884336,-0.45009399999980815,-0.4082519999997203,-0.4291729999997642
2022-05-02 17:45:00,2737.294921,2736.843076,2736.88317,-0.45184500000004846,-0.4117510000000948,-0.4317980000000716
2022-05-02 18:00:00,2737.293755,2736.843661,2736.888081,-0.4500940000002629,-0.40567400000009,-0.42788400000017646
2022-05-02 18:45:00,2737.295504,2736.84191,2736.886356,-0.45359400000006644,-0.4091480000001866,-0.4313710000001265
2022-05-02 19:00:00,2737.296087,2736.842493,2736.888664,-0.45359400000006644,-0.407423000000108,-0.4305085000000872
2022-05-02 19:30:00,2737.296867,2736.844264,2736.88597,-0.45260300000018105,-0.41089700000020457,-0.4317500000001928
2022-05-02 19:45:00,2737.295897,2736.844463,2736.885872,-0.45143400000006295,-0.4100250000001324,-0.4307295000000977
2022-05-02 20:00:00,2737.296284,2736.84112,2736.883657,-0.4551639999999679,-0.41262700000015684,-0.4338955000000624
2022-05-02 20:15:00,2737.299596,2736.845243,2736.884337,-0.4543529999996281,-0.41525899999987814,-0.4348059999997531
2022-05-02 20:30:00,2737.300179,2736.843086,2736.884069,-0.4570929999999862,-0.41610999999966225,-0.4366014999998242
2022-05-02 21:00:00,2737.304065,2736.845883,2736.887058,-0.45818199999985154,-0.41700700000001234,-0.43759449999993194
2022-05-02 21:15:00,2737.303088,2736.843918,2736.88726,-0.45917000000008557,-0.41582800000014686,-0.4374990000001162
2022-05-02 21:30:00,2737.304451,2736.844619,2736.886874,-0.4598320000000058,-0.41757700000016484,-0.4387045000000853
2022-05-02 21:45:00,2737.303095,2736.843263,2736.887267,-0.4598320000000058,-0.41582800000014686,-0.4378300000000763
2022-05-02 22:00:00,2737.302705,2736.841949,2736.885127,-0.46075599999994665,-0.41757800000004863,-0.43916699999999764
2022-05-02 22:15:00,2737.299593,2736.843324,2736.883764,-0.4562690000002476,-0.41582900000003065,-0.43604900000013913
2022-05-02 22:30:00,2737.29901,2736.842741,2736.884931,-0.4562690000002476,-0.41407900000012887,-0.43517400000018824
2022-05-02 22:45:00,2737.302315,2736.840732,2736.88734,-0.46158299999979135,-0.4149749999996857,-0.4382789999997385
2022-05-02 23:00:00,2737.302122,2736.836808,2736.885397,-0.46531400000003487,-0.4167250000000422,-0.44101950000003853
2022-05-02 23:15:00,2737.301149,2736.838574,2736.886173,-0.4625750000000153,-0.4149760000000242,-0.43877550000001975
2022-05-02 23:30:00,2737.301929,2736.839355,2736.886953,-0.4625740000001315,-0.4149760000000242,-0.43877500000007785
2022-05-02 23:45:00,2737.301539,2736.835235,2736.883961,-0.46630400000003647,-0.41757800000004863,-0.44194100000004255
2022-05-03 00:00:00,2737.301732,2736.837507,2736.886757,-0.4642249999997148,-0.4149749999996857,-0.43959999999970023
2022-05-03 00:15:00,2737.301345,2736.839531,2736.88869,-0.46181399999977657,-0.4126549999996314,-0.437234499999704
2022-05-03 00:30:00,2737.302705,2736.841121,2736.890901,-0.4615840000001299,-0.4118039999998473,-0.4366939999999886
2022-05-03 01:00:00,2737.301929,2736.839354,2736.8861,-0.4625750000000153,-0.41582900000003065,-0.43920200000002296
2022-05-03 01:45:00,2737.300956,2736.834978,2736.888581,-0.4659780000001774,-0.4123749999998836,-0.4391765000000305
2022-05-03 02:00:00,2737.303092,2736.832625,2736.883764,-0.4704670000000988,-0.4193279999999504,-0.4448975000000246
2022-05-03 02:15:00,2737.300566,2736.836338,2736.887338,-0.4642279999998209,-0.41322799999989,-0.43872799999985546
2022-05-03 02:30:00,2737.300176,2736.83405,2736.889541,-0.4661260000002585,-0.41063500000018394,-0.4383805000002212
2022-05-03 02:45:00,2737.300762,2736.836208,2736.886355,-0.46455399999967995,-0.4144069999997555,-0.4394804999997177
2022-05-03 03:00:00,2737.304261,2736.835217,2736.890708,-0.4690440000003946,-0.41355300000032,-0.4412985000003573
2022-05-03 03:15:00,2737.301929,2736.835543,2736.88667,-0.4663860000000568,-0.4152590000003329,-0.44082250000019485
2022-05-03 03:45:00,2737.299596,2736.837781,2736.883484,-0.46181499999966036,-0.4161119999998846,-0.43896349999977247
2022-05-03 04:00:00,2737.301345,2736.837118,2736.888118,-0.4642269999999371,-0.41322700000000623,-0.43872699999997167
2022-05-03 04:15:00,2737.300762,2736.838286,2736.884933,-0.4624759999996968,-0.41582900000003065,-0.4391524999998637
2022-05-03 04:30:00,2737.303288,2736.836323,2736.888311,-0.4669650000000729,-0.414976999999908,-0.44097099999999045
2022-05-03 04:45:00,2737.301925,2736.838525,2736.888698,-0.4634000000000924,-0.41322700000000623,-0.4383135000000493
2022-05-03 05:00:00,2737.302508,2736.832802,2736.885498,-0.4697060000003148,-0.41701000000011845,-0.44335800000021663
2022-05-03 05:15:00,2737.301732,2736.837505,2736.88387,-0.4642269999999371,-0.41786199999978635,-0.4410444999998617
2022-05-03 05:30:00,2737.304454,2736.838478,2736.884273,-0.4659759999999551,-0.42018099999995684,-0.44307849999995597
2022-05-03 05:45:00,2737.303481,2736.834765,2736.888504,-0.46871599999985847,-0.414976999999908,-0.44184649999988324
2022-05-03 06:00:00,2737.303678,2736.833972,2736.885246,-0.4697060000003148,-0.4184320000003936,-0.4440690000003542
2022-05-03 06:15:00,2737.302705,2736.832999,2736.889477,-0.46970599999986007,-0.41322799999989,-0.44146699999987504
2022-05-03 06:30:00,2737.300759,2736.836533,2736.884076,-0.4642260000000533,-0.4166830000003756,-0.44045450000021447
2022-05-03 06:45:00,2737.300176,2736.832219,2736.886096,-0.46795700000029683,-0.41408000000001266,-0.44101850000015475
2022-05-03 07:00:00,2737.301342,2736.834376,2736.887216,-0.46696600000041144,-0.4141260000001239,-0.44054600000026767
2022-05-03 07:15:00,2737.300759,2736.833793,2736.888384,-0.46696600000041144,-0.41237500000033833,-0.4396705000003749
2022-05-03 08:00:00,2737.300176,2736.83595,2736.883493,-0.4642260000000533,-0.4166830000003756,-0.44045450000021447
2022-05-03 08:15:00,2737.29687,2736.831654,2736.887139,-0.4652160000000549,-0.4097310000001926,-0.43747350000012375
2022-05-03 08:30:00,2737.297064,2736.831847,2736.882981,-0.4652169999999387,-0.414082999999664,-0.43964999999980137
2022-05-03 08:45:00,2737.298426,2736.83321,2736.886946,-0.4652160000000549,-0.4114799999997558,-0.43834799999990537
2022-05-03 09:00:00,2737.296094,2736.834115,2736.883761,-0.46197899999970105,-0.41233299999976225,-0.43715599999973165
2022-05-03 09:15:00,2737.29726,2736.834456,2736.887529,-0.46280399999977817,-0.40973099999973783,-0.436267499999758
2022-05-03 09:30:00,2737.295511,2736.831716,2736.882325,-0.46379499999966356,-0.4131859999997687,-0.4384904999997161
2022-05-03 10:00:00,2737.295511,2736.832706,2736.883178,-0.46280499999966196,-0.41233299999976225,-0.4375689999997121
2022-05-03 10:15:00,2737.293761,2736.834785,2736.884927,-0.45897599999989325,-0.4088339999998425,-0.43390499999986787
2022-05-03 10:45:00,2737.295901,2736.833014,2736.882714,-0.46288700000013705,-0.4131870000001072,-0.43803700000012213
2022-05-03 11:00:00,2737.291622,2736.830748,2736.885707,-0.46087400000033085,-0.40591500000027736,-0.4333945000003041
2022-05-03 11:15:00,2737.289096,2736.83603,2736.883478,-0.4530660000000353,-0.40561799999977666,-0.42934199999990597
2022-05-03 11:45:00,2737.290263,2736.830876,2736.882893,-0.45938699999987875,-0.40736999999990076,-0.43337849999988975
2022-05-03 12:15:00,2737.287737,2736.830099,2736.883866,-0.4576380000003155,-0.403870999999981,-0.43075450000014825
2022-05-03 12:30:00,2737.289683,2736.833036,2736.880608,-0.4566469999999754,-0.40907500000002983,-0.4328610000000026
2022-05-03 12:45:00,2737.288903,2736.833827,2736.881558,-0.4550760000001901,-0.40734500000007756,-0.43121050000013383
2022-05-03 13:00:00,2737.291425,2736.8346,2736.884646,-0.45682499999975335,-0.40677899999991496,-0.43180199999983415
2022-05-03 13:15:00,2737.290646,2736.837394,2736.887639,-0.45325199999979304,-0.40300699999988865,-0.42812949999984085
2022-05-03 13:30:00,2737.291425,2736.838175,2736.885816,-0.45325000000002547,-0.40560899999991307,-0.42942949999996927
2022-05-03 14:00:00,2737.291815,2736.838729,2736.885028,-0.4530859999999848,-0.40678699999989476,-0.42993649999993977
2022-05-03 14:15:00,2737.292595,2736.835698,2736.884955,-0.4568970000000263,-0.4076399999999012,-0.43226849999996375
2022-05-03 14:30:00,2737.293761,2736.836104,2736.887826,-0.4576569999999265,-0.4059349999997721,-0.4317959999998493
2022-05-03 14:45:00,2737.2889,2736.834741,2736.881829,-0.4541589999998905,-0.4070710000000872,-0.43061499999998887
2022-05-03 15:00:00,2737.290839,2736.835593,2736.882019,-0.45524599999998827,-0.40881999999965046,-0.43203299999981937
2022-05-03 15:15:00,2737.288896,2736.835318,2736.881827,-0.45357800000010684,-0.4070689999998649,-0.43032349999998587
2022-05-03 15:30:00,2737.288906,2736.834738,2736.882709,-0.45416800000020885,-0.4061970000002475,-0.4301825000002282
2022-05-03 15:45:00,2737.290846,2736.83793,2736.886943,-0.45291599999973187,-0.4039029999999002,-0.42840949999981603
2022-05-03 16:00:00,2737.291435,2736.837104,2736.884342,-0.454330999999911,-0.40709300000025905,-0.430712000000085
2022-05-03 16:15:00,2737.291822,2736.84023,2736.885298,-0.45159200000034616,-0.40652399999999034,-0.42905800000016825
2022-05-03 16:30:00,2737.289293,2736.833785,2736.882779,-0.4555080000000089,-0.4065139999997882,-0.43101099999989856
2022-05-03 16:45:00,2737.290073,2736.837387,2736.886152,-0.4526860000000852,-0.40392100000008213,-0.42830350000008366
2022-05-03 17:00:00,2737.291819,2736.836311,2736.883556,-0.4555080000000089,-0.4082629999998062,-0.43188549999990755
2022-05-03 17:15:00,2737.291432,2736.841076,2736.889841,-0.4503559999998288,-0.4015909999998257,-0.42597349999982725
2022-05-03 17:30:00,2737.290849,2736.835342,2736.887508,-0.4555070000001251,-0.40334100000018225,-0.4294240000001537
2022-05-03 17:45:00,2737.291432,2736.835925,2736.883739,-0.4555070000001251,-0.40769300000010844,-0.4316000000001168
2022-05-03 18:15:00,2737.291042,2736.836525,2736.885099,-0.45451699999966877,-0.4059429999997519,-0.43022999999971034
2022-05-03 18:30:00,2737.292402,2736.835145,2736.882108,-0.4572570000000269,-0.41029400000024907,-0.433775500000138
2022-05-03 18:45:00,2737.291042,2736.835535,2736.884529,-0.45550699999967037,-0.4065129999999044,-0.4310099999997874
2022-05-03 19:00:00,2737.293178,2736.834172,2736.885769,-0.4590060000000449,-0.407408999999916,-0.4332074999999804
2022-05-03 19:15:00,2737.293761,2736.834755,2736.882001,-0.4590060000000449,-0.4117599999999584,-0.43538300000000163
2022-05-03 19:30:00,2737.294151,2736.837557,2736.885029,-0.4565940000002229,-0.40912200000002485,-0.43285800000012387
2022-05-03 19:45:00,2737.293958,2736.833961,2736.884834,-0.459997000000385,-0.4091240000002472,-0.4345605000003161
2022-05-03 20:00:00,2737.295511,2736.83593,2736.885491,-0.4595809999996163,-0.410019999999804,-0.43480049999971015
2022-05-03 20:15:00,2737.294928,2736.834357,2736.883485,-0.4605709999996179,-0.4114429999999629,-0.4360069999997904
2022-05-03 20:30:00,2737.294541,2736.834626,2736.881918,-0.45991500000036467,-0.41262300000016694,-0.4362690000002658
2022-05-03 20:45:00,2737.294544,2736.833214,2736.884806,-0.4613299999996343,-0.40973799999983385,-0.4355339999997341
2022-05-03 21:00:00,2737.295707,2736.830712,2736.88422,-0.46499500000027183,-0.4114870000003066,-0.4382410000002892
2022-05-03 21:15:00,2737.294344,2736.83209,2736.882292,-0.4622540000000299,-0.41205200000013065,-0.4371530000000803
2022-05-03 21:30:00,2737.295504,2736.832269,2736.886644,-0.46323500000016793,-0.4088600000000042,-0.4360475000000861
2022-05-03 21:45:00,2737.295701,2736.838786,2736.891192,-0.45691500000020824,-0.4045089999999618,-0.430712000000085
2022-05-03 22:00:00,2737.297647,2736.836243,2736.884435,-0.46140399999967485,-0.4132119999999304,-0.43730799999980263
2022-05-03 22:15:00,2737.297253,2736.839677,2736.888394,-0.4575760000002447,-0.40885900000012043,-0.43321750000018255
2022-05-03 22:30:00,2737.299199,2736.838124,2736.888591,-0.46107500000016444,-0.4106080000001384,-0.4358415000001514
2022-05-03 23:00:00,2737.299586,2736.836679,2736.887228,-0.46290700000008655,-0.4123580000000402,-0.4376325000000634
2022-05-03 23:15:00,2737.299586,2736.833938,2736.884625,-0.4656479999998737,-0.4149609999999484,-0.44030449999991106
2022-05-03 23:30:00,2737.296087,2736.83219,2736.885478,-0.46389700000008816,-0.4106090000000222,-0.4372530000000552
2022-05-03 23:45:00,2737.299783,2736.831395,2736.884821,-0.4683879999997771,-0.4149619999998322,-0.44167499999980464
2022-05-04 00:00:00,2737.29823,2736.832352,2736.887051,-0.46587799999997515,-0.41117899999971996,-0.43852849999984755
2022-05-04 00:15:00,2737.299586,2736.83653,2736.885806,-0.4630560000000514,-0.41378000000031534,-0.4384180000001834
2022-05-04 00:30:00,2737.300752,2736.833125,2736.890997,-0.46762699999999313,-0.409755000000132,-0.43869100000006256
2022-05-04 00:45:00,2737.299586,2736.832948,2736.887226,-0.4666379999998753,-0.4123600000002625,-0.4394990000000689
2022-05-04 01:00:00,2737.304641,2736.832755,2736.889636,-0.4718860000002678,-0.41500500000029206,-0.44344550000027994
2022-05-04 01:15:00,2737.304838,2736.831962,2736.891012,-0.47287599999981467,-0.4138259999999718,-0.44335099999989325
2022-05-04 01:45:00,2737.302308,2736.828442,2736.887631,-0.47386599999981627,-0.41467699999975594,-0.4442714999997861
2022-05-04 03:15:00,2737.305421,2736.833207,2736.888994,-0.47221399999989444,-0.41642700000011246,-0.44432050000000345
2022-05-04 03:30:00,2737.306587,2736.832624,2736.888127,-0.4739629999999124,-0.41845999999986816,-0.4462114999998903
2022-05-04 03:45:00,2737.304838,2736.831633,2736.892762,-0.4732050000002346,-0.41207600000007005,-0.4426405000001523
2022-05-04 04:00:00,2737.305421,2736.831374,2736.88814,-0.4740470000001551,-0.4172810000000027,-0.4456640000000789
2022-05-04 04:15:00,2737.306587,2736.834372,2736.892479,-0.472215000000233,-0.41410799999994197,-0.44316150000008747
2022-05-04 04:30:00,2737.308726,2736.831941,2736.891119,-0.4767850000002909,-0.4176070000003165,-0.4471960000003037
2022-05-04 04:45:00,2737.306007,2736.831961,2736.889297,-0.4740460000002713,-0.4167099999999664,-0.44537800000011885
2022-05-04 05:00:00,2737.305624,2736.828248,2736.886619,-0.4773760000002767,-0.41900500000019747,-0.4481905000002371
2022-05-04 05:15:00,2737.305811,2736.827275,2736.887349,-0.47853600000007646,-0.4184620000000905,-0.44849900000008347
2022-05-04 06:15:00,2737.309116,2736.830581,2736.891508,-0.4785349999997379,-0.4176079999997455,-0.4480714999997417
2022-05-04 06:30:00,2737.308336,2736.831551,2736.889305,-0.47678499999983615,-0.41903099999990445,-0.4479079999998703
2022-05-04 06:45:00,2737.311252,2736.830969,2736.891325,-0.4802829999998721,-0.419926999999916,-0.45010499999989406
2022-05-04 07:00:00,2737.309503,2736.829218,2736.886119,-0.48028500000009444,-0.4233840000001692,-0.4518345000001318
2022-05-04 07:15:00,2737.306197,2736.828503,2736.886314,-0.4776939999997012,-0.4198830000000271,-0.44878849999986414
2022-05-04 07:30:00,2737.306584,2736.831958,2736.887552,-0.47462599999971644,-0.41903199999978824,-0.44682899999975234
2022-05-04 07:45:00,2737.304251,2736.831376,2736.889572,-0.4728749999999309,-0.41467899999997826,-0.44377699999995457
2022-05-04 08:00:00,2737.304058,2736.831181,2736.889377,-0.4728770000001532,-0.4146810000002006,-0.4437790000001769
2022-05-04 08:15:00,2737.302318,2736.831264,2736.889368,-0.4710540000000947,-0.4129499999999098,-0.4420020000000022
2022-05-04 08:30:00,2737.304644,2736.828268,2736.886464,-0.4763759999996182,-0.4181799999996656,-0.4472779999996419
2022-05-04 08:45:00,2737.301532,2736.824925,2736.8886,-0.4766070000000582,-0.41293199999972785,-0.444769499999893
2022-05-04 09:00:00,2737.298426,2736.823569,2736.884642,-0.47485699999970166,-0.4137839999998505,-0.4443204999997761
2022-05-04 09:15:00,2737.29901,2736.825143,2736.887827,-0.4738670000001548,-0.4111830000001646,-0.4425250000001597
2022-05-04 09:30:00,2737.302508,2736.826893,2736.885225,-0.475615000000289,-0.417283000000225,-0.446449000000257
2022-05-04 09:45:00,2737.301342,2736.827476,2736.889263,-0.473866000000271,-0.41207900000017617,-0.4429725000002236
2022-05-04 10:00:00,2737.300759,2736.825903,2736.888397,-0.4748560000002726,-0.4123620000000301,-0.44360900000015135
2022-05-04 10:30:00,2737.29901,2736.824302,2736.884044,-0.47470800000019153,-0.41496600000027684,-0.4448370000002342
2022-05-04 11:00:00,2737.29862,2736.825745,2736.882231,-0.4728749999999309,-0.416388999999981,-0.44463199999995595
2022-05-04 11:15:00,2737.292009,2736.822549,2736.883471,-0.46945999999979904,-0.4085379999996803,-0.4389989999997397
2022-05-04 11:30:00,2737.293565,2736.826927,2736.88588,-0.4666379999998753,-0.40768500000012864,-0.437161500000002
2022-05-04 11:45:00,2737.293178,2736.82456,2736.882891,-0.4686179999998785,-0.4102869999996983,-0.4394524999997884
2022-05-04 12:00:00,2737.295511,2736.829715,2736.886077,-0.4657959999999548,-0.4094339999996919,-0.43761499999982334
2022-05-04 12:30:00,2737.294344,2736.828468,2736.884057,-0.4658759999997528,-0.4102869999996983,-0.43808149999972557
2022-05-04 13:00:00,2737.293371,2736.828485,2736.881334,-0.46488600000020597,-0.41203700000005483,-0.4384615000001304
2022-05-04 13:15:00,2737.294341,2736.829454,2736.882304,-0.464886999999635,-0.4120369999996001,-0.43846199999961755
2022-05-04 13:45:00,2737.295507,2736.832454,2736.888675,-0.4630529999999453,-0.40683199999966746,-0.4349424999998064
2022-05-04 14:00:00,2737.299006,2736.837009,2736.888105,-0.4619970000003377,-0.41090100000019447,-0.4364490000002661
2022-05-04 14:15:00,2737.294924,2736.832205,2736.887195,-0.4627189999996517,-0.40772900000001755,-0.43522399999983463
2022-05-04 14:30:00,2737.296091,2736.829538,2736.884337,-0.4665530000002036,-0.4117540000002009,-0.43915350000020226
2022-05-04 14:45:00,2737.294341,2736.831286,2736.881734,-0.4630549999997129,-0.4126069999997526,-0.43783099999973274
2022-05-04 15:00:00,2737.295507,2736.830704,2736.883754,-0.4648029999998471,-0.41175299999986237,-0.43827799999985473
2022-05-04 15:15:00,2737.291815,2736.82777,2736.886162,-0.46404500000016924,-0.4056530000002567,-0.434849000000213
2022-05-04 15:30:00,2737.293371,2736.831308,2736.883084,-0.46206300000039846,-0.41028700000015306,-0.43617500000027576
2022-05-04 15:45:00,2737.295507,2736.83526,2736.885504,-0.4602469999999812,-0.4100029999999606,-0.4351249999999709
2022-05-04 16:00:00,2737.292592,2736.832278,2736.882588,-0.4603139999999257,-0.4100039999998444,-0.43515899999988505
2022-05-04 16:15:00,2737.294924,2736.832861,2736.888945,-0.4620629999999437,-0.405978999999661,-0.43402099999980237
2022-05-04 16:30:00,2737.291425,2736.834677,2736.883171,-0.45674800000006144,-0.4082539999999426,-0.432501000000002
2022-05-04 17:00:00,2737.296091,2736.829872,2736.88694,-0.46621900000036476,-0.4091510000002927,-0.43768500000032873
2022-05-04 17:30:00,2737.299783,2736.831881,2736.881928,-0.46790199999986726,-0.4178550000001451,-0.44287850000000617
2022-05-04 17:45:00,2737.29842,2736.832268,2736.885206,-0.4661519999999655,-0.41321400000015274,-0.4396830000000591
2022-05-04 18:00:00,2737.299393,2736.829674,2736.884994,-0.46971899999971356,-0.4143989999997757,-0.44205899999974463
2022-05-04 18:15:00,2737.299199,2736.829148,2736.886551,-0.4700510000002396,-0.41264799999999013,-0.44134950000011486
2022-05-04 18:30:00,2737.300559,2736.831498,2736.883558,-0.46906099999978323,-0.4170009999998001,-0.4430309999997917
2022-05-04 18:45:00,2737.301532,2736.831547,2736.888859,-0.46998500000017884,-0.41267299999981333,-0.4413289999999961
2022-05-04 19:00:00,2737.301919,2736.831278,2736.884328,-0.47064099999988684,-0.4175909999999021,-0.4441159999998945
2022-05-04 19:15:00,2737.302502,2736.82912,2736.887514,-0.47338200000012876,-0.4149879999999939,-0.44418500000006134
2022-05-04 19:30:00,2737.303668,2736.828537,2736.886931,-0.47513100000014674,-0.4167370000000119,-0.4459340000000793
2022-05-04 19:45:00,2737.303671,2736.83011,2736.890116,-0.47356100000024526,-0.4135550000000876,-0.44355800000016643
2022-05-04 20:00:00,2737.304451,2736.8299,2736.885693,-0.4745509999997921,-0.4187579999997979,-0.446654499999795
2022-05-04 20:15:00,2737.306594,2736.829384,2736.888688,-0.4772100000000137,-0.41790600000013,-0.44755800000007184
2022-05-04 20:30:00,2737.305427,2736.829307,2736.892156,-0.4761199999998098,-0.41327099999989514,-0.4446954999998525
2022-05-04 20:45:00,2737.306204,2736.830164,2736.888581,-0.4760400000000118,-0.41762299999982133,-0.44683149999991656
2022-05-04 21:00:00,2737.303092,2736.829792,2736.884615,-0.4733000000001084,-0.4184770000001663,-0.44588850000013736
2022-05-04 21:15:00,2737.306007,2736.831949,2736.886633,-0.474058000000241,-0.41937400000006164,-0.4467160000001513
2022-05-04 21:30:00,2737.305617,2736.832317,2736.890026,-0.4733000000001084,-0.4155909999999494,-0.4444455000000289
2022-05-04 21:45:00,2737.304838,2736.828798,2736.887214,-0.4760400000000118,-0.41762400000015987,-0.4468320000000858
2022-05-04 22:00:00,2737.307753,2736.831119,2736.890413,-0.4766340000001037,-0.4173399999999674,-0.44698700000003555
2022-05-04 22:15:00,2737.306587,2736.832692,2736.889246,-0.4738950000000841,-0.4173409999998512,-0.44561799999996765
2022-05-04 22:30:00,2737.306587,2736.829953,2736.890099,-0.4766340000001037,-0.41648799999984476,-0.44656099999997423
2022-05-04 22:45:00,2737.30756,2736.828349,2736.88904,-0.4792110000003049,-0.4185200000001714,-0.44886550000023817
2022-05-04 23:00:00,2737.307367,2736.829907,2736.890596,-0.4774600000000646,-0.4167709999996987,-0.44711549999988165
2022-05-04 23:15:00,2737.305811,2736.827359,2736.891642,-0.47845200000028854,-0.414169000000129,-0.4463105000002088
2022-05-04 23:30:00,2737.307173,2736.829712,2736.890403,-0.4774609999999484,-0.41677000000026965,-0.447115500000109
2022-05-04 23:45:00,2737.307367,2736.827166,2736.887994,-0.4802009999998518,-0.4193729999997231,-0.44978699999978744
2022-05-05 00:00:00,2737.307753,2736.830292,2736.891265,-0.4774609999999484,-0.41648799999984476,-0.4469744999998966
2022-05-05 00:15:00,2737.308336,2736.830943,2736.891849,-0.4773930000001201,-0.41648699999996097,-0.4469400000000405
2022-05-05 00:45:00,2737.30795,2736.830556,2736.891462,-0.47739400000000387,-0.41648799999984476,-0.4469409999999243
2022-05-05 01:00:00,2737.308733,2736.831919,2736.891075,-0.47681399999964924,-0.41765799999984665,-0.44723599999974795
2022-05-05 01:30:00,2737.310672,2736.833859,2736.893015,-0.4768130000002202,-0.41765699999996286,-0.44723500000009153
2022-05-05 01:45:00,2737.311835,2736.831373,2736.896771,-0.4804619999999886,-0.41506399999980204,-0.44776299999989533
2022-05-05 03:00:00,2737.310476,2736.833082,2736.894558,-0.47739400000000387,-0.415918000000147,-0.44665600000007544
2022-05-05 03:15:00,2737.312032,2736.832889,2736.891762,-0.47914300000002186,-0.42026999999961845,-0.44970649999982015
2022-05-05 03:30:00,2737.311059,2736.833666,2736.892537,-0.4773930000001201,-0.418521999999939,-0.44795750000002954
2022-05-05 03:45:00,2737.313201,2736.835629,2736.89294,-0.47757199999978184,-0.42026099999975486,-0.44891649999976835
2022-05-05 04:00:00,2737.310669,2736.835025,2736.893328,-0.4756440000001021,-0.4173409999998512,-0.44649249999997664
2022-05-05 04:15:00,2737.314171,2736.835609,2736.895948,-0.47856199999978344,-0.41822300000012547,-0.44839249999995445
2022-05-05 04:30:00,2737.309503,2736.830462,2736.890412,-0.479041000000052,-0.41909099999975297,-0.4490659999999025
2022-05-05 04:45:00,2737.311255,2736.831045,2736.895634,-0.4802100000001701,-0.41562100000010105,-0.4479155000001356
2022-05-05 05:00:00,2737.311839,2736.831629,2736.89418,-0.4802100000001701,-0.4176590000001852,-0.44893450000017765
2022-05-05 05:30:00,2737.313588,2736.828889,2736.895031,-0.4846990000000915,-0.4185569999999643,-0.4516280000000279
2022-05-05 05:45:00,2737.314754,2736.830056,2736.895346,-0.4846980000002077,-0.4194080000002032,-0.45205300000020543
2022-05-05 06:00:00,2737.312035,2736.830835,2736.893523,-0.48119999999971697,-0.4185119999997369,-0.4498559999997269
2022-05-05 06:15:00,2737.313595,2736.832477,2736.895936,-0.48111800000015137,-0.4176590000001852,-0.4493885000001683
2022-05-05 06:30:00,2737.314761,2736.831895,2736.894786,-0.48286600000028557,-0.41997500000024957,-0.45142050000026757
2022-05-05 06:45:00,2737.314761,2736.830144,2736.898242,-0.48461700000007113,-0.4165189999998802,-0.45056799999997565
2022-05-05 07:00:00,2737.311845,2736.828979,2736.89187,-0.48286600000028557,-0.41997500000024957,-0.45142050000026757
2022-05-05 07:15:00,2737.310872,2736.828006,2736.896101,-0.4828659999998308,-0.41477100000020073,-0.4488185000000158
2022-05-05 07:30:00,2737.311259,2736.825652,2736.887829,-0.48560700000007273,-0.4234300000002804,-0.4545185000001766
2022-05-05 07:45:00,2737.313008,2736.824991,2736.892463,-0.48801700000012715,-0.4205449999999473,-0.45428100000003724
2022-05-05 08:00:00,2737.312425,2736.826818,2736.891018,-0.48560700000007273,-0.4214070000002721,-0.4535070000001724
2022-05-05 08:15:00,2737.311452,2736.826836,2736.888305,-0.4846159999997326,-0.42314699999997174,-0.45388149999985217
2022-05-05 08:30:00,2737.307757,2736.824226,2736.88721,-0.48353099999985716,-0.42054700000016965,-0.4520390000000134
2022-05-05 08:45:00,2737.306787,2736.824098,2736.88799,-0.48268899999993664,-0.4187969999998131,-0.4507429999998749
2022-05-05 09:00:00,2737.305431,2736.822743,2736.890976,-0.48268800000005285,-0.41445500000008906,-0.44857150000007096
2022-05-05 09:15:00,2737.306014,2736.823987,2736.886364,-0.48202699999956167,-0.41964999999981956,-0.4508384999996906
2022-05-05 09:30:00,2737.306597,2736.82274,2736.88954,-0.4838569999997162,-0.41705699999965873,-0.45045699999968747
2022-05-05 09:45:00,2737.306014,2736.821494,2736.886355,-0.48451999999997497,-0.41965899999968315,-0.45208949999982906
2022-05-05 10:00:00,2737.302708,2736.819938,2736.8874,-0.4827700000000732,-0.4153080000000955,-0.44903900000008434
2022-05-05 10:15:00,2737.299596,2736.820407,2736.882582,-0.47918899999967834,-0.4170139999996536,-0.448101499999666
2022-05-05 10:30:00,2737.300179,2736.81924,2736.88605,-0.48093900000003487,-0.41412899999977526,-0.44753399999990506
2022-05-05 11:45:00,2737.292015,2736.819823,2736.881999,-0.47219200000017736,-0.4100159999998141,-0.4411039999999957
2022-05-05 12:00:00,2737.293182,2736.824721,2736.881425,-0.46846099999993385,-0.41175699999985227,-0.44010899999989306
2022-05-05 12:15:00,2737.291822,2736.820539,2736.883555,-0.4712830000003123,-0.40826700000025085,-0.4397750000002816
2022-05-05 12:30:00,2737.290852,2736.824141,2736.885187,-0.4667110000000321,-0.40566500000022643,-0.43618800000012925
2022-05-05 12:45:00,2737.291435,2736.824724,2736.883167,-0.4667110000000321,-0.40826800000013463,-0.43748950000008335
2022-05-05 13:00:00,2737.289879,2736.823168,2736.883362,-0.4667110000000321,-0.4065169999998943,-0.4366139999999632
2022-05-05 13:15:00,2737.288323,2736.824023,2736.88526,-0.46430000000009386,-0.403063000000202,-0.43368150000014793
2022-05-05 13:30:00,2737.289686,2736.823636,2736.88402,-0.46604999999999563,-0.4056660000001102,-0.4358580000000529
2022-05-05 13:45:00,2737.290269,2736.824221,2736.885457,-0.46604800000022806,-0.40481200000022,-0.435430000000224
2022-05-05 14:00:00,2737.290852,2736.82056,2736.88429,-0.4702919999999722,-0.40656200000012177,-0.438427000000047
2022-05-05 14:15:00,2737.287937,2736.821144,2736.881102,-0.4667930000000524,-0.4068350000002283,-0.43681400000014037
2022-05-05 14:30:00,2737.289686,2736.820816,2736.883704,-0.4688700000001518,-0.4059820000002219,-0.43742600000018683
2022-05-05 14:45:00,2737.28852,2736.822389,2736.884287,-0.4661310000001322,-0.4042330000002039,-0.43518200000016805
2022-05-05 15:00:00,2737.290269,2736.823379,2736.882537,-0.4668900000001486,-0.40773200000012366,-0.4373110000001361
2022-05-05 15:30:00,2737.291239,2736.827088,2736.88786,-0.464151000000129,-0.4033790000003137,-0.43376500000022133
2022-05-05 15:45:00,2737.290263,2736.827862,2736.884281,-0.46240099999977247,-0.40598199999976714,-0.4341914999997698
2022-05-05 16:15:00,2737.289096,2736.826695,2736.882827,-0.46240099999977247,-0.4062690000000657,-0.4343349999999191
2022-05-05 16:30:00,2737.289679,2736.827934,2736.883411,-0.46174500000006446,-0.40626800000018193,-0.4340065000001232
2022-05-05 16:45:00,2737.290263,2736.828519,2736.886884,-0.46174399999972593,-0.40337899999985893,-0.43256149999979243
2022-05-05 17:00:00,2737.288127,2736.828465,2736.883894,-0.4596619999997529,-0.40423299999974915,-0.431947499999751
2022-05-05 17:15:00,2737.289103,2736.828535,2736.884871,-0.46056799999996656,-0.40423199999986537,-0.43239999999991596
2022-05-05 17:45:00,2737.290269,2736.82795,2736.882251,-0.46231900000020687,-0.4080180000000837,-0.4351685000001453
2022-05-05 18:15:00,2737.291435,2736.826377,2736.884271,-0.46505800000022646,-0.4071640000001935,-0.43611100000020997
2022-05-05 18:30:00,2737.293768,2736.83069,2736.887457,-0.46307800000022326,-0.40631100000018705,-0.43469450000020515
2022-05-05 18:45:00,2737.294351,2736.826784,2736.886291,-0.4675670000001446,-0.40806000000020504,-0.4378135000001748
2022-05-05 19:00:00,2737.295517,2736.83244,2736.886882,-0.4630769999998847,-0.40863500000023123,-0.435856000000058
2022-05-05 19:15:00,2737.295128,2736.829638,2736.884753,-0.46549000000004526,-0.4103750000003856,-0.43793250000021544
2022-05-05 19:30:00,2737.292598,2736.829586,2736.88254,-0.4630120000001625,-0.4100579999999354,-0.43653500000004897
2022-05-05 19:45:00,2737.293182,2736.82743,2736.885726,-0.4657520000000659,-0.407455999999911,-0.43660399999998845
2022-05-05 20:00:00,2737.29843,2736.828189,2736.884873,-0.47024099999998725,-0.4135569999998552,-0.4418989999999212
2022-05-05 20:15:00,2737.29629,2736.828127,2736.885336,-0.4681630000000041,-0.4109540000004017,-0.4395585000002029
2022-05-05 20:30:00,2737.29765,2736.827736,2736.883523,-0.46991399999978967,-0.4141270000000077,-0.4420204999998987
2022-05-05 20:45:00,2737.29843,2736.827526,2736.889509,-0.47090399999979127,-0.4089209999997365,-0.4399124999997639
2022-05-05 21:00:00,2737.301539,2736.830719,2736.886516,-0.47082000000000335,-0.41502300000001924,-0.4429215000000113
2022-05-05 21:15:00,2737.29901,2736.828106,2736.888909,-0.470904000000246,-0.4101010000003953,-0.44050250000032065
2022-05-05 21:30:00,2737.301335,2736.829356,2736.885723,-0.4719789999999193,-0.41561200000023746,-0.4437955000000784
2022-05-05 21:45:00,2737.299199,2736.825387,2736.883587,-0.47381200000018,-0.41561200000023746,-0.4447120000002087
2022-05-05 22:00:00,2737.300176,2736.826445,2736.885415,-0.4737310000000434,-0.4147609999999986,-0.444246000000021
2022-05-05 22:15:00,2737.298426,2736.820304,2736.887449,-0.47812199999998484,-0.4109770000000026,-0.4445494999999937
2022-05-05 22:30:00,2737.29687,2736.823236,2736.885893,-0.47363399999994726,-0.4109770000000026,-0.4423054999999749
2022-05-05 22:45:00,2737.29823,2736.824679,2736.885503,-0.47355100000004313,-0.41272699999990436,-0.44313899999997375
2022-05-05 23:00:00,2737.29901,2736.823626,2736.88543,-0.4753840000003038,-0.41358000000036554,-0.44448200000033466
2022-05-05 23:15:00,2737.297843,2736.824209,2736.884263,-0.47363399999994726,-0.4135799999999108,-0.44360699999992903
2022-05-05 23:30:00,2737.301925,2736.825454,2736.884846,-0.47647100000040155,-0.4170790000002853,-0.4467750000003434
2022-05-05 23:45:00,2737.298426,2736.819975,2736.883993,-0.47845099999995,-0.41443299999991723,-0.4464419999999336
2022-07-30 00:00:00,2737.278604,,,,,
2022-07-30 00:15:00,2737.278604,2736.783437,2736.908698,-0.49516700000003766,-0.3699059999999008,-0.43253649999996924
2022-07-30 00:30:00,2737.278014,2736.78625,2736.908108,-0.4917639999998755,-0.3699059999999008,-0.43083499999988817
2022-07-30 00:45:00,2737.281513,2736.78351,2736.913026,-0.49800299999969866,-0.3684869999997318,-0.4332449999997152
2022-07-30 01:00:00,2737.282683,2736.782847,2736.90899,-0.4998359999999593,-0.37369300000000294,-0.4367644999999811
2022-07-30 01:15:00,2737.279184,2736.780106,2736.908424,-0.4990779999998267,-0.37075999999979103,-0.4349189999998089
2022-07-30 01:45:00,2737.279764,2736.778935,2736.909857,-0.500829000000067,-0.3699069999997846,-0.4353679999999258
2022-07-30 02:00:00,2737.278014,2736.773454,2736.907255,-0.5045599999998558,-0.37075899999990725,-0.4376594999998815
2022-07-30 02:15:00,2737.279764,2736.774378,2736.91246,-0.5053859999998167,-0.3673039999998764,-0.43634499999984655
2022-07-30 02:30:00,2737.279764,2736.771636,2736.907254,-0.5081279999999424,-0.3725099999996928,-0.4403189999998176
2022-07-30 03:00:00,2737.279764,2736.768054,2736.915062,-0.5117099999997663,-0.364701999999852,-0.43820599999980914
2022-07-30 03:15:00,2737.279184,2736.766155,2736.916232,-0.5130290000001878,-0.3629519999999502,-0.437990500000069
2022-07-30 03:30:00,2737.278014,2736.764983,2736.913356,-0.5130309999999554,-0.36465799999996307,-0.4388444999999592
2022-07-30 03:45:00,2737.278014,2736.763993,2736.910754,-0.514020999999957,-0.3672599999999875,-0.44064049999997223
2022-07-30 04:00:00,2737.279184,2736.765164,2736.917983,-0.5140200000000732,-0.36120100000016464,-0.4376105000001189
2022-07-30 05:00:00,2737.279184,2736.764403,2736.91713,-0.5147809999998572,-0.3620540000001711,-0.4384175000000141
2022-07-30 05:15:00,2737.279184,2736.761991,2736.918836,-0.5171930000001339,-0.3603480000001582,-0.43877050000014606
2022-07-30 05:45:00,2737.279184,2736.759251,2736.90932,-0.5199330000000373,-0.3698639999997795,-0.4448984999999084
2022-07-30 06:00:00,2737.279764,2736.758079,2736.902373,-0.5216849999997066,-0.3773909999999887,-0.44953799999984767
2022-07-30 06:15:00,2737.281513,2736.757751,2736.904977,-0.523761999999806,-0.37653599999975995,-0.450148999999783
2022-07-30 07:00:00,2737.279764,2736.755919,2736.89977,-0.5238449999997101,-0.3799939999998969,-0.4519194999998035
2022-07-30 07:30:00,2737.278604,2736.749606,2736.912479,-0.5289980000002288,-0.3661250000000109,-0.44756150000011985
2022-07-30 07:45:00,2737.278604,2736.755087,2736.921176,-0.5235170000000835,-0.35742800000025454,-0.440472500000169
2022-07-30 08:00:00,2737.276855,2736.754841,2736.923778,-0.5220140000001265,-0.35307700000021214,-0.43754550000016934
2022-07-30 08:15:00,2737.278604,2736.757583,2736.925528,-0.5210210000000188,-0.3530759999998736,-0.4370484999999462
2022-07-30 08:30:00,2737.279184,2736.75575,2736.930418,-0.5234340000001794,-0.34876600000006874,-0.43610000000012406
2022-07-30 09:00:00,2737.276855,2736.754179,2736.914263,-0.5226760000000468,-0.3625919999999496,-0.4426339999999982
2022-07-30 09:30:00,2737.275105,2736.755832,2736.90991,-0.5192730000003394,-0.3651950000003126,-0.442234000000326
2022-07-30 10:15:00,2737.277435,2736.75126,2736.910772,-0.5261749999999665,-0.36666299999978946,-0.446418999999878
2022-07-30 10:45:00,2737.279184,2736.754,2736.90992,-0.5251840000000811,-0.3692639999999301,-0.4472240000000056
2022-07-30 11:45:00,2737.282103,2736.750598,2736.912839,-0.5315049999999246,-0.3692639999999301,-0.45038449999992736
2022-07-30 12:15:00,2737.276855,2736.747097,2736.911943,-0.529758000000129,-0.3649120000000039,-0.44733500000006643
2022-07-30 12:45:00,2737.278604,2736.749839,2736.91166,-0.5287650000000212,-0.3669439999998758,-0.44785449999994853
2022-07-30 13:00:00,2737.275105,2736.752333,2736.909057,-0.5227720000002591,-0.366048000000319,-0.4444100000002891
2022-07-30 13:30:00,2737.278014,2736.752652,2736.911933,-0.5253619999998591,-0.366081000000122,-0.44572149999999056
2022-07-30 13:45:00,2737.279764,2736.750835,2736.913682,-0.5289290000000619,-0.3660820000000058,-0.44750550000003386
2022-07-30 14:00:00,2737.276265,2736.749911,2736.91282,-0.526354000000083,-0.36344499999995605,-0.44489950000001954
2022-07-30 14:30:00,2737.279764,2736.751661,2736.912259,-0.528103000000101,-0.36750499999971,-0.4478039999999055
2022-07-30 15:30:00,2737.278014,2736.746918,2736.91283,-0.5310960000001614,-0.3651839999997719,-0.4481399999999667
2022-07-30 15:45:00,2737.278014,2736.746918,2736.913683,-0.5310960000001614,-0.3643309999997655,-0.44771349999996346
2022-07-30 16:00:00,2737.275685,2736.746338,2736.91225,-0.5293470000001435,-0.3634350000002087,-0.44639100000017606
2022-07-30 16:15:00,2737.275685,2736.747,2736.91282,-0.5286850000002232,-0.36286500000005617,-0.4457750000001397
2022-07-30 17:30:00,2737.277435,2736.747329,2736.914853,-0.5301060000001598,-0.3625819999997475,-0.44634399999995367
2022-07-30 17:45:00,2737.276265,2736.744594,2736.910226,-0.5316710000001876,-0.36603900000000067,-0.44885500000009415
2022-07-30 18:00:00,2737.278604,2736.747991,2736.90967,-0.530612999999903,-0.36893400000008114,-0.44977349999999205
2022-07-30 18:30:00,2737.275105,2736.743434,2736.909383,-0.5316710000001876,-0.3657220000000052,-0.4486965000000964
2022-07-30 18:45:00,2737.275105,2736.741683,2736.908486,-0.5334219999999732,-0.3666190000003553,-0.45002050000016425
2022-07-30 19:00:00,2737.278604,2736.746175,2736.91284,-0.5324289999998655,-0.36576400000012654,-0.449096499999996
2022-07-30 19:15:00,2737.277435,2736.746821,2736.910816,-0.5306139999997868,-0.36661899999990055,-0.44861649999984365
2022-07-30 19:30:00,2737.275105,2736.747165,2736.910236,-0.5279399999999441,-0.3648689999999988,-0.44640449999997145
2022-07-30 20:45:00,2737.280354,2736.749572,2736.911134,-0.5307819999998173,-0.3692200000000412,-0.45000099999992926
2022-07-30 21:15:00,2737.280354,2736.748915,2736.913172,-0.5314389999998639,-0.36718199999995704,-0.44931049999991046
2022-07-30 21:30:00,2737.280933,2736.747812,2736.912002,-0.5331209999999373,-0.36893099999997503,-0.4510259999999562
2022-07-30 21:45:00,2737.280933,2736.744081,2736.914604,-0.5368520000001809,-0.3663289999999506,-0.45159050000006573
2022-07-30 22:15:00,2737.278014,2736.742909,2736.914288,-0.5351049999999304,-0.3637260000000424,-0.4494154999999864
2022-07-30 22:30:00,2737.278014,2736.744661,2736.913435,-0.5333529999998063,-0.36457900000004884,-0.4489659999999276
2022-07-30 22:45:00,2737.279764,2736.745651,2736.912582,-0.5341129999997065,-0.36718199999995704,-0.4506474999998318
2022-07-30 23:00:00,2737.278014,2736.7439,2736.910832,-0.534114000000045,-0.36718199999995704,-0.45064800000000105
2022-07-31 00:00:00,2737.281513,2736.742911,2736.916038,-0.5386020000000826,-0.3654750000000604,-0.4520385000000715
2022-07-31 00:45:00,2737.281513,2736.746642,2736.915185,-0.5348709999998391,-0.3663280000000668,-0.45059949999995297
2022-07-31 01:15:00,2737.279184,2736.746062,2736.917208,-0.5331219999998211,-0.36197600000014063,-0.4475489999999809
2022-07-31 01:30:00,2737.280933,2736.745072,2736.914605,-0.5358609999998407,-0.3663280000000668,-0.45109449999995377
2022-07-31 02:00:00,2737.277435,2736.744246,2736.912002,-0.5331889999997657,-0.36543299999993906,-0.44931099999985236
2022-07-31 02:15:00,2737.279184,2736.744902,2736.91517,-0.5342820000000756,-0.36401399999977,-0.44914799999992283
2022-07-31 02:30:00,2737.280354,2736.744322,2736.913737,-0.5360319999999774,-0.366617000000133,-0.4513245000000552
2022-07-31 03:15:00,2737.280354,2736.74249,2736.912319,-0.5378639999998995,-0.3680349999999635,-0.4529494999999315
2022-07-31 03:30:00,2737.282103,2736.74325,2736.914634,-0.5388530000000173,-0.36746899999980087,-0.4531609999999091
2022-07-31 05:30:00,2737.281513,2736.74365,2736.913479,-0.5378630000000157,-0.3680340000000797,-0.4529485000000477
2022-07-31 05:45:00,2737.280354,2736.742491,2736.911466,-0.5378630000000157,-0.3688879999999699,-0.4533754999999928
2022-07-31 06:15:00,2737.279764,2736.74266,2736.91523,-0.5371039999999994,-0.3645339999998214,-0.4508189999999104
2022-07-31 06:45:00,2737.280354,2736.73876,2736.914069,-0.5415939999998045,-0.3662850000000617,-0.4539394999999331
2022-07-31 07:15:00,2737.279184,2736.742162,2736.915502,-0.537021999999979,-0.3636820000001535,-0.45035200000006625
2022-07-31 07:30:00,2737.280933,2736.73934,2736.914931,-0.5415929999999207,-0.3660020000002078,-0.45379750000006425
2022-07-31 07:45:00,2737.279184,2736.740413,2736.912899,-0.538770999999997,-0.3662850000000617,-0.45252800000002935
2022-07-31 08:30:00,2737.279764,2736.740403,2736.914615,-0.539361000000099,-0.3651489999997466,-0.4522549999999228
2022-07-31 08:45:00,2737.278014,2736.739413,2736.913761,-0.5386010000001988,-0.3642530000001898,-0.4514270000001943
2022-07-31 09:00:00,2737.279764,2736.743143,2736.916364,-0.5366209999997409,-0.3633999999997286,-0.45001049999973475
2022-07-31 09:45:00,2737.278014,2736.744134,2736.912012,-0.5338799999999537,-0.3660020000002078,-0.44994100000008075
2022-07-31 10:00:00,2737.276265,2736.738652,2736.911159,-0.5376129999999648,-0.36510599999974147,-0.45135949999985314
2022-07-31 10:15:00,2737.280933,2736.74299,2736.914079,-0.5379429999998138,-0.36685399999987567,-0.4523984999998447
2022-07-31 10:45:00,2737.279764,2736.740404,2736.913762,-0.5393599999997605,-0.366001999999753,-0.45268099999975675
2022-07-31 11:00:00,2737.278014,2736.736903,2736.909409,-0.5411110000000008,-0.368605000000116,-0.4548580000000584
2022-07-31 11:30:00,2737.275105,2736.737493,2736.909999,-0.537612000000081,-0.3651060000001962,-0.4513590000001386
2022-07-31 11:45:00,2737.275105,2736.740234,2736.912602,-0.5348710000002939,-0.362503000000288,-0.44868700000029094
2022-07-31 13:15:00,2737.277435,2736.734173,2736.911432,-0.5432620000001407,-0.36600300000009156,-0.4546325000001161
2022-07-31 13:30:00,2737.275685,2736.735164,2736.913182,-0.5405209999998988,-0.362503000000288,-0.4515120000000934
2022-07-31 14:45:00,2737.273936,2736.730739,2736.912003,-0.5431969999999637,-0.3619330000001355,-0.4525650000000496
2022-07-31 15:00:00,2737.275105,2736.731581,2736.912319,-0.5435240000001613,-0.36278600000014194,-0.45315500000015163
2022-07-31 15:15:00,2737.275105,2736.72884,2736.909715,-0.5462649999999485,-0.3653900000003887,-0.4558275000001686
2022-07-31 15:30:00,2737.275105,2736.729831,2736.909715,-0.5452740000000631,-0.3653900000003887,-0.4553320000002259
2022-07-31 15:45:00,2737.276265,2736.731914,2736.914045,-0.544351000000006,-0.36221999999997934,-0.4532854999999927
2022-07-31 16:00:00,2737.274516,2736.726158,2736.912294,-0.5483580000000075,-0.3622219999997469,-0.4552899999998772
2022-07-31 16:15:00,2737.274516,2736.732629,2736.911441,-0.5418869999998606,-0.36307499999975335,-0.45248099999980695
2022-07-31 16:30:00,2737.276265,2736.731536,2736.910875,-0.5447290000001885,-0.36538999999993393,-0.45505950000006123
2022-07-31 16:45:00,2737.272766,2736.733517,2736.911728,-0.539248999999927,-0.36103800000000774,-0.4501434999999674
2022-07-31 17:15:00,2737.273356,2736.731596,2736.910568,-0.5417600000000675,-0.36278800000036426,-0.4522740000002159
2022-07-31 17:30:00,2737.278014,2736.734508,2736.912626,-0.5435059999999794,-0.36538800000016636,-0.4544470000000729
2022-07-31 17:45:00,2737.276265,2736.733666,2736.912625,-0.5425989999998819,-0.36364000000003216,-0.45311949999995704
2022-07-31 18:00:00,2737.274516,2736.733746,2736.914044,-0.5407700000000659,-0.36047199999984514,-0.45062099999995553
2022-07-31 18:15:00,2737.276265,2736.734328,2736.916648,-0.5419369999999617,-0.35961700000007113,-0.4507770000000164
2022-07-31 18:30:00,2737.276265,2736.735318,2736.915795,-0.5409469999999601,-0.36047000000007756,-0.45070850000001883
2022-07-31 19:00:00,2737.275685,2736.741061,2736.916965,-0.5346239999998943,-0.3587200000001758,-0.44667200000003504
2022-07-31 20:00:00,2737.276855,2736.738135,2736.917525,-0.5387200000000121,-0.3593300000002273,-0.4490250000001197
2022-07-31 20:30:00,2737.276855,2736.735393,2736.915776,-0.5414620000001378,-0.3610790000002453,-0.45127050000019153
2022-07-31 21:00:00,2737.275685,2736.734223,2736.917253,-0.5414620000001378,-0.3584319999999934,-0.4499470000000656
2022-07-31 21:15:00,2737.277435,2736.733232,2736.915503,-0.5442029999999249,-0.36193199999979697,-0.45306749999986096
2022-07-31 21:30:00,2737.277435,2736.734223,2736.916356,-0.5432120000000396,-0.36107899999979054,-0.45214549999991505
2022-07-31 21:45:00,2737.279184,2736.737724,2736.916682,-0.5414599999999155,-0.3625019999999495,-0.45198099999993246
2022-07-31 22:00:00,2737.280933,2736.737806,2736.91408,-0.5431269999999131,-0.3668529999999919,-0.4549899999999525
2022-07-31 23:00:00,2737.282683,2736.736815,2736.915829,-0.5458679999997003,-0.36685399999987567,-0.45636099999978796
2022-07-31 23:15:00,2737.279764,2736.735978,2736.91291,-0.5437859999997272,-0.36685399999987567,-0.45531999999980144
2022-07-31 23:30:00,2737.279764,2736.738386,2736.915512,-0.5413779999998951,-0.36425199999985125,-0.4528149999998732
2022-07-31 23:45:00,2737.278014,2736.737395,2736.914659,-0.5406189999998787,-0.3633549999999559,-0.4519869999999173
2022-08-01 00:00:00,2737.279184,2736.742296,2736.914932,-0.53688800000009,-0.36425199999985125,-0.4505699999999706
2022-08-01 00:15:00,2737.280933,2736.736815,2736.914079,-0.5441179999997985,-0.36685399999987567,-0.4554859999998371
2022-08-01 00:30:00,2737.279184,2736.737805,2736.917535,-0.5413789999997789,-0.36164899999994304,-0.45151399999986097
2022-08-01 01:00:00,2737.279184,2736.740546,2736.91465,-0.5386379999999917,-0.3645339999998214,-0.45158599999990656
2022-08-01 01:15:00,2737.280933,2736.739555,2736.916399,-0.5413779999998951,-0.3645339999998214,-0.45295599999985825
2022-08-01 01:30:00,2737.280933,2736.740463,2736.916401,-0.5404699999999139,-0.3645320000000538,-0.45250099999998383
2022-08-01 01:45:00,2737.280933,2736.734982,2736.917254,-0.5459510000000591,-0.3636790000000474,-0.45481500000005326
2022-08-01 02:00:00,2737.282103,2736.737143,2736.919277,-0.5449600000001737,-0.36282600000004095,-0.45389300000010735
2022-08-01 02:45:00,2737.280354,2736.737805,2736.916674,-0.5425489999997808,-0.36367999999993117,-0.453114499999856
2022-08-01 03:00:00,2737.280354,2736.737738,2736.917571,-0.5426160000001801,-0.3627830000000358,-0.45269950000010795
2022-08-01 04:00:00,2737.278604,2736.736316,2736.913218,-0.5422880000000987,-0.36538599999994403,-0.45383700000002136
2022-08-01 04:15:00,2737.279764,2736.735398,2736.912628,-0.5443660000000818,-0.3671359999998458,-0.4557509999999638
2022-08-01 05:00:00,2737.280354,2736.739884,2736.920175,-0.5404699999999139,-0.3601789999997891,-0.45032449999985147
2022-08-01 05:30:00,2737.282103,2736.735325,2736.914967,-0.5467779999999038,-0.3671359999998458,-0.4569569999998748
2022-08-01 05:45:00,2737.280354,2736.735392,2736.91582,-0.5449619999999413,-0.3645339999998214,-0.45474799999988136
2022-08-01 06:15:00,2737.280933,2736.738714,2736.9164,-0.5422189999999318,-0.3645329999999376,-0.4533759999999347
2022-08-01 06:30:00,2737.280933,2736.734982,2736.919005,-0.5459510000000591,-0.36192799999980707,-0.4539394999999331
2022-08-01 06:45:00,2737.279184,2736.735972,2736.917254,-0.5432120000000396,-0.3619300000000294,-0.4525710000000345
2022-08-01 07:00:00,2737.279184,2736.739556,2736.91583,-0.5396279999999933,-0.3633540000000721,-0.4514910000000327
2022-08-01 07:45:00,2737.280933,2736.740546,2736.914978,-0.5403870000000097,-0.36595500000021275,-0.45317100000011123
2022-08-01 08:00:00,2737.279764,2736.735645,2736.91466,-0.5441189999996823,-0.3651039999999739,-0.4546114999998281
2022-08-01 08:15:00,2737.279764,2736.733894,2736.915513,-0.5458699999999226,-0.36425099999996746,-0.455060499999945
2022-08-01 08:30:00,2737.278014,2736.733237,2736.917264,-0.5447770000000673,-0.3607499999998254,-0.45276349999994636
2022-08-01 08:45:00,2737.276265,2736.732062,2736.919867,-0.5442029999999249,-0.3563979999998992,-0.45030049999991206
2022-08-01 09:00:00,2737.279184,2736.737149,2736.919287,-0.5420349999999416,-0.35989699999981895,-0.4509659999998803
2022-08-01 09:45:00,2737.277435,2736.733233,2736.91408,-0.5442020000000412,-0.3633549999999559,-0.45377849999999853
2022-08-01 10:15:00,2737.278014,2736.732064,2736.918117,-0.5459500000001754,-0.35989699999981895,-0.45292349999999715
2022-08-01 10:30:00,2737.278014,2736.733896,2736.915514,-0.5441179999997985,-0.3625000000001819,-0.4533089999999902
2022-08-01 10:45:00,2737.279184,2736.735066,2736.916684,-0.5441179999997985,-0.3625000000001819,-0.4533089999999902
2022-08-01 11:15:00,2737.274516,2736.730312,2736.91291,-0.5442039999998087,-0.3616059999999379,-0.4529049999998733
2022-08-01 11:30:00,2737.276265,2736.733055,2736.914661,-0.5432099999998172,-0.36160400000017034,-0.4524069999999938
2022-08-01 12:15:00,2737.275685,2736.734224,2736.914081,-0.541461000000254,-0.36160400000017034,-0.45153250000021217
2022-08-01 12:45:00,2737.276855,2736.736385,2736.915251,-0.5404699999999139,-0.36160400000017034,-0.4510370000000421
2022-08-01 13:00:00,2737.278604,2736.734404,2736.917001,-0.5442000000002736,-0.36160300000028656,-0.45290150000028007
2022-08-01 13:15:00,2737.277435,2736.733234,2736.91408,-0.5442010000001574,-0.3633549999999559,-0.45377800000005664
2022-08-01 13:45:00,2737.278604,2736.735395,2736.914968,-0.5432089999999334,-0.36363600000004226,-0.45342249999998785
2022-08-01 14:00:00,2737.275105,2736.73424,2736.915821,-0.5408649999999398,-0.35928400000011607,-0.4500745000000279
2022-08-01 14:15:00,2737.278014,2736.73266,2736.917835,-0.5453539999998611,-0.3601789999997891,-0.4527664999998251
2022-08-01 14:45:00,2737.278014,2736.733568,2736.916981,-0.5444459999998799,-0.36103300000013405,-0.45273950000000696
2022-08-01 15:00:00,2737.279764,2736.738142,2736.918731,-0.5416219999997338,-0.3610329999996793,-0.45132749999970656
2022-08-01 15:15:00,2737.279184,2736.737235,2736.920754,-0.5419489999999314,-0.3584299999997711,-0.45018949999985125
2022-08-01 15:30:00,2737.275685,2736.735402,2736.916114,-0.5402830000002723,-0.3595709999999599,-0.4499270000001161
2022-08-01 15:45:00,2737.279184,2736.737152,2736.917864,-0.5420319999998355,-0.3613199999999779,-0.4516759999999067
2022-08-01 16:30:00,2737.280354,2736.735731,2736.919887,-0.544622999999774,-0.36046699999997145,-0.45254499999987274
2022-08-01 17:00:00,2737.279184,2736.733651,2736.918717,-0.5455329999999776,-0.36046699999997145,-0.45299999999997453
2022-08-01 17:15:00,2737.279184,2736.73357,2736.916124,-0.5456140000001142,-0.3630600000001323,-0.4543370000001232
2022-08-01 17:30:00,2737.278604,2736.733979,2736.918146,-0.5446249999999964,-0.36045800000010786,-0.4525415000000521
2022-08-01 18:00:00,2737.275685,2736.734641,2736.916967,-0.5410440000000563,-0.35871799999995346,-0.44988100000000486
2022-08-01 18:30:00,2737.276855,2736.733981,2736.919,-0.5428740000002108,-0.35785500000019965,-0.4503645000002052
2022-08-01 18:45:00,2737.280354,2736.735397,2736.920467,-0.5449570000000676,-0.35988700000007157,-0.4524220000000696
2022-08-01 20:00:00,2737.277435,2736.734561,2736.92132,-0.542873999999756,-0.35611500000004526,-0.44949449999990065
2022-08-01 22:00:00,2737.279184,2736.73398,2736.923357,-0.5452040000000125,-0.3558269999998629,-0.4505154999999377
2022-08-01 22:15:00,2737.280933,2736.73573,2736.925107,-0.5452030000001287,-0.3558259999999791,-0.4505145000000539
2022-08-01 22:30:00,2737.281513,2736.73357,2736.923937,-0.547943000000032,-0.3575759999998809,-0.45275949999995646
2022-08-01 22:45:00,2737.279764,2736.73532,2736.925686,-0.5444440000001123,-0.3540779999998449,-0.4492609999999786
2022-08-01 23:00:00,2737.278014,2736.731818,2736.922187,-0.5461959999997816,-0.3558269999998629,-0.45101149999982226
2022-08-02 00:30:00,2737.282683,2736.73474,2736.925108,-0.547943000000032,-0.3575749999999971,-0.45275900000001457
2022-08-02 02:00:00,2737.282103,2736.736572,2736.924239,-0.54553100000021,-0.35786400000006324,-0.45169750000013664
2022-08-02 02:45:00,2737.278604,2736.730248,2736.921636,-0.5483560000002399,-0.3569680000000517,-0.4526620000001458
2022-08-02 03:00:00,2737.279764,2736.733159,2736.9254,-0.5466049999999996,-0.35436399999980495,-0.45048449999990225
2022-08-02 03:45:00,2737.283263,2736.734909,2736.92541,-0.5483540000000175,-0.35785299999997733,-0.45310349999999744
2022-08-02 04:30:00,2737.279764,2736.732333,2736.922805,-0.5474309999999605,-0.35695899999973335,-0.4521949999998469
2022-08-02 07:00:00,2737.282103,2736.73649,2736.928593,-0.5456130000002304,-0.3535099999999147,-0.44956150000007256
2022-08-02 09:00:00,2737.279184,2736.733571,2736.925108,-0.5456129999997756,-0.35407600000007733,-0.4498444999999265
2022-08-02 10:00:00,2737.276855,2736.732991,2736.921071,-0.5438640000002124,-0.35578399999985777,-0.4498240000000351
2022-08-02 10:30:00,2737.282103,2736.73375,2736.926321,-0.5483530000001338,-0.3557820000000902,-0.452067500000112
2022-08-02 11:00:00,2737.275105,2736.728499,2736.919321,-0.5466060000003381,-0.3557840000003125,-0.4511950000003253
2022-08-02 11:15:00,2737.275105,2736.726749,2736.920739,-0.5483560000002399,-0.35436600000002727,-0.45136100000013357
2022-08-02 13:15:00,2737.273346,2736.724998,2736.918127,-0.5483479999998053,-0.3552190000000337,-0.4517834999999195
2022-08-02 13:45:00,2737.276845,2736.725907,2736.917274,-0.55093799999986,-0.3595709999999599,-0.45525449999990997
2022-08-02 14:30:00,2737.274516,2736.726236,2736.921899,-0.548279999999977,-0.3526170000000093,-0.45044849999999315
2022-08-02 14:45:00,2737.271017,2736.724158,2736.919297,-0.5468590000000404,-0.35172000000011394,-0.44928950000007717
2022-08-02 15:00:00,2737.276265,2736.724157,2736.919014,-0.5521079999998619,-0.3572509999999056,-0.4546794999998838
2022-08-02 15:15:00,2737.275685,2736.725327,2736.91758,-0.5503579999999602,-0.3581050000002506,-0.45423150000010537
2022-08-02 15:30:00,2737.277435,2736.73081,2736.921363,-0.5466249999999491,-0.35607200000004013,-0.4513484999999946
2022-08-02 15:45:00,2737.272186,2736.726318,2736.920184,-0.545868000000155,-0.3520020000000841,-0.44893500000011954
2022-08-02 16:00:00,2737.272186,2736.727309,2736.918433,-0.5448770000002696,-0.3537530000003244,-0.449315000000297
2022-08-02 16:15:00,2737.273936,2736.726914,2736.923352,-0.5470220000001973,-0.3505840000002536,-0.44880300000022544
2022-08-02 16:30:00,2737.273936,2736.725163,2736.92075,-0.5487729999999829,-0.35318599999982325,-0.45097949999990306
2022-08-02 16:45:00,2737.275095,2736.727083,2736.923659,-0.5480119999997441,-0.3514359999999215,-0.4497239999998328
2022-08-02 17:00:00,2737.272186,2736.723414,2736.918998,-0.5487720000000991,-0.3531880000000456,-0.4509800000000723
2022-08-02 17:15:00,2737.273346,2736.724573,2736.920158,-0.5487729999999829,-0.3531880000000456,-0.4509805000000142
2022-08-02 17:30:00,2737.273936,2736.723331,2736.921601,-0.550604999999905,-0.35233500000003914,-0.45146999999997206
2022-08-02 18:00:00,2737.273346,2736.725482,2736.919593,-0.5478640000001178,-0.35375299999986964,-0.45080849999999373
2022-08-02 18:15:00,2737.276845,2736.726241,2736.923094,-0.5506040000000212,-0.3537509999996473,-0.45217749999983425
2022-08-02 18:30:00,2737.275095,2736.721749,2736.921344,-0.5533460000001469,-0.35375100000010207,-0.4535485000001245
2022-08-02 19:00:00,2737.276845,2736.729063,2736.921908,-0.5477819999996427,-0.35493700000006356,-0.45135949999985314
2022-08-02 19:45:00,2737.276845,2736.723582,2736.921343,-0.553262999999788,-0.35550199999988763,-0.4543824999998378
2022-08-02 20:00:00,2737.275685,2736.72242,2736.922787,-0.5532650000000103,-0.35289800000009564,-0.453081500000053
2022-08-02 21:30:00,2737.279184,2736.725921,2736.924537,-0.553262999999788,-0.3546470000001136,-0.4539549999999508
2022-08-02 21:45:00,2737.276265,2736.723327,2736.922797,-0.5529379999998127,-0.3534679999997934,-0.45320299999980307
2022-08-02 22:15:00,2737.278014,2736.725145,2736.921047,-0.5528690000001006,-0.3569670000001679,-0.45491800000013427
2022-08-02 22:30:00,2737.279764,2736.726895,2736.924547,-0.5528690000001006,-0.3552169999998114,-0.454042999999956
2022-08-02 23:15:00,2737.277435,2736.726977,2736.927423,-0.5504580000001624,-0.35001199999987875,-0.4502350000000206
2022-08-02 23:30:00,2737.277435,2736.72516,2736.92539,-0.5522750000000087,-0.3520450000000892,-0.45216000000004897
2022-08-03 00:15:00,2737.284432,2736.730806,2736.928321,-0.5536259999998947,-0.35611100000005536,-0.45486849999997503
2022-08-03 00:30:00,2737.279184,2736.726314,2736.92482,-0.5528699999999844,-0.35436399999980495,-0.4536169999998947
2022-08-03 00:45:00,2737.280933,2736.729054,2736.923967,-0.551879000000099,-0.35696599999982936,-0.4544224999999642
2022-08-03 01:00:00,2737.280933,2736.727238,2736.92539,-0.5536950000000616,-0.3555430000001252,-0.45461900000009337
2022-08-03 01:15:00,2737.280344,2736.725329,2736.926551,-0.5550149999999121,-0.35379299999976865,-0.4544039999998404
2022-08-03 01:30:00,2737.280933,2736.724169,2736.925957,-0.5567639999999301,-0.3549760000000788,-0.45587000000000444
2022-08-03 02:15:00,2737.279184,2736.728989,2736.927994,-0.5501949999998033,-0.35118999999986045,-0.45069249999983185
2022-08-03 02:30:00,2737.279184,2736.729651,2736.924539,-0.549532999999883,-0.3546449999998913,-0.45208899999988716
2022-08-03 03:00:00,2737.280344,2736.730811,2736.925698,-0.549532999999883,-0.3546459999997751,-0.45208949999982906
2022-08-03 03:30:00,2737.282093,2736.72807,2736.928301,-0.5540229999996882,-0.35379199999988487,-0.4539074999997865
2022-08-03 03:45:00,2737.278594,2736.72906,2736.923095,-0.5495339999997668,-0.3554989999997815,-0.45251649999977417
2022-08-03 04:15:00,2737.282093,2736.726238,2736.928868,-0.5558549999996103,-0.3532249999998385,-0.4545399999997244
2022-08-03 04:30:00,2737.281513,2736.727408,2736.927433,-0.5541049999997085,-0.35408000000006723,-0.4540924999998879
2022-08-03 04:45:00,2737.281513,2736.728398,2736.925683,-0.5531149999997069,-0.355829999999969,-0.45447249999983796
2022-08-03 05:00:00,2737.281513,2736.731138,2736.927435,-0.5503749999998035,-0.3540779999998449,-0.4522264999998242
2022-08-03 05:30:00,2737.283263,2736.726417,2736.927434,-0.5568459999999504,-0.35582899999963047,-0.45633749999979045
2022-08-03 05:45:00,2737.283842,2736.729821,2736.927449,-0.5540209999999206,-0.3563930000000255,-0.45520699999997305
2022-08-03 06:00:00,2737.282093,2736.727079,2736.928302,-0.5550140000000283,-0.3537910000000011,-0.4544025000000147
2022-08-03 06:30:00,2737.282683,2736.727999,2736.927142,-0.5546839999997246,-0.35554099999990285,-0.45511249999981374
2022-08-03 06:45:00,2737.282683,2736.729816,2736.928892,-0.5528669999998783,-0.3537910000000011,-0.4533289999999397
2022-08-03 07:00:00,2737.280933,2736.726314,2736.925392,-0.5546190000000024,-0.35554099999990285,-0.45507999999995263
2022-08-03 07:30:00,2737.279764,2736.725904,2736.925972,-0.553859999999986,-0.35379199999988487,-0.45382599999993545
2022-08-03 07:45:00,2737.278014,2736.731386,2736.930607,-0.5466280000000552,-0.34740700000020297,-0.4470175000001291
2022-08-03 08:00:00,2737.281513,2736.727655,2736.927151,-0.5538579999997637,-0.35436200000003737,-0.45410999999990054
2022-08-03 08:45:00,2737.281513,2736.727984,2736.928004,-0.5535289999997985,-0.35350900000003094,-0.45351899999991474
2022-08-03 09:30:00,2737.279764,2736.724155,2736.926255,-0.555609000000004,-0.35350900000003094,-0.4545590000000175
2022-08-03 09:45:00,2737.278014,2736.720572,2736.922482,-0.5574419999998099,-0.35553200000003926,-0.4564869999999246
2022-08-03 10:00:00,2737.278594,2736.724074,2736.925981,-0.5545199999996839,-0.3526130000000194,-0.45356649999985166
2022-08-03 10:15:00,2737.276845,2736.719582,2736.926835,-0.5572629999996934,-0.35000999999965643,-0.4536364999996749
2022-08-03 10:45:00,2737.278014,2736.723165,2736.927151,-0.5548490000001038,-0.3508630000001176,-0.4528560000001107
2022-08-03 11:45:00,2737.276845,2736.721235,2736.924231,-0.5556099999998878,-0.35261399999990317,-0.4541119999998955
2022-08-03 12:15:00,2737.274516,2736.722405,2736.925401,-0.552110999999968,-0.3491149999999834,-0.4506129999999757
2022-08-03 12:45:00,2737.276265,2736.722077,2736.924548,-0.5541880000000674,-0.35171700000000783,-0.4529525000000376
2022-08-03 13:00:00,2737.276265,2736.72026,2736.922799,-0.5560049999999137,-0.3534660000000258,-0.45473549999996976
2022-08-03 13:30:00,2737.277435,2736.720671,2736.923969,-0.5567639999999301,-0.3534660000000258,-0.45511499999997795
2022-08-03 14:00:00,2737.275685,2736.720999,2736.924821,-0.5546859999999469,-0.3508640000000014,-0.45277499999997417
2022-08-03 15:00:00,2737.278604,2736.72955,2736.934328,-0.5490540000000692,-0.3442760000002636,-0.4466650000001664
2022-08-03 15:15:00,2737.286182,2736.794631,2736.957528,-0.4915509999996175,-0.32865399999991496,-0.4101024999997662
2022-08-03 15:30:00,2737.287931,2736.826072,2736.944511,-0.461859000000004,-0.3434199999996963,-0.40263949999985016
2022-08-03 15:45:00,2737.284432,2736.843309,2736.959278,-0.44112300000006144,-0.3251540000001114,-0.3831385000000864
2022-08-03 16:00:00,2737.287351,2736.85546,2736.954344,-0.43189099999972314,-0.33300699999972494,-0.38244899999972404
2022-08-03 16:15:00,2737.292599,2736.876501,2736.943931,-0.41609799999969255,-0.3486680000000888,-0.38238299999989067
2022-08-03 16:30:00,2737.287351,2736.891211,2736.949138,-0.39613999999983207,-0.3382129999999961,-0.3671764999999141
2022-08-03 16:45:00,2737.287351,2736.893722,2736.959551,-0.39362900000014633,-0.32780000000002474,-0.36071450000008554
2022-08-03 17:00:00,2737.284432,2736.89075,2736.946251,-0.39368199999989884,-0.3381810000000769,-0.36593149999998786
2022-08-03 17:15:00,2737.287931,2736.880808,2736.948855,-0.40712299999995594,-0.3390759999997499,-0.3730994999998529
2022-08-03 17:30:00,2737.282683,2736.879816,2736.951458,-0.40286699999978737,-0.33122499999990396,-0.36704599999984566
2022-08-03 17:45:00,2737.282093,2736.86993,2736.957824,-0.4121629999999641,-0.324268999999731,-0.36821599999984755
2022-08-03 18:00:00,2737.282093,2736.861625,2736.954367,-0.42046799999980067,-0.3277259999999842,-0.37409699999989243
2022-08-03 18:15:00,2737.282093,2736.858816,2736.952617,-0.4232769999998709,-0.32947599999988597,-0.37637649999987843
2022-08-03 18:30:00,2737.278594,2736.850844,2736.94567,-0.42774999999983265,-0.3329239999998208,-0.38033699999982673
2022-08-03 18:45:00,2737.276845,2736.845028,2736.939611,-0.4318169999996826,-0.3372340000000804,-0.3845254999998815
2022-08-03 19:00:00,2737.276845,2736.838889,2736.931231,-0.4379559999997582,-0.3456139999998413,-0.39178499999979977
2022-08-03 19:15:00,2737.275685,2736.834988,2736.927467,-0.4406970000000001,-0.34821800000008807,-0.3944575000000441
2022-08-03 19:30:00,2737.277435,2736.832575,2736.936164,-0.4448600000000624,-0.3412709999997787,-0.3930654999999206
2022-08-03 19:45:00,2737.279764,2736.826913,2736.933244,-0.45285100000000966,-0.346520000000055,-0.39968550000003233
2022-08-03 20:00:00,2737.279764,2736.824171,2736.930069,-0.4555929999996806,-0.3496949999998833,-0.40264399999978195
2022-08-03 20:15:00,2737.279764,2736.82333,2736.940482,-0.45643399999971734,-0.33928199999991193,-0.39785799999981464
2022-08-03 20:30:00,2737.278594,2736.822158,2736.935003,-0.45643599999993967,-0.343590999999833,-0.40001349999988633
2022-08-03 20:45:00,2737.278014,2736.817667,2736.933253,-0.46034700000018347,-0.3447609999998349,-0.4025540000000092
2022-08-03 21:00:00,2737.276265,2736.813191,2736.935275,-0.4630739999997786,-0.3409900000001471,-0.40203199999996286
2022-08-03 21:30:00,2737.279764,2736.809279,2736.938458,-0.47048499999982596,-0.34130599999980404,-0.405895499999815
2022-08-03 21:45:00,2737.276855,2736.809936,2736.933275,-0.46691899999996167,-0.34358000000020184,-0.40524950000008175
2022-08-03 22:00:00,2737.278604,2736.805706,2736.928069,-0.4728979999999865,-0.35053500000003623,-0.41171650000001137
2022-08-03 22:15:00,2737.280933,2736.805362,2736.942518,-0.47557099999994534,-0.3384150000001682,-0.4069930000000568
2022-08-03 22:30:00,2737.282683,2736.806351,2736.946301,-0.4763319999997293,-0.33638199999995777,-0.40635699999984354
2022-08-03 22:45:00,2737.279184,2736.802784,2736.949757,-0.47640000000001237,-0.32942700000012337,-0.40291350000006787
2022-08-03 23:00:00,2737.282683,2736.804534,2736.951507,-0.47814900000003036,-0.3311759999996866,-0.4046624999998585
2022-08-03 23:15:00,2737.280354,2736.802964,2736.950644,-0.47739000000001397,-0.3297099999999773,-0.40354999999999563
2022-08-03 23:30:00,2737.280933,2736.797302,2736.946871,-0.48363100000005943,-0.3340619999999035,-0.40884649999998146
2022-08-03 23:45:00,2737.282683,2736.799052,2736.949474,-0.48363100000005943,-0.33320899999989706,-0.40841999999997824
2022-08-04 00:15:00,2737.280354,2736.79456,2736.948894,-0.48579400000016904,-0.3314599999998791,-0.40862700000002405
2022-08-04 00:30:00,2737.282683,2736.794478,2736.94805,-0.48820500000010725,-0.3346329999999398,-0.4114190000000235
2022-08-04 01:00:00,2737.280933,2736.792809,2736.944549,-0.4881239999999707,-0.3363840000001801,-0.4122540000000754
2022-08-04 01:15:00,2737.279184,2736.790977,2736.943696,-0.4882069999998748,-0.33548800000016854,-0.4118475000000217
2022-08-04 01:30:00,2737.279764,2736.787065,2736.945129,-0.4926989999999023,-0.33463499999970736,-0.41366699999980483
2022-08-04 01:45:00,2737.279184,2736.791059,2736.947152,-0.4881249999998545,-0.33203199999979915,-0.4100784999998268
2022-08-04 02:00:00,2737.284432,2736.792727,2736.950653,-0.4917049999999108,-0.33377900000004956,-0.4127419999999802
2022-08-04 02:15:00,2737.283852,2736.787244,2736.951823,-0.4966079999999238,-0.3320290000001478,-0.4143185000000358
2022-08-04 02:30:00,2737.280354,2736.788235,2736.945763,-0.4921190000000024,-0.33459099999981845,-0.41335499999991043
2022-08-04 03:00:00,2737.283852,2736.791736,2736.947512,-0.4921159999998963,-0.33633999999983644,-0.41422799999986637
2022-08-04 03:15:00,2737.285012,2736.789061,2736.946922,-0.49595099999987724,-0.3380899999997382,-0.4170204999998077
2022-08-04 03:45:00,2737.285012,2736.785264,2736.943467,-0.49974799999972674,-0.34154499999976906,-0.4206464999997479
2022-08-04 04:00:00,2737.285012,2736.784503,2736.952698,-0.5005089999999655,-0.3323139999997693,-0.4164114999998674
2022-08-04 04:15:00,2737.286761,2736.786253,2736.951845,-0.5005079999996269,-0.3349159999997937,-0.4177119999997103
2022-08-04 04:30:00,2737.287931,2736.787425,2736.950412,-0.5005059999998593,-0.3375189999997019,-0.41901249999978063
2022-08-04 04:45:00,2737.286182,2736.785016,2736.953868,-0.501166000000012,-0.3323139999997693,-0.41673999999989064
2022-08-04 05:45:00,2737.285012,2736.779273,2736.949243,-0.5057389999997213,-0.33576899999980014,-0.4207539999997607
2022-08-04 06:15:00,2737.288511,2736.780114,2736.945215,-0.508397000000059,-0.34329600000000937,-0.4258465000000342
2022-08-04 06:30:00,2737.288511,2736.783847,2736.955628,-0.504664000000048,-0.332883000000038,-0.418773500000043
2022-08-04 07:00:00,2737.285602,2736.777205,2736.962278,-0.508397000000059,-0.32332399999995687,-0.41586050000000796
2022-08-04 07:30:00,2737.287351,2736.774463,2736.959956,-0.512887999999748,-0.3273949999997967,-0.42014149999977235
2022-08-04 07:45:00,2737.284432,2736.776035,2736.962277,-0.508397000000059,-0.32215499999983876,-0.4152759999999489
2022-08-04 08:00:00,2737.284432,2736.773622,2736.968337,-0.5108099999997648,-0.31609500000013213,-0.4134524999999485
2022-08-04 08:15:00,2737.281513,2736.771528,2736.969205,-0.5099849999996877,-0.31230800000003,-0.41114649999985886
2022-08-04 08:45:00,2737.282103,2736.773108,2736.96719,-0.5089950000001409,-0.31491300000016054,-0.4119540000001507
2022-08-04 09:00:00,2737.282103,2736.770368,2736.970648,-0.5117350000000442,-0.3114550000000236,-0.4115950000000339
2022-08-04 09:15:00,2737.280354,2736.768617,2736.955028,-0.5117369999998118,-0.3253260000001319,-0.41853149999997186
2022-08-04 09:30:00,2737.277435,2736.767447,2736.962521,-0.5099879999997938,-0.3149140000000443,-0.4124509999999191
2022-08-04 09:45:00,2737.273936,2736.765697,2736.965124,-0.5082390000002306,-0.30881200000021636,-0.4085255000002235
2022-08-04 10:00:00,2737.275685,2736.763946,2736.959347,-0.5117390000000341,-0.31633800000008705,-0.4140385000000606
2022-08-04 10:15:00,2737.273936,2736.767529,2736.959064,-0.5064069999998537,-0.314871999999923,-0.41063949999988836
2022-08-04 10:30:00,2737.278604,2736.769279,2736.966294,-0.5093249999999898,-0.31231000000025233,-0.41081750000012107
2022-08-04 10:45:00,2737.271607,2736.764789,2736.950343,-0.506818000000294,-0.32126400000015565,-0.4140410000002248
2022-08-04 11:00:00,2737.268688,2736.762099,2736.938727,-0.5065890000000763,-0.329960999999912,-0.4182749999999942
2022-08-04 11:15:00,2737.278604,2736.764787,2736.935919,-0.5138170000000173,-0.34268500000007407,-0.4282510000000457
2022-08-04 11:30:00,2737.280354,2736.765051,2736.94344,-0.5153030000001309,-0.33691399999997884,-0.42610850000005485
2022-08-04 11:45:00,2737.276855,2736.766042,2736.940837,-0.510812999999871,-0.3360179999999673,-0.4234154999999191
2022-08-04 12:00:00,2737.278604,2736.762309,2736.939087,-0.5162949999999,-0.33951699999988705,-0.42790599999989354
2022-08-04 12:15:00,2737.278604,2736.760559,2736.948637,-0.5180450000002566,-0.32996700000012424,-0.4240060000001904
2022-08-04 12:30:00,2737.274516,2736.760549,2736.950651,-0.513966999999866,-0.32386499999984153,-0.41891599999985374
2022-08-04 12:45:00,2737.278014,2736.762381,2736.945453,-0.5156329999999798,-0.33256100000016886,-0.42409700000007433
2022-08-04 13:00:00,2737.276265,2736.76154,2736.94574,-0.5147249999999985,-0.3305249999998523,-0.4226249999999254
2022-08-04 13:15:00,2737.278014,2736.76329,2736.944888,-0.5147240000001148,-0.33312599999999293,-0.42392500000005384
2022-08-04 13:30:00,2737.274516,2736.759789,2736.944557,-0.5147269999997661,-0.32995900000014444,-0.4223429999999553
2022-08-04 13:45:00,2737.276265,2736.758798,2736.945453,-0.5174670000001242,-0.3308120000001509,-0.42413950000013756
2022-08-04 14:00:00,2737.278014,2736.75956,2736.947203,-0.5184540000000197,-0.33081099999981234,-0.42463249999991604
2022-08-04 14:45:00,2737.277435,2736.761617,2736.944873,-0.5158179999998538,-0.33256200000005265,-0.4241899999999532
2022-08-04 15:00:00,2737.275685,2736.761535,2736.949796,-0.5141499999999724,-0.3258890000001884,-0.42001950000008037
2022-08-04 15:15:00,2737.275685,2736.759783,2736.944591,-0.5159020000000965,-0.331094000000121,-0.42349800000010873
2022-08-04 15:30:00,2737.276855,2736.759137,2736.945761,-0.517718000000059,-0.331094000000121,-0.42440600000009
2022-08-04 15:45:00,2737.275105,2736.755227,2736.944581,-0.5198780000000625,-0.3305239999999685,-0.4252010000000155
2022-08-04 16:00:00,2737.275105,2736.758809,2736.946331,-0.5162960000002386,-0.32877400000006674,-0.42253500000015265
2022-08-04 16:15:00,2737.278014,2736.758136,2736.947491,-0.5198780000000625,-0.3305230000000847,-0.4252005000000736
2022-08-04 16:30:00,2737.275095,2736.756387,2736.948344,-0.5187080000000606,-0.3267510000000584,-0.4227295000000595
2022-08-04 16:45:00,2737.275095,2736.755627,2736.94342,-0.5194679999999607,-0.3316749999999047,-0.4255714999999327
2022-08-04 17:00:00,2737.275095,2736.755299,2736.947774,-0.5197960000000421,-0.32732099999975617,-0.42355849999989914
2022-08-04 18:00:00,2737.276845,2736.751895,2736.944887,-0.5249499999999898,-0.3319579999997586,-0.4284539999998742
2022-08-04 18:15:00,2737.276845,2736.754309,2736.946921,-0.5225359999999455,-0.3299239999996644,-0.42622999999980493
2022-08-04 18:30:00,2737.272766,2736.753646,2736.948661,-0.5191199999999299,-0.3241050000001451,-0.42161250000003747
2022-08-04 19:00:00,2737.276845,2736.757377,2736.944034,-0.5194679999999607,-0.33281099999976504,-0.4261394999998629
2022-08-04 19:30:00,2737.279764,2736.759209,2736.949241,-0.5205550000000585,-0.3305230000000847,-0.4255390000000716
2022-08-04 19:45:00,2737.276855,2736.754646,2736.947511,-0.5222090000002026,-0.32934400000021924,-0.42577650000021094
2022-08-04 20:15:00,2737.278604,2736.757387,2736.948364,-0.5212169999999787,-0.3302400000002308,-0.42572850000010476
2022-08-04 20:30:00,2737.276855,2736.758378,2736.944909,-0.5184770000000753,-0.33194600000024366,-0.4252115000001595
2022-08-04 20:45:00,2737.279184,2736.755226,2736.947521,-0.5239579999997659,-0.331662999999935,-0.42781049999985044
2022-08-04 21:00:00,2737.277435,2736.755293,2736.944918,-0.5221419999998034,-0.3325169999998252,-0.4273294999998143
2022-08-04 21:15:00,2737.278014,2736.756863,2736.944036,-0.521150999999918,-0.33397800000011557,-0.4275645000000168
2022-08-04 21:30:00,2737.279764,2736.757048,2736.948389,-0.5227159999999458,-0.3313749999997526,-0.4270454999998492
2022-08-04 21:45:00,2737.276265,2736.753547,2736.947195,-0.5227180000001681,-0.32906999999977415,-0.42589399999997113
2022-08-04 22:00:00,2737.278014,2736.755298,2736.948379,-0.5227159999999458,-0.32963500000005297,-0.4261754999999994
2022-08-04 22:15:00,2737.281513,2736.750724,2736.948944,-0.5307889999999134,-0.3325689999996939,-0.43167899999980364
2022-08-04 22:30:00,2737.280354,2736.753146,2736.947219,-0.5272079999999733,-0.3331349999998565,-0.4301714999999149
2022-08-04 23:00:00,2737.279764,2736.755298,2736.946639,-0.5244659999998476,-0.33312500000010914,-0.42879549999997835
2022-08-05 00:15:00,2737.278604,2736.758294,2736.945514,-0.5203099999998813,-0.3330900000000838,-0.42669999999998254
2022-08-05 00:45:00,2737.282103,2736.752156,2736.948118,-0.5299469999999928,-0.3339850000002116,-0.4319660000001022
2022-08-05 01:00:00,2737.280354,2736.750405,2736.9484,-0.5299490000002152,-0.3319539999997687,-0.43095149999999194
2022-08-05 01:15:00,2737.280354,2736.751313,2736.945515,-0.5290409999997792,-0.3348390000001018,-0.4319399999999405
2022-08-05 01:30:00,2737.279764,2736.750723,2736.945788,-0.5290409999997792,-0.33397599999989325,-0.4315084999998362
2022-08-05 01:45:00,2737.279184,2736.751561,2736.946958,-0.5276229999999487,-0.3322259999999915,-0.42992449999997007
2022-08-05 03:00:00,2737.279764,2736.751314,2736.944082,-0.5284499999997934,-0.3356819999999061,-0.43206599999984974
2022-08-05 03:15:00,2737.279764,2736.752305,2736.944935,-0.527458999999908,-0.3348289999998997,-0.4311439999999038
2022-08-05 03:30:00,2737.282683,2736.752484,2736.947523,-0.5301989999998113,-0.33516000000008717,-0.43267949999994926
2022-08-05 04:00:00,2737.280933,2736.747994,2736.94956,-0.5329390000001695,-0.33137299999998504,-0.43215600000007726
2022-08-05 04:15:00,2737.282683,2736.756052,2736.949273,-0.5266309999997247,-0.33340999999973064,-0.4300204999997277
2022-08-05 04:30:00,2737.280933,2736.755226,2736.948707,-0.5257069999997839,-0.3322259999999915,-0.4289664999998877
2022-08-05 04:45:00,2737.283852,2736.754645,2736.949263,-0.5292070000000422,-0.3345890000000509,-0.4318980000000465
2022-08-05 05:15:00,2737.280354,2736.751062,2736.946943,-0.5292920000001686,-0.3334110000000692,-0.4313515000001189
2022-08-05 05:30:00,2737.283852,2736.750913,2736.948693,-0.5329390000001695,-0.3351590000002034,-0.4340490000001864
2022-08-05 06:30:00,2737.281513,2736.753132,2736.948103,-0.5283810000000813,-0.33340999999973064,-0.43089549999990595
2022-08-05 07:15:00,2737.279764,2736.750724,2736.947538,-0.5290399999998954,-0.3322259999999915,-0.4306329999999434
2022-08-05 07:45:00,2737.279764,2736.747984,2736.947528,-0.5317799999997987,-0.33223599999973885,-0.4320079999997688
2022-08-05 08:45:00,2737.280354,2736.748574,2736.947265,-0.5317799999997987,-0.33308900000020003,-0.4324344999999994
2022-08-05 10:00:00,2737.279764,2736.751382,2736.94839,-0.528381999999965,-0.33137399999986883,-0.42987799999991694
2022-08-05 11:15:00,2737.277435,2736.749975,2736.946095,-0.5274599999997918,-0.33134000000018204,-0.4293999999999869
2022-08-05 11:30:00,2737.274516,2736.746065,2736.944925,-0.5284510000001319,-0.32959100000016406,-0.429021000000148
2022-08-05 11:45:00,2737.275685,2736.748225,2736.94666,-0.5274600000002465,-0.32902500000000146,-0.428242500000124
2022-08-05 12:15:00,2737.275685,2736.745485,2736.944919,-0.5302000000001499,-0.33076600000003964,-0.43048300000009476
2022-08-05 12:30:00,2737.275685,2736.746393,2736.944066,-0.5292920000001686,-0.33161900000004607,-0.43045550000010735
2022-08-05 13:00:00,2737.276855,2736.747235,2736.945236,-0.52962000000025,-0.33161900000004607,-0.43061950000014804
2022-08-05 13:15:00,2737.275105,2736.746476,2736.943486,-0.5286290000003646,-0.33161900000004607,-0.43012400000020534
2022-08-05 14:15:00,2737.276265,2736.744052,2736.942613,-0.5322129999999561,-0.3336519999998018,-0.43293249999987893
2022-08-05 14:45:00,2737.278014,2736.747457,2736.943467,-0.5305570000000444,-0.33454699999992954,-0.43255199999998695
2022-08-05 15:00:00,2737.275105,2736.744545,2736.940883,-0.5305600000001505,-0.3342219999999543,-0.4323910000000524
2022-08-05 16:30:00,2737.275095,2736.749037,2736.945217,-0.5260579999999209,-0.3298780000000079,-0.4279679999999644
2022-08-05 16:45:00,2737.276265,2736.745715,2736.944354,-0.5305499999999483,-0.3319109999997636,-0.43123049999985597
2022-08-05 17:30:00,2737.273346,2736.743889,2736.945787,-0.5294570000000931,-0.3275589999998374,-0.42850799999996525
2022-08-05 17:45:00,2737.278594,2736.746629,2736.946968,-0.5319649999996727,-0.33162599999968734,-0.43179549999968003
2022-08-05 18:00:00,2737.275095,2736.744879,2736.942614,-0.5302160000001095,-0.3324809999999161,-0.4313485000000128
2022-08-05 18:15:00,2737.276845,2736.745638,2736.944363,-0.5312069999999949,-0.3324819999997999,-0.4318444999998974
2022-08-05 19:15:00,2737.278014,2736.742897,2736.947821,-0.5351169999999001,-0.330192999999781,-0.4326549999998406
2022-08-05 19:30:00,2737.276845,2736.743888,2736.945218,-0.5329569999998967,-0.3316270000000259,-0.43229199999996126
2022-08-05 20:00:00,2737.278014,2736.745704,2736.946968,-0.5323100000000522,-0.33104599999978745,-0.43167799999991985
2022-08-05 20:45:00,2737.278604,2736.745303,2736.94784,-0.5333009999999376,-0.33076400000027206,-0.43203250000010485
2022-08-05 21:15:00,2737.276855,2736.744543,2736.946091,-0.5323120000002746,-0.33076400000027206,-0.4315380000002733
2022-08-05 21:45:00,2737.279184,2736.747284,2736.946672,-0.5318999999999505,-0.3325119999999515,-0.432205999999951
2022-08-05 22:00:00,2737.279184,2736.746293,2736.945819,-0.5328909999998359,-0.33336499999995794,-0.43312799999989693
2022-08-05 22:15:00,2737.282683,2736.748044,2736.948422,-0.5346389999999701,-0.3342609999999695,-0.4344499999999698
2022-08-05 23:00:00,2737.280354,2736.746294,2736.947842,-0.534059999999954,-0.3325119999999515,-0.43328599999995276
2022-08-05 23:30:00,2737.278604,2736.74388,2736.946092,-0.5347240000000966,-0.3325119999999515,-0.43361800000002404
2022-08-06 00:00:00,2737.278604,2736.745631,2736.947278,-0.532973000000311,-0.33132599999999,-0.4321495000001505
2022-08-06 00:15:00,2737.280354,2736.747463,2736.947843,-0.5328909999998359,-0.3325110000000677,-0.4327009999999518
2022-08-06 00:30:00,2737.280933,2736.745303,2736.948711,-0.5356299999998555,-0.33222200000000157,-0.43392599999992854
2022-08-06 01:15:00,2737.282103,2736.748454,2736.94524,-0.5336489999999685,-0.3368629999999939,-0.4352559999999812
2022-08-06 01:30:00,2737.280354,2736.745302,2736.947843,-0.5350520000001779,-0.3325110000000677,-0.43378150000012283
2022-08-06 02:00:00,2737.278604,2736.743486,2736.94699,-0.5351180000002387,-0.3316140000001724,-0.43336600000020553
2022-08-06 02:30:00,2737.278014,2736.743721,2736.9464,-0.5342930000001616,-0.3316140000001724,-0.43295350000016697
2022-08-06 03:30:00,2737.279764,2736.746463,2736.949574,-0.5333009999999376,-0.3301899999996749,-0.43174549999980627
2022-08-06 03:45:00,2737.276855,2736.742563,2736.947844,-0.5342920000002778,-0.3290110000002642,-0.43165150000027097
2022-08-06 04:15:00,2737.278604,2736.745303,2736.946991,-0.5333009999999376,-0.3316130000002886,-0.4324570000001131
2022-08-06 04:30:00,2737.279764,2736.745637,2736.950753,-0.5341269999998985,-0.32901099999980943,-0.431568999999854
2022-08-06 04:45:00,2737.279764,2736.742896,2736.949574,-0.5368679999996857,-0.3301899999996749,-0.4335289999996803
2022-08-06 05:00:00,2737.281513,2736.741906,2736.946401,-0.5396069999997053,-0.3351119999997536,-0.43735949999972945
2022-08-06 05:15:00,2737.280354,2736.745303,2736.94699,-0.5350509999998394,-0.33336400000007416,-0.4342074999999568
2022-08-06 07:00:00,2737.280354,2736.741573,2736.946425,-0.5387810000001991,-0.3339289999998982,-0.4363550000000487
2022-08-06 07:15:00,2737.280354,2736.743651,2736.945572,-0.5367029999997612,-0.33478199999990466,-0.43574249999983294
2022-08-06 07:30:00,2737.279184,2736.744313,2736.94757,-0.5348709999998391,-0.3316140000001724,-0.43324250000000575
2022-08-06 07:45:00,2737.279184,2736.740732,2736.94582,-0.5384519999997792,-0.33336400000007416,-0.4359079999999267
2022-08-06 08:15:00,2737.279184,2736.742564,2736.948423,-0.5366199999998571,-0.33076100000016595,-0.4336905000000115
2022-08-06 08:45:00,2737.277435,2736.745304,2736.946108,-0.5321309999999357,-0.3313269999998738,-0.4317289999999048
2022-08-06 09:00:00,2737.278014,2736.743144,2736.945835,-0.5348699999999553,-0.33217899999999645,-0.4335244999999759
2022-08-06 09:15:00,2737.279764,2736.745886,2736.944411,-0.5338779999997314,-0.33535299999994095,-0.4346154999998362
2022-08-06 10:15:00,2737.276265,2736.744136,2736.945264,-0.5321290000001682,-0.33100100000001476,-0.43156500000009146
2022-08-06 10:30:00,2737.278014,2736.741394,2736.944085,-0.5366199999998571,-0.3339289999998982,-0.43527449999987766
2022-08-06 10:45:00,2737.276855,2736.740234,2736.944095,-0.5366210000001956,-0.33276000000023487,-0.43469050000021525
2022-08-06 11:00:00,2737.275105,2736.742395,2736.944093,-0.5327099999999518,-0.33101200000010067,-0.43186100000002625
2022-08-06 11:30:00,2737.276265,2736.744465,2736.947004,-0.5317999999997483,-0.32926099999986036,-0.4305304999998043
2022-08-06 12:00:00,2737.276265,2736.739973,2736.945255,-0.5362919999997757,-0.33100999999987835,-0.43365099999982704
2022-08-06 12:15:00,2737.278014,2736.745127,2736.946721,-0.532886999999846,-0.331293000000187,-0.4320900000000165
2022-08-06 12:30:00,2737.277435,2736.744547,2736.948744,-0.5328880000001845,-0.3286910000001626,-0.4307895000001736
2022-08-06 12:45:00,2737.277435,2736.746297,2736.948754,-0.531137999999828,-0.3286809999999605,-0.42990949999989425
2022-08-06 13:00:00,2737.277435,2736.742714,2736.94757,-0.5347209999999905,-0.3298650000001544,-0.4322930000000724
2022-08-06 13:30:00,2737.276855,2736.741805,2736.946988,-0.5350499999999556,-0.329866999999922,-0.4324584999999388
2022-08-06 14:00:00,2737.276855,2736.742796,2736.946135,-0.5340590000000702,-0.3307199999999284,-0.4323894999999993
2022-08-06 14:30:00,2737.277435,2736.740635,2736.947003,-0.5367999999998574,-0.33043199999974604,-0.4336159999998017
2022-08-06 15:00:00,2737.278014,2736.741806,2736.945545,-0.5362079999999878,-0.3324689999999464,-0.4343384999999671
2022-08-06 15:15:00,2737.279764,2736.741725,2736.951649,-0.5380390000000261,-0.3281149999997979,-0.433076999999912
2022-08-06 15:30:00,2737.278014,2736.738224,2736.946398,-0.5397899999998117,-0.33161599999993996,-0.43570299999987583
2022-08-06 15:45:00,2737.278604,2736.742731,2736.951342,-0.5358730000002652,-0.3272620000002462,-0.4315675000002557
2022-08-06 16:00:00,2737.276855,2736.738239,2736.948738,-0.5386160000002747,-0.3281170000000202,-0.4333665000001474
2022-08-06 16:15:00,2737.278604,2736.744548,2736.947885,-0.5340559999999641,-0.3307190000000446,-0.43238750000000437
2022-08-06 16:30:00,2737.278604,2736.741741,2736.950488,-0.5368630000002668,-0.3281160000001364,-0.4324895000002016
2022-08-06 18:45:00,2737.279184,2736.742715,2736.94615,-0.5364690000001247,-0.33303399999977046,-0.43475149999994755
2022-08-06 19:30:00,2737.280933,2736.743558,2736.948753,-0.5373749999998836,-0.33217999999988024,-0.4347774999998819
2022-08-06 20:15:00,2737.279184,2736.740816,2736.948182,-0.5383679999999913,-0.33100199999989854,-0.4346849999999449
2022-08-06 20:45:00,2737.278014,2736.746216,2736.947899,-0.5317979999999807,-0.3301150000002053,-0.430956500000093
2022-08-06 21:15:00,2737.280354,2736.74382,2736.94617,-0.5365339999998469,-0.33418399999982284,-0.43535899999983485
2022-08-06 21:30:00,2737.278014,2736.746298,2736.945297,-0.5317159999999603,-0.332716999999775,-0.43221649999986766
2022-08-06 22:00:00,2737.279184,2736.742977,2736.947602,-0.536207000000104,-0.3315819999997984,-0.4338944999999512
2022-08-06 22:15:00,2737.279184,2736.743803,2736.949352,-0.5353810000001431,-0.32983199999989665,-0.4326065000000199
2022-08-06 22:30:00,2737.280354,2736.744974,2736.948772,-0.5353799999998046,-0.3315819999997984,-0.4334809999998015
2022-08-06 23:30:00,2737.282103,2736.747715,2736.948772,-0.5343880000000354,-0.3333309999998164,-0.4338594999999259
2022-08-07 01:15:00,2737.279764,2736.745307,2736.947329,-0.5344569999997475,-0.33243499999980486,-0.4334459999997762
2022-08-07 01:45:00,2737.283263,2736.748711,2736.949649,-0.5345519999996213,-0.33361399999967034,-0.43408299999964584
2022-08-07 02:00:00,2737.280933,2736.748048,2736.949069,-0.5328850000000784,-0.3318640000002233,-0.4323745000001509
2022-08-07 02:15:00,2737.279184,2736.743557,2736.947328,-0.5356270000002041,-0.33185599999978876,-0.43374149999999645
2022-08-07 02:45:00,2737.282683,2736.748047,2736.949079,-0.534635999999864,-0.33360399999992296,-0.4341199999998935
2022-08-07 03:30:00,2737.279184,2736.749038,2736.948181,-0.5301460000000588,-0.33100299999978233,-0.4305744999999206
2022-08-07 05:30:00,2737.280933,2736.743558,2736.949078,-0.5373749999998836,-0.331854999999905,-0.4346149999998943
2022-08-07 06:00:00,2737.279764,2736.74597,2736.949648,-0.5337939999999435,-0.3301160000000891,-0.4319550000000163
2022-08-07 07:00:00,2737.278604,2736.744808,2736.948771,-0.5337960000001658,-0.3298330000002352,-0.4318145000002005
2022-08-07 07:45:00,2737.280354,2736.742397,2736.94877,-0.5379570000000058,-0.33158400000002075,-0.43477050000001327
2022-08-07 08:30:00,2737.280354,2736.745963,2736.950521,-0.5343910000001415,-0.32983299999978044,-0.43211199999996097
2022-08-07 08:45:00,2737.277435,2736.744794,2736.951954,-0.532640999999785,-0.32548099999985425,-0.4290609999998196
2022-08-07 09:00:00,2737.279184,2736.742053,2736.94935,-0.5371310000000449,-0.329834000000119,-0.4334825000000819
2022-08-07 09:15:00,2737.279184,2736.740237,2736.946747,-0.5389470000000074,-0.3324370000000272,-0.4356920000000173
2022-08-07 09:30:00,2737.277435,2736.741227,2736.9476,-0.5362079999999878,-0.32983500000000276,-0.4330214999999953
2022-08-07 09:45:00,2737.275685,2736.739476,2736.944997,-0.5362089999998716,-0.3306880000000092,-0.4334484999999404
2022-08-07 10:00:00,2737.279184,2736.740235,2736.948496,-0.538948999999775,-0.3306880000000092,-0.4348184999998921
2022-08-07 10:30:00,2737.277435,2736.742388,2736.950203,-0.5350469999998495,-0.32723200000009456,-0.43113949999997203
2022-08-07 10:45:00,2737.277435,2736.740302,2736.948784,-0.5371329999998125,-0.32865099999980885,-0.43289199999981065
2022-08-07 11:15:00,2737.273936,2736.739543,2736.941827,-0.5343929999999091,-0.3321089999999458,-0.43325099999992744
2022-08-07 11:30:00,2737.275685,2736.737727,2736.945283,-0.5379579999998896,-0.33040200000004916,-0.43417999999996937
2022-08-07 11:45:00,2737.275685,2736.736735,2736.94443,-0.5389500000001135,-0.3312550000000556,-0.43510250000008455
2022-08-07 12:00:00,2737.278604,2736.740647,2736.948203,-0.5379570000000058,-0.33040100000016537,-0.4341790000000856
2022-08-07 12:15:00,2737.277435,2736.740467,2736.944996,-0.536967999999888,-0.33243899999979476,-0.43470349999984137
2022-08-07 12:30:00,2737.276855,2736.738896,2736.944416,-0.5379590000002281,-0.3324390000002495,-0.4351990000002388
2022-08-07 12:45:00,2737.275685,2736.737726,2736.947599,-0.5379590000002281,-0.3280859999999848,-0.43302250000010645
2022-08-07 13:00:00,2737.277435,2736.739477,2736.946745,-0.5379579999998896,-0.3306899999997768,-0.4343239999998332
2022-08-07 13:15:00,2737.275105,2736.740647,2736.946166,-0.534458000000086,-0.3289389999999912,-0.4316985000000386
2022-08-07 13:30:00,2737.278604,2736.745138,2736.945312,-0.5334659999998621,-0.33329200000025594,-0.433379000000059
2022-08-07 13:45:00,2737.278604,2736.741638,2736.947019,-0.5369660000001204,-0.33158499999990454,-0.43427550000001247
2022-08-07 14:00:00,2737.277435,2736.743707,2736.946746,-0.5337279999998827,-0.330688999999893,-0.43220849999988786
2022-08-07 14:15:00,2737.275685,2736.739148,2736.944143,-0.536536999999953,-0.3315419999998994,-0.4340394999999262
2022-08-07 15:00:00,2737.276265,2736.74521,2736.944721,-0.5310549999999239,-0.33154400000012174,-0.4312995000000228
2022-08-07 15:30:00,2737.279764,2736.745128,2736.949075,-0.534635999999864,-0.330688999999893,-0.4326624999998785
2022-08-07 15:45:00,2737.277435,2736.743558,2736.948213,-0.5338769999998476,-0.32922199999984514,-0.4315494999998464
2022-08-07 16:00:00,2737.279764,2736.746878,2736.947042,-0.5328859999999622,-0.33272200000010344,-0.43280400000003283
2022-08-07 16:15:00,2737.277435,2736.74988,2736.949637,-0.5275550000001203,-0.3277979999998024,-0.4276764999999614
2022-08-07 16:45:00,2737.278604,2736.747468,2736.949057,-0.5311360000000604,-0.32954700000027515,-0.4303415000001678
2022-08-07 17:00:00,2737.276855,2736.749218,2736.950807,-0.5276370000001407,-0.32604799999990064,-0.42684250000002066
2022-08-07 17:15:00,2737.274516,2736.747869,2736.942373,-0.5266470000001391,-0.33214300000008734,-0.4293950000001132
2022-08-07 17:30:00,2737.277435,2736.750789,2736.947895,-0.5266459999998006,-0.32954000000017913,-0.42809299999998984
2022-08-07 17:45:00,2737.278604,2736.746478,2736.949918,-0.532126000000062,-0.3286860000002889,-0.4304060000001755
2022-08-07 18:00:00,2737.278604,2736.748377,2736.948212,-0.5302270000001954,-0.3303920000003018,-0.4303095000002486
2022-08-07 18:15:00,2737.280354,2736.747467,2736.945891,-0.532886999999846,-0.3344630000001416,-0.4336749999999938
2022-08-07 18:30:00,2737.278604,2736.748457,2736.946462,-0.5301469999999426,-0.33214200000020355,-0.4311445000000731
2022-08-07 19:00:00,2737.277435,2736.747287,2736.947325,-0.5301479999998264,-0.3301099999998769,-0.43012899999985166
2022-08-07 19:15:00,2737.279184,2736.750869,2736.949929,-0.5283150000000205,-0.3292550000001029,-0.4287850000000617
2022-08-07 19:45:00,2737.279764,2736.746297,2736.947042,-0.5334669999997459,-0.33272200000010344,-0.43309449999992466
2022-08-07 20:15:00,2737.279764,2736.749037,2736.944722,-0.5307269999998425,-0.33504199999970297,-0.43288449999977274
2022-08-07 20:30:00,2737.278604,2736.749694,2736.947915,-0.5289099999999962,-0.330688999999893,-0.4297994999999446
2022-08-07 20:45:00,2737.280354,2736.748704,2736.952269,-0.5316499999998996,-0.328085000000101,-0.4298675000000003
2022-08-07 21:00:00,2737.282103,2736.746952,2736.950519,-0.5351510000000417,-0.33158400000002075,-0.4333675000000312
2022-08-07 21:15:00,2737.280933,2736.744791,2736.951099,-0.5361419999999271,-0.329834000000119,-0.432988000000023
2022-08-07 21:30:00,2737.279764,2736.747537,2736.949364,-0.5322269999996934,-0.33039999999982683,-0.4313134999997601
2022-08-07 21:45:00,2737.281513,2736.746547,2736.951967,-0.534965999999713,-0.3295459999999366,-0.4322559999998248
2022-08-07 22:30:00,2737.280354,2736.747219,2736.946781,-0.5331350000001294,-0.33357299999988754,-0.43335400000000845
2022-08-07 22:45:00,2737.280354,2736.749959,2736.944177,-0.5303949999997712,-0.3361770000001343,-0.43328599999995276
2022-08-07 23:00:00,2737.281513,2736.750278,2736.946191,-0.5312349999999242,-0.33532199999990553,-0.43327849999991486
2022-08-07 23:15:00,2737.283263,2736.75477,2736.950543,-0.5284929999997985,-0.3327199999998811,-0.4306064999998398
2022-08-07 23:45:00,2737.281513,2736.749287,2736.948511,-0.5322259999998096,-0.33300199999985125,-0.4326139999998304
2022-08-08 00:15:00,2737.282683,2736.754949,2736.946225,-0.5277339999997821,-0.3364579999997659,-0.432095999999774
2022-08-08 00:30:00,2737.281513,2736.752869,2736.939278,-0.5286439999999857,-0.34223500000007334,-0.4354395000000295
2022-08-08 00:45:00,2737.281513,2736.751119,2736.938381,-0.5303939999998875,-0.3431319999999687,-0.43676299999992807
2022-08-08 01:15:00,2737.282683,2736.754188,2736.94968,-0.5284950000000208,-0.33300299999973504,-0.4307489999998779
2022-08-08 01:45:00,2737.277435,2736.751448,2736.948784,-0.5259869999999864,-0.32865099999980885,-0.42731899999989764
2022-08-08 02:00:00,2737.280933,2736.752104,2736.946181,-0.5288289999998597,-0.3347520000002078,-0.4317905000000337
2022-08-08 02:15:00,2737.282683,2736.752207,2736.947078,-0.5304759999999078,-0.33560499999975946,-0.43304049999983363
2022-08-08 02:30:00,2737.280933,2736.753197,2736.942724,-0.5277360000000044,-0.3382090000000062,-0.4329725000000053
2022-08-08 02:45:00,2737.280933,2736.750457,2736.947931,-0.5304759999999078,-0.33300199999985125,-0.4317389999998795
2022-08-08 03:15:00,2737.280933,2736.755604,2736.955451,-0.5253290000000561,-0.3254820000001928,-0.42540550000012445
2022-08-08 04:00:00,2737.280933,2736.753854,2736.955739,-0.5270789999999579,-0.3251940000000104,-0.42613649999998415
2022-08-08 05:15:00,2737.279184,2736.748706,2736.956592,-0.5304780000001301,-0.322591999999986,-0.42653500000005806
2022-08-08 05:45:00,2737.279184,2736.747715,2736.958342,-0.5314690000000155,-0.3208420000000842,-0.42615550000004987
2022-08-08 06:00:00,2737.279764,2736.748295,2736.958922,-0.5314690000000155,-0.3208420000000842,-0.42615550000004987
2022-08-08 06:45:00,2737.278014,2736.747536,2736.952819,-0.5304780000001301,-0.3251949999998942,-0.42783650000001217
2022-08-08 07:00:00,2737.278014,2736.751267,2736.955422,-0.5267469999998866,-0.322591999999986,-0.4246694999999363
2022-08-08 07:30:00,2737.280354,2736.749958,2736.958615,-0.5303960000001098,-0.32173899999997957,-0.4260675000000447
2022-08-08 08:15:00,2737.279764,2736.751118,2736.96441,-0.5286459999997533,-0.3153539999998429,-0.4219999999997981
2022-08-08 08:45:00,2737.276265,2736.748378,2736.951394,-0.5278870000001916,-0.32487099999980273,-0.4263789999999972
2022-08-08 09:15:00,2737.281513,2736.749286,2736.950542,-0.5322269999996934,-0.3309709999998631,-0.43159899999977824
2022-08-08 09:30:00,2737.278604,2736.746377,2736.950235,-0.5322270000001481,-0.32836900000029345,-0.4302980000002208
2022-08-08 10:30:00,2737.276855,2736.748209,2736.949382,-0.528646000000208,-0.3274730000002819,-0.42805950000024495
2022-08-08 10:45:00,2737.278014,2736.747619,2736.948792,-0.5303949999997712,-0.32922199999984514,-0.4298084999998082
2022-08-08 11:15:00,2737.276265,2736.747618,2736.947612,-0.5286470000000918,-0.32865300000003117,-0.4286500000000615
2022-08-08 11:30:00,2737.276265,2736.747767,2736.950215,-0.5284980000001269,-0.32605000000012296,-0.42727400000012494
2022-08-08 11:45:00,2737.276265,2736.744036,2736.949362,-0.5322289999999157,-0.3269030000001294,-0.42956600000002254
2022-08-08 12:00:00,2737.279764,2736.746442,2736.953715,-0.5333219999997709,-0.32604899999978443,-0.4296854999997777
2022-08-08 12:15:00,2737.277435,2736.740299,2736.948781,-0.5371359999999186,-0.32865399999991496,-0.43289499999991676
2022-08-08 12:30:00,2737.278014,2736.742861,2736.947611,-0.5351529999998093,-0.33040299999993294,-0.4327779999998711
2022-08-08 12:45:00,2737.280933,2736.745781,2736.950531,-0.5351519999999255,-0.33040200000004916,-0.4327769999999873
2022-08-08 13:00:00,2737.281513,2736.746777,2736.947937,-0.5347360000000663,-0.33357599999999366,-0.43415600000002996
2022-08-08 13:15:00,2737.278604,2736.74996,2736.949381,-0.5286439999999857,-0.3292230000001837,-0.4289335000000847
2022-08-08 13:30:00,2737.280354,2736.753788,2736.948527,-0.5265660000000025,-0.33182699999997567,-0.4291964999999891
2022-08-08 13:45:00,2737.280354,2736.757356,2736.951983,-0.5229979999999159,-0.32837100000006103,-0.4256844999999885
2022-08-08 14:00:00,2737.279764,2736.761108,2736.955747,-0.5186559999997371,-0.3240169999999125,-0.4213364999998248
2022-08-08 14:15:00,2737.288511,2736.766605,2736.961523,-0.5219060000003992,-0.32698800000025585,-0.42444700000032753
2022-08-08 14:30:00,2737.28968,2736.773062,2736.962693,-0.516617999999653,-0.3269869999999173,-0.42180249999978514
2022-08-08 14:45:00,2737.293179,2736.777487,2736.968752,-0.5156919999999445,-0.3244269999995595,-0.420059499999752
2022-08-08 15:00:00,2737.29143,2736.788072,2736.958053,-0.5033580000003894,-0.3333770000003824,-0.4183675000003859
2022-08-08 15:15:00,2737.287931,2736.795481,2736.960091,-0.49244999999973516,-0.32783999999992375,-0.41014499999982945
2022-08-08 15:30:00,2737.289101,2736.806542,2736.967885,-0.4825590000000375,-0.3212159999998221,-0.4018874999999298
2022-08-08 15:45:00,2737.287351,2736.822182,2736.956055,-0.4651690000000599,-0.3312959999998384,-0.39823249999994914
2022-08-08 16:00:00,2737.285012,2736.826082,2736.966442,-0.458929999999782,-0.31856999999990876,-0.3887499999998454
2022-08-08 16:15:00,2737.280354,2736.833063,2736.956907,-0.44729099999995015,-0.32344700000021476,-0.38536900000008245
2022-08-08 16:30:00,2737.280354,2736.831229,2736.967319,-0.4491250000000946,-0.3130350000001272,-0.3810800000001109
2022-08-08 16:45:00,2737.278014,2736.834221,2736.952861,-0.4437929999999142,-0.3251529999997729,-0.3844729999998435
2022-08-08 17:00:00,2737.275105,2736.831228,2736.956619,-0.44387700000015684,-0.31848600000012084,-0.38118150000013884
2022-08-08 17:15:00,2737.274516,2736.82882,2736.960671,-0.4456959999997707,-0.3138450000001285,-0.3797704999999496
2022-08-08 17:30:00,2737.276265,2736.828487,2736.95953,-0.44777799999974377,-0.31673499999988053,-0.38225649999981215
2022-08-08 17:45:00,2737.273936,2736.827907,2736.962406,-0.44602900000018053,-0.3115299999999479,-0.3787795000000642
2022-08-08 18:00:00,2737.273936,2736.821582,2736.95895,-0.4523540000000139,-0.31498599999986254,-0.3836699999999382
2022-08-08 18:15:00,2737.275105,2736.82092,2736.957516,-0.45418500000005224,-0.3175890000002255,-0.38588700000013887
2022-08-08 18:30:00,2737.279184,2736.820411,2736.95114,-0.45877299999983734,-0.32804399999986344,-0.3934084999998504
2022-08-08 18:45:00,2737.277435,2736.81592,2736.936385,-0.46151499999996304,-0.34104999999999563,-0.40128249999997934
2022-08-08 19:00:00,2737.279184,2736.818661,2736.931179,-0.46052300000019386,-0.34800499999983003,-0.40426400000001195
2022-08-08 19:15:00,2737.278014,2736.816911,2736.94042,-0.46110300000009374,-0.337594000000081,-0.39934850000008737
2022-08-08 19:30:00,2737.279764,2736.813179,2736.933796,-0.46658499999966807,-0.34596800000008443,-0.40627649999987625
2022-08-08 20:00:00,2737.280354,2736.808435,2736.939583,-0.4719190000000708,-0.3407710000001316,-0.4063450000001012
2022-08-08 20:15:00,2737.280354,2736.807527,2736.934377,-0.47282700000005207,-0.345976999999948,-0.40940200000000004
2022-08-08 20:30:00,2737.279184,2736.804607,2736.941298,-0.47457699999995384,-0.3378859999997985,-0.4062314999998762
2022-08-08 20:45:00,2737.279184,2736.807348,2736.936092,-0.4718360000001667,-0.3430920000000697,-0.4074640000001182
2022-08-08 21:30:00,2737.279184,2736.805598,2736.93524,-0.47358600000006845,-0.3439440000001923,-0.4087650000001304
2022-08-08 21:45:00,2737.281513,2736.805604,2736.943628,-0.4759089999997741,-0.3378849999999147,-0.4068969999998444
2022-08-08 22:00:00,2737.281513,2736.806594,2736.941025,-0.4749189999997725,-0.34048799999982293,-0.4077034999997977
2022-08-08 22:30:00,2737.281513,2736.80202,2736.93582,-0.4794929999998203,-0.34569299999975556,-0.41259299999978793
2022-08-08 22:45:00,2737.278604,2736.798777,2736.947675,-0.4798270000001139,-0.33092900000019654,-0.4053780000001552
2022-08-08 23:00:00,2737.283263,2736.799936,2736.947085,-0.48332699999991746,-0.3361780000000181,-0.40975249999996777
2022-08-08 23:15:00,2737.283263,2736.801835,2736.948835,-0.48142799999959607,-0.33442799999966155,-0.4079279999996288
2022-08-09 00:45:00,2737.280933,2736.801255,2736.950005,-0.47967800000014904,-0.330927999999858,-0.4053030000000035
2022-08-09 01:00:00,2737.279184,2736.794619,2736.954031,-0.4845650000002024,-0.3251529999997729,-0.40485899999998765
2022-08-09 01:15:00,2737.280933,2736.800928,2736.953178,-0.4800049999998919,-0.3277549999997973,-0.4038799999998446
2022-08-09 01:30:00,2737.279184,2736.79736,2736.953178,-0.4818239999999605,-0.3260059999997793,-0.4039149999998699
2022-08-09 01:45:00,2737.279184,2736.79911,2736.952325,-0.48007400000005873,-0.32685899999978574,-0.40346649999992223
2022-08-09 02:00:00,2737.280933,2736.792787,2736.955781,-0.4881460000001425,-0.3251519999998891,-0.4066490000000158
2022-08-09 02:15:00,2737.280933,2736.795527,2736.959237,-0.4854059999997844,-0.32169599999997445,-0.4035509999998794
2022-08-09 02:30:00,2737.280354,2736.792208,2736.956951,-0.4881460000001425,-0.3234029999998711,-0.4057745000000068
2022-08-09 02:45:00,2737.283852,2736.794717,2736.954675,-0.4891349999998056,-0.32917700000007244,-0.409155999999939
2022-08-09 03:00:00,2737.283852,2736.793958,2736.950322,-0.48989399999982197,-0.3335299999998824,-0.4117119999998522
2022-08-09 03:30:00,2737.278604,2736.797688,2736.953495,-0.48091599999997925,-0.32510899999988396,-0.4030124999999316
2022-08-09 04:00:00,2737.282103,2736.793958,2736.958701,-0.488144999999804,-0.3234019999999873,-0.40577349999989565
2022-08-09 04:30:00,2737.280354,2736.794947,2736.9552,-0.48540700000012293,-0.3251540000001114,-0.40528050000011717
2022-08-09 04:45:00,2737.280354,2736.792207,2736.952597,-0.4881470000000263,-0.3277570000000196,-0.40795200000002296
2022-08-09 05:00:00,2737.280354,2736.796699,2736.946539,-0.48365499999999884,-0.3338149999999587,-0.40873499999997875
2022-08-09 05:15:00,2737.280354,2736.788476,2736.941332,-0.4918779999998151,-0.3390220000001136,-0.41544999999996435
2022-08-09 05:30:00,2737.280354,2736.791217,2736.938729,-0.4891370000000279,-0.34162500000002183,-0.41538100000002487
2022-08-09 06:00:00,2737.280354,2736.791217,2736.937306,-0.4891370000000279,-0.34304800000018076,-0.41609250000010434
2022-08-09 06:30:00,2737.280933,2736.79363,2736.951753,-0.48730299999988347,-0.32918000000017855,-0.408241500000031
2022-08-09 06:45:00,2737.280933,2736.792968,2736.9509,-0.4879649999998037,-0.330033000000185,-0.40899899999999434
2022-08-09 07:00:00,2737.281513,2736.791798,2736.955789,-0.48971499999970547,-0.32572399999980917,-0.4077194999997573
2022-08-09 07:15:00,2737.282683,2736.794784,2736.956105,-0.48789899999974295,-0.3265779999996994,-0.40723849999972117
2022-08-09 07:45:00,2737.283263,2736.790808,2736.954935,-0.49245499999960884,-0.32832799999960116,-0.410391499999605
2022-08-09 08:00:00,2737.281513,2736.789057,2736.954936,-0.4924559999999474,-0.3265769999998156,-0.4095164999998815
2022-08-09 08:30:00,2737.279764,2736.789124,2736.950582,-0.49063999999998487,-0.32918199999994613,-0.4099109999999655
2022-08-09 08:45:00,2737.283263,2736.790874,2736.949159,-0.49238900000000285,-0.3341040000000248,-0.41324650000001384
2022-08-09 09:15:00,2737.281513,2736.789057,2736.951761,-0.4924559999999474,-0.32975200000009863,-0.411104000000023
2022-08-09 09:30:00,2737.278014,2736.784567,2736.947407,-0.49344699999983277,-0.33060699999987264,-0.4120269999998527
2022-08-09 09:45:00,2737.278014,2736.787308,2736.949157,-0.4907060000000456,-0.32885699999997087,-0.40978150000000824
2022-08-09 10:00:00,2737.278014,2736.787308,2736.952613,-0.4907060000000456,-0.32540100000005623,-0.4080535000000509
2022-08-09 10:15:00,2737.281513,2736.790049,2736.949727,-0.49146399999972346,-0.3317859999997381,-0.4116249999997308
2022-08-09 10:30:00,2737.276265,2736.786549,2736.94826,-0.489716000000044,-0.3280049999998482,-0.4088604999999461
2022-08-09 10:45:00,2737.279184,2736.787719,2736.95175,-0.491465000000062,-0.32743399999981193,-0.40944949999993696
2022-08-09 11:15:00,2737.278014,2736.78721,2736.948829,-0.49080400000002555,-0.32918500000005224,-0.4099945000000389
2022-08-09 11:30:00,2737.278014,2736.78447,2736.945373,-0.49354399999992893,-0.3326409999999669,-0.4130924999999479
2022-08-09 11:45:00,2737.279764,2736.782638,2736.950579,-0.4971259999997528,-0.32918500000005224,-0.41315549999990253
2022-08-09 12:00:00,2737.277435,2736.784799,2736.949429,-0.49263599999994767,-0.32800600000018676,-0.4103210000000672
2022-08-09 12:30:00,2737.277435,2736.783049,2736.946826,-0.49438599999984945,-0.33060900000009497,-0.4124974999999722
2022-08-09 12:45:00,2737.277435,2736.780307,2736.952032,-0.49712799999997515,-0.3254029999998238,-0.4112654999998995
2022-08-09 13:00:00,2737.275685,2736.781216,2736.949145,-0.4944690000002083,-0.3265400000000227,-0.4105045000001155
2022-08-09 13:15:00,2737.277435,2736.782868,2736.946542,-0.4945670000001883,-0.3308929999998327,-0.4127300000000105
2022-08-09 13:30:00,2737.278604,2736.783048,2736.949461,-0.4955560000003061,-0.3291429999999309,-0.4123495000001185
2022-08-09 13:45:00,2737.278604,2736.77981,2736.947712,-0.498794000000089,-0.3308919999999489,-0.41484300000001895
2022-08-09 14:00:00,2737.276265,2736.778892,2736.947122,-0.4973730000001524,-0.3291429999999309,-0.41325800000004165
2022-08-09 14:15:00,2737.278014,2736.779882,2736.950295,-0.4981320000001688,-0.3277189999998882,-0.4129255000000285
2022-08-09 14:30:00,2737.276265,2736.778049,2736.947693,-0.4982159999999567,-0.3285719999998946,-0.41339399999992565
2022-08-09 14:45:00,2737.278014,2736.775308,2736.948258,-0.5027059999997618,-0.32975600000008853,-0.4162309999999252
2022-08-09 15:00:00,2737.272766,2736.773558,2736.945943,-0.4992080000001806,-0.32682299999987663,-0.4130155000000286
2022-08-09 15:15:00,2737.278014,2736.774215,2736.945655,-0.5037990000000718,-0.33235899999999674,-0.4180790000000343
2022-08-09 15:30:00,2737.279184,2736.777135,2736.948575,-0.50204900000017,-0.33060900000009497,-0.4163290000001325
2022-08-09 16:15:00,2737.279184,2736.776293,2736.951467,-0.5028910000000906,-0.3277170000001206,-0.4153040000001056
2022-08-09 16:30:00,2737.278014,2736.774132,2736.948591,-0.503881999999976,-0.32942300000013347,-0.4166525000000547
2022-08-09 16:45:00,2737.279764,2736.773142,2736.951194,-0.5066219999998793,-0.3285699999996723,-0.4175959999997758
2022-08-09 17:15:00,2737.279184,2736.775302,2736.953784,-0.503881999999976,-0.32540000000017244,-0.4146410000000742
2022-08-09 17:30:00,2737.278014,2736.77139,2736.950011,-0.5066240000001017,-0.32800300000008065,-0.41731350000009115
2022-08-09 17:45:00,2737.279184,2736.773552,2736.951181,-0.5056319999998777,-0.32800300000008065,-0.4168174999999792
2022-08-09 18:00:00,2737.279184,2736.775301,2736.951182,-0.5038829999998597,-0.32800200000019686,-0.4159425000000283
2022-08-09 18:15:00,2737.279184,2736.772561,2736.950329,-0.5066229999997631,-0.3288550000002033,-0.4177389999999832
2022-08-09 18:45:00,2737.280354,2736.772577,2736.952354,-0.5077769999998054,-0.32799999999997453,-0.41788849999989
2022-08-09 19:00:00,2737.279184,2736.77256,2736.950331,-0.5066240000001017,-0.32885299999998097,-0.4177385000000413
2022-08-09 19:15:00,2737.279184,2736.773223,2736.951184,-0.5059609999998429,-0.32799999999997453,-0.4169804999999087
2022-08-09 19:30:00,2737.279184,2736.773551,2736.948581,-0.5056329999997615,-0.33060299999988274,-0.41811799999982213
2022-08-09 19:45:00,2737.279764,2736.774972,2736.953803,-0.5047919999997248,-0.3259610000000066,-0.4153764999998657
2022-08-09 20:00:00,2737.278014,2736.770482,2736.9512,-0.5075320000000829,-0.32681400000001304,-0.417173000000048
2022-08-09 20:15:00,2737.281513,2736.772232,2736.953804,-0.5092810000001009,-0.32770899999968606,-0.4184949999998935
2022-08-09 20:30:00,2737.280354,2736.774987,2736.952074,-0.5053670000002057,-0.3282800000001771,-0.4168235000001914
2022-08-09 20:45:00,2737.280354,2736.775977,2736.954677,-0.5043770000002041,-0.32567699999981414,-0.41502700000000914
2022-08-09 21:15:00,2737.277435,2736.772826,2736.956111,-0.5046090000000731,-0.32132400000000416,-0.41296650000003865
2022-08-09 21:30:00,2737.279184,2736.775567,2736.952655,-0.5036169999998492,-0.3265289999999368,-0.415072999999893
2022-08-09 22:00:00,2737.279764,2736.775552,2736.951768,-0.5042119999998249,-0.32799599999998463,-0.4161039999999048
2022-08-09 22:15:00,2737.280354,2736.775233,2736.952358,-0.5051210000001447,-0.32799599999998463,-0.41655850000006467
2022-08-09 22:45:00,2737.280354,2736.773483,2736.951794,-0.5068710000000465,-0.3285599999999249,-0.4177154999999857
2022-08-09 23:00:00,2737.279764,2736.77456,2736.952101,-0.5052040000000488,-0.32766300000002957,-0.4164335000000392
2022-08-09 23:30:00,2737.280354,2736.774242,2736.952691,-0.5061120000000301,-0.32766300000002957,-0.41688750000002983
2022-08-09 23:45:00,2737.280354,2736.775233,2736.953519,-0.5051210000001447,-0.32683499999984633,-0.4159779999999955
2022-08-10 00:00:00,2737.280933,2736.7734,2736.952376,-0.5075329999999667,-0.3285569999998188,-0.41804499999989275
2022-08-10 00:15:00,2737.280933,2736.774243,2736.954978,-0.5066900000001624,-0.3259549999997944,-0.4163224999999784
2022-08-10 00:30:00,2737.279764,2736.771322,2736.950609,-0.5084419999998318,-0.3291549999999006,-0.4187984999998662
2022-08-10 00:45:00,2737.279184,2736.773401,2736.952375,-0.5057830000000649,-0.32680900000013935,-0.41629600000010214
2022-08-10 01:15:00,2737.280354,2736.774571,2736.953545,-0.5057830000000649,-0.32680900000013935,-0.41629600000010214
2022-08-10 01:45:00,2737.279184,2736.773401,2736.951805,-0.5057830000000649,-0.3273789999998371,-0.416580999999951
2022-08-10 02:00:00,2737.280933,2736.776141,2736.951804,-0.5047920000001795,-0.32912900000019363,-0.4169605000001866
2022-08-10 02:15:00,2737.279184,2736.7734,2736.954978,-0.5057839999999487,-0.3242059999997764,-0.41499499999986256
2022-08-10 02:30:00,2737.278604,2736.77183,2736.953545,-0.5067739999999503,-0.3250590000002376,-0.41591650000009395
2022-08-10 03:15:00,2737.278604,2736.775234,2736.949191,-0.5033699999999044,-0.32941299999993134,-0.41639149999991787
2022-08-10 03:30:00,2737.280354,2736.772493,2736.954397,-0.5078610000000481,-0.3259570000000167,-0.4169090000000324
2022-08-10 04:00:00,2737.278604,2736.776983,2736.95527,-0.5016209999998864,-0.323334000000159,-0.4124775000000227
2022-08-10 04:15:00,2737.282103,2736.773253,2736.956167,-0.5088500000001659,-0.3259360000001834,-0.41739300000017465
2022-08-10 04:30:00,2737.278604,2736.774243,2736.95269,-0.5043610000002445,-0.3259140000000116,-0.41513750000012806
2022-08-10 04:45:00,2737.280354,2736.770661,2736.950063,-0.5096929999999702,-0.3302910000002157,-0.41999200000009296
2022-08-10 05:00:00,2737.280354,2736.772411,2736.952665,-0.5079430000000684,-0.3276890000001913,-0.41781600000012986
2022-08-10 05:15:00,2737.281513,2736.777154,2736.957305,-0.5043590000000222,-0.3242079999999987,-0.41428350000001046
2022-08-10 05:30:00,2737.282103,2736.773254,2736.957018,-0.5088489999998274,-0.32508499999994456,-0.41696699999988596
2022-08-10 06:30:00,2737.279184,2736.76693,2736.954975,-0.5122540000002118,-0.3242089999998825,-0.41823150000004716
2022-08-10 06:45:00,2737.277435,2736.771504,2736.952673,-0.505931000000146,-0.3247620000001916,-0.4153465000001688
2022-08-10 07:15:00,2737.278014,2736.773075,2736.950933,-0.5049389999999221,-0.32708099999990736,-0.4160099999999147
2022-08-10 08:30:00,2737.280354,2736.767527,2736.952374,-0.5128270000000157,-0.32798000000002503,-0.42040350000002036
2022-08-10 08:45:00,2737.278604,2736.767528,2736.954977,-0.5110760000002301,-0.32362700000021505,-0.4173515000002226
2022-08-10 09:00:00,2737.278014,2736.770669,2736.953534,-0.5073449999999866,-0.32447999999976673,-0.4159124999998767
2022-08-10 09:15:00,2737.279764,2736.772419,2736.954104,-0.5073449999999866,-0.32565999999997075,-0.4165024999999787
2022-08-10 09:45:00,2737.276855,2736.769509,2736.950623,-0.5073459999998704,-0.32623199999989083,-0.4167889999998806
2022-08-10 10:00:00,2737.280354,2736.770335,2736.94977,-0.5100189999998292,-0.330583999999817,-0.42030149999982314
2022-08-10 10:15:00,2737.280354,2736.768518,2736.95152,-0.5118360000001303,-0.32883399999991525,-0.4203350000000228
2022-08-10 10:30:00,2737.280354,2736.768519,2736.954123,-0.5118349999997918,-0.32623100000000704,-0.4190329999998994
2022-08-10 10:45:00,2737.278604,2736.767595,2736.952373,-0.5110090000002856,-0.32623100000000704,-0.4186200000001463
2022-08-10 11:30:00,2737.276855,2736.765844,2736.948019,-0.5110110000000532,-0.3288360000001376,-0.4199235000000954
2022-08-10 11:45:00,2737.276855,2736.767758,2736.949768,-0.5090970000001107,-0.3270870000001196,-0.41809200000011515
2022-08-10 12:00:00,2737.279764,2736.766178,2736.948326,-0.5135860000000321,-0.33143799999970724,-0.42251199999986966
2022-08-10 12:15:00,2737.278014,2736.764094,2736.951781,-0.5139199999998709,-0.3262329999997746,-0.42007649999982277
2022-08-10 12:30:00,2737.274516,2736.765085,2736.949177,-0.5094309999999496,-0.3253389999999854,-0.4173849999999675
2022-08-10 12:45:00,2737.279764,2736.769575,2736.950927,-0.5101890000000822,-0.32883700000002136,-0.41951300000005176
2022-08-10 13:30:00,2737.281513,2736.765003,2736.948041,-0.5165099999999256,-0.3334719999998015,-0.42499099999986356
2022-08-10 13:45:00,2737.278014,2736.762262,2736.948894,-0.515751999999793,-0.3291199999998753,-0.42243599999983417
2022-08-10 14:00:00,2737.275105,2736.759351,2736.945983,-0.5157540000000154,-0.3291220000000976,-0.4224380000000565
2022-08-10 14:15:00,2737.276265,2736.758761,2736.946573,-0.5175039999999171,-0.32969199999979537,-0.42359799999985626
2022-08-10 14:45:00,2737.278014,2736.763254,2736.950643,-0.5147600000000239,-0.3273709999998573,-0.4210654999999406
2022-08-10 15:30:00,2737.277435,2736.765413,2736.951814,-0.5120219999998881,-0.32562099999995553,-0.4188214999999218
2022-08-10 15:45:00,2737.279184,2736.766075,2736.952667,-0.5131089999999858,-0.3265169999999671,-0.41981299999997646
2022-08-10 16:00:00,2737.278604,2736.768155,2736.952087,-0.5104489999998805,-0.3265169999999671,-0.4184829999999238
2022-08-10 16:15:00,2737.278604,2736.769145,2736.94863,-0.5094589999998789,-0.32997400000022026,-0.41971650000004956
2022-08-10 16:30:00,2737.278604,2736.771885,2736.949509,-0.5067189999999755,-0.3290950000000521,-0.4179070000000138
2022-08-10 16:45:00,2737.279184,2736.771557,2736.945736,-0.5076269999999568,-0.3334479999998621,-0.4205374999999094
2022-08-10 17:15:00,2737.277435,2736.778028,2736.947486,-0.4994069999997919,-0.3299489999999423,-0.4146779999998671
2022-08-10 17:30:00,2737.277435,2736.775288,2736.950064,-0.50214700000015,-0.3273709999998573,-0.41475900000000365
2022-08-10 18:15:00,2737.280354,2736.782021,2736.952088,-0.49833300000000236,-0.32826599999998507,-0.4132994999999937
2022-08-10 18:30:00,2737.278604,2736.77928,2736.951236,-0.49932399999988775,-0.32736800000020594,-0.41334600000004684
2022-08-10 18:45:00,2737.278604,2736.779198,2736.953838,-0.4994059999999081,-0.3247660000001815,-0.4120860000000448
2022-08-10 19:00:00,2737.280354,2736.78194,2736.95126,-0.4984140000001389,-0.3290940000001683,-0.4137540000001536
2022-08-10 19:15:00,2737.278604,2736.78103,2736.952113,-0.49757399999998597,-0.3264910000002601,-0.41203250000012304
2022-08-10 19:30:00,2737.277435,2736.781611,2736.951816,-0.4958240000000842,-0.32561900000018795,-0.4107215000001361
2022-08-10 19:45:00,2737.279764,2736.78044,2736.950076,-0.49932399999988775,-0.32968799999980547,-0.4145059999998466
2022-08-10 20:00:00,2737.279764,2736.781596,2736.947473,-0.4981680000000779,-0.3322909999997137,-0.4152294999998958
2022-08-10 20:15:00,2737.279764,2736.784336,2736.950077,-0.49542799999971976,-0.3296869999999217,-0.4125574999998207
2022-08-10 20:45:00,2737.278604,2736.782186,2736.950667,-0.4964180000001761,-0.3279370000000199,-0.412177500000098
2022-08-10 21:00:00,2737.280354,2736.783027,2736.948064,-0.49732700000004115,-0.3322899999998299,-0.4148084999999355
2022-08-10 21:15:00,2737.278604,2736.784017,2736.948917,-0.4945870000001378,-0.3296869999999217,-0.41213700000002973
2022-08-10 21:30:00,2737.279184,2736.782191,2736.948931,-0.4969930000002023,-0.3302530000000843,-0.4136230000001433
2022-08-10 21:45:00,2737.280933,2736.783033,2736.952387,-0.497899999999845,-0.32854600000018763,-0.4132230000000163
2022-08-10 22:30:00,2737.280933,2736.7812,2736.951536,-0.4997330000001057,-0.32939699999997174,-0.4145650000000387
2022-08-10 23:15:00,2737.280933,2736.786763,2736.954992,-0.49416999999994005,-0.3259410000000571,-0.4100554999999986
2022-08-10 23:30:00,2737.279184,2736.783032,2736.957594,-0.49615200000016557,-0.3215900000000147,-0.40887100000009013
2022-08-11 00:00:00,2737.280933,2736.785772,2736.953568,-0.49516099999982544,-0.3273650000000998,-0.41126299999996263
2022-08-11 01:15:00,2737.280354,2736.782369,2736.955308,-0.4979849999999715,-0.32504599999992934,-0.4115154999999504
2022-08-11 01:45:00,2737.280354,2736.782035,2736.95502,-0.49831899999981033,-0.3253340000001117,-0.411826499999961
2022-08-11 02:00:00,2737.280354,2736.780203,2736.958477,-0.5001510000001872,-0.3218769999998585,-0.41101400000002286
2022-08-11 02:15:00,2737.280354,2736.784777,2736.957625,-0.4955770000001394,-0.32272899999998117,-0.4091530000000603
2022-08-11 02:45:00,2737.280354,2736.779629,2736.950668,-0.5007249999998749,-0.3296860000000379,-0.4152054999999564
2022-08-11 03:00:00,2737.282103,2736.781379,2736.95327,-0.5007239999999911,-0.32883300000003146,-0.41477850000001126
2022-08-11 03:30:00,2737.283263,2736.783197,2736.951828,-0.500065999999606,-0.33143499999960113,-0.41575049999960356
2022-08-11 03:45:00,2737.281513,2736.778623,2736.955283,-0.502889999999752,-0.32623000000012325,-0.41455999999993765
2022-08-11 04:00:00,2737.283263,2736.780372,2736.953577,-0.5028909999996358,-0.32968599999958315,-0.4162884999996095
2022-08-11 04:30:00,2737.283263,2736.779613,2736.951826,-0.5036499999996522,-0.33143699999982346,-0.41754349999973783
2022-08-11 05:00:00,2737.279764,2736.779547,2736.957601,-0.5002169999997932,-0.32216299999981857,-0.4111899999998059
2022-08-11 05:15:00,2737.280933,2736.778967,2736.957022,-0.5019659999998112,-0.32391099999995276,-0.41293849999988197
2022-08-11 05:30:00,2737.282683,2736.780718,2736.956168,-0.5019649999999274,-0.32651499999974476,-0.4142399999998361
2022-08-11 06:00:00,2737.280933,2736.781709,2736.950963,-0.4992240000001402,-0.32997000000023036,-0.4145970000001853
2022-08-11 06:30:00,2737.283263,2736.780375,2736.954997,-0.5028879999999845,-0.32826599999998507,-0.41557699999998476
2022-08-11 06:45:00,2737.281513,2736.783115,2736.951824,-0.49839799999972456,-0.32968899999968926,-0.4140434999997069
2022-08-11 07:15:00,2737.282683,2736.780718,2736.956167,-0.5019649999999274,-0.3265160000000833,-0.41424050000000534
2022-08-11 07:30:00,2737.282683,2736.778803,2736.955596,-0.5038799999997536,-0.3270870000001196,-0.4154834999999366
2022-08-11 08:00:00,2737.281513,2736.782125,2736.955324,-0.49938799999972616,-0.3261889999998857,-0.41278849999980594
2022-08-11 08:30:00,2737.279764,2736.777633,2736.951822,-0.5021309999997356,-0.3279419999998936,-0.4150364999998146
2022-08-11 09:00:00,2737.278014,2736.777967,2736.95386,-0.500046999999995,-0.3241539999999077,-0.41210049999995135
2022-08-11 09:30:00,2737.279764,2736.775884,2736.949218,-0.5038799999997536,-0.3305459999996856,-0.4172129999997196
2022-08-11 09:45:00,2737.279764,2736.780374,2736.957026,-0.4993899999999485,-0.32273799999984476,-0.4110639999998966
2022-08-11 10:00:00,2737.281513,2736.783114,2736.953571,-0.4983990000000631,-0.3279419999998936,-0.41317049999997835
2022-08-11 10:30:00,2737.279764,2736.781364,2736.956173,-0.4983999999999469,-0.3235909999998512,-0.41099549999989904
2022-08-11 10:45:00,2737.278014,2736.779615,2736.954422,-0.4983990000000631,-0.32359200000018973,-0.4109955000001264
2022-08-11 11:15:00,2737.276265,2736.776047,2736.952672,-0.5002180000001317,-0.3235930000000735,-0.4119055000001026
2022-08-11 11:30:00,2737.274516,2736.776048,2736.948651,-0.4984679999997752,-0.32586499999979424,-0.4121664999997847
2022-08-11 11:45:00,2737.274516,2736.776114,2736.948318,-0.4984020000001692,-0.3261979999997493,-0.41229999999995925
2022-08-11 12:00:00,2737.275685,2736.777218,2736.950385,-0.4984669999998914,-0.32529999999997017,-0.4118834999999308
2022-08-11 12:45:00,2737.275685,2736.77613,2736.94691,-0.49955499999987296,-0.3287749999999505,-0.41416499999991174
2022-08-11 13:00:00,2737.275105,2736.775468,2736.950682,-0.49963700000034805,-0.32442300000002433,-0.4120300000001862
2022-08-11 13:15:00,2737.276855,2736.769986,2736.949805,-0.5068690000002789,-0.32704999999987194,-0.4169595000000754
2022-08-11 13:30:00,2737.273356,2736.774707,2736.950658,-0.49864900000011403,-0.32269799999994575,-0.4106735000000299
2022-08-11 13:45:00,2737.275105,2736.775698,2736.948624,-0.4994070000002466,-0.326481000000058,-0.4129440000001523
2022-08-11 14:00:00,2737.275105,2736.77537,2736.951227,-0.499735000000328,-0.32387800000014977,-0.4118065000002389
2022-08-11 14:15:00,2737.276265,2736.774697,2736.950379,-0.5015680000001339,-0.3258860000000823,-0.4137270000001081
2022-08-11 14:30:00,2737.274516,2736.771957,2736.951534,-0.5025590000000193,-0.3229820000001382,-0.41277050000007875
2022-08-11 14:45:00,2737.274516,2736.770141,2736.952104,-0.5043749999999818,-0.3224119999999857,-0.41339349999998376
2022-08-11 15:00:00,2737.277435,2736.774051,2736.954153,-0.5033840000000964,-0.32328199999983553,-0.413332999999966
2022-08-11 15:15:00,2737.275685,2736.772302,2736.949799,-0.5033830000002126,-0.3258860000000823,-0.41463450000014745
2022-08-11 15:30:00,2737.277435,2736.772301,2736.952403,-0.5051339999999982,-0.32503200000019206,-0.4150830000000951
2022-08-11 15:45:00,2737.277435,2736.771206,2736.9498,-0.5062290000000758,-0.32763500000010026,-0.416932000000088
2022-08-11 16:00:00,2737.275685,2736.772958,2736.949513,-0.5027270000000499,-0.3261720000000423,-0.4144495000000461
2022-08-11 16:15:00,2737.278604,2736.769554,2736.950683,-0.5090500000001157,-0.3279210000000603,-0.418485500000088
2022-08-23 17:00:00,2737.276265,2736.767767,2736.965727,-0.5084980000001451,-0.3105380000001787,-0.4095180000001619
2022-08-23 17:15:00,2737.276265,2736.769851,2736.964874,-0.5064139999999497,-0.31139100000018516,-0.40890250000006745
2022-08-23 17:30:00,2737.276265,2736.772592,2736.96833,-0.5036730000001626,-0.3079349999998158,-0.4058039999999892
2022-08-23 19:00:00,2737.277435,2736.784477,2736.966897,-0.4929579999998168,-0.3105380000001787,-0.4017479999999978
2022-08-23 19:15:00,2737.279764,2736.786042,2736.969226,-0.4937219999997069,-0.310537999999724,-0.40212999999971544
2022-08-23 19:30:00,2737.278014,2736.782645,2736.966624,-0.4953690000002098,-0.3113899999998466,-0.4033795000000282
2022-08-23 19:45:00,2737.279764,2736.779107,2736.964303,-0.5006570000000465,-0.31546099999968646,-0.4080589999998665
2022-08-23 20:00:00,2737.278594,2736.777937,2736.967486,-0.5006570000000465,-0.3111079999998765,-0.4058824999999615
2022-08-23 20:15:00,2737.282093,2736.779769,2736.968339,-0.5023239999995894,-0.3137539999997898,-0.4080389999996896
2022-08-23 20:30:00,2737.279184,2736.775207,2736.969216,-0.5039769999998498,-0.3099680000000262,-0.406972499999938
2022-08-23 21:00:00,2737.280933,2736.777023,2736.966614,-0.5039099999999053,-0.3143190000000686,-0.40911449999998695
2022-08-23 21:15:00,2737.280933,2736.777022,2736.968364,-0.503910999999789,-0.31256900000016685,-0.40823999999997795
2022-08-23 21:30:00,2737.281513,2736.777684,2736.969796,-0.5038289999997687,-0.3117170000000442,-0.40777299999990646
2022-08-23 22:00:00,2737.278014,2736.777021,2736.965444,-0.5009930000001077,-0.31257000000005064,-0.4067815000000792
2022-08-23 22:30:00,2737.279764,2736.779763,2736.970952,-0.5000009999998838,-0.3088119999997616,-0.4044064999998227
2022-08-23 22:45:00,2737.278594,2736.778592,2736.968056,-0.5000019999997676,-0.310537999999724,-0.4052699999997458
2022-08-23 23:00:00,2737.276265,2736.775851,2736.965429,-0.5004140000000916,-0.31083600000010847,-0.40562500000010004
2022-08-23 23:45:00,2737.278014,2736.774101,2736.968885,-0.5039130000000114,-0.3091290000002118,-0.4065210000001116
2022-08-24 01:00:00,2737.276265,2736.769529,2736.966282,-0.5067359999998189,-0.30998300000010204,-0.40835949999996046
2022-08-24 02:45:00,2737.280933,2736.76862,2736.97065,-0.5123130000001765,-0.31028299999979936,-0.41129799999998795
2022-08-24 05:00:00,2737.282683,2736.766985,2736.970966,-0.515697999999702,-0.3117170000000442,-0.4137074999998731
2022-08-24 05:30:00,2737.283263,2736.765815,2736.971546,-0.5174479999996038,-0.31171699999958946,-0.4145824999995966
2022-08-24 06:15:00,2737.280933,2736.765054,2736.970079,-0.5158790000000408,-0.31085399999983565,-0.41336649999993824
2022-08-24 06:45:00,2737.279764,2736.765962,2736.970635,-0.5138019999999415,-0.30912899999975707,-0.41146549999984927
2022-08-24 07:15:00,2737.278604,2736.761801,2736.964269,-0.5168029999999817,-0.31433500000002823,-0.41556900000000496
2022-08-24 07:45:00,2737.280354,2736.761139,2736.968622,-0.5192149999998037,-0.31173200000012,-0.41547349999996186
2022-08-24 08:00:00,2737.278604,2736.763879,2736.969475,-0.5147249999999985,-0.3091290000002118,-0.4119270000001052
2022-08-24 08:30:00,2737.278604,2736.762129,2736.966302,-0.5164749999999003,-0.31230200000027253,-0.4143885000000864
2022-08-24 09:15:00,2737.278604,2736.757639,2736.963699,-0.5209650000001602,-0.31490500000018073,-0.4179350000001705
2022-08-24 09:45:00,2737.277435,2736.755248,2736.965132,-0.5221870000000308,-0.3123030000001563,-0.41724500000009357
2022-08-24 12:15:00,2737.276855,2736.759226,2736.966019,-0.5176289999999426,-0.31083600000010847,-0.41423250000002554
2022-08-24 14:00:00,2737.276845,2736.758636,2736.967179,-0.5182089999998425,-0.30966599999965183,-0.41393749999974716
2022-08-24 14:30:00,2737.278594,2736.762368,2736.966877,-0.5162259999997332,-0.3117170000000442,-0.4139714999998887
2022-09-16 00:30:00,2737.282683,2736.722926,2736.971678,-0.5597569999999905,-0.31100500000002285,-0.4353810000000067
2022-09-16 00:45:00,2737.282683,2736.725666,2736.969075,-0.5570170000000871,-0.31360799999993105,-0.4353125000000091
2022-09-16 03:15:00,2737.282093,2736.720176,2736.971088,-0.561916999999994,-0.31100500000002285,-0.4364610000000084
2022-09-16 03:45:00,2737.283842,2736.724004,2736.970235,-0.5598379999996723,-0.31360700000004726,-0.4367224999998598
2022-09-16 04:00:00,2737.282673,2736.724666,2736.970233,-0.5580070000000887,-0.3124400000001515,-0.4352235000001201
2022-09-16 04:15:00,2737.282673,2736.721926,2736.968202,-0.5607469999999921,-0.3144710000001396,-0.43760900000006586
2022-09-16 05:00:00,2737.282673,2736.724994,2736.967348,-0.5576790000000074,-0.31532500000002983,-0.4365020000000186
2022-09-16 05:15:00,2737.279174,2736.723244,2736.968201,-0.5559299999999894,-0.3109729999996489,-0.43345149999981913
2022-09-16 05:45:00,2737.284422,2736.721263,2736.971983,-0.5631590000002689,-0.3124390000002677,-0.4377990000002683
2022-09-16 06:15:00,2737.280923,2736.723245,2736.968483,-0.5576779999996688,-0.31243999999969674,-0.4350589999996828
2022-09-16 07:00:00,2737.283842,2736.725836,2736.96938,-0.5580059999997502,-0.3144619999998213,-0.43623399999978574
2022-09-16 07:15:00,2737.282683,2736.718534,2736.968221,-0.5641489999998157,-0.3144619999998213,-0.4393054999998185
2022-09-16 07:30:00,2737.284432,2736.720946,2736.970823,-0.5634860000000117,-0.31360899999981484,-0.43854749999991327
2022-09-16 08:15:00,2737.280933,2736.720946,2736.968508,-0.5599870000000919,-0.31242500000007567,-0.4362060000000838
2022-09-16 08:45:00,2737.279764,2736.720767,2736.967338,-0.5589970000000903,-0.31242599999995946,-0.4357115000000249
2022-09-16 09:00:00,2737.283263,2736.721855,2736.963883,-0.5614080000000286,-0.31937999999991007,-0.4403939999999693
2022-09-16 09:15:00,2737.279764,2736.720105,2736.966484,-0.5596590000000106,-0.3132799999998497,-0.4364694999999301
2022-09-16 09:45:00,2737.278014,2736.718355,2736.967337,-0.5596590000000106,-0.31067699999994147,-0.435167999999976
2022-09-16 10:00:00,2737.281513,2736.721095,2736.969939,-0.560418000000027,-0.3115739999998368,-0.4359959999999319
2022-09-16 10:15:00,2737.279764,2736.718437,2736.965587,-0.561326999999892,-0.314176999999745,-0.4377519999998185
2022-09-16 10:45:00,2737.274516,2736.714527,2736.962131,-0.5599889999998595,-0.3123849999997219,-0.4361869999997907
2022-09-16 11:00:00,2737.275095,2736.713686,2736.961814,-0.5614089999999123,-0.3132810000001882,-0.4373450000000503
2022-09-16 11:15:00,2737.272766,2736.715518,2736.962984,-0.5572480000000724,-0.30978200000026845,-0.4335150000001704
2022-09-16 11:45:00,2737.276265,2736.716427,2736.964734,-0.5598380000001271,-0.3115309999998317,-0.4356844999999794
2022-09-16 12:00:00,2737.276265,2736.715436,2736.967337,-0.5608290000000125,-0.3089279999999235,-0.43487849999996797
2022-09-16 12:30:00,2737.278014,2736.714529,2736.965617,-0.5634850000001279,-0.31239700000014636,-0.43794100000013714
2022-09-16 12:45:00,2737.279174,2736.714862,2736.96763,-0.5643119999999726,-0.3115439999996852,-0.4379279999998289
2022-09-16 13:00:00,2737.275675,2736.713112,2736.96413,-0.5625629999999546,-0.3115450000000237,-0.4370539999999892
2022-09-16 13:15:00,2737.278014,2736.714693,2736.96647,-0.5633210000000872,-0.31154400000013993,-0.4374325000001136
2022-09-16 13:30:00,2737.274516,2736.712943,2736.96472,-0.561572999999953,-0.30979600000000573,-0.4356844999999794
2022-09-16 13:45:00,2737.275675,2736.714103,2736.963847,-0.5615720000000692,-0.31182799999987765,-0.43669999999997344
2022-09-16 14:00:00,2737.273926,2736.715094,2736.967303,-0.5588319999997111,-0.306622999999945,-0.43272749999982807
2022-09-16 14:15:00,2737.278594,2736.717172,2736.965017,-0.5614219999997658,-0.31357699999989563,-0.43749949999983073
2022-09-16 14:30:00,2737.280344,2736.721328,2736.966767,-0.5590159999997013,-0.31357699999989563,-0.43629649999979847
2022-09-16 14:45:00,2737.276845,2736.715088,2736.965017,-0.5617569999999432,-0.31182799999987765,-0.43679249999991043
2022-09-16 15:30:00,2737.278014,2736.715416,2736.966187,-0.56259799999998,-0.31182699999999386,-0.4372124999999869
2022-09-16 15:45:00,2737.279764,2736.717166,2736.967937,-0.56259799999998,-0.31182699999999386,-0.4372124999999869
2022-09-16 16:00:00,2737.275095,2736.711506,2736.962415,-0.5635889999998653,-0.3126800000000003,-0.4381344999999328
2022-09-16 16:15:00,2737.276265,2736.713666,2736.964155,-0.5625989999998637,-0.3121099999998478,-0.43735449999985576
2022-09-16 17:15:00,2737.276265,2736.714424,2736.968508,-0.5618410000001859,-0.3077570000000378,-0.43479900000011185
2022-09-16 17:30:00,2737.276265,2736.712674,2736.965905,-0.5635910000000877,-0.310359999999946,-0.43697550000001684
2022-09-16 18:30:00,2737.279174,2736.716247,2736.969668,-0.5629269999999451,-0.30950599999960104,-0.4362164999997731
2022-09-16 19:30:00,2737.280923,2736.71717,2736.967065,-0.563752999999906,-0.313857999999982,-0.438805499999944
2022-09-16 19:45:00,2737.283842,2736.715599,2736.970838,-0.5682429999997112,-0.313003999999637,-0.4406234999996741
2022-09-16 20:00:00,2737.279174,2736.712679,2736.965315,-0.566494999999577,-0.3138589999998658,-0.4401769999997214
2022-09-16 20:45:00,2737.279764,2736.712279,2736.967655,-0.5674850000000333,-0.312108999999964,-0.43979699999999866
2022-09-16 21:00:00,2737.276265,2736.710596,2736.963586,-0.5656690000000708,-0.3126790000001165,-0.43917400000009366
2022-09-16 21:15:00,2737.281513,2736.716918,2736.966188,-0.5645949999998265,-0.31532500000002983,-0.4399599999999282
2022-09-16 21:30:00,2737.282093,2736.715085,2736.967621,-0.5670079999999871,-0.3144720000000234,-0.44074000000000524
2022-09-16 21:45:00,2737.281513,2736.715414,2736.963587,-0.566099000000122,-0.3179259999997157,-0.4420124999999189
2022-09-16 22:00:00,2737.283263,2736.718996,2736.970541,-0.5642669999997452,-0.3127219999996669,-0.438494499999706
2022-09-16 22:15:00,2737.283263,2736.716173,2736.970259,-0.5670900000000074,-0.313003999999637,-0.4400469999998222
2022-09-16 22:30:00,2737.282673,2736.720074,2736.968817,-0.5625990000003185,-0.3138560000002144,-0.43822750000026645
2022-09-16 22:45:00,2737.283263,2736.718914,2736.96851,-0.5643489999997655,-0.314752999999655,-0.43955099999971026
2022-09-16 23:30:00,2737.282673,2736.720073,2736.968817,-0.5626000000002023,-0.3138560000002144,-0.43822800000020834
2022-09-16 23:45:00,2737.279174,2736.715583,2736.967067,-0.5635909999996329,-0.3121069999997417,-0.4378489999996873
2022-09-17 00:00:00,2737.282093,2736.719165,2736.97084,-0.5629279999998289,-0.31125299999985145,-0.4370904999998402
