Date_Time,P6_WSE,P6_gw_left,P6_gw_right,P6_h_left,P6_h_right,P6_h_average
2023-03-02 00:00:00,2737.324174,2736.704432,2736.894278,-0.6197419999998601,-0.4298959999996441,-0.5248189999997521
2023-03-02 00:15:00,2737.325924,2736.708013,2736.896028,-0.6179110000002765,-0.42989600000009887,-0.5239035000001877
2023-03-02 00:30:00,2737.325924,2736.706361,2736.897197,-0.6195630000001984,-0.4287270000004355,-0.5241450000003169
2023-03-02 00:45:00,2737.324174,2736.705603,2736.8963,-0.6185709999999744,-0.42787399999997433,-0.5232224999999744
2023-03-02 01:00:00,2737.324174,2736.707023,2736.897767,-0.6171509999999216,-0.4264069999999265,-0.521778999999924
2023-03-02 01:15:00,2737.323585,2736.709173,2736.897176,-0.614411999999902,-0.4264090000001488,-0.5204105000000254
2023-03-02 01:45:00,2737.326504,2736.709517,2736.898912,-0.6169870000003357,-0.4275920000000042,-0.5222895000001699
2023-03-02 02:00:00,2737.324754,2736.707685,2736.89631,-0.617069000000356,-0.42844400000012683,-0.5227565000002414
2023-03-02 02:15:00,2737.326504,2736.711846,2736.898059,-0.6146579999999631,-0.4284450000000106,-0.5215514999999868
2023-03-02 02:30:00,2737.329423,2736.713016,2736.900092,-0.616406999999981,-0.4293310000002748,-0.5228690000001279
2023-03-02 02:45:00,2737.328253,2736.712174,2736.897489,-0.6160790000003544,-0.4307640000001811,-0.5234215000002678
2023-03-02 03:00:00,2737.328833,2736.713334,2736.899219,-0.6154989999999998,-0.4296140000001287,-0.5225565000000643
2023-03-02 03:30:00,2737.327083,2736.708846,2736.900924,-0.6182370000001356,-0.4261590000000979,-0.5221980000001167
2023-03-02 03:45:00,2737.324164,2736.711252,2736.896617,-0.6129120000000512,-0.4275470000002315,-0.5202295000001413
2023-03-02 04:00:00,2737.325914,2736.709436,2736.900072,-0.6164779999999155,-0.4258420000001024,-0.521160000000009
2023-03-02 04:30:00,2737.325334,2736.709845,2736.896889,-0.6154890000002524,-0.4284450000000106,-0.5219670000001315
2023-03-02 04:45:00,2737.327083,2736.708856,2736.899492,-0.6182269999999335,-0.4275910000001204,-0.5229090000000269
2023-03-02 05:30:00,2737.325334,2736.709764,2736.896607,-0.6155699999999342,-0.42872699999998076,-0.5221484999999575
2023-03-02 08:15:00,2737.320666,2736.710425,2736.89572,-0.6102409999998599,-0.42494600000009086,-0.5175934999999754
2023-03-02 08:45:00,2737.324164,2736.709009,2736.896573,-0.6151549999999588,-0.4275910000001204,-0.5213730000000396
2023-03-02 09:00:00,2737.324754,2736.70785,2736.898014,-0.6169040000004316,-0.4267400000003363,-0.5218220000003839
2023-03-02 09:15:00,2737.325924,2736.708675,2736.89456,-0.6172490000003563,-0.4313640000000305,-0.5243065000001934
2023-03-02 10:00:00,2737.321255,2736.704186,2736.89281,-0.6170689999999013,-0.4284450000000106,-0.522756999999956
2023-03-02 10:15:00,2737.319506,2736.701267,2736.88729,-0.6182389999999032,-0.4322159999996984,-0.5252274999998008
2023-03-02 10:30:00,2737.315417,2736.699273,2736.886972,-0.6161439999996219,-0.4284450000000106,-0.5222944999998163
2023-03-02 10:45:00,2737.310169,2736.697522,2736.88437,-0.6126469999999244,-0.42579899999964255,-0.5192229999997835
2023-03-02 11:00:00,2737.315417,2736.700097,2736.891324,-0.6153199999998833,-0.4240929999996297,-0.5197064999997565
2023-03-02 11:15:00,2737.311919,2736.701848,2736.890471,-0.6100710000000618,-0.4214480000000549,-0.5157595000000583
2023-03-02 11:30:00,2737.316587,2736.700857,2736.892504,-0.615729999999985,-0.4240829999998823,-0.5199064999999337
2023-03-02 11:45:00,2737.314258,2736.702519,2736.888741,-0.6117389999999432,-0.4255169999996724,-0.5186279999998078
2023-03-02 12:00:00,2737.311929,2736.700769,2736.887845,-0.6111599999999271,-0.4240839999997661,-0.5176219999998466
2023-03-02 12:45:00,2737.311339,2736.703018,2736.889901,-0.6083209999997052,-0.42143799999985276,-0.514879499999779
2023-03-02 13:00:00,2737.310179,2736.705586,2736.889593,-0.6045930000000226,-0.42058600000018487,-0.5125895000001037
2023-03-02 13:15:00,2737.313678,2736.707337,2736.891344,-0.6063410000001568,-0.4223339999998643,-0.5143375000000106
2023-03-02 13:45:00,2737.314838,2736.705756,2736.893357,-0.609081999999944,-0.4214809999998579,-0.5152814999999009
2023-03-02 14:00:00,2737.310759,2736.700107,2736.886992,-0.6106519999998454,-0.42376699999977063,-0.517209499999808
2023-03-02 14:45:00,2737.315427,2736.704596,2736.890481,-0.6108309999999619,-0.42494600000009086,-0.5178885000000264
2023-03-02 15:00:00,2737.315427,2736.706429,2736.889629,-0.608998000000156,-0.4257980000002135,-0.5173980000001848
2023-03-02 15:15:00,2737.313678,2736.70369,2736.891334,-0.6099880000001576,-0.42234400000006644,-0.516166000000112
2023-03-02 15:30:00,2737.315427,2736.708179,2736.892231,-0.6072479999997995,-0.4231960000001891,-0.5152219999999943
2023-03-02 16:00:00,2737.315427,2736.707189,2736.891667,-0.6082379999998011,-0.42376000000012937,-0.5159989999999652
2023-03-02 16:15:00,2737.310759,2736.704336,2736.890451,-0.6064230000001771,-0.4203079999997499,-0.5133654999999635
2023-03-02 16:30:00,2737.312508,2736.703674,2736.889598,-0.6088340000001153,-0.4229099999997743,-0.5158719999999448
2023-03-02 16:45:00,2737.314838,2736.705242,2736.890178,-0.6095959999997831,-0.4246599999996761,-0.5171279999997296
2023-03-02 17:00:00,2737.311929,2736.704924,2736.889018,-0.6070049999998446,-0.42291100000011284,-0.5149579999999787
2023-03-02 17:15:00,2737.310759,2736.703756,2736.889881,-0.607003000000077,-0.4208779999999024,-0.5139404999999897
2023-03-02 17:30:00,2737.311929,2736.705008,2736.891904,-0.6069210000000567,-0.42002499999989595,-0.5134729999999763
2023-03-02 17:45:00,,2736.70726,2736.892211,,,
2023-03-02 18:15:00,,2736.711416,2736.89398,,,
2023-03-02 18:45:00,,2736.713164,2736.897479,,,
2023-03-02 19:45:00,,2736.710606,2736.896914,,,
2023-03-02 20:15:00,,2736.709616,2736.900369,,,
2023-03-02 20:45:00,,2736.708527,2736.895719,,,
2023-03-02 21:00:00,,2736.708445,2736.897469,,,
2023-03-02 21:15:00,,2736.707865,2736.895149,,,
2023-03-02 21:30:00,,2736.706875,2736.897751,,,
2023-03-02 22:15:00,,2736.712026,2736.901821,,,
2023-03-02 23:00:00,,2736.712355,2736.902103,,,
2023-03-02 23:15:00,,2736.707357,2736.89398,,,
2023-03-02 23:30:00,,2736.708446,2736.898332,,,
2023-03-02 23:45:00,,2736.708626,2736.900398,,,
2023-03-03 00:00:00,,2736.711365,2736.90125,,,
2023-03-03 00:15:00,,2736.713115,2736.905602,,,
2023-03-03 00:45:00,,2736.712191,2736.904749,,,
2023-03-03 01:00:00,,2736.713181,2736.903001,,,
2023-03-03 02:00:00,,2736.716034,2736.90592,,,
2023-03-03 02:15:00,,2736.713197,2736.901568,,,
2023-03-03 02:30:00,,2736.714284,2736.904169,,,
2023-03-03 04:30:00,,2736.710457,2736.902421,,,
2023-03-03 07:15:00,,2736.715044,2736.905067,,,
2023-03-03 08:15:00,,2736.707292,2736.901261,,,
2023-03-03 09:00:00,,2736.705542,2736.902113,,,
2023-03-03 09:15:00,,2736.707122,2736.900101,,,
2023-03-03 09:45:00,,2736.697799,2736.891352,,,
2023-03-03 10:00:00,,2736.696625,2736.889604,,,
2023-03-03 10:15:00,,2736.698117,2736.893365,,,
2023-03-03 10:30:00,,2736.701616,2736.895116,,,
2023-03-03 11:15:00,,2736.704619,2736.896284,,,
2023-03-03 12:00:00,,2736.695864,2736.888706,,,
2023-03-03 12:30:00,,2736.698773,2736.891615,,,
2023-03-03 12:45:00,,2736.694875,2736.888423,,,
2023-03-03 13:15:00,,2736.695208,2736.887833,,,
2023-03-03 13:30:00,,2736.697137,2736.891606,,,
2023-03-03 13:45:00,,2736.700206,2736.889321,,,
2023-03-03 14:00:00,,2736.693376,2736.888701,,,
2023-03-03 14:30:00,,2736.699205,2736.891927,,,
2023-03-03 15:00:00,,2736.698045,2736.888166,,,
2023-03-03 15:15:00,,2736.698127,2736.886417,,,
2023-03-03 15:45:00,,2736.699215,2736.89164,,,
2023-03-03 16:15:00,,2736.695306,2736.886996,,,
2023-03-03 16:30:00,,2736.695536,2736.884652,,,
2023-03-03 17:15:00,,2736.697717,2736.888731,,,
2023-03-03 17:45:00,,2736.703786,2736.891922,,,
2023-03-03 18:00:00,,2736.702796,2736.89282,,,
2023-03-03 18:30:00,,2736.702453,2736.89165,,,
2023-03-03 18:45:00,,2736.701796,2736.894253,,,
2023-03-03 19:00:00,,2736.706695,2736.89225,,,
2023-03-03 19:15:00,,2736.705295,2736.895431,,,
2023-03-03 19:30:00,,2736.702638,2736.893683,,,
2023-03-03 19:45:00,,2736.705377,2736.89283,,,
2023-03-03 20:00:00,,2736.703628,2736.891932,,,
2023-03-03 21:45:00,,2736.708118,2736.896299,,,
2023-03-03 22:15:00,,2736.704285,2736.895139,,,
2023-03-03 22:30:00,,2736.710523,2736.896889,,,
2023-03-03 22:45:00,,2736.707455,2736.896572,,,
2023-03-03 23:00:00,,2736.708774,2736.895991,,,
2023-03-03 23:15:00,,2736.708944,2736.898048,,,
2023-03-04 00:15:00,,2736.704219,2736.892538,,,
2023-03-04 00:30:00,,2736.703295,2736.895421,,,
2023-03-04 00:45:00,2737.323005,2736.705705,2736.896001,-0.6173000000003412,-0.4270040000001245,-0.5221520000002329
2023-03-04 01:00:00,2737.321255,2736.701649,2736.8934,-0.6196059999997487,-0.4278549999999086,-0.5237304999998287
2023-03-04 01:15:00,2737.323585,2736.704967,2736.896011,-0.6186179999999695,-0.427574000000277,-0.5230960000001232
2023-03-04 01:30:00,2737.315427,2736.70115,2736.89224,-0.6142770000001292,-0.42318699999987075,-0.518732
2023-03-04 02:00:00,2737.328833,2736.703977,2736.896899,-0.6248559999999088,-0.431934000000183,-0.5283950000000459
2023-03-04 02:15:00,2737.334081,2736.704059,2736.894296,-0.6300219999998262,-0.43978500000002896,-0.5349034999999276
2023-03-04 02:30:00,2737.341089,2736.703725,2736.895174,-0.6373640000001615,-0.44591499999978623,-0.5416394999999739
2023-03-04 03:00:00,2737.349246,2736.707626,2736.895482,-0.64162000000033,-0.45376400000031936,-0.5476920000003247
2023-03-04 03:15:00,2737.347496,2736.705809,2736.898083,-0.6416869999998198,-0.4494129999998222,-0.545549999999821
2023-03-04 03:30:00,2737.350995,2736.709375,2736.903287,-0.6416199999998753,-0.44770799999969313,-0.5446639999997842
2023-03-04 04:15:00,2737.353914,2736.70698,2736.902419,-0.6469339999998738,-0.45149499999979525,-0.5492144999998345
2023-03-04 04:45:00,2737.343998,2736.7068,2736.898935,-0.6371979999998985,-0.4450629999996636,-0.541130499999781
2023-03-04 05:15:00,2737.351585,2736.70191,2736.897775,-0.6496749999996609,-0.45380999999997584,-0.5517424999998184
2023-03-04 06:00:00,2737.33642,2736.705476,2736.902127,-0.6309439999999995,-0.4342930000002525,-0.532618500000126
2023-03-04 06:15:00,2737.344587,2736.704485,2736.899525,-0.6401019999998425,-0.44506200000023455,-0.5425820000000385
2023-03-04 06:30:00,2737.349836,2736.708975,2736.903877,-0.6408609999998589,-0.44595899999967514,-0.543409999999767
2023-03-04 06:45:00,2737.351585,2736.706234,2736.900421,-0.645350999999664,-0.4511640000000625,-0.5482574999998633
2023-03-04 07:15:00,2737.352745,2736.735709,2736.900704,-0.6170360000000983,-0.45204100000000835,-0.5345385000000533
2023-03-04 07:30:00,2737.356243,2736.75383,2736.899852,-0.6024130000000696,-0.45639100000016697,-0.5294020000001183
2023-03-04 08:00:00,2737.350995,2736.781621,2736.898103,-0.5693739999996978,-0.45289199999979246,-0.5111329999997452
2023-03-04 08:15:00,2737.345167,2736.786773,2736.899536,-0.5583940000001348,-0.4456310000000485,-0.5020125000000917
2023-03-04 09:00:00,2737.313088,2736.795823,2736.896046,-0.5172649999999521,-0.41704200000003766,-0.4671534999999949
2023-03-04 09:15:00,2737.303182,2736.793673,2736.896635,-0.50950899999998,-0.40654700000004595,-0.458028000000013
2023-03-04 09:30:00,2737.298513,2736.790934,2736.895466,-0.5075790000000779,-0.4030470000002424,-0.4553130000001602
2023-03-04 09:45:00,2737.287427,2736.781694,2736.886446,-0.5057330000004185,-0.40098100000022896,-0.45335700000032375
2023-03-04 10:00:00,2737.274022,2736.76327,2736.884389,-0.5107520000001387,-0.3896330000002308,-0.45019250000018474
2023-03-04 10:15:00,2737.283928,2736.759956,2736.888482,-0.5239719999999579,-0.39544599999999264,-0.4597089999999753
2023-03-04 10:30:00,2737.314258,2736.757217,2736.884176,-0.5570410000000265,-0.43008199999985663,-0.4935614999999416
2023-03-04 10:45:00,2737.313098,2736.751568,2736.881267,-0.5615299999999479,-0.4318309999998746,-0.49668049999991126
2023-03-04 11:00:00,2737.310759,2736.747166,2736.887631,-0.5635929999998552,-0.423127999999906,-0.49336049999988063
2023-03-04 11:30:00,2737.302602,2736.734555,2736.886471,-0.568047000000206,-0.41613100000040504,-0.49208900000030553
2023-03-04 11:45:00,2737.302602,2736.730215,2736.88212,-0.5723870000001625,-0.4204819999999927,-0.4964345000000776
2023-03-04 12:00:00,2737.304351,2736.724735,2736.882972,-0.579616000000442,-0.4213790000003428,-0.5004975000003924
2023-03-04 12:15:00,2737.306101,2736.723663,2736.887036,-0.582437999999911,-0.419065000000046,-0.5007514999999785
2023-03-04 12:30:00,2737.302602,2736.721087,2736.884433,-0.5815150000003086,-0.41816900000003443,-0.49984200000017154
2023-03-04 12:45:00,2737.300852,2736.714849,2736.882684,-0.5860029999998915,-0.4181679999996959,-0.5020854999997937
2023-03-04 13:15:00,2737.299103,2736.70937,2736.880371,-0.5897329999997964,-0.4187319999996362,-0.5042324999997163
2023-03-04 13:30:00,2737.30901,2736.713187,2736.885028,-0.5958230000001095,-0.42398199999979624,-0.5099024999999529
2023-03-04 13:45:00,2737.30901,2736.711436,2736.885593,-0.597573999999895,-0.4234169999999722,-0.5104954999999336
2023-03-04 14:15:00,2737.310759,2736.707522,2736.883844,-0.6032369999998082,-0.42691500000000815,-0.5150759999999082
2023-03-04 14:45:00,2737.310179,2736.708692,2736.886763,-0.6014869999999064,-0.4234160000000884,-0.5124514999999974
2023-03-04 15:00:00,2737.310179,2736.706942,2736.882412,-0.6032370000002629,-0.4277670000001308,-0.5155020000001969
2023-03-04 15:15:00,2737.30901,2736.703956,2736.881242,-0.6050540000001092,-0.4277680000000146,-0.5164110000000619
2023-03-04 15:30:00,2737.30901,2736.706115,2736.885015,-0.6028949999999895,-0.4239950000001045,-0.513445000000047
2023-03-04 16:15:00,2737.311929,2736.703376,2736.879811,-0.608553000000029,-0.4321180000001732,-0.5203355000001011
2023-03-04 16:30:00,2737.310759,2736.704039,2736.88038,-0.6067199999997683,-0.4303789999999026,-0.5185494999998355
2023-03-04 16:45:00,2737.311929,2736.707947,2736.884152,-0.6039820000000873,-0.42777699999987817,-0.5158794999999827
2023-03-04 17:00:00,2737.310759,2736.704947,2736.882129,-0.6058119999997871,-0.4286299999998846,-0.5172209999998358
2023-03-04 17:45:00,2737.314848,2736.709697,2736.885048,-0.6051510000002054,-0.4297999999998865,-0.5174755000000459
2023-03-04 18:00:00,2737.313098,2736.706957,2736.883299,-0.606141000000207,-0.4297990000000027,-0.5179700000001048
2023-03-04 19:00:00,2737.318336,2736.710856,2736.886208,-0.6074799999996685,-0.4321279999999206,-0.5198039999997945
2023-03-04 20:00:00,2737.317177,2736.706958,2736.889684,-0.6102189999996881,-0.4274929999996857,-0.5188559999996869
2023-03-04 20:30:00,2737.315427,2736.705209,2736.884478,-0.6102179999998043,-0.4309490000000551,-0.5205834999999297
2023-03-04 22:30:00,2737.317177,2736.705787,2736.885346,-0.6113900000000285,-0.4318309999998746,-0.5216104999999516
2023-03-04 22:45:00,2737.315427,2736.709354,2736.887661,-0.6060729999999239,-0.42776599999979226,-0.5169194999998581
2023-03-04 23:00:00,2737.317177,2736.707538,2736.890262,-0.6096389999997882,-0.42691500000000815,-0.5182769999998982
2023-03-04 23:15:00,2737.313678,2736.705125,2736.888514,-0.608553000000029,-0.42516399999976784,-0.5168584999998984
2023-03-04 23:45:00,2737.312508,2736.707866,2736.885058,-0.6046419999997852,-0.42745000000013533,-0.5160459999999603
2023-03-05 01:15:00,2737.30843,2736.707286,2736.888831,-0.601144000000204,-0.41959899999983463,-0.5103715000000193
2023-03-05 01:30:00,2737.30843,2736.710026,2736.891432,-0.5984039999998458,-0.41699800000014875,-0.5077009999999973
2023-03-05 02:45:00,2737.303182,2736.708708,2736.888265,-0.5944739999999911,-0.4149170000000595,-0.5046955000000253
2023-03-05 03:00:00,2737.301432,2736.707056,2736.890015,-0.5943760000000111,-0.41141700000025594,-0.5028965000001335
2023-03-05 03:15:00,2737.301432,2736.708046,2736.890868,-0.5933860000000095,-0.4105640000002495,-0.5019750000001295
2023-03-05 03:45:00,2737.296174,2736.707128,2736.892593,-0.589046000000053,-0.40358100000003105,-0.49631350000004204
2023-03-05 04:00:00,2737.299673,2736.707886,2736.894341,-0.5917869999998402,-0.4053319999998166,-0.4985594999998284
2023-03-05 04:45:00,2737.297923,2736.708877,2736.895194,-0.589046000000053,-0.4027289999999084,-0.4958874999999807
2023-03-05 06:30:00,2737.295014,2736.707056,2736.892616,-0.5879579999996167,-0.4023979999997209,-0.4951779999996688
2023-03-05 07:00:00,2737.295014,2736.711612,2736.894367,-0.5834019999997508,-0.40064699999993536,-0.4920244999998431
2023-03-05 07:15:00,2737.292095,2736.709451,2736.891448,-0.5826439999996182,-0.40064699999993536,-0.4916454999997768
2023-03-05 07:45:00,2737.293845,2736.712192,2736.893196,-0.5816530000001876,-0.4006490000001577,-0.49115100000017264
2023-03-05 08:00:00,2737.296764,2736.711431,2736.8923,-0.5853329999999914,-0.4044640000001891,-0.4948985000000903
2023-03-05 08:30:00,2737.310759,2736.705772,2736.889381,-0.6049870000001647,-0.42137800000000425,-0.5131825000000845
2023-03-05 08:45:00,2737.317757,2736.706532,2736.89056,-0.6112249999996493,-0.4271969999999783,-0.5192109999998138
2023-03-05 09:00:00,2737.323005,2736.710447,2736.894015,-0.6125580000002628,-0.42899000000033993,-0.5207740000003014
2023-03-05 09:15:00,2737.320086,2736.705459,2736.890822,-0.6146270000003824,-0.42926400000033027,-0.5219455000003563
2023-03-05 09:30:00,2737.318336,2736.703629,2736.885628,-0.6147069999997257,-0.43270799999982046,-0.5237074999997731
2023-03-05 10:00:00,2737.317167,2736.697969,2736.8827,-0.6191980000003241,-0.43446700000004057,-0.5268325000001823
2023-03-05 10:15:00,2737.313088,2736.70013,2736.88387,-0.6129579999997077,-0.4292179999997643,-0.521087999999736
2023-03-05 10:30:00,2737.30842,2736.695461,2736.876925,-0.6129590000000462,-0.43149499999981344,-0.5222269999999298
2023-03-05 10:45:00,2737.30726,2736.701382,2736.883572,-0.6058779999998478,-0.4236879999998564,-0.5147829999998521
2023-03-05 11:00:00,2737.310169,2736.699802,2736.885584,-0.6103669999997692,-0.42458499999975174,-0.5174759999997605
2023-03-05 11:15:00,2737.310759,2736.70072,2736.885321,-0.6100390000001426,-0.4254379999997582,-0.5177384999999504
2023-03-05 11:30:00,2737.310169,2736.701551,2736.883027,-0.6086179999997512,-0.42714200000000346,-0.5178799999998773
2023-03-05 12:00:00,2737.30901,2736.696891,2736.880969,-0.6121189999998933,-0.42804100000012113,-0.5200800000000072
2023-03-05 12:15:00,2737.30842,2736.698052,2736.884732,-0.610367999999653,-0.4236879999998564,-0.5170279999997547
2023-03-05 12:30:00,2737.305511,2736.699631,2736.884424,-0.6058800000000701,-0.4210870000001705,-0.5134835000001203
2023-03-05 12:45:00,2737.304921,2736.699041,2736.883552,-0.6058800000000701,-0.42136900000014066,-0.5136245000001054
2023-03-05 13:30:00,2737.309589,2736.704701,2736.885618,-0.6048879999998462,-0.4239710000001651,-0.5144295000000056
2023-03-05 13:45:00,2737.30901,2736.703531,2736.883562,-0.605478999999832,-0.4254479999999603,-0.5154634999998962
2023-03-05 14:00:00,2737.30901,2736.7017,2736.882709,-0.6073099999998703,-0.42630099999996673,-0.5168054999999185
2023-03-05 14:15:00,2737.310759,2736.70071,2736.886153,-0.6100489999998899,-0.4246060000000398,-0.5173274999999649
2023-03-05 14:30:00,2737.30726,2736.69995,2736.884414,-0.6073099999998703,-0.4228459999999359,-0.5150779999999031
2023-03-05 14:45:00,2737.30843,2736.69937,2736.883834,-0.6090600000002269,-0.42459599999983766,-0.5168280000000323
2023-03-05 15:00:00,2737.313098,2736.705029,2736.885901,-0.6080689999998867,-0.4271969999999783,-0.5176329999999325
2023-03-05 15:15:00,2737.30843,2736.700278,2736.882982,-0.6081520000002456,-0.4254479999999603,-0.516800000000103
2023-03-05 15:30:00,2737.311929,2736.703858,2736.884731,-0.608071000000109,-0.4271979999998621,-0.5176344999999856
2023-03-05 15:45:00,2737.30843,2736.70112,2736.885583,-0.6073099999998703,-0.4228469999998197,-0.515078499999845
2023-03-05 16:00:00,2737.311349,2736.702289,2736.886753,-0.6090600000002269,-0.42459599999983766,-0.5168280000000323
2023-03-05 16:15:00,2737.311929,2736.70211,2736.881232,-0.6098189999997885,-0.43069699999978184,-0.5202579999997852
2023-03-05 17:15:00,2737.313678,2736.705609,2736.883878,-0.6080689999998867,-0.4297999999998865,-0.5189344999998866
2023-03-05 18:45:00,2737.315417,2736.70802,2736.886481,-0.6073969999997644,-0.42893599999979415,-0.5181664999997793
2023-03-05 19:00:00,2737.315417,2736.708846,2736.889082,-0.6065709999998035,-0.4263349999996535,-0.5164529999997285
2023-03-05 19:30:00,2737.317167,2736.709174,2736.88823,-0.6079930000000786,-0.4289370000001327,-0.5184650000001056
2023-03-05 20:45:00,2737.316007,2736.707024,2736.887071,-0.6089830000000802,-0.42893599999979415,-0.5189594999999372
2023-03-05 21:00:00,2737.317757,2736.704285,2736.887358,-0.6134720000000016,-0.4303989999998521,-0.5219354999999268
2023-03-05 21:15:00,2737.314258,2736.704367,2736.882154,-0.6098910000000615,-0.43210399999998117,-0.5209975000000213
2023-03-05 21:30:00,2737.317757,2736.708194,2736.886506,-0.6095629999999801,-0.43125099999997474,-0.5204069999999774
2023-03-06 00:00:00,2737.315417,2736.702459,2736.889652,-0.6129579999997077,-0.42576499999995576,-0.5193614999998317
2023-03-06 01:30:00,2737.314838,2736.706116,2736.888219,-0.6087219999999434,-0.426618999999846,-0.5176704999998947
2023-03-06 03:30:00,2737.311339,2736.703295,2736.888789,-0.6080440000000635,-0.4225499999997737,-0.5152969999999186
2023-03-06 03:45:00,2737.314838,2736.708775,2736.887084,-0.6060629999997218,-0.42775399999982255,-0.5169084999997722
2023-03-06 04:00:00,2737.313088,2736.706034,2736.89054,-0.6070540000000619,-0.42254800000000614,-0.514801000000034
2023-03-06 04:45:00,2737.311339,2736.708856,2736.885336,-0.6024829999996655,-0.426003000000037,-0.5142429999998512
2023-03-06 05:00:00,2737.314258,2736.707866,2736.889107,-0.606391999999687,-0.42515099999991435,-0.5157714999998007
2023-03-06 05:30:00,2737.30667,2736.704947,2736.884448,-0.6017229999997653,-0.4222220000001471,-0.5119724999999562
2023-03-06 06:00:00,2737.313088,2736.709615,2736.886514,-0.6034729999996671,-0.4265740000000733,-0.5150234999998702
2023-03-06 06:15:00,2737.311919,2736.710195,2736.887094,-0.6017240000001038,-0.4248250000000553,-0.5132745000000796
2023-03-06 06:30:00,2737.30842,2736.706696,2736.880994,-0.6017239999996491,-0.4274259999997412,-0.5145749999996951
2023-03-06 06:45:00,2737.311919,2736.708446,2736.887947,-0.6034730000001218,-0.42397200000004887,-0.5137225000000853
2023-03-06 08:30:00,2737.314838,2736.700709,2736.884141,-0.6141289999995934,-0.43069699999978184,-0.5224129999996876
2023-03-06 08:45:00,2737.314838,2736.703449,2736.886743,-0.61138899999969,-0.4280949999997574,-0.5197419999997237
2023-03-06 09:00:00,2737.313088,2736.701037,2736.884993,-0.612051000000065,-0.4280949999997574,-0.5200729999999112
2023-03-06 10:15:00,2737.310759,2736.698708,2736.881812,-0.612051000000065,-0.42894699999988006,-0.5204989999999725
2023-03-06 11:00:00,2737.305511,2736.69856,2736.884413,-0.6069510000002083,-0.4210979999998017,-0.514024500000005
2023-03-06 11:15:00,2737.302012,2736.69879,2736.878313,-0.6032220000001871,-0.4236989999999423,-0.5134605000000647
2023-03-06 11:45:00,2737.310179,2736.69798,2736.883833,-0.612199000000146,-0.4263460000001942,-0.5192725000001701
2023-03-06 12:15:00,2737.303182,2736.700868,2736.880379,-0.6023140000002059,-0.42280299999993076,-0.5125585000000683
2023-03-06 12:45:00,2737.298513,2736.695209,2736.87746,-0.6033040000002075,-0.421053000000029,-0.5121785000001182
2023-03-06 13:30:00,2737.304341,2736.701699,2736.882084,-0.6026419999998325,-0.4222570000001724,-0.5124495000000024
2023-03-06 14:30:00,2737.30901,2736.70561,2736.882402,-0.6033999999999651,-0.42660799999976007,-0.5150039999998626
2023-03-06 14:45:00,2737.30901,2736.702027,2736.883254,-0.6069830000001275,-0.42575600000009217,-0.5163695000001098
2023-03-06 18:00:00,2737.312508,2736.706368,2736.880697,-0.6061399999998685,-0.4318109999999251,-0.5189754999998968
2023-03-06 18:15:00,2737.309589,2736.708266,2736.88298,-0.6013229999998657,-0.4266090000000986,-0.5139659999999822
2023-03-06 19:00:00,2737.311339,2736.712837,2736.879814,-0.5985019999998258,-0.4315249999999651,-0.5150134999998954
2023-03-06 19:15:00,2737.311339,2736.714588,2736.882415,-0.5967510000000402,-0.42892399999982445,-0.5128374999999323
2023-03-06 20:15:00,2737.313088,2736.714751,2736.884165,-0.5983369999999013,-0.42892299999994066,-0.513629999999921
2023-03-06 22:00:00,2737.316587,2736.715413,2736.883288,-0.6011739999999008,-0.43329899999980626,-0.5172364999998535
2023-03-06 23:15:00,2737.313088,2736.715741,2736.88239,-0.5973469999998997,-0.4306979999996656,-0.5140224999997827
2023-03-06 23:45:00,2737.316007,2736.717671,2736.884458,-0.5983360000000175,-0.4315489999999045,-0.514942499999961
2023-03-07 00:15:00,2737.314258,2736.717573,2736.884151,-0.5966849999999795,-0.43010699999967983,-0.5133959999998297
2023-03-07 00:45:00,2737.318926,2736.720426,2736.891421,-0.5985000000000582,-0.42750500000011016,-0.5130025000000842
2023-03-07 01:00:00,2737.312508,2736.713777,2736.883298,-0.5987310000000434,-0.4292099999997845,-0.513970499999914
2023-03-07 01:45:00,2737.314258,2736.717507,2736.880695,-0.5967510000000402,-0.4335630000000492,-0.5151570000000447
2023-03-07 02:15:00,2737.317177,2736.716697,2736.883616,-0.6004800000000614,-0.4335609999998269,-0.5170204999999441
2023-03-07 02:30:00,2737.317177,2736.715937,2736.882718,-0.6012399999999616,-0.43445900000006077,-0.5178495000000112
2023-03-07 03:30:00,2737.312508,2736.714766,2736.881548,-0.5977419999999256,-0.430960000000141,-0.5143510000000333
2023-03-07 04:45:00,2737.312508,2736.715757,2736.883288,-0.5967510000000402,-0.4292199999999866,-0.5129855000000134
2023-03-07 05:00:00,2737.315417,2736.715927,2736.886197,-0.5994899999996051,-0.4292199999999866,-0.5143549999997958
2023-03-07 05:15:00,2737.318336,2736.718667,2736.883596,-0.5996689999997216,-0.4347399999996924,-0.517204499999707
2023-03-07 08:00:00,2737.302592,2736.719323,2736.886752,-0.5832690000002003,-0.41584000000011656,-0.49955450000015844
2023-03-07 09:00:00,2737.306091,2736.719242,2736.885889,-0.5868489999998019,-0.42020199999979013,-0.503525499999796
2023-03-07 09:15:00,2737.303182,2736.715341,2736.881275,-0.5878410000000258,-0.4219069999999192,-0.5048739999999725
2023-03-07 10:00:00,2737.313678,2736.716183,2736.883308,-0.5974949999999808,-0.430370000000039,-0.5139325000000099
2023-03-07 10:15:00,2737.313678,2736.712602,2736.881558,-0.6010759999999209,-0.4321199999999408,-0.5165979999999308
2023-03-07 10:30:00,2737.310179,2736.713592,2736.879527,-0.5965869999999995,-0.43065200000000914,-0.5136195000000043
2023-03-07 11:30:00,2737.30726,2736.710673,2736.878639,-0.5965869999999995,-0.428621000000021,-0.5126040000000103
2023-03-07 11:45:00,2737.30901,2736.712422,2736.878357,-0.5965879999998833,-0.4306529999998929,-0.5136204999998881
2023-03-07 12:45:00,2737.310179,2736.711842,2736.878654,-0.5983369999999013,-0.4315249999999651,-0.5149309999999332
2023-03-07 13:30:00,2737.30668,2736.710025,2736.879219,-0.5966550000002826,-0.42746100000022125,-0.5120580000002519
2023-03-07 14:00:00,2737.309589,2736.708119,2736.880377,-0.601470000000063,-0.4292120000000068,-0.5153410000000349
2023-03-07 15:00:00,2737.305511,2736.704864,2736.880369,-0.6006470000002082,-0.42514200000005076,-0.5128945000001295
2023-03-07 15:15:00,2737.30901,2736.706615,2736.879516,-0.6023949999998877,-0.42949399999997695,-0.5159444999999323
2023-03-07 15:45:00,2737.310179,2736.708447,2736.881538,-0.6017320000000836,-0.4286409999999705,-0.5151865000000271
2023-03-07 16:00:00,2737.30726,2736.710278,2736.875481,-0.5969820000000254,-0.4317790000000059,-0.5143805000000157
2023-03-07 16:15:00,2737.310759,2736.714105,2736.882435,-0.5966539999999441,-0.42832399999997506,-0.5124889999999596
2023-03-07 16:45:00,2737.312508,2736.712936,2736.878947,-0.5995720000000802,-0.4335609999998269,-0.5165664999999535
2023-03-07 19:00:00,2737.312508,2736.715527,2736.885047,-0.5969810000001416,-0.4274609999997665,-0.5122209999999541
2023-03-07 19:15:00,2737.313088,2736.713761,2736.881538,-0.5993269999999029,-0.43154999999978827,-0.5154384999998456
2023-03-07 21:00:00,2737.313088,2736.720082,2736.882436,-0.5930060000000594,-0.43065200000000914,-0.5118290000000343
2023-03-07 21:15:00,2737.315427,2736.717932,2736.883876,-0.5974949999999808,-0.4315510000001268,-0.5145230000000538
2023-03-07 21:45:00,2737.311929,2736.720672,2736.883024,-0.5912570000000414,-0.42890499999975873,-0.5100809999999001
2023-03-07 22:00:00,2737.317757,2736.721176,2736.884184,-0.5965809999997873,-0.4335729999997966,-0.515076999999792
2023-03-07 22:15:00,2737.313678,2736.719026,2736.882454,-0.594651999999769,-0.4312239999999292,-0.5129379999998491
2023-03-07 23:15:00,2737.316587,2736.718436,2736.886787,-0.5981509999996888,-0.4297999999998865,-0.5139754999997876
2023-03-07 23:30:00,2737.314838,2736.716687,2736.885037,-0.5981509999996888,-0.4298009999997703,-0.5139759999997295
2023-03-08 00:45:00,2737.316597,2736.715193,2736.880705,-0.6014040000000023,-0.4358919999999671,-0.5186479999999847
2023-03-08 01:00:00,2737.316597,2736.714203,2736.885627,-0.6023940000000039,-0.4309699999998884,-0.5166819999999461
2023-03-08 01:15:00,2737.315427,2736.710622,2736.883307,-0.6048049999999421,-0.4321199999999408,-0.5184624999999414
2023-03-08 01:45:00,2737.319506,2736.713531,2736.886217,-0.605974999999944,-0.43328899999960413,-0.519631999999774
2023-03-08 03:15:00,2737.321255,2736.709801,2736.885933,-0.6114539999998669,-0.4353219999998146,-0.5233879999998408
2023-03-08 03:45:00,2737.321255,2736.714701,2736.887103,-0.6065539999999601,-0.4341519999998127,-0.5203529999998864
2023-03-08 04:15:00,2737.321835,2736.712875,2736.882459,-0.6089600000000246,-0.4393760000002658,-0.5241680000001452
2023-03-08 04:45:00,2737.321255,2736.715692,2736.886231,-0.6055629999996199,-0.43502399999988484,-0.5202934999997524
2023-03-08 05:00:00,2737.323005,2736.713875,2736.887956,-0.6091300000002775,-0.4350490000001628,-0.5220895000002201
2023-03-08 05:30:00,2737.324754,2736.71744,2736.888853,-0.607314000000315,-0.4359010000002854,-0.5216075000003002
2023-03-08 07:00:00,2737.323005,2736.713711,2736.889706,-0.6092940000003182,-0.433299000000261,-0.5212965000002896
2023-03-08 07:30:00,2737.323005,2736.71645,2736.888001,-0.6065550000002986,-0.4350040000003901,-0.5207795000003443
2023-03-08 08:15:00,2737.321255,2736.717112,2736.887966,-0.6041430000000219,-0.4332890000000589,-0.5187160000000404
2023-03-08 08:30:00,2737.315427,2736.711797,2736.885057,-0.6036300000000665,-0.430370000000039,-0.5170000000000528
2023-03-08 09:30:00,2737.315427,2736.711618,2736.879535,-0.603809000000183,-0.4358919999999671,-0.519850500000075
2023-03-08 10:00:00,2737.30901,2736.711438,2736.876616,-0.5975720000001274,-0.4323939999999311,-0.5149830000000293
2023-03-08 10:30:00,2737.310759,2736.712197,2736.880968,-0.598562000000129,-0.4297910000000229,-0.514176500000076
2023-03-08 10:45:00,2737.305511,2736.708698,2736.877469,-0.5968130000001111,-0.4280420000000049,-0.512427500000058
2023-03-08 11:00:00,2737.303761,2736.714177,2736.878365,-0.5895840000002863,-0.4253960000000916,-0.507490000000189
2023-03-08 11:30:00,2737.303761,2736.714357,2736.876932,-0.589404000000286,-0.4268289999999979,-0.508116500000142
2023-03-08 12:00:00,2737.302012,2736.712608,2736.875184,-0.589404000000286,-0.4268280000001141,-0.5081160000002001
2023-03-08 12:30:00,2737.296764,2736.711514,2736.871427,-0.5852500000000873,-0.42533700000012686,-0.5052935000001071
2023-03-08 13:00:00,2737.303182,2736.716184,2736.876947,-0.5869980000002215,-0.426234999999906,-0.5066165000000638
2023-03-08 13:15:00,2737.304931,2736.714351,2736.879525,-0.5905800000000454,-0.4254060000002937,-0.5079930000001696
2023-03-08 13:30:00,2737.302592,2736.716502,2736.874608,-0.5860899999997855,-0.427983999999924,-0.5070369999998547
2023-03-08 13:45:00,2737.30901,2736.71942,2736.879843,-0.5895900000000438,-0.42916699999977936,-0.5093784999999116
2023-03-08 14:00:00,2737.30726,2736.719256,2736.878662,-0.5880040000001827,-0.4285979999999654,-0.508301000000074
2023-03-08 14:15:00,2737.306091,2736.716517,2736.875491,-0.5895740000000842,-0.4306000000001404,-0.5100870000001123
2023-03-08 14:30:00,2737.305511,2736.718594,2736.879832,-0.586917000000085,-0.4256789999999455,-0.5062980000000152
2023-03-08 15:00:00,2737.30901,2736.720016,2736.878082,-0.5889939999997296,-0.43092799999976705,-0.5099609999997483
2023-03-08 15:45:00,2737.30667,2736.723007,2736.879242,-0.5836629999998877,-0.4274279999999635,-0.5055454999999256
2023-03-08 16:00:00,2737.30842,2736.726656,2736.878107,-0.581764000000021,-0.43031299999984185,-0.5060384999999314
2023-03-08 16:15:00,2737.304921,2736.724905,2736.877211,-0.5800159999998868,-0.42770999999993364,-0.5038629999999102
2023-03-08 16:30:00,2737.309589,2736.727824,2736.882732,-0.5817649999999048,-0.4268569999999272,-0.504310999999916
2023-03-08 16:45:00,2737.304921,2736.728486,2736.87896,-0.5764349999999467,-0.42596099999991566,-0.5011979999999312
2023-03-08 17:00:00,2737.306091,2736.730647,2736.87838,-0.5754440000000614,-0.42771099999981743,-0.5015774999999394
2023-03-08 17:15:00,2737.306091,2736.728815,2736.876631,-0.5772759999999835,-0.4294599999998354,-0.5033679999999094
2023-03-08 17:45:00,2737.309589,2736.734146,2736.881879,-0.5754430000001776,-0.42770999999993364,-0.5015765000000556
2023-03-08 18:00:00,2737.310759,2736.735316,2736.876095,-0.5754430000001776,-0.43466399999988425,-0.5050535000000309
2023-03-08 18:15:00,2737.309589,2736.736886,2736.877527,-0.5727029999998194,-0.43206199999985984,-0.5023824999998396
2023-03-08 18:30:00,2737.310169,2736.740271,2736.879813,-0.5698979999997391,-0.43035599999984697,-0.500126999999793
2023-03-08 18:45:00,2737.311339,2736.740451,2736.878425,-0.5708879999997407,-0.4329139999999825,-0.5019009999998616
2023-03-08 19:00:00,2737.311339,2736.742528,2736.879277,-0.5688109999996414,-0.43206199999985984,-0.5004364999997506
2023-03-08 19:15:00,2737.311339,2736.745022,2736.876675,-0.566316999999799,-0.43466399999988425,-0.5004904999998416
2023-03-08 19:30:00,2737.311339,2736.747762,2736.878707,-0.5635769999998956,-0.43263200000001234,-0.498104499999954
2023-03-08 20:00:00,2737.314838,2736.749609,2736.883059,-0.5652289999998175,-0.4317790000000059,-0.4985039999999117
2023-03-08 20:15:00,2737.311919,2736.747679,2736.88014,-0.5642400000001544,-0.4317790000000059,-0.49800950000008015
2023-03-08 20:30:00,2737.313668,2736.7506,2736.879288,-0.5630679999999302,-0.4343799999996918,-0.498723999999811
2023-03-08 21:45:00,2737.30901,2736.755827,2736.875807,-0.55318299999999,-0.43320300000004863,-0.4931930000000193
2023-03-08 22:15:00,2737.312508,2736.758566,2736.879306,-0.5539420000000064,-0.43320200000016484,-0.4935720000000856
2023-03-08 22:30:00,2737.314838,2736.762466,2736.87957,-0.5523719999996501,-0.43526799999972354,-0.49381999999968684
2023-03-08 23:30:00,2737.313088,2736.753405,2736.877537,-0.55968299999995,-0.4355510000000322,-0.4976169999999911
2023-03-09 00:00:00,2737.311919,2736.756145,2736.878716,-0.5557740000003832,-0.43320300000004863,-0.49448850000021594
2023-03-09 00:15:00,2737.318336,2736.758654,2736.882217,-0.5596819999996114,-0.4361189999999624,-0.4979004999997869
2023-03-09 00:45:00,2737.316587,2736.761477,2736.877863,-0.5551099999997859,-0.4387239999996382,-0.49691699999971206
2023-03-09 01:00:00,2737.315427,2736.760316,2736.878454,-0.5551110000001245,-0.4369729999998526,-0.49604199999998855
2023-03-09 01:15:00,2737.315417,2736.760486,2736.876446,-0.5549309999996694,-0.438970999999583,-0.4969509999996262
2023-03-09 01:30:00,2737.315427,2736.759326,2736.877889,-0.5561010000001261,-0.43753800000013143,-0.49681950000012876
2023-03-09 01:45:00,2737.318926,2736.758336,2736.879639,-0.5605900000000474,-0.43928699999969467,-0.49993849999987106
2023-03-09 02:30:00,2737.318926,2736.75768,2736.88224,-0.5612459999997554,-0.4366860000000088,-0.4989659999998821
2023-03-09 02:45:00,2737.318926,2736.758008,2736.880491,-0.5609180000001288,-0.4384350000000268,-0.4996765000000778
2023-03-09 03:15:00,2737.330582,2736.757188,2736.885149,-0.5733940000000075,-0.4454329999998663,-0.5094134999999369
2023-03-09 03:30:00,2737.323585,2736.755438,2736.880798,-0.5681469999999536,-0.44278699999995297,-0.5054669999999533
2023-03-09 04:15:00,2737.325334,2736.754267,2736.878196,-0.571067000000312,-0.4471379999999954,-0.5091025000001537
2023-03-09 04:45:00,2737.327083,2736.753278,2736.877909,-0.573804999999993,-0.44917400000031193,-0.5114895000001525
2023-03-09 06:00:00,2737.324174,2736.749706,2736.877934,-0.574467999999797,-0.4462399999997615,-0.5103539999997793
2023-03-09 06:15:00,2737.324174,2736.752119,2736.881388,-0.5720549999996365,-0.4427860000000692,-0.5074204999998528
2023-03-09 06:30:00,2737.325924,2736.750549,2736.880535,-0.5753750000003492,-0.44538900000043213,-0.5103820000003907
2023-03-09 07:15:00,2737.325924,2736.747726,2736.879965,-0.5781980000001568,-0.4459590000001299,-0.5120785000001433
2023-03-09 07:45:00,2737.327673,2736.748388,2736.884316,-0.5792849999997998,-0.4433569999996507,-0.5113209999997252
2023-03-09 08:00:00,2737.324754,2736.74448,2736.880545,-0.5802740000003723,-0.4442090000002281,-0.5122415000003002
2023-03-09 08:15:00,2737.325924,2736.744561,2736.877942,-0.5813630000002377,-0.4479820000001382,-0.5146725000001879
2023-03-09 08:30:00,2737.324174,2736.74664,2736.877919,-0.5775340000000142,-0.4462549999998373,-0.5118944999999258
2023-03-09 08:45:00,2737.323005,2736.7439,2736.876178,-0.5791050000002542,-0.44682700000021214,-0.5129660000002332
2023-03-09 09:00:00,2737.321845,2736.743401,2736.875018,-0.578443999999763,-0.4468269999997574,-0.5126354999997602
2023-03-09 09:15:00,2737.323595,2736.741749,2736.877621,-0.5818460000000414,-0.44597399999975096,-0.5139099999998962
2023-03-09 09:45:00,2737.318926,2736.732509,2736.873805,-0.5864169999999831,-0.4451209999997445,-0.5157689999998638
2023-03-09 10:00:00,2737.318926,2736.737743,2736.874702,-0.5811829999997826,-0.4442239999998492,-0.5127034999998159
2023-03-09 10:15:00,2737.310759,2736.732514,2736.872967,-0.5782450000001518,-0.43779200000017227,-0.508018500000162
2023-03-09 10:30:00,2737.313678,2736.738174,2736.875886,-0.5755039999999099,-0.43779200000017227,-0.5066480000000411
2023-03-09 10:45:00,2737.30901,2736.734265,2736.872115,-0.5747449999998935,-0.4368949999998222,-0.5058199999998578
2023-03-09 11:00:00,2737.306101,2736.731356,2736.870954,-0.5747450000003482,-0.4351470000001427,-0.5049460000002455
2023-03-09 11:15:00,2737.30726,2736.735091,2736.874716,-0.5721690000000308,-0.4325440000002345,-0.5023565000001327
2023-03-09 11:30:00,2737.30726,2736.736081,2736.874146,-0.5711790000000292,-0.4331139999999323,-0.5021464999999807
2023-03-09 11:45:00,2737.304351,2736.72977,2736.871807,-0.5745810000003075,-0.4325440000002345,-0.503562500000271
2023-03-09 12:00:00,2737.304351,2736.73076,2736.87209,-0.5735910000003059,-0.4322610000003806,-0.5029260000003433
2023-03-09 12:30:00,2737.306101,2736.728282,2736.87384,-0.5778190000000905,-0.43226099999992584,-0.5050400000000081
2023-03-09 13:30:00,2737.304351,2736.726533,2736.872659,-0.5778180000002067,-0.4316920000001119,-0.5047550000001593
2023-03-09 13:45:00,2737.30726,2736.73218,2736.875568,-0.5750800000000709,-0.4316920000001119,-0.5033860000000914
2023-03-09 14:15:00,2737.305511,2736.730432,2736.871217,-0.5750790000001871,-0.4342940000001363,-0.5046865000001617
2023-03-09 16:15:00,2737.306101,2736.734587,2736.873557,-0.5715140000002066,-0.4325440000002345,-0.5020290000002205
2023-03-09 16:45:00,2737.30785,2736.73667,2736.876158,-0.5711800000003677,-0.4316920000001119,-0.5014360000002398
2023-03-09 17:15:00,2737.30726,2736.739579,2736.87935,-0.5676809999999932,-0.42790999999988344,-0.49779549999993833
2023-03-09 17:30:00,2737.310759,2736.739662,2736.880202,-0.5710970000000088,-0.4305570000001353,-0.5008270000000721
2023-03-09 18:00:00,2737.30785,2736.738502,2736.875589,-0.5693479999999909,-0.43226099999992584,-0.5008044999999584
2023-03-09 18:30:00,2737.309599,2736.74101,2736.879088,-0.5685889999999745,-0.43051100000002407,-0.4995499999999993
2023-03-09 18:45:00,2737.311349,2736.743833,2736.876768,-0.5675160000000687,-0.4345809999999801,-0.5010485000000244
2023-03-09 19:00:00,2737.313098,2736.743171,2736.87937,-0.569927000000007,-0.4337279999999737,-0.5018274999999903
2023-03-09 19:30:00,2737.313098,2736.74591,2736.878517,-0.5671879999999874,-0.4345809999999801,-0.5008844999999837
2023-03-09 20:30:00,2737.316597,2736.742509,2736.874166,-0.5740879999998469,-0.4424309999999423,-0.5082594999998946
2023-03-09 20:45:00,2737.314848,2736.746998,2736.875063,-0.5678499999999076,-0.43978500000002896,-0.5038174999999683
2023-03-09 21:00:00,2737.318346,2736.746008,2736.879415,-0.5723379999999452,-0.43893100000013874,-0.505634500000042
2023-03-09 21:45:00,2737.317177,2736.743586,2736.878532,-0.5735909999998512,-0.43864499999972395,-0.5061179999997876
2023-03-09 22:00:00,2737.314838,2736.745566,2736.876784,-0.569271999999728,-0.43805399999973815,-0.5036629999997331
2023-03-09 22:15:00,2737.316587,2736.745746,2736.880272,-0.5708409999997457,-0.4363149999999223,-0.503577999999834
2023-03-09 23:00:00,2737.318336,2736.749065,2736.880281,-0.5692709999998442,-0.43805499999962194,-0.5036629999997331
2023-03-09 23:15:00,2737.316587,2736.747495,2736.882021,-0.5690919999997277,-0.4345659999999043,-0.501828999999816
2023-03-09 23:30:00,2737.315417,2736.744576,2736.879102,-0.5708409999997457,-0.4363149999999223,-0.503577999999834
2023-03-09 23:45:00,2737.316587,2736.749147,2736.881986,-0.5674399999998059,-0.4346009999999296,-0.5010204999998678
2023-03-10 00:30:00,2737.318346,2736.748485,2736.877665,-0.5698609999999462,-0.4406810000000405,-0.5052709999999934
2023-03-10 01:15:00,2737.319506,2736.753376,2736.876222,-0.5661299999997027,-0.4432839999999487,-0.5047069999998257
2023-03-10 01:45:00,2737.316597,2736.747065,2736.873313,-0.569531999999981,-0.4432839999999487,-0.5064079999999649
2023-03-10 02:15:00,2737.319506,2736.752386,2736.877972,-0.5671199999997043,-0.4415339999995922,-0.5043269999996483
2023-03-10 03:00:00,2737.316597,2736.750564,2736.876812,-0.5660330000000613,-0.43978500000002896,-0.5029090000000451
2023-03-10 03:30:00,2737.317757,2736.752318,2736.880574,-0.5654389999999694,-0.43718300000000454,-0.501310999999987
2023-03-10 03:45:00,2737.319506,2736.750569,2736.878825,-0.5689370000000054,-0.4406810000000405,-0.5048090000000229
2023-03-10 04:00:00,2737.318926,2736.75174,2736.879711,-0.567185999999765,-0.43921499999987645,-0.5032004999998207
2023-03-10 04:30:00,2737.315427,2736.749148,2736.877963,-0.5662790000001223,-0.4374640000000909,-0.5018715000001066
2023-03-10 04:45:00,2737.315427,2736.748157,2736.87536,-0.5672700000000077,-0.4400669999999991,-0.5036685000000034
2023-03-10 05:15:00,2737.317177,2736.748917,2736.87711,-0.5682600000000093,-0.4400669999999991,-0.5041635000000042
2023-03-10 05:45:00,2737.320096,2736.750749,2736.878848,-0.5693470000001071,-0.4412480000000869,-0.505297500000097
2023-03-10 08:00:00,2737.314848,2736.739939,2736.875349,-0.5749089999999342,-0.4394990000000689,-0.5072040000000015
2023-03-10 09:15:00,2737.313088,2736.743012,2736.873909,-0.5700759999999718,-0.43917899999996735,-0.5046274999999696
2023-03-10 09:45:00,2737.310759,2736.739589,2736.868977,-0.5711700000001656,-0.44178199999987555,-0.5064760000000206
2023-03-10 10:00:00,2737.30901,2736.739923,2736.870682,-0.569086999999854,-0.4383279999997285,-0.5037074999997913
2023-03-10 10:15:00,2737.310179,2736.740759,2736.870998,-0.5694200000002638,-0.43918100000018967,-0.5043005000002267
2023-03-10 10:30:00,2737.311339,2736.740929,2736.874473,-0.5704099999998107,-0.4368660000000091,-0.5036379999999099
2023-03-10 10:45:00,2737.303761,2736.73685,2736.869829,-0.5669110000003457,-0.4339319999999134,-0.5004215000001295
2023-03-10 11:30:00,2737.304931,2736.739769,2736.872748,-0.5651620000003277,-0.43218300000035015,-0.4986725000003389
2023-03-10 12:15:00,2737.304341,2736.741919,2736.871871,-0.5624219999999696,-0.432470000000194,-0.49744600000008177
2023-03-10 12:45:00,2737.304341,2736.740749,2736.872723,-0.5635919999999714,-0.43161800000007133,-0.4976050000000214
2023-03-10 13:30:00,2737.302592,2736.737019,2736.866646,-0.5655729999998584,-0.4359460000000581,-0.5007594999999583
2023-03-10 14:15:00,2737.305511,2736.745648,2736.867534,-0.5598629999999503,-0.43797700000004625,-0.49891999999999825
2023-03-10 14:45:00,2737.30726,2736.746408,2736.866672,-0.5608520000000681,-0.44058799999993425,-0.5007200000000012
2023-03-10 15:00:00,2737.303172,2736.746809,2736.866934,-0.556362999999692,-0.43623799999977564,-0.4963004999997338
2023-03-10 15:15:00,2737.304341,2736.749661,2736.869854,-0.5546800000001895,-0.4344869999999901,-0.49458350000008977
2023-03-10 15:30:00,2737.306091,2736.750651,2736.867252,-0.5554400000000896,-0.43883899999991627,-0.49713950000000295
2023-03-10 15:45:00,2737.304341,2736.7524,2736.869002,-0.5519410000001699,-0.4353390000001127,-0.4936400000001413
2023-03-10 16:00:00,2737.30901,2736.75357,2736.868134,-0.5554400000000896,-0.4408760000001166,-0.49815800000010313
2023-03-10 16:15:00,2737.306091,2736.755966,2736.868149,-0.5501249999997526,-0.4379420000000209,-0.49403349999988677
2023-03-10 16:30:00,2737.30901,2736.758885,2736.872486,-0.5501249999997526,-0.4365239999997357,-0.49332449999974415
2023-03-10 16:45:00,2737.306091,2736.754977,2736.866112,-0.5511139999998704,-0.43997899999976653,-0.4955464999998185
2023-03-10 17:30:00,2737.30901,2736.760634,2736.870735,-0.5483759999997346,-0.438274999999976,-0.4933254999998553
2023-03-10 17:45:00,2737.30667,2736.760046,2736.86844,-0.5466240000000653,-0.43822999999974854,-0.4924269999999069
2023-03-10 18:15:00,2737.30784,2736.760306,2736.866399,-0.5475339999998141,-0.4414409999999407,-0.4944874999998774
2023-03-10 18:30:00,2737.309589,2736.765965,2736.867296,-0.5436239999999088,-0.44229300000006333,-0.4929584999999861
2023-03-10 19:00:00,2737.310759,2736.765303,2736.869318,-0.545455999999831,-0.4414409999999407,-0.4934484999998858
2023-03-10 19:15:00,2737.311339,2736.769464,2736.87425,-0.5418749999998909,-0.4370890000000145,-0.4894819999999527
2023-03-10 19:30:00,2737.312508,2736.771625,2736.872817,-0.5408830000001217,-0.4396910000000389,-0.4902870000000803
2023-03-10 19:45:00,2737.310759,2736.768884,2736.871068,-0.5418749999998909,-0.4396910000000389,-0.4907829999999649
2023-03-10 20:15:00,2737.312508,2736.778852,2736.87367,-0.5336560000000645,-0.4388380000000325,-0.4862470000000485
2023-03-10 20:30:00,2737.313668,2736.778262,2736.869625,-0.5354059999999663,-0.4440429999999651,-0.4897244999999657
2023-03-10 20:45:00,2737.311919,2736.780013,2736.87483,-0.5319060000001627,-0.4370890000000145,-0.4844975000000886
2023-03-10 21:00:00,2737.313668,2736.779023,2736.874542,-0.5346449999997276,-0.4391259999997601,-0.48688549999974384
2023-03-10 21:15:00,2737.314258,2736.777201,2736.870215,-0.5370570000000043,-0.4440429999999651,-0.4905499999999847
2023-03-10 21:30:00,2737.310759,2736.779017,2736.867613,-0.5317420000001221,-0.44314600000006976,-0.4874440000000959
2023-03-10 22:15:00,2737.310759,2736.781756,2736.865011,-0.5290030000001025,-0.4457480000000942,-0.4873755000000983
2023-03-10 23:15:00,2737.311919,2736.779781,2736.871087,-0.5321380000000318,-0.4408320000002277,-0.48648500000012973
2023-03-10 23:30:00,2737.30901,2736.78011,2736.868773,-0.5288999999997941,-0.44023699999979726,-0.4845684999997957
2023-03-11 00:30:00,2737.311339,2736.776381,2736.871369,-0.5349579999997331,-0.43996999999990294,-0.48746399999981804
2023-03-11 01:00:00,2737.311349,2736.78029,2736.869084,-0.5310589999999138,-0.442265000000134,-0.4866620000000239
2023-03-11 01:15:00,2737.310179,2736.774303,2736.867915,-0.5358759999999165,-0.44226400000025023,-0.4890700000000834
2023-03-11 01:30:00,2737.311349,2736.77656,2736.869982,-0.5347890000002735,-0.44136699999990014,-0.48807800000008683
2023-03-11 01:45:00,2737.311349,2736.775719,2736.870834,-0.5356299999998555,-0.44051500000023225,-0.4880725000000439
2023-03-11 02:00:00,2737.311349,2736.769911,2736.869654,-0.5414380000001984,-0.4416949999999815,-0.49156650000008995
2023-03-11 02:30:00,2737.312508,2736.774139,2736.869962,-0.5383689999998751,-0.4425459999997656,-0.49045749999982036
2023-03-11 03:15:00,2737.312508,2736.771332,2736.87114,-0.5411760000001777,-0.44136799999978393,-0.49127199999998084
2023-03-11 03:30:00,2737.313678,2736.770424,2736.867676,-0.5432540000001609,-0.446002000000135,-0.49462800000014795
2023-03-11 04:00:00,2737.310179,2736.768588,2736.866814,-0.5415910000001531,-0.4433650000000853,-0.4924780000001192
2023-03-11 04:15:00,2737.314848,2736.770337,2736.872018,-0.5445110000000568,-0.4428299999999581,-0.49367050000000745
2023-03-11 04:30:00,2737.312508,2736.7691,2736.869144,-0.5434079999999994,-0.4433640000002015,-0.49338600000010047
2023-03-11 04:45:00,2737.309589,2736.761692,2736.867642,-0.5478969999999208,-0.4419469999998,-0.4949219999998604
2023-03-11 05:00:00,2737.312508,2736.766941,2736.872311,-0.5455670000001192,-0.44019699999989825,-0.4928820000000087
2023-03-11 05:15:00,2737.311339,2736.765853,2736.866269,-0.5454859999999826,-0.4450699999997596,-0.4952779999998711
2023-03-11 05:30:00,2737.313088,2736.767008,2736.867974,-0.5460800000000745,-0.44511400000010326,-0.4955970000000889
2023-03-11 05:45:00,2737.313088,2736.765191,2736.869723,-0.5478969999999208,-0.4433650000000853,-0.49563100000000304
2023-03-11 06:00:00,2737.310759,2736.765273,2736.866541,-0.5454859999999826,-0.4442180000000917,-0.49485200000003715
2023-03-11 06:15:00,2737.30784,2736.762354,2736.863622,-0.5454859999999826,-0.4442180000000917,-0.49485200000003715
2023-03-11 06:30:00,2737.311339,2736.762451,2736.864518,-0.5488879999998062,-0.4468209999999999,-0.49785449999990306
2023-03-11 06:45:00,2737.309589,2736.760702,2736.86277,-0.5488869999999224,-0.4468189999997776,-0.49785299999985
2023-03-11 07:00:00,2737.309589,2736.759613,2736.858418,-0.5499759999997877,-0.45117100000015853,-0.5005734999999731
2023-03-11 07:15:00,2737.310179,2736.761292,2736.864212,-0.5488869999999224,-0.4459670000001097,-0.49742700000001605
2023-03-11 07:45:00,2737.311339,2736.764267,2736.863949,-0.5470719999998437,-0.4473899999998139,-0.4972309999998288
2023-03-11 08:00:00,2737.311929,2736.762117,2736.864539,-0.5498119999997471,-0.4473899999998139,-0.49860099999978047
2023-03-11 08:30:00,2737.310179,2736.761178,2736.86162,-0.549000999999862,-0.448558999999932,-0.498779999999897
2023-03-11 08:45:00,2737.30901,2736.759198,2736.864221,-0.5498119999997471,-0.444789000000128,-0.49730049999993753
2023-03-11 09:15:00,2737.30726,2736.755623,2736.863905,-0.5516370000000279,-0.44335499999988315,-0.49749599999995553
2023-03-11 09:30:00,2737.310179,2736.760374,2736.863651,-0.5498050000001058,-0.44652799999994386,-0.4981665000000248
2023-03-11 09:45:00,2737.30901,2736.757372,2736.862482,-0.5516379999999117,-0.44652799999994386,-0.4990829999999278
2023-03-11 10:00:00,2737.30901,2736.751724,2736.85988,-0.557285999999749,-0.4491299999999683,-0.5032079999998587
2023-03-11 10:30:00,2737.310179,2736.758542,2736.864549,-0.5516370000000279,-0.4456300000001647,-0.4986335000000963
2023-03-11 10:45:00,2737.30726,2736.759204,2736.864231,-0.5480560000000878,-0.4430290000000241,-0.49554250000005595
2023-03-11 11:00:00,2737.313678,2736.760292,2736.86715,-0.5533860000000459,-0.44652799999994386,-0.4999569999999949
2023-03-11 11:45:00,2737.311929,2736.756459,2736.862799,-0.5554699999997865,-0.4491299999999683,-0.5022999999998774
2023-03-11 12:00:00,2737.30843,2736.755803,2736.857595,-0.5526270000000295,-0.45083500000009735,-0.5017310000000634
2023-03-11 12:15:00,2737.30726,2736.754633,2736.856426,-0.5526270000000295,-0.45083400000021356,-0.5017305000001215
2023-03-11 12:45:00,2737.30668,2736.753987,2736.858164,-0.5526930000000903,-0.44851599999992686,-0.5006045000000086
2023-03-11 13:00:00,2737.313678,2736.760471,2736.863696,-0.5532069999999294,-0.4499820000000909,-0.5015945000000102
2023-03-11 13:15:00,2737.30901,2736.753643,2736.859027,-0.5553669999999329,-0.4499829999999747,-0.5026749999999538
2023-03-11 13:30:00,2737.30843,2736.75689,2736.863983,-0.5515399999999318,-0.4444469999998546,-0.4979934999998932
2023-03-11 13:45:00,2737.30726,2736.756465,2736.865084,-0.5507950000001074,-0.44217600000001767,-0.49648550000006253
2023-03-11 14:00:00,2737.310759,2736.758214,2736.859925,-0.5525450000000092,-0.4508339999997588,-0.501689499999884
2023-03-11 15:15:00,2737.313098,2736.75948,2736.86832,-0.5536179999999149,-0.4447780000000421,-0.4991979999999785
2023-03-11 15:45:00,2737.310179,2736.761051,2736.862844,-0.5491280000001098,-0.44733499999983906,-0.4982314999999744
2023-03-11 16:30:00,2737.311929,2736.76595,2736.866298,-0.5459789999999884,-0.4456310000000485,-0.4958050000000185
2023-03-11 16:45:00,2737.311929,2736.763211,2736.865445,-0.548718000000008,-0.44648400000005495,-0.4976010000000315
2023-03-11 17:30:00,2737.30843,2736.767782,2736.861094,-0.5406480000001466,-0.4473360000001776,-0.4939920000001621
2023-03-11 18:00:00,2737.30843,2736.773261,2736.860241,-0.5351690000002236,-0.448189000000184,-0.4916790000002038
2023-03-11 18:30:00,2737.314258,2736.777735,2736.863711,-0.5365229999997609,-0.450546999999915,-0.49353499999983796
2023-03-11 19:00:00,2737.312508,2736.781316,2736.862006,-0.5311919999999191,-0.4505020000001423,-0.4908470000000307
2023-03-11 19:15:00,2737.314258,2736.779483,2736.86546,-0.5347750000000815,-0.448797999999897,-0.49178649999998925
2023-03-11 19:30:00,2737.312508,2736.778577,2736.862859,-0.5339309999999386,-0.44964900000013586,-0.49179000000003725
2023-03-11 19:45:00,2737.316007,2736.780474,2736.864607,-0.5355329999997593,-0.4513999999999214,-0.4934664999998404
2023-03-11 20:15:00,2737.314258,2736.784056,2736.864037,-0.5302019999999175,-0.45022100000005594,-0.4902114999999867
2023-03-11 20:45:00,2737.313098,2736.782978,2736.860276,-0.5301199999998971,-0.45282200000019657,-0.49147100000004684
2023-03-11 21:00:00,2737.316597,2736.786477,2736.864628,-0.5301199999998971,-0.45196900000019014,-0.4910445000000436
2023-03-11 21:15:00,2737.314848,2736.7844,2736.862877,-0.5304479999999785,-0.4519709999999577,-0.4912094999999681
2023-03-11 21:30:00,2737.313098,2736.783082,2736.86548,-0.5300160000001597,-0.44761800000014773,-0.4888170000001537
2023-03-11 22:15:00,2737.314848,2736.781906,2736.866376,-0.5329419999998208,-0.44847200000003795,-0.4907069999999294
2023-03-11 22:45:00,2737.314848,2736.779165,2736.863775,-0.5356830000000627,-0.4510730000001786,-0.49337800000012066
2023-03-11 23:00:00,2737.313098,2736.779827,2736.862025,-0.5332710000002407,-0.4510730000001786,-0.49217200000020966
2023-03-12 00:00:00,2737.317757,2736.780987,2736.862332,-0.5367699999997058,-0.45542499999965,-0.4960974999996779
2023-03-12 00:15:00,2737.314258,2736.773676,2736.861434,-0.5405820000000858,-0.45282399999996414,-0.496703000000025
2023-03-12 00:30:00,2737.316007,2736.774847,2736.865786,-0.5411599999997634,-0.45022100000005594,-0.49569049999990966
2023-03-12 01:00:00,2737.314848,2736.776426,2736.864057,-0.5384220000000823,-0.45079100000020844,-0.4946065000001454
2023-03-12 01:45:00,2737.312508,2736.770937,2736.863185,-0.5415710000002036,-0.44932299999982206,-0.49544700000001285
2023-03-12 02:15:00,2737.313098,2736.770947,2736.860602,-0.5421510000001035,-0.45249599999988277,-0.49732349999999315
2023-03-12 03:30:00,2737.313098,2736.770948,2736.858001,-0.5421500000002197,-0.4550970000000234,-0.49862350000012157
2023-03-12 03:45:00,2737.314258,2736.770276,2736.859729,-0.5439819999996871,-0.4545290000000932,-0.49925549999989016
2023-03-12 04:00:00,2737.311349,2736.769777,2736.858571,-0.5415720000000874,-0.4527779999998529,-0.49717499999997017
2023-03-12 04:15:00,2737.314258,2736.772686,2736.86148,-0.5415720000000874,-0.4527779999998529,-0.49717499999997017
2023-03-12 04:30:00,2737.314258,2736.770938,2736.857128,-0.5433199999997669,-0.4571299999997791,-0.500224999999773
2023-03-12 04:45:00,2737.319506,2736.773775,2736.862659,-0.5457309999997051,-0.4568469999999252,-0.5012889999998151
2023-03-12 05:15:00,2737.314848,2736.766375,2736.85975,-0.5484729999998308,-0.4550979999999072,-0.501785499999869
2023-03-12 05:30:00,2737.314848,2736.764298,2736.857148,-0.5505499999999302,-0.4576999999999316,-0.5041249999999309
2023-03-12 05:45:00,2737.314258,2736.765458,2736.858307,-0.5488000000000284,-0.4559509999999136,-0.502375499999971
2023-03-12 06:00:00,2737.314258,2736.76539,2736.860057,-0.5488679999998567,-0.45420100000001185,-0.5015344999999343
2023-03-12 07:00:00,2737.318346,2736.769876,2736.865286,-0.5484700000001794,-0.45305999999982305,-0.5007650000000012
2023-03-12 07:15:00,2737.319506,2736.768967,2736.864423,-0.5505389999998442,-0.4550829999998314,-0.5028109999998378
2023-03-12 07:45:00,2737.316587,2736.766807,2736.862401,-0.5497799999998279,-0.45418599999993603,-0.5019829999998819
2023-03-12 08:15:00,2737.320086,2736.769881,2736.864434,-0.5502050000000054,-0.4556520000001001,-0.5029285000000527
2023-03-12 08:30:00,2737.317167,2736.766053,2736.861513,-0.5511140000003252,-0.4556540000003224,-0.5033840000003238
2023-03-12 09:00:00,2737.316007,2736.763904,2736.862103,-0.5521029999999882,-0.4539039999999659,-0.5030034999999771
2023-03-12 09:15:00,2737.314258,2736.762153,2736.860637,-0.5521049999997558,-0.4536209999996572,-0.5028629999997065
2023-03-12 09:30:00,2737.314258,2736.763308,2736.859785,-0.5509499999998297,-0.45447299999977986,-0.5027114999998048
2023-03-12 09:45:00,2737.311339,2736.763128,2736.859467,-0.5482109999998102,-0.45187199999963923,-0.5000414999997247
2023-03-12 10:00:00,2737.30901,2736.7573,2736.853639,-0.5517099999997299,-0.45537100000001374,-0.5035404999998718
2023-03-12 10:15:00,2737.310169,2736.75747,2736.853945,-0.5526989999998477,-0.45622400000002017,-0.504461499999934
2023-03-12 10:30:00,2737.311919,2736.759219,2736.855696,-0.5527000000001863,-0.4562230000001364,-0.5044615000001613
2023-03-12 10:45:00,2737.30726,2736.759049,2736.855388,-0.5482110000002649,-0.451872000000094,-0.5000415000001794
2023-03-12 11:00:00,2737.305511,2736.756638,2736.855675,-0.5488730000001851,-0.44983600000023216,-0.49935450000020865
2023-03-12 11:15:00,2737.30668,2736.75748,2736.854823,-0.549199999999928,-0.45185700000001816,-0.5005284999999731
2023-03-12 11:30:00,2737.310179,2736.760979,2736.858322,-0.549199999999928,-0.45185700000001816,-0.5005284999999731
2023-03-12 11:45:00,2737.30843,2736.75649,2736.856573,-0.5519399999998313,-0.45185700000001816,-0.5018984999999248
2023-03-12 12:45:00,2737.305511,2736.759377,2736.852221,-0.5461340000001655,-0.4532899999999245,-0.499712000000045
2023-03-12 13:30:00,2737.30667,2736.764036,2736.854843,-0.5426339999999072,-0.45182699999986653,-0.4972304999998869
2023-03-12 14:00:00,2737.303172,2736.761959,2736.851344,-0.5412129999999706,-0.4518279999997503,-0.4965204999998605
2023-03-12 14:30:00,2737.304341,2736.761379,2736.849912,-0.5429619999999886,-0.45442899999989095,-0.4986954999999398
2023-03-12 14:45:00,2737.306091,2736.765868,2736.85398,-0.540222999999969,-0.452111000000059,-0.496167000000014
2023-03-12 15:00:00,2737.30726,2736.766212,2736.855151,-0.5410480000000462,-0.45210899999983667,-0.4965784999999414
2023-03-12 15:15:00,2737.310759,2736.765981,2736.856899,-0.5447779999999511,-0.453860000000077,-0.49931900000001406
2023-03-12 15:30:00,2737.30901,2736.763472,2736.8534,-0.5455379999998513,-0.45560999999997875,-0.500573999999915
2023-03-12 15:45:00,2737.30726,2736.760733,2736.850799,-0.5465269999999691,-0.4564610000002176,-0.5014940000000934
2023-03-12 16:15:00,2737.30726,2736.765222,2736.856003,-0.5420380000000478,-0.4512570000001688,-0.49664750000010827
2023-03-12 16:30:00,2737.30842,2736.764304,2736.85456,-0.5441160000000309,-0.45385999999962223,-0.49898799999982657
2023-03-12 16:45:00,2737.311919,2736.766054,2736.856309,-0.5458650000000489,-0.4556100000004335,-0.5007375000002412
2023-03-12 17:45:00,2737.312508,2736.764232,2736.854581,-0.5482759999999871,-0.4579269999999269,-0.503101499999957
2023-03-12 18:00:00,2737.314258,2736.766711,2736.858932,-0.5475469999996676,-0.4553259999997863,-0.501436499999727
2023-03-12 18:30:00,2737.314838,2736.766627,2736.860365,-0.5482109999998102,-0.45447299999977986,-0.501341999999795
2023-03-12 19:15:00,2737.316587,2736.77021,2736.861548,-0.5463769999996657,-0.45503899999994246,-0.5007079999998041
2023-03-12 20:00:00,2737.313668,2736.767289,2736.859482,-0.546378999999888,-0.45418599999993603,-0.500282499999912
2023-03-12 20:30:00,2737.313678,2736.767299,2736.859219,-0.546378999999888,-0.4544590000000426,-0.5004189999999653
2023-03-12 21:15:00,2737.313678,2736.768126,2736.859502,-0.5455520000000433,-0.45417600000018865,-0.499864000000116
2023-03-12 23:30:00,2737.317177,2736.768393,2736.861251,-0.5487840000000688,-0.4559260000000904,-0.5023550000000796
2023-03-12 23:45:00,2737.314258,2736.762734,2736.858332,-0.5515239999999721,-0.4559260000000904,-0.5037250000000313
2023-03-13 00:45:00,2737.317177,2736.76846,2736.857752,-0.5487170000001242,-0.4594250000000102,-0.5040710000000672
2023-03-13 01:15:00,2737.315427,2736.770142,2736.85865,-0.545285000000149,-0.45677699999987453,-0.5010310000000118
2023-03-13 02:30:00,2737.314258,2736.7624,2736.860933,-0.551857999999811,-0.4533249999999498,-0.5025914999998804
2023-03-13 02:45:00,2737.315427,2736.76083,2736.859501,-0.5545969999998306,-0.4559260000000904,-0.5052614999999605
2023-03-13 04:00:00,2737.315427,2736.762729,2736.859218,-0.5526979999999639,-0.45620899999994435,-0.5044534999999541
2023-03-13 04:15:00,2737.313678,2736.75999,2736.854867,-0.5536879999999655,-0.45881099999996877,-0.5062494999999672
2023-03-13 04:45:00,2737.314838,2736.763889,2736.857777,-0.550948999999946,-0.45706099999961225,-0.5040049999997791
2023-03-13 07:15:00,2737.318336,2736.765719,2736.859808,-0.5526169999998274,-0.4585279999996601,-0.5055724999997437
2023-03-13 07:30:00,2737.316587,2736.766479,2736.861559,-0.5501079999999092,-0.45502799999985655,-0.5025679999998829
2023-03-13 08:15:00,2737.317757,2736.764484,2736.862683,-0.5532729999999901,-0.4550739999999678,-0.504173499999979
2023-03-13 08:45:00,2737.316007,2736.76181,2736.860363,-0.554196999999931,-0.4556440000001203,-0.5049205000000256
2023-03-13 09:00:00,2737.316587,2736.759652,2736.859195,-0.556934999999612,-0.45739199999979974,-0.5071634999997059
2023-03-13 09:15:00,2737.314838,2736.757901,2736.858317,-0.5569369999998344,-0.4565209999996114,-0.5067289999997229
2023-03-13 09:30:00,2737.314838,2736.760641,2736.855739,-0.554196999999931,-0.4590989999996964,-0.5066479999998137
2023-03-13 09:45:00,2737.313088,2736.756153,2736.856567,-0.5569350000000668,-0.4565210000000661,-0.5067280000000665
2023-03-13 10:00:00,2737.311929,2736.757731,2736.856261,-0.5541979999998148,-0.4556680000000597,-0.5049329999999372
2023-03-13 10:15:00,2737.311929,2736.753242,2736.853658,-0.5586870000001909,-0.4582709999999679,-0.5084790000000794
2023-03-13 10:30:00,2737.310179,2736.751427,2736.851933,-0.5587519999999131,-0.4582460000001447,-0.5084990000000289
2023-03-13 10:45:00,2737.310179,2736.754993,2736.854536,-0.5551860000000488,-0.4556430000002365,-0.5054145000001427
2023-03-13 11:00:00,2737.30668,2736.748687,2736.852785,-0.5579930000003515,-0.4538950000001023,-0.5059440000002269
2023-03-13 11:30:00,2737.311339,2736.757075,2736.855413,-0.5542639999998755,-0.4559259999996357,-0.5050949999997556
2023-03-13 12:15:00,2737.30726,2736.753422,2736.856582,-0.553838000000269,-0.4506780000001527,-0.5022580000002108
2023-03-13 13:15:00,2737.305511,2736.750831,2736.853653,-0.5546800000001895,-0.45185799999990195,-0.5032690000000457
2023-03-13 13:30:00,2737.30726,2736.753489,2736.85455,-0.5537709999998697,-0.4527100000000246,-0.5032404999999471
2023-03-13 13:45:00,2737.30668,2736.75258,2736.854823,-0.5541000000002896,-0.45185700000001816,-0.5029785000001539
2023-03-13 14:00:00,2737.303761,2736.751918,2736.852222,-0.5518430000001899,-0.4515390000001389,-0.5016910000001644
2023-03-13 14:15:00,2737.310759,2736.75433,2736.858322,-0.5564289999997527,-0.45243699999991804,-0.5044329999998354
2023-03-13 14:30:00,2737.30842,2736.753078,2736.858297,-0.555341999999655,-0.45012299999962124,-0.5027324999996381
2023-03-13 14:45:00,2737.310169,2736.755819,2736.860047,-0.5543499999998858,-0.45012199999973745,-0.5022359999998116
2023-03-13 15:00:00,2737.311919,2736.754829,2736.857445,-0.5570900000002439,-0.4544740000001184,-0.5057820000001811
2023-03-13 15:15:00,2737.314838,2736.755997,2736.861216,-0.5588409999995747,-0.45362199999999575,-0.5062314999997852
2023-03-13 15:45:00,2737.314838,2736.757568,2736.862936,-0.5572699999997894,-0.45190199999979086,-0.5045859999997901
2023-03-13 17:30:00,2737.316007,2736.756659,2736.863819,-0.5593479999997726,-0.4521879999997509,-0.5057679999997617
2023-03-13 17:45:00,2737.313088,2736.754845,2736.862068,-0.5582429999999476,-0.45101999999997133,-0.5046314999999595
2023-03-13 18:45:00,2737.317757,2736.75841,2736.863253,-0.5593469999998888,-0.4545039999998153,-0.506925499999852
2023-03-13 19:00:00,2737.316587,2736.75625,2736.863833,-0.5603369999998904,-0.4527539999999135,-0.506545499999902
2023-03-13 20:00:00,2737.314838,2736.756578,2736.861231,-0.558259999999791,-0.45360699999991994,-0.5059334999998555
2023-03-13 20:30:00,2737.315427,2736.75626,2736.860071,-0.5591669999998885,-0.4553559999999379,-0.5072614999999132
2023-03-13 20:45:00,2737.317177,2736.759,2736.861821,-0.5581769999998869,-0.4553559999999379,-0.5067664999999124
2023-03-13 22:45:00,2737.322425,2736.759759,2736.865602,-0.5626659999998083,-0.45682299999998577,-0.509744499999897
2023-03-13 23:00:00,2737.318926,2736.757354,2736.866455,-0.5615720000000692,-0.4524710000000596,-0.5070215000000644
2023-03-13 23:15:00,2737.318336,2736.755773,2736.868185,-0.5625629999999546,-0.4501510000000053,-0.50635699999998
2023-03-13 23:45:00,2737.315427,2736.752104,2736.860353,-0.5633229999998548,-0.4550739999999678,-0.5091984999999113
2023-03-14 00:30:00,2737.318926,2736.758344,2736.865578,-0.5605820000000676,-0.4533480000000054,-0.5069650000000365
2023-03-14 01:15:00,2737.318926,2736.760175,2736.864705,-0.5587510000000293,-0.45422099999996135,-0.5064859999999953
2023-03-14 01:45:00,2737.317757,2736.755424,2736.863511,-0.5623329999998532,-0.45424599999978454,-0.5082894999998189
2023-03-14 03:15:00,2737.318926,2736.758092,2736.86643,-0.5608339999998861,-0.45249599999988277,-0.5066649999998845
2023-03-14 03:30:00,2737.324174,2736.761591,2736.867326,-0.5625829999999041,-0.45684799999980896,-0.5097154999998565
2023-03-14 04:00:00,2737.318926,2736.760749,2736.868179,-0.5581769999998869,-0.4507469999998648,-0.5044619999998758
2023-03-14 04:45:00,,2736.76433,2736.871678,,,
2023-03-14 05:00:00,,2736.761909,2736.869339,,,
2023-03-14 05:15:00,,2736.760159,2736.868184,,,
2023-03-14 05:30:00,,2736.75742,2736.867614,,,
2023-03-14 07:15:00,,2736.758016,2736.865587,,,
2023-03-14 07:45:00,,2736.758662,2736.864417,,,
2023-03-14 08:30:00,,2736.758,2736.866455,,,
2023-03-14 08:45:00,,2736.756922,2736.865295,,,
2023-03-14 09:00:00,,2736.755752,2736.864125,,,
2023-03-14 09:15:00,,2736.757502,2736.86701,,,
2023-03-14 09:30:00,,2736.754583,2736.864091,,,
2023-03-14 09:45:00,,2736.751084,2736.860592,,,
2023-03-14 10:00:00,,2736.745434,2736.855661,,,
2023-03-14 10:30:00,,2736.748173,2736.858262,,,
2023-03-14 11:15:00,,2736.742694,2736.856513,,,
2023-03-14 11:30:00,,2736.745353,2736.85741,,,
2023-03-14 11:45:00,,2736.746605,2736.856831,,,
2023-03-14 13:00:00,2737.304931,2736.748175,2736.858263,-0.5567559999999503,-0.44666800000004514,-0.5017119999999977
2023-03-14 13:15:00,2737.306101,2736.748175,2736.857683,-0.5579259999999522,-0.4484179999999469,-0.5031719999999495
2023-03-14 13:30:00,2737.304351,2736.746425,2736.855651,-0.5579260000004069,-0.4487000000003718,-0.5033130000003894
2023-03-14 14:00:00,2737.302602,2736.749165,2736.854798,-0.5534370000000308,-0.44780400000036025,-0.5006205000001955
2023-03-14 14:15:00,2737.303761,2736.751314,2736.857664,-0.5524470000000292,-0.44609700000000885,-0.49927200000001903
2023-03-14 14:30:00,2737.303761,2736.751232,2736.856811,-0.5525290000000496,-0.4469500000000153,-0.4997395000000324
2023-03-14 14:45:00,2737.30726,2736.754151,2736.855091,-0.5531089999999494,-0.45216900000013993,-0.5026390000000447
2023-03-14 15:00:00,2737.306091,2736.754813,2736.85392,-0.5512779999999111,-0.4521709999999075,-0.5017244999999093
2023-03-14 15:30:00,2737.305511,2736.753064,2736.851592,-0.5524470000000292,-0.4539190000000417,-0.5031830000000355
2023-03-14 16:00:00,2737.303761,2736.760374,2736.856796,-0.5433870000001662,-0.4469650000000911,-0.4951760000001286
2023-03-14 16:15:00,2737.30726,2736.759302,2736.855943,-0.5479580000001079,-0.4513170000000173,-0.4996375000000626
2023-03-14 16:45:00,2737.305511,2736.767604,2736.858546,-0.5379069999999047,-0.4469650000000911,-0.4924359999999979
2023-03-14 17:00:00,2737.305511,2736.768445,2736.857694,-0.5370659999998679,-0.44781700000021374,-0.49244150000004083
2023-03-14 18:00:00,2737.30843,2736.769614,2736.859715,-0.5388160000002244,-0.44871499999999287,-0.49376550000010866
2023-03-14 18:30:00,2737.310179,2736.773113,2736.861465,-0.5370659999998679,-0.4487140000001091,-0.4928899999999885
2023-03-14 19:00:00,2737.311929,2736.775192,2736.862361,-0.5367369999999028,-0.4495679999999993,-0.49315249999995103
2023-03-14 19:15:00,2737.311929,2736.772451,2736.860613,-0.5394780000001447,-0.4513160000001335,-0.4953970000001391
2023-03-14 19:45:00,2737.311929,2736.776941,2736.865817,-0.5349879999998848,-0.44611200000008466,-0.4905499999999847
2023-03-14 20:30:00,2737.310179,2736.775176,2736.857128,-0.5350029999999606,-0.45305099999995946,-0.49402699999996
2023-03-14 20:45:00,2737.310179,2736.775028,2736.85973,-0.5351510000000417,-0.45044899999993504,-0.49279999999998836
2023-03-14 21:00:00,2737.310179,2736.775028,2736.86148,-0.5351510000000417,-0.44869900000003327,-0.49192500000003747
2023-03-14 21:15:00,2737.310759,2736.776597,2736.86031,-0.5341619999999239,-0.45044899999993504,-0.49230549999992945
2023-03-14 22:15:00,2737.313678,2736.776018,2736.860626,-0.5376599999999598,-0.45305199999984325,-0.49535599999990154
2023-03-14 22:45:00,2737.311929,2736.777587,2736.858877,-0.5343419999999242,-0.45305199999984325,-0.4936969999998837
2023-03-14 23:00:00,2737.311929,2736.774848,2736.856275,-0.5370809999999437,-0.45565399999986766,-0.4963674999999057
2023-03-14 23:30:00,2737.316597,2736.776777,2736.860944,-0.5398199999999633,-0.4556529999999839,-0.4977364999999736
2023-03-15 01:15:00,2737.313088,2736.769041,2736.856567,-0.5440469999998641,-0.4565210000000661,-0.5002839999999651
2023-03-15 01:30:00,2737.311929,2736.767881,2736.85801,-0.5440479999997478,-0.4539190000000417,-0.4989834999998948
2023-03-15 01:45:00,2737.314838,2736.767723,2736.860918,-0.5471149999998488,-0.4539199999999255,-0.5005174999998871
2023-03-15 02:15:00,2737.316007,2736.764648,2736.860056,-0.5513590000000477,-0.4559509999999136,-0.5036549999999806
2023-03-15 03:30:00,2737.315427,2736.764664,2736.860071,-0.5507630000001882,-0.4553559999999379,-0.503059500000063
2023-03-15 03:45:00,2737.314838,2736.764074,2736.859481,-0.5507639999996172,-0.4553569999998217,-0.5030604999997195
2023-03-15 04:00:00,2737.316587,2736.762244,2736.856879,-0.5543429999997898,-0.4597079999998641,-0.5070254999998269
2023-03-15 04:15:00,2737.311919,2736.7629,2736.857732,-0.5490190000000439,-0.45418700000027457,-0.5016030000001592
2023-03-15 04:45:00,2737.315417,2736.767389,2736.858628,-0.5480279999997038,-0.45678899999984424,-0.502408499999774
2023-03-15 05:00:00,2737.314838,2736.764829,2736.859798,-0.5500089999995907,-0.45503999999982625,-0.5025244999997085
2023-03-15 05:30:00,2737.314838,2736.76191,2736.862965,-0.5529279999996106,-0.45187299999997776,-0.5024004999997942
2023-03-15 05:45:00,2737.314838,2736.76016,2736.857761,-0.5546779999999671,-0.45707699999957185,-0.5058774999997695
2023-03-15 07:30:00,2737.314258,2736.759513,2736.860636,-0.5547449999999117,-0.45362199999999575,-0.5041834999999537
2023-03-15 07:45:00,2737.312508,2736.76331,2736.858035,-0.5491980000001604,-0.45447299999977986,-0.5018354999999701
2023-03-15 08:00:00,2737.312508,2736.760504,2736.857182,-0.5520040000001245,-0.4553259999997863,-0.5036649999999554
2023-03-15 08:15:00,2737.313668,2736.759585,2736.857162,-0.5540829999999914,-0.4565059999999903,-0.5052944999999909
2023-03-15 08:30:00,2737.310169,2736.758743,2736.853707,-0.5514259999999922,-0.45646199999964665,-0.5039439999998194
2023-03-15 08:45:00,2737.309589,2736.757585,2736.851661,-0.5520040000001245,-0.4579279999998107,-0.5049659999999676
2023-03-15 09:30:00,2737.310759,2736.757763,2736.85458,-0.5529959999998937,-0.4561789999997927,-0.5045874999998432
2023-03-15 10:15:00,2737.306091,2736.753676,2736.852231,-0.55241500000011,-0.453860000000077,-0.5031375000000935
2023-03-15 11:15:00,2737.305511,2736.753096,2736.851651,-0.55241500000011,-0.453860000000077,-0.5031375000000935
2023-03-15 11:30:00,2737.305511,2736.755835,2736.856002,-0.5496760000000904,-0.4495090000000346,-0.4995925000000625
2023-03-15 12:00:00,2737.303172,2736.755819,2736.853391,-0.54735299999993,-0.4497809999998026,-0.4985669999998663
2023-03-15 12:15:00,2737.303172,2736.75308,2736.851641,-0.5500919999999496,-0.45153099999970436,-0.500811499999827
2023-03-15 12:30:00,2737.300263,2736.758559,2736.854244,-0.5417040000002089,-0.4460189999999784,-0.49386150000009366
2023-03-15 12:45:00,2737.304931,2736.759728,2736.855412,-0.5452030000001287,-0.4495190000002367,-0.4973610000001827
2023-03-15 13:30:00,2737.30668,2736.766957,2736.854559,-0.5397230000003219,-0.4521210000002611,-0.4959220000002915
2023-03-15 14:00:00,2737.30785,2736.768127,2736.858896,-0.5397230000003219,-0.4489539999999579,-0.4943385000001399
2023-03-15 14:15:00,2737.310759,2736.770046,2736.859774,-0.5407129999998688,-0.450984999999946,-0.4958489999999074
2023-03-15 15:00:00,2737.30785,2736.778758,2736.857435,-0.5290920000002188,-0.45041500000024826,-0.48975350000023354
2023-03-15 15:15:00,2737.310179,2736.777701,2736.860036,-0.5324780000000828,-0.4501430000000255,-0.49131050000005416
2023-03-15 15:30:00,2737.310179,2736.778692,2736.853127,-0.5314870000001974,-0.4570520000002034,-0.4942695000002004
2023-03-15 15:45:00,2737.30843,2736.784995,2736.854877,-0.5234350000000632,-0.4535529999998289,-0.488493999999946
2023-03-15 16:45:00,2737.309589,2736.795216,2736.85514,-0.5143729999999778,-0.45444899999984045,-0.4844109999999091
2023-03-15 17:00:00,2737.309589,2736.797956,2736.857743,-0.5116330000000744,-0.45184599999993225,-0.4817395000000033
2023-03-15 17:15:00,2737.30843,2736.801367,2736.85573,-0.5070630000000165,-0.45269999999982247,-0.47988149999991947
2023-03-15 17:30:00,2737.309589,2736.804276,2736.856037,-0.5053130000001147,-0.4535519999999451,-0.4794325000000299
2023-03-15 18:30:00,2737.310759,2736.81449,2736.859809,-0.4962689999997565,-0.4509499999999207,-0.4736094999998386
2023-03-15 18:45:00,2737.30901,2736.815481,2736.858911,-0.4935289999998531,-0.4500990000001366,-0.47181399999999485
2023-03-15 19:00:00,2737.310759,2736.819969,2736.855457,-0.4907899999998335,-0.4553019999998469,-0.4730459999998402
2023-03-15 19:15:00,2737.310759,2736.82271,2736.85631,-0.48804900000004636,-0.45444899999984045,-0.4712489999999434
2023-03-15 19:45:00,2737.312508,2736.82903,2736.858058,-0.48347800000010466,-0.454450000000179,-0.4689640000001418
2023-03-15 20:00:00,2737.314258,2736.833519,2736.855466,-0.48073900000008507,-0.45879199999990306,-0.46976549999999406
2023-03-15 20:15:00,2737.310759,2736.833602,2736.854605,-0.47715699999980643,-0.45615399999996953,-0.466655499999888
2023-03-15 20:30:00,2737.313678,2736.83827,2736.860125,-0.47540799999978844,-0.4535529999998289,-0.46448049999980867
2023-03-15 20:45:00,2737.316007,2736.840831,2736.858956,-0.47517599999991944,-0.45705099999986487,-0.46611349999989216
2023-03-15 21:15:00,2737.311929,2736.83926,2736.855773,-0.47266899999976886,-0.4561559999997371,-0.464412499999753
2023-03-15 21:45:00,2737.310759,2736.835351,2736.852864,-0.47540799999978844,-0.4578950000000077,-0.4666514999998981
2023-03-15 22:00:00,2737.311929,2736.839179,2736.858386,-0.4727499999999054,-0.4535430000000815,-0.46314649999999347
2023-03-15 22:15:00,2737.315427,2736.84002,2736.858385,-0.47540699999990466,-0.4570420000000013,-0.46622449999995297
2023-03-15 22:30:00,2737.313088,2736.83826,2736.854906,-0.47482799999988856,-0.45818199999985154,-0.46650499999987005
2023-03-15 22:45:00,2737.313088,2736.839349,2736.856943,-0.4737390000000232,-0.45614500000010594,-0.4649420000000646
2023-03-15 23:00:00,2737.313088,2736.832879,2736.855758,-0.4802089999998316,-0.4573299999997289,-0.46876949999978024
2023-03-15 23:15:00,2737.314838,2736.834628,2736.857509,-0.48020999999971536,-0.4573289999998451,-0.46876949999978024
2023-03-15 23:30:00,2737.313668,2736.831806,2736.858405,-0.4818619999996372,-0.45526299999983166,-0.4685624999997344
2023-03-15 23:45:00,2737.314838,2736.831227,2736.859247,-0.4836109999996552,-0.45559099999991304,-0.4696009999997841
2023-03-16 00:00:00,2737.313668,2736.832796,2736.857226,-0.4808719999996356,-0.45644199999969715,-0.46865699999966637
2023-03-16 00:15:00,2737.313088,2736.832218,2736.858395,-0.480869999999868,-0.45469299999967916,-0.4677814999997736
2023-03-16 00:30:00,2737.313088,2736.828421,2736.855793,-0.4846669999997175,-0.4572949999997036,-0.47098099999971055
2023-03-16 00:45:00,2737.313088,2736.827332,2736.854896,-0.4857560000000376,-0.45819200000005367,-0.47197400000004563
2023-03-16 01:00:00,2737.314258,2736.828502,2736.854361,-0.4857560000000376,-0.459896999999728,-0.4728264999998828
2023-03-16 02:30:00,2737.311919,2736.824906,2736.856089,-0.4870130000003883,-0.4558300000003328,-0.47142150000036054
2023-03-16 02:45:00,2737.313088,2736.823336,2736.854658,-0.4897519999999531,-0.45842999999968015,-0.47409099999981663
2023-03-16 03:15:00,2737.313678,2736.826075,2736.853806,-0.48760300000003554,-0.4598719999999048,-0.47373749999997017
2023-03-16 03:30:00,2737.314838,2736.82327,2736.853518,-0.49156799999991563,-0.46131999999988693,-0.4764439999999013
2023-03-16 03:45:00,2737.313088,2736.82251,2736.849167,-0.490577999999914,-0.46392100000002756,-0.4772494999999708
2023-03-16 04:15:00,2737.316007,2736.822689,2736.854687,-0.4933179999998174,-0.46131999999988693,-0.47731899999985217
2023-03-16 04:30:00,2737.316007,2736.820857,2736.852938,-0.4951499999997395,-0.4630689999999049,-0.4791094999998222
2023-03-16 05:00:00,2737.313098,2736.819771,2736.85036,-0.49332700000013574,-0.4627380000001722,-0.47803250000015396
2023-03-16 05:30:00,2737.316007,2736.819939,2736.854122,-0.4960679999999229,-0.461884999999711,-0.47897649999981695
2023-03-16 05:45:00,2737.316007,2736.820847,2736.855872,-0.49515999999994165,-0.4601349999998092,-0.47764749999987544
2023-03-16 07:30:00,2737.316597,2736.818781,2736.852982,-0.4978160000000571,-0.463615000000118,-0.48071550000008756
2023-03-16 07:45:00,2737.314258,2736.815282,2736.85152,-0.49897599999985687,-0.46273799999971743,-0.48085699999978715
2023-03-16 08:00:00,2737.314848,2736.817358,2736.850668,-0.49749000000019805,-0.4641799999999421,-0.48083500000007007
2023-03-16 08:15:00,2737.314258,2736.814619,2736.848348,-0.4996389999996609,-0.46590999999989435,-0.4827744999997776
2023-03-16 09:15:00,2737.313088,2736.816188,2736.850108,-0.49690000000009604,-0.46297999999978856,-0.4799399999999423
2023-03-16 09:30:00,2737.313668,2736.814112,2736.848938,-0.49955599999975675,-0.46472999999969034,-0.48214299999972354
2023-03-16 10:00:00,2737.310169,2736.811371,2736.84804,-0.4987980000000789,-0.46212900000000445,-0.4804635000000417
2023-03-16 10:30:00,2737.30901,2736.815758,2736.847778,-0.49325199999975666,-0.4612320000001091,-0.4772419999999329
2023-03-16 11:00:00,2737.312508,2736.815101,2736.848065,-0.49740699999983917,-0.4644429999998465,-0.48092499999984284
2023-03-16 11:15:00,2737.30784,2736.808282,2736.847749,-0.4995579999999791,-0.4600909999999203,-0.4798244999999497
2023-03-16 11:30:00,2737.30784,2736.810202,2736.846044,-0.4976379999998244,-0.4617960000000494,-0.4797169999999369
2023-03-16 11:45:00,2737.30784,2736.810098,2736.846896,-0.49774200000001656,-0.46094399999992675,-0.47934299999997165
2023-03-16 12:00:00,2737.30842,2736.810023,2736.845726,-0.4983969999998408,-0.4626939999998285,-0.48054549999983465
2023-03-16 12:45:00,2737.30667,2736.811012,2736.843124,-0.4956579999998212,-0.46354599999995116,-0.4796019999998862
2023-03-16 13:00:00,2737.30842,2736.812763,2736.847475,-0.4956569999999374,-0.46094499999981053,-0.47830099999987397
2023-03-16 13:45:00,2737.30668,2736.805133,2736.843714,-0.5015470000003006,-0.4629660000000513,-0.48225650000017595
2023-03-16 14:00:00,2737.309589,2736.813931,2736.850395,-0.4956579999998212,-0.45919400000002497,-0.4774259999999231
2023-03-16 15:00:00,2737.311339,2736.812942,2736.849543,-0.4983969999998408,-0.4617960000000494,-0.4800964999999451
2023-03-16 15:15:00,2737.310759,2736.810203,2736.847793,-0.5005559999999605,-0.4629660000000513,-0.4817610000000059
2023-03-16 15:30:00,2737.30784,2736.808274,2736.842273,-0.4995659999999589,-0.46556699999973716,-0.482566499999848
2023-03-16 16:00:00,2737.314258,2736.811951,2736.84869,-0.502306999999746,-0.4655680000000757,-0.48393749999991087
2023-03-16 16:30:00,2737.313088,2736.810783,2736.848373,-0.5023049999999785,-0.46471500000006927,-0.48351000000002387
2023-03-16 17:00:00,2737.30901,2736.813435,2736.845464,-0.49557499999991705,-0.46354599999995116,-0.4795604999999341
2023-03-16 17:15:00,2737.310179,2736.812526,2736.847495,-0.4976529999999002,-0.46268400000008114,-0.48016849999999067
2023-03-16 17:30:00,2737.313678,2736.818102,2736.851847,-0.49557599999980084,-0.4618310000000747,-0.4787034999999378
2023-03-16 17:45:00,2737.313678,2736.817179,2736.848676,-0.4964989999998579,-0.4650019999999131,-0.4807504999998855
2023-03-16 18:00:00,2737.314258,2736.81601,2736.850429,-0.4982479999998759,-0.4638289999998051,-0.4810384999998405
2023-03-16 18:15:00,2737.313088,2736.812429,2736.844909,-0.5006589999998141,-0.4681789999999637,-0.4844189999998889
2023-03-16 18:30:00,2737.311339,2736.81426,2736.84751,-0.4970789999997578,-0.4638289999998051,-0.48045399999978144
2023-03-16 18:45:00,2737.314848,2736.812111,2736.849849,-0.5027369999997973,-0.464998999999807,-0.4838679999998021
2023-03-16 19:00:00,2737.314848,2736.812869,2736.849279,-0.5019790000001194,-0.4655689999999595,-0.48377400000003945
2023-03-16 19:15:00,2737.314848,2736.816025,2736.850132,-0.4988229999999021,-0.46471599999995306,-0.4817694999999276
2023-03-16 19:30:00,2737.311929,2736.809376,2736.851564,-0.5025529999998071,-0.46036499999991065,-0.48145899999985886
2023-03-16 20:15:00,2737.314258,2736.811111,2736.851574,-0.503146999999899,-0.46268400000008114,-0.48291549999999006
2023-03-16 20:45:00,2737.313098,2736.808961,2736.852452,-0.5041369999999006,-0.460645999999997,-0.4823914999999488
2023-03-16 21:00:00,2737.318346,2736.813532,2736.853338,-0.5048139999998966,-0.4650080000001253,-0.48491100000001097
2023-03-16 22:15:00,2737.317167,2736.808632,2736.849577,-0.508534999999938,-0.46759000000020023,-0.4880625000000691
2023-03-16 22:30:00,2737.318336,2736.814292,2736.854201,-0.5040439999997943,-0.46413499999971464,-0.4840894999997545
2023-03-16 22:45:00,2737.315417,2736.810383,2736.855633,-0.5050339999997959,-0.45978399999967223,-0.4824089999997341
2023-03-16 23:00:00,2737.318336,2736.811551,2736.856804,-0.5067850000000362,-0.46153199999980643,-0.48415849999992133
2023-03-16 23:15:00,2737.318916,2736.812465,2736.857384,-0.5064510000001974,-0.4615320000002612,-0.4839915000002293
2023-03-16 23:30:00,2737.318916,2736.815206,2736.856529,-0.5037099999999555,-0.4623870000000352,-0.48304849999999533
2023-03-17 00:00:00,2737.315417,2736.812531,2736.855063,-0.5028859999997621,-0.46035399999982474,-0.48161999999979344
2023-03-17 01:00:00,2737.317167,2736.809726,2736.851609,-0.507441000000199,-0.4655580000003283,-0.48649950000026365
2023-03-17 02:15:00,2737.323585,2736.816211,2736.8577,-0.5073740000002545,-0.46588500000007116,-0.4866295000001628
2023-03-17 02:30:00,2737.321835,2736.814394,2736.855098,-0.507441000000199,-0.4667370000001938,-0.4870890000001964
2023-03-17 03:15:00,2737.281599,2736.808737,2736.853928,-0.4728620000000774,-0.4276709999999184,-0.4502664999999979
2023-03-17 04:15:00,2737.311349,2736.812824,2736.85887,-0.49852499999997235,-0.4524790000000394,-0.47550200000000586
2023-03-17 04:30:00,2737.311349,2736.810993,2736.859723,-0.5003560000000107,-0.45162600000003295,-0.4759910000000218
2023-03-17 05:15:00,2737.311349,2736.809243,2736.855415,-0.5021059999999125,-0.4559340000000702,-0.47901999999999134
2023-03-17 05:45:00,2737.311929,2736.807925,2736.860303,-0.5040039999998953,-0.45162600000003295,-0.47781499999996413
2023-03-17 06:30:00,2737.30901,2736.803354,2736.858562,-0.5056559999998171,-0.45044800000005125,-0.4780519999999342
2023-03-17 06:45:00,2737.30843,2736.806273,2736.85888,-0.5021569999998974,-0.4495499999998174,-0.4758534999998574
2023-03-17 07:00:00,2737.305511,2736.804344,2736.85771,-0.5011669999998958,-0.4478009999997994,-0.4744839999998476
2023-03-17 08:00:00,2737.298513,2736.801605,2736.859415,-0.49690800000007584,-0.43909800000028554,-0.4680030000001807
2023-03-17 08:15:00,2737.302602,2736.803184,2736.860005,-0.49941800000033254,-0.4425970000002053,-0.4710075000002689
2023-03-17 09:15:00,2737.312508,2736.798695,2736.855941,-0.5138130000000274,-0.45656700000017736,-0.4851900000001024
2023-03-17 09:30:00,2737.316007,2736.800445,2736.857689,-0.5155620000000454,-0.4583179999999629,-0.48694000000000415
2023-03-17 10:00:00,2737.30784,2736.796536,2736.856521,-0.5113040000001092,-0.45131899999978486,-0.48131149999994705
2023-03-17 10:15:00,2737.314838,2736.794785,2736.85217,-0.5200529999997343,-0.4626679999996668,-0.49136049999970055
2023-03-17 11:15:00,2737.314838,2736.790297,2736.856188,-0.5245409999997719,-0.45864999999957945,-0.49159549999967567
2023-03-17 11:30:00,2737.313088,2736.788466,2736.853587,-0.5246219999999084,-0.4595009999998183,-0.49206149999986337
2023-03-17 12:00:00,2737.313088,2736.786716,2736.851837,-0.5263719999998102,-0.4612509999997201,-0.49381149999976515
2023-03-17 12:15:00,2737.314258,2736.788876,2736.852154,-0.5253819999998086,-0.4621039999997265,-0.49374299999976756
2023-03-17 12:30:00,2737.309589,2736.782047,2736.847485,-0.5275419999998121,-0.46210400000018126,-0.4948229999999967
2023-03-17 12:45:00,2737.312508,2736.784967,2736.850976,-0.5275409999999283,-0.46153199999980643,-0.4945364999998674
2023-03-17 13:30:00,2737.313668,2736.785136,2736.852987,-0.5285319999998137,-0.4606809999995676,-0.49460649999969064
2023-03-17 13:45:00,2737.30726,2736.781402,2736.848047,-0.5258579999999711,-0.4592130000000907,-0.4925355000000309
2023-03-17 14:30:00,2737.310169,2736.782561,2736.848353,-0.5276079999998728,-0.4618159999999989,-0.49471199999993587
2023-03-17 14:45:00,2737.311339,2736.784387,2736.852977,-0.5269519999997101,-0.45836199999985183,-0.49265699999978096
2023-03-17 15:00:00,2737.313088,2736.785295,2736.850951,-0.5277929999997468,-0.46213699999998425,-0.49496499999986554
2023-03-17 15:15:00,2737.313678,2736.784305,2736.852135,-0.5293729999998504,-0.46154299999989234,-0.4954579999998714
2023-03-17 15:45:00,2737.311929,2736.782555,2736.853544,-0.529374000000189,-0.45838499999990745,-0.4938795000000482
2023-03-17 16:00:00,2737.310179,2736.781714,2736.852126,-0.5284649999998692,-0.4580529999998362,-0.4932589999998527
2023-03-17 16:45:00,2737.311929,2736.783545,2736.852691,-0.5283840000001874,-0.4592379999999139,-0.4938110000000506
2023-03-17 17:15:00,2737.316007,2736.783725,2736.854722,-0.5322820000001229,-0.4612849999998616,-0.4967834999999923
2023-03-17 17:30:00,2737.310179,2736.776235,2736.850053,-0.5339440000002469,-0.46012599999994563,-0.49703500000009626
2023-03-17 17:45:00,2737.311349,2736.780144,2736.851223,-0.5312050000002273,-0.46012599999994563,-0.49566550000008647
2023-03-17 18:00:00,2737.316597,2736.781893,2736.85387,-0.5347040000001471,-0.46272700000008626,-0.49871550000011666
2023-03-17 18:15:00,2737.317757,2736.784803,2736.859382,-0.5329539999997905,-0.4583749999997053,-0.49566449999974793
2023-03-17 18:30:00,2737.318346,2736.785392,2736.858221,-0.5329540000002453,-0.46012500000006185,-0.49653950000015357
2023-03-17 18:45:00,2737.316597,2736.782735,2736.855045,-0.5338620000002265,-0.4615520000002107,-0.4977070000002186
2023-03-17 19:00:00,2737.319506,2736.787224,2736.859396,-0.5322819999996682,-0.46010999999998603,-0.4961959999998271
2023-03-17 19:15:00,2737.321255,2736.783495,2736.861145,-0.5377599999997074,-0.46010999999998603,-0.4989349999998467
2023-03-17 19:30:00,2737.323005,2736.788975,2736.861998,-0.5340300000002571,-0.4610070000003361,-0.4975185000002966
2023-03-17 19:45:00,2737.318336,2736.78624,2736.857374,-0.5320959999999104,-0.4609619999996539,-0.4965289999997822
2023-03-17 20:00:00,2737.321835,2736.78723,2736.859976,-0.5346050000002833,-0.461859000000004,-0.49823200000014367
2023-03-17 20:15:00,2737.321835,2736.791719,2736.864328,-0.530116000000362,-0.4575070000000778,-0.4938115000002199
2023-03-17 20:30:00,2737.320666,2736.784079,2736.862588,-0.5365870000000541,-0.4580780000001141,-0.4973325000000841
2023-03-17 20:45:00,2737.320666,2736.785069,2736.860838,-0.5355970000000525,-0.4598280000000159,-0.4977125000000342
2023-03-17 21:15:00,2737.324164,2736.785896,2736.862018,-0.5382680000002438,-0.4621460000003026,-0.5002070000002732
2023-03-17 21:30:00,2737.325914,2736.785234,2736.863766,-0.5406800000000658,-0.46214800000007017,-0.501414000000068
2023-03-17 21:45:00,2737.324174,2736.786896,2736.866062,-0.5372779999997874,-0.4581119999998009,-0.49769499999979416
2023-03-17 22:00:00,2737.321255,2736.784736,2736.861725,-0.536518999999771,-0.4595299999996314,-0.4980244999997012
2023-03-17 22:30:00,2737.318336,2736.779078,2736.859659,-0.5392579999997906,-0.45867699999962497,-0.4989674999997078
2023-03-17 23:00:00,2737.316587,2736.783977,2736.861408,-0.5326099999997496,-0.455178999999589,-0.4938944999996693
2023-03-17 23:30:00,2737.318336,2736.779406,2736.858806,-0.5389299999997093,-0.4595299999996314,-0.4992299999996703
2023-03-17 23:45:00,2737.320086,2736.781155,2736.86228,-0.5389310000000478,-0.4578060000003461,-0.49836850000019695
2023-03-18 00:00:00,2737.317177,2736.777256,2736.858802,-0.5399210000000494,-0.4583749999997053,-0.49914799999987736
2023-03-18 00:15:00,2737.317177,2736.773629,2736.859371,-0.5435480000001007,-0.45780599999989136,-0.500676999999996
2023-03-18 00:45:00,2737.320086,2736.775779,2736.863133,-0.5443070000001171,-0.45695300000033967,-0.5006300000002284
2023-03-18 01:00:00,2737.317177,2736.774619,2736.858499,-0.5425580000000991,-0.4586779999999635,-0.5006180000000313
2023-03-18 01:30:00,2737.317177,2736.775276,2736.857646,-0.5419010000000526,-0.45953099999996994,-0.5007160000000113
2023-03-18 02:00:00,2737.318336,2736.773695,2736.860532,-0.544640999999956,-0.45780399999966903,-0.5012224999998125
2023-03-18 02:45:00,2737.315427,2736.770786,2736.859654,-0.544640999999956,-0.45577300000013565,-0.5002070000000458
2023-03-18 03:00:00,2737.318336,2736.777426,2736.862563,-0.5409099999997125,-0.4557729999996809,-0.4983414999996967
2023-03-18 03:45:00,2737.320676,2736.776266,2736.864575,-0.5444099999999708,-0.4561009999997623,-0.5002554999998665
2023-03-18 04:00:00,2737.322425,2736.777108,2736.861403,-0.5453169999996135,-0.4610219999999572,-0.5031694999997853
2023-03-18 04:30:00,2737.318926,2736.775357,2736.862255,-0.543568999999934,-0.4566709999999148,-0.5001199999999244
2023-03-18 05:30:00,2737.320676,2736.773609,2736.862257,-0.54706699999997,-0.45841899999959423,-0.5027429999997821
2023-03-18 06:00:00,2737.319506,2736.772438,2736.861087,-0.5470679999998538,-0.45841899999959423,-0.502743499999724
2023-03-18 06:15:00,2737.321255,2736.775937,2736.861983,-0.545317999999952,-0.4592720000000554,-0.5022950000000037
2023-03-18 06:45:00,2737.321255,2736.774523,2736.860234,-0.5467319999997926,-0.46102099999961865,-0.5038764999997056
2023-03-18 07:00:00,2737.320086,2736.774179,2736.861667,-0.5459070000001702,-0.458419000000049,-0.5021630000001096
2023-03-18 07:15:00,2737.319506,2736.772428,2736.861949,-0.5470779999996012,-0.4575569999997242,-0.5023174999996627
2023-03-18 07:30:00,2737.320096,2736.773019,2736.859937,-0.5470769999997174,-0.46015899999974863,-0.503617999999733
2023-03-18 08:15:00,2737.317177,2736.77127,2736.859906,-0.5459069999997155,-0.45727099999976417,-0.5015889999997398
2023-03-18 08:30:00,2737.316007,2736.770942,2736.860486,-0.545064999999795,-0.4555209999998624,-0.5002929999998287
2023-03-18 09:00:00,2737.318346,2736.770936,2736.858475,-0.5474100000001272,-0.459871000000021,-0.5036405000000741
2023-03-18 09:15:00,2737.320096,2736.769119,2736.861076,-0.5509769999998753,-0.45901999999978216,-0.5049984999998287
2023-03-18 09:30:00,2737.316587,2736.76346,2736.85844,-0.5531269999996766,-0.4581469999998262,-0.5056369999997514
2023-03-18 09:45:00,2737.314838,2736.765277,2736.857577,-0.5495609999998123,-0.45726099999956205,-0.5034109999996872
2023-03-18 10:15:00,2737.313668,2736.762358,2736.857262,-0.5513099999998303,-0.45640599999978804,-0.5038579999998092
2023-03-18 10:30:00,2737.306101,2736.756709,2736.85175,-0.5493920000003527,-0.45435100000031525,-0.501871500000334
2023-03-18 10:45:00,2737.306101,2736.759449,2736.854351,-0.5466519999999946,-0.4517500000001746,-0.4992010000000846
2023-03-18 11:30:00,2737.310759,2736.764107,2736.858123,-0.5466519999999946,-0.45263599999998405,-0.4996439999999893
2023-03-18 12:00:00,2737.30901,2736.766087,2736.855521,-0.5429229999999734,-0.4534889999999905,-0.49820599999998194
2023-03-18 12:30:00,2737.310169,2736.765096,2736.854951,-0.5450729999997748,-0.45521800000005896,-0.5001454999999169
2023-03-18 13:00:00,2737.311929,2736.769007,2736.855839,-0.5429220000000896,-0.4560900000001311,-0.49950600000011036
2023-03-18 13:15:00,2737.30726,2736.764338,2736.850317,-0.5429220000000896,-0.45694300000013754,-0.4999325000001136
2023-03-18 13:45:00,2737.306101,2736.757633,2736.855203,-0.5484679999999571,-0.450898000000052,-0.49968300000000454
2023-03-18 14:00:00,2737.30901,2736.760445,2736.856364,-0.5485650000000533,-0.45264599999973143,-0.5006054999998923
2023-03-18 14:15:00,2737.30843,2736.763364,2736.857544,-0.5450660000001335,-0.4508860000000823,-0.4979760000001079
2023-03-18 14:30:00,2737.314848,2736.763542,2736.858713,-0.5513059999998404,-0.4561349999999038,-0.5037204999998721
2023-03-18 15:00:00,2737.311349,2736.765524,2736.856111,-0.5458250000001499,-0.45523800000000847,-0.5005315000000792
2023-03-18 15:15:00,2737.309599,2736.760951,2736.856682,-0.5486479999999574,-0.4529170000000704,-0.5007825000000139
2023-03-18 15:30:00,2737.314848,2736.769023,2736.860181,-0.5458250000001499,-0.4546669999999722,-0.500246000000061
2023-03-18 15:45:00,2737.313098,2736.763544,2736.85786,-0.5495540000001711,-0.45523800000000847,-0.5023960000000898
2023-03-18 16:00:00,2737.316597,2736.769782,2736.862212,-0.5468150000001515,-0.45438500000000204,-0.5006000000000768
2023-03-18 16:30:00,2737.314848,2736.766283,2736.85843,-0.5485650000000533,-0.45641799999975774,-0.5024914999999055
2023-03-18 17:00:00,2737.314848,2736.764534,2736.853509,-0.5503140000000712,-0.46133899999995265,-0.505826500000012
2023-03-18 17:30:00,2737.316597,2736.767043,2736.85961,-0.5495540000001711,-0.45698700000002646,-0.5032705000000988
2023-03-18 17:45:00,2737.318346,2736.770771,2736.858758,-0.5475750000000517,-0.4595880000001671,-0.5035815000001094
2023-03-18 20:00:00,2737.320086,2736.769766,2736.864815,-0.5503200000002835,-0.4552710000002662,-0.5027955000002748
2023-03-18 20:45:00,2737.318916,2736.769772,2736.863645,-0.5491440000000694,-0.4552710000002662,-0.5022075000001678
2023-03-18 21:00:00,2737.317167,2736.768023,2736.864497,-0.5491440000000694,-0.4526700000001256,-0.5009070000000975
2023-03-18 22:00:00,2737.318916,2736.767033,2736.862792,-0.5518830000000889,-0.45612400000027264,-0.5040035000001808
2023-03-18 22:15:00,2737.322415,2736.768782,2736.864542,-0.5536329999999907,-0.45787300000029063,-0.5057530000001407
2023-03-18 22:30:00,2737.323585,2736.771701,2736.865711,-0.5518839999999727,-0.4578740000001744,-0.5048790000000736
2023-03-18 22:45:00,2737.327083,2736.7717,2736.867461,-0.5553830000003472,-0.4596220000003086,-0.5075025000003279
2023-03-18 23:00:00,2737.327083,2736.768962,2736.864858,-0.5581210000000283,-0.4622250000002168,-0.5101730000001226
2023-03-18 23:45:00,2737.324164,2736.770532,2736.865726,-0.5536320000001069,-0.4584380000001147,-0.5060350000001108
2023-03-19 00:00:00,2737.327663,2736.772281,2736.867475,-0.5553820000000087,-0.4601880000000165,-0.5077850000000126
2023-03-19 01:15:00,,2736.765053,2736.863977,,,
2023-03-19 01:30:00,,2736.766802,2736.866291,,,
2023-03-19 02:30:00,,2736.767972,2736.86921,,,
2023-03-19 02:45:00,,2736.76888,2736.870062,,,
2023-03-19 03:00:00,,2736.766139,2736.870915,,,
2023-03-19 03:15:00,,2736.767966,2736.86863,,,
2023-03-19 03:30:00,,2736.766216,2736.869199,,,
2023-03-19 03:45:00,,2736.768956,2736.87095,,,
2023-03-19 04:30:00,,2736.76457,2736.869472,,,
2023-03-19 05:00:00,,2736.763729,2736.872075,,,
2023-03-19 05:15:00,,2736.764897,2736.872391,,,
2023-03-19 05:30:00,,2736.767309,2736.871223,,,
2023-03-19 05:45:00,,2736.765559,2736.872963,,,
2023-03-19 06:45:00,,2736.763907,2736.877587,,,
2023-03-19 07:45:00,,2736.76381,2736.871212,,,
2023-03-19 08:00:00,,2736.75708,2736.870042,,,
2023-03-19 08:15:00,,2736.756319,2736.866543,,,
2023-03-19 08:30:00,,2736.755329,2736.868294,,,
2023-03-19 09:00:00,,2736.75359,2736.869156,,,
2023-03-19 09:15:00,,2736.748921,2736.86709,,,
2023-03-19 09:30:00,,2736.746002,2736.864171,,,
2023-03-19 09:45:00,,2736.747751,2736.863318,,,
2023-03-19 10:00:00,,2736.750491,2736.862466,,,
2023-03-19 10:15:00,,2736.744252,2736.85982,,,
2023-03-19 10:30:00,,2736.744745,2736.853139,,,
2023-03-19 10:45:00,,2736.742913,2736.85574,,,
2023-03-19 11:00:00,,2736.746822,2736.856911,,,
2023-03-19 11:15:00,,2736.748742,2736.861568,,,
2023-03-19 12:00:00,,2736.749732,2736.859829,,,
2023-03-19 12:15:00,,2736.746992,2736.860682,,,
2023-03-19 12:30:00,,2736.744073,2736.85633,,,
2023-03-19 13:00:00,,2736.741333,2736.856901,,,
2023-03-19 13:15:00,,2736.742667,2736.856321,,,
2023-03-19 13:30:00,2737.304931,2736.739928,2736.851681,-0.5650030000001607,-0.45325000000002547,-0.5091265000000931
2023-03-19 14:00:00,2737.306101,2736.741015,2736.855453,-0.5650860000000648,-0.45064800000000105,-0.5078670000000329
2023-03-19 14:15:00,2737.30901,2736.741088,2736.855433,-0.5679219999997258,-0.4535769999997683,-0.5107494999997471
2023-03-19 14:30:00,2737.310759,2736.744915,2736.860102,-0.5658439999997427,-0.45065699999986464,-0.5082504999998037
2023-03-19 15:00:00,2737.313088,2736.745094,2736.861252,-0.5679939999999988,-0.4518359999997301,-0.5099149999998644
2023-03-19 15:15:00,2737.311339,2736.746084,2736.860964,-0.5652549999999792,-0.4503749999998945,-0.5078149999999368
2023-03-19 16:00:00,2737.310759,2736.748244,2736.858661,-0.5625150000000758,-0.45209799999975075,-0.5073064999999133
2023-03-19 16:45:00,2737.311929,2736.744514,2736.857798,-0.5674149999999827,-0.4541309999999612,-0.5107729999999719
2023-03-19 17:30:00,2737.313088,2736.747572,2736.860707,-0.5655159999996613,-0.45238100000005943,-0.5089484999998604
2023-03-19 17:45:00,2737.316587,2736.743842,2736.863308,-0.5727449999999408,-0.45327899999983856,-0.5130119999998897
2023-03-19 18:15:00,2737.314838,2736.746254,2736.863878,-0.568583999999646,-0.45095999999966807,-0.509771999999657
2023-03-19 18:30:00,2737.316587,2736.746598,2736.8633,-0.569988999999623,-0.45328699999981836,-0.5116379999997207
2023-03-19 18:45:00,2737.317757,2736.752257,2736.865366,-0.5654999999997017,-0.4523909999998068,-0.5089454999997542
2023-03-19 19:15:00,2737.316007,2736.747768,2736.863616,-0.5682389999997213,-0.4523909999998068,-0.510314999999764
2023-03-19 19:45:00,2737.317757,2736.748674,2736.866218,-0.5690829999998641,-0.45153899999968417,-0.5103109999997741
2023-03-19 20:00:00,2737.322415,2736.751585,2736.868275,-0.5708300000001145,-0.45414000000027954,-0.512485000000197
2023-03-19 20:15:00,2737.317167,2736.749835,2736.864776,-0.5673320000000786,-0.45239100000026156,-0.50986150000017
2023-03-19 20:45:00,2737.322415,2736.749501,2736.863923,-0.5729140000003099,-0.45849200000020573,-0.5157030000002578
2023-03-19 21:00:00,2737.317757,2736.748676,2736.86158,-0.5690809999996418,-0.45617700000002515,-0.5126289999998335
2023-03-19 22:15:00,2737.318916,2736.747096,2736.867377,-0.5718200000001161,-0.4515390000001389,-0.5116795000001275
2023-03-19 22:45:00,2737.315417,2736.745012,2736.863591,-0.570404999999937,-0.45182599999998274,-0.5111154999999599
2023-03-19 23:00:00,2737.318916,2736.747671,2736.864489,-0.5712450000000899,-0.45442700000012337,-0.5128360000001067
2023-03-19 23:15:00,2737.318336,2736.747091,2736.86651,-0.5712449999996352,-0.45182599999998274,-0.511535499999809
2023-03-19 23:30:00,2737.320086,2736.74534,2736.865331,-0.574746000000232,-0.45475500000020475,-0.5147505000002184
2023-03-19 23:45:00,2737.321835,2736.746762,2736.865657,-0.5750729999999749,-0.4561780000003637,-0.5156255000001693
2023-03-20 00:00:00,2737.318336,2736.745936,2736.864478,-0.572400000000016,-0.45385799999985466,-0.5131289999999353
2023-03-20 00:15:00,2737.317757,2736.746018,2736.861867,-0.5717389999999796,-0.45588999999972657,-0.5138144999998531
2023-03-20 01:00:00,2737.318346,2736.744186,2736.862728,-0.5741600000001199,-0.45561799999995856,-0.5148890000000392
2023-03-20 01:15:00,2737.321255,2736.748086,2736.863888,-0.5731689999997798,-0.45736699999997654,-0.5152679999998782
2023-03-20 02:00:00,2737.318926,2736.74633,2736.866476,-0.5725959999999759,-0.45244999999977153,-0.5125229999998737
2023-03-20 02:30:00,2737.320096,2736.74575,2736.865043,-0.5743459999998777,-0.4550530000001345,-0.5146995000000061
2023-03-20 03:00:00,2737.319506,2736.746844,2736.868523,-0.5726620000000366,-0.4509829999997237,-0.5118224999998802
2023-03-20 03:45:00,2737.318336,2736.743925,2736.859537,-0.5744109999995999,-0.45879899999999907,-0.5166049999997995
2023-03-20 04:00:00,2737.316007,2736.743345,2736.86156,-0.5726620000000366,-0.4544470000000729,-0.5135545000000548
2023-03-20 04:15:00,2737.319506,2736.745012,2736.865059,-0.5744939999999588,-0.45444699999961813,-0.5144704999997884
2023-03-20 04:45:00,2737.314258,2736.742175,2736.857208,-0.5720830000000205,-0.4570499999999811,-0.5145665000000008
2023-03-20 05:00:00,2737.317177,2736.742355,2736.860127,-0.5748220000000401,-0.4570499999999811,-0.5159360000000106
2023-03-20 08:15:00,2737.316007,2736.73762,2736.859809,-0.5783870000000206,-0.45619799999985844,-0.5172924999999395
2023-03-20 09:30:00,2737.314838,2736.733777,2736.857786,-0.5810609999998633,-0.45705199999974866,-0.519056499999806
2023-03-20 09:45:00,2737.311339,2736.736515,2736.857788,-0.5748239999998077,-0.4535510000000613,-0.5141874999999345
2023-03-20 10:00:00,2737.313088,2736.73394,2736.85689,-0.5791479999998046,-0.45619799999985844,-0.5176729999998315
2023-03-20 10:15:00,2737.30784,2736.731202,2736.855142,-0.5766380000000026,-0.4526980000000549,-0.5146680000000288
2023-03-20 10:45:00,2737.311339,2736.734701,2736.858641,-0.5766380000000026,-0.4526980000000549,-0.5146680000000288
2023-03-20 11:00:00,2737.313088,2736.735691,2736.856038,-0.577397000000019,-0.4570499999999811,-0.5172235000000001
2023-03-20 11:15:00,2737.30668,2736.730868,2736.853129,-0.5758120000000417,-0.4535510000000613,-0.5146815000000515
2023-03-20 11:30:00,2737.30901,2736.734121,2736.858913,-0.5748889999999847,-0.45009699999991426,-0.5124929999999495
2023-03-20 12:00:00,2737.309589,2736.732027,2736.859493,-0.5775619999999435,-0.45009600000003047,-0.513828999999987
2023-03-20 12:15:00,2737.30843,2736.733606,2736.857481,-0.5748240000002625,-0.4509490000000369,-0.5128865000001497
2023-03-20 12:30:00,2737.314838,2736.736844,2736.863275,-0.5779939999997623,-0.45156299999962357,-0.5147784999996929
2023-03-20 14:00:00,2737.310759,2736.73511,2736.856023,-0.5756489999998848,-0.45473600000013903,-0.5151925000000119
2023-03-20 14:30:00,2737.315427,2736.738604,2736.862407,-0.5768229999998766,-0.45301999999992404,-0.5149214999999003
2023-03-20 14:45:00,2737.313088,2736.734619,2736.859216,-0.578469000000041,-0.4538720000000467,-0.5161705000000438
2023-03-20 15:00:00,2737.313668,2736.737024,2736.864137,-0.5766439999997601,-0.44953099999975166,-0.5130874999997559
2023-03-20 15:30:00,2737.316587,2736.743673,2736.866159,-0.5729139999998552,-0.450427999999647,-0.5116709999997511
2023-03-20 15:45:00,2737.316587,2736.740933,2736.863557,-0.5756539999997585,-0.4530299999996714,-0.514341999999715
2023-03-20 16:45:00,2737.313088,2736.743493,2736.861525,-0.5695949999999357,-0.4515630000000783,-0.510579000000007
2023-03-20 17:00:00,2737.317757,2736.741261,2736.863547,-0.576495999999679,-0.45420999999987544,-0.5153529999997772
2023-03-20 17:15:00,2737.316007,2736.738522,2736.865296,-0.5774849999997969,-0.4507109999999557,-0.5140979999998763
2023-03-20 17:30:00,2737.314258,2736.739184,2736.860092,-0.5750739999998586,-0.4541659999999865,-0.5146199999999226
2023-03-20 18:00:00,2737.314258,2736.741098,2736.862695,-0.5731599999999162,-0.4515630000000783,-0.5123614999999972
2023-03-20 18:15:00,2737.312508,2736.736609,2736.861509,-0.5758989999999358,-0.45099900000013804,-0.5134490000000369
2023-03-20 18:30:00,2737.313668,2736.737768,2736.86442,-0.5758999999998196,-0.44924799999989773,-0.5125739999998586
2023-03-20 18:45:00,2737.317167,2736.741267,2736.863002,-0.5759000000002743,-0.45416500000010274,-0.5150325000001885
2023-03-20 19:00:00,2737.316007,2736.740108,2736.861842,-0.5758989999999358,-0.45416500000010274,-0.5150320000000193
2023-03-20 19:30:00,2737.316007,2736.740108,2736.858669,-0.5758989999999358,-0.4573379999997087,-0.5166184999998222
2023-03-20 19:45:00,2737.316007,2736.742846,2736.864444,-0.5731609999998,-0.4515630000000783,-0.5123619999999391
2023-03-20 20:30:00,2737.316007,2736.739184,2736.862124,-0.5768229999998766,-0.45388299999967785,-0.5153529999997772
2023-03-20 20:45:00,2737.317757,2736.740271,2736.863873,-0.5774859999996806,-0.4538840000000164,-0.5156849999998485
2023-03-20 21:15:00,2737.318336,2736.737352,2736.86441,-0.5809839999997166,-0.45392599999968297,-0.5174549999996998
2023-03-20 23:30:00,2737.328253,2736.737434,2736.862987,-0.5908190000000104,-0.46526600000015605,-0.5280425000000832
2023-03-20 23:45:00,2737.330582,2736.735275,2736.86499,-0.595307000000048,-0.4655920000000151,-0.5304495000000315
2023-03-21 03:30:00,2737.33642,2736.738194,2736.864726,-0.5982260000000679,-0.4716940000002978,-0.5349600000001828
2023-03-21 04:00:00,2737.318916,2736.739518,2736.865604,-0.5793980000003103,-0.4533120000000963,-0.5163550000002033
2023-03-21 04:15:00,2737.310759,2736.738528,2736.866456,-0.5722310000001016,-0.4443029999997634,-0.5082669999999325
2023-03-21 04:30:00,2737.310169,2736.737439,2736.863855,-0.572729999999865,-0.44631399999980204,-0.5095219999998335
2023-03-21 08:30:00,2737.33584,2736.737844,2736.862397,-0.5979959999999664,-0.4734430000003158,-0.5357195000001411
2023-03-21 08:45:00,2737.329423,2736.739676,2736.861544,-0.5897469999999885,-0.4678790000002664,-0.5288130000001274
2023-03-21 09:00:00,2737.332342,2736.738686,2736.86325,-0.59365600000001,-0.4690920000002734,-0.5313740000001417
2023-03-21 09:15:00,2737.331172,2736.735767,2736.861516,-0.5954050000000279,-0.4696560000002137,-0.5325305000001208
2023-03-21 09:45:00,2737.331172,2736.734016,2736.859766,-0.5971560000002683,-0.47140600000011545,-0.5342810000001919
2023-03-21 10:00:00,2737.327673,2736.7361,2736.864117,-0.5915729999996984,-0.46355599999969854,-0.5275644999996985
2023-03-21 10:15:00,2737.324754,2736.737849,2736.863265,-0.5869050000001153,-0.46148900000025606,-0.5241970000001857
2023-03-21 11:00:00,2737.324174,2736.735007,2736.860901,-0.5891669999996338,-0.4632729999998446,-0.5262199999997392
2023-03-21 11:15:00,2737.327673,2736.739496,2736.861228,-0.5881769999996322,-0.4664449999995668,-0.5273109999995995
2023-03-21 12:15:00,2737.314258,2736.732186,2736.860663,-0.5820719999996982,-0.45359499999995023,-0.5178334999998242
2023-03-21 13:15:00,2737.316007,2736.731277,2736.859478,-0.5847300000000359,-0.4565290000000459,-0.5206295000000409
2023-03-21 13:30:00,2737.316587,2736.73493,2736.859493,-0.5816569999997228,-0.45709399999987,-0.5193754999997964
2023-03-21 14:00:00,2737.317757,2736.737851,2736.864682,-0.5799059999999372,-0.45307499999989886,-0.516490499999918
2023-03-21 14:45:00,2737.309589,2736.729267,2736.853958,-0.5803219999997964,-0.45563099999981205,-0.5179764999998042
2023-03-21 15:15:00,2737.311339,2736.730107,2736.856559,-0.581232,-0.45478000000002794,-0.518006000000014
2023-03-21 15:30:00,2737.312508,2736.732267,2736.860331,-0.5802410000001146,-0.45217700000011973,-0.5162090000001172
2023-03-21 16:15:00,2737.309589,2736.733838,2736.857412,-0.5757509999998547,-0.45217700000011973,-0.5139639999999872
2023-03-21 16:30:00,2737.309589,2736.734828,2736.860015,-0.5747609999998531,-0.4495739999997568,-0.5121674999998049
2023-03-21 17:00:00,2737.314838,2736.736747,2736.863801,-0.5780909999998585,-0.4510369999998147,-0.5145639999998366
2023-03-21 17:15:00,2737.313678,2736.735587,2736.862641,-0.5780909999998585,-0.4510369999998147,-0.5145639999998366
2023-03-21 17:30:00,2737.315427,2736.738179,2736.865288,-0.5772480000000542,-0.4501390000000356,-0.5136935000000449
2023-03-21 18:45:00,2737.313098,2736.737419,2736.865242,-0.5756790000000365,-0.44785600000022896,-0.5117675000001327
2023-03-21 20:00:00,2737.315427,2736.738327,2736.86497,-0.5770999999999731,-0.45045699999991484,-0.513778499999944
2023-03-21 21:15:00,2737.315427,2736.732848,2736.865253,-0.582578999999896,-0.4501740000000609,-0.5163764999999785
2023-03-21 21:30:00,2737.314258,2736.733428,2736.866685,-0.580829999999878,-0.4475729999999203,-0.5142014999998992
2023-03-21 21:45:00,2737.310759,2736.729929,2736.862334,-0.580829999999878,-0.44842500000004293,-0.5146274999999605
2023-03-21 22:00:00,2737.314258,2736.730687,2736.864084,-0.5835709999996652,-0.4501740000000609,-0.5168724999998631
2023-03-21 22:30:00,2737.314258,2736.73252,2736.865262,-0.5817379999998593,-0.4489960000000792,-0.5153669999999693
2023-03-22 01:15:00,2737.311349,2736.728768,2736.862353,-0.5825810000001184,-0.4489960000000792,-0.5157885000000988
2023-03-22 01:30:00,2737.313098,2736.72786,2736.863206,-0.5852380000001176,-0.4498920000000908,-0.5175650000001042
2023-03-22 01:45:00,2737.311349,2736.727198,2736.863776,-0.5841510000000198,-0.4475729999999203,-0.5158619999999701
2023-03-22 02:00:00,2737.314848,2736.727778,2736.865525,-0.5870700000000397,-0.44932299999982206,-0.5181964999999309
2023-03-22 03:15:00,2737.317177,2736.729349,2736.862651,-0.5878279999997176,-0.4545259999999871,-0.5211769999998523
2023-03-22 05:30:00,2737.315427,2736.733509,2736.865822,-0.5819179999998596,-0.4496049999997922,-0.5157614999998259
2023-03-22 08:15:00,2737.310759,2736.732668,2736.859732,-0.5780909999998585,-0.45102700000006735,-0.5145589999999629
2023-03-22 08:30:00,2737.310759,2736.725439,2736.861437,-0.585320000000138,-0.44932199999993827,-0.5173210000000381
2023-03-22 10:00:00,2737.309599,2736.729759,2736.857675,-0.5798400000003312,-0.4519239999999627,-0.515882000000147
2023-03-22 10:15:00,2737.30785,2736.728999,2736.853323,-0.5788510000002134,-0.45452700000032564,-0.5166890000002695
2023-03-22 10:30:00,2737.30901,2736.730159,2736.85538,-0.5788509999997586,-0.45362999999997555,-0.5162404999998671
2023-03-22 11:00:00,2737.310759,2736.732899,2736.854528,-0.5778599999998733,-0.4562310000001162,-0.5170454999999947
2023-03-22 11:15:00,2737.310759,2736.729169,2736.856233,-0.5815899999997782,-0.4545259999999871,-0.5180579999998827
2023-03-22 11:45:00,2737.30785,2736.729988,2736.855073,-0.5778620000000956,-0.4527769999999691,-0.5153195000000323
2023-03-22 13:00:00,2737.30901,2736.731581,2736.862007,-0.5774289999999382,-0.4470029999997678,-0.512215999999853
2023-03-22 13:15:00,2737.30901,2736.727008,2736.8577,-0.5820020000001023,-0.4513099999999213,-0.5166560000000118
2023-03-22 13:30:00,2737.30668,2736.72742,2736.858825,-0.5792599999999766,-0.44785500000034517,-0.5135575000001609
2023-03-22 14:00:00,2737.30726,2736.725259,2736.859405,-0.5820010000002185,-0.4478549999998904,-0.5149280000000545
2023-03-22 14:15:00,2737.311929,2736.730093,2736.859722,-0.5818359999998393,-0.4522069999998166,-0.5170214999998279
2023-03-22 14:30:00,2737.30843,2736.728342,2736.861427,-0.5800880000001598,-0.44700300000022253,-0.5135455000001912
2023-03-22 16:15:00,2737.311929,2736.73001,2736.858299,-0.5819189999997434,-0.45362999999997555,-0.5177744999998595
2023-03-22 16:30:00,2737.305511,2736.727092,2736.862858,-0.5784189999999398,-0.4426530000000639,-0.5105360000000019
2023-03-22 16:45:00,2737.30901,2736.72884,2736.859731,-0.5801699999997254,-0.44927899999993315,-0.5147244999998293
2023-03-22 17:15:00,2737.317757,2736.734418,2736.864082,-0.5833389999997962,-0.45367499999974825,-0.5185069999997722
2023-03-22 18:00:00,2737.313098,2736.731591,2736.858002,-0.5815069999998741,-0.4550960000001396,-0.5183015000000069
2023-03-22 18:15:00,2737.313098,2736.73509,2736.862924,-0.5780079999999543,-0.4501740000000609,-0.5140910000000076
2023-03-22 18:45:00,2737.309599,2736.729179,2736.862026,-0.5804200000002311,-0.44757300000037503,-0.5139965000003031
2023-03-22 19:30:00,2737.313668,2736.732339,2736.865209,-0.5813289999996414,-0.4484589999997297,-0.5148939999996855
2023-03-22 19:45:00,2737.315417,2736.729519,2736.866392,-0.5858979999998155,-0.4490249999998923,-0.5174614999998539
2023-03-22 20:15:00,2737.315417,2736.73135,2736.862041,-0.5840669999997772,-0.4533759999999347,-0.518721499999856
2023-03-22 20:45:00,2737.312508,2736.728769,2736.860028,-0.5837390000001506,-0.45247999999992317,-0.5181095000000369
2023-03-22 21:00:00,2737.316007,2736.732349,2736.862631,-0.583658000000014,-0.4533759999999347,-0.5185169999999744
2023-03-22 22:00:00,2737.319506,2736.73311,2736.868444,-0.586395999999695,-0.4510619999996379,-0.5187289999996665
2023-03-22 22:30:00,2737.317757,2736.73136,2736.86381,-0.5863969999995788,-0.453946999999971,-0.5201719999997749
2023-03-22 23:00:00,2737.316587,2736.73293,2736.867845,-0.5836569999996755,-0.44874199999958364,-0.5161994999996296
2023-03-22 23:45:00,2737.319506,2736.7341,2736.867265,-0.5854059999996934,-0.45224099999995815,-0.5188234999998258
2023-03-23 00:15:00,,2736.736511,2736.86556,,,
2023-03-23 00:30:00,,2736.732022,2736.864662,,,
2023-03-23 01:15:00,,2736.738661,2736.867571,,,
2023-03-23 01:45:00,,2736.740226,2736.86554,,,
2023-03-23 02:00:00,,2736.735736,2736.864642,,,
2023-03-23 02:15:00,,2736.738655,2736.870164,,,
2023-03-23 02:30:00,,2736.736905,2736.867561,,,
2023-03-23 02:45:00,,2736.737485,2736.868994,,,
2023-03-23 03:00:00,,2736.735075,2736.869311,,,
2023-03-23 03:15:00,,2736.737814,2736.872478,,,
2023-03-23 03:45:00,,2736.730585,2736.862922,,,
2023-03-23 04:15:00,,2736.730929,2736.867548,,,
2023-03-23 04:30:00,,2736.735418,2736.870719,,,
2023-03-23 05:45:00,,2736.73509,2736.869296,,,
2023-03-23 06:15:00,,2736.735156,2736.870149,,,
2023-03-23 06:45:00,,2736.73608,2736.869866,,,
2023-03-23 07:15:00,,2736.734428,2736.871899,,,
2023-03-23 07:45:00,,2736.731591,2736.8684,,,
2023-03-23 09:00:00,,2736.729825,2736.864627,,,
2023-03-23 09:30:00,,2736.727665,2736.863459,,,
2023-03-23 10:15:00,,2736.725916,2736.861708,,,
2023-03-23 10:30:00,,2736.724166,2736.857357,,,
2023-03-23 11:00:00,,2736.729645,2736.858255,,,
2023-03-23 11:45:00,,2736.723007,2736.86055,,,
2023-03-23 12:00:00,,2736.724756,2736.863151,,,
2023-03-23 12:45:00,,2736.722351,2736.85996,,,
2023-03-23 13:30:00,,2736.723519,2736.865481,,,
2023-03-23 13:45:00,,2736.720519,2736.857937,,,
2023-03-23 14:15:00,,2736.724279,2736.865199,,,
2023-03-23 14:30:00,,2736.722848,2736.862006,,,
2023-03-23 14:45:00,,2736.728179,2736.865787,,,
2023-03-23 16:00:00,,2736.721099,2736.860257,,,
2023-03-23 16:15:00,,2736.724018,2736.861427,,,
2023-03-23 17:45:00,,2736.723951,2736.862323,,,
2023-03-23 18:00:00,,2736.726527,2736.864072,,,
2023-03-23 18:15:00,,2736.722961,2736.864924,,,
2023-03-23 18:30:00,,2736.725537,2736.863219,,,
2023-03-23 20:30:00,,2736.722134,2736.863502,,,
2023-03-23 21:00:00,,2736.726199,2736.868434,,,
2023-03-23 22:00:00,,2736.725208,2736.871037,,,
2023-03-23 22:45:00,,2736.727287,2736.870457,,,
2023-03-23 23:15:00,,2736.730026,2736.871353,,,
2023-03-24 00:45:00,,2736.723967,2736.870774,,,
2023-03-24 01:30:00,,2736.729452,2736.868151,,,
2023-03-24 01:45:00,,2736.723972,2736.866403,,,
2023-03-24 02:30:00,,2736.727881,2736.869321,,,
2023-03-24 02:45:00,,2736.726707,2736.869886,,,
2023-03-24 03:00:00,,2736.726127,2736.869306,,,
2023-03-24 03:30:00,,2736.729774,2736.867275,,,
2023-03-24 04:15:00,,2736.726117,2736.867581,,,
2023-03-24 04:45:00,,2736.729959,2736.872785,,,
2023-03-24 05:00:00,,2736.725471,2736.870184,,,
2023-03-24 06:00:00,,2736.727219,2736.873673,,,
2023-03-24 07:00:00,,2736.72704,2736.868999,,,
2023-03-24 07:45:00,,2736.721889,2736.867538,,,
2023-03-24 08:00:00,,2736.718969,2736.866368,,,
2023-03-24 08:15:00,,2736.722552,2736.868118,,,
2023-03-24 09:00:00,,2736.718651,2736.865207,,,
2023-03-24 09:45:00,,2736.71606,2736.860866,,,
2023-03-24 10:45:00,,2736.712233,2736.859677,,,
2023-03-24 11:00:00,,2736.711212,2736.857621,,,
2023-03-24 11:30:00,,2736.715963,2736.86054,,,
2023-03-24 11:45:00,,2736.714311,2736.86171,,,
2023-03-24 12:15:00,,2736.713223,2736.859672,,,
2023-03-24 12:30:00,,2736.713043,2736.856753,,,
2023-03-24 12:45:00,,2736.712052,2736.86281,,,
2023-03-24 13:00:00,,2736.712381,2736.861377,,,
2023-03-24 13:15:00,,2736.713541,2736.861685,,,
2023-03-24 13:45:00,,2736.717116,2736.864604,,,
2023-03-24 14:00:00,,2736.719959,2736.868103,,,
2023-03-24 14:15:00,,2736.713207,2736.864286,,,
2023-03-24 14:30:00,,2736.715947,2736.861402,,,
2023-03-24 14:45:00,,2736.71705,2736.86172,,,
2023-03-24 15:00:00,,2736.713731,2736.863741,,,
2023-03-24 15:15:00,,2736.714721,2736.858537,,,
2023-03-24 15:30:00,,2736.71647,2736.86057,,,
2023-03-24 15:45:00,,2736.720959,2736.865491,,,
2023-03-24 16:00:00,,2736.722119,2736.86665,,,
2023-03-24 16:15:00,,2736.71548,2736.864639,,,
2023-03-24 16:30:00,,2736.714639,2736.862562,,,
2023-03-24 16:45:00,,2736.717548,2736.864619,,,
2023-03-24 17:00:00,,2736.718724,2736.869253,,,
2023-03-24 17:30:00,,2736.71839,2736.864901,,,
2023-03-24 17:45:00,,2736.71723,2736.862036,,,
2023-03-24 18:15:00,,2736.722879,2736.872444,,,
2023-03-24 18:30:00,,2736.721129,2736.86724,,,
2023-03-24 19:15:00,,2736.715983,2736.870105,,,
2023-03-24 19:30:00,,2736.717734,2736.866651,,,
2023-03-24 20:15:00,,2736.722223,2736.871003,,,
2023-03-24 20:30:00,,2736.719482,2736.871855,,,
2023-03-24 21:30:00,,2736.721889,2736.872454,,,
2023-03-24 21:45:00,,2736.720139,2736.866354,,,
2023-03-24 23:00:00,,2736.716558,2736.865502,,,
2023-03-24 23:45:00,,2736.719477,2736.870125,,,
2023-03-25 00:00:00,,2736.71565,2736.864069,,,
2023-03-25 00:15:00,,2736.71623,2736.864649,,,
2023-03-25 02:45:00,,2736.711079,2736.868955,,,
2023-03-25 04:00:00,,2736.716738,2736.871876,,,
2023-03-25 04:30:00,,2736.717332,2736.872772,,,
2023-03-25 05:00:00,,2736.718159,2736.876227,,,
2023-03-25 06:30:00,,2736.720309,2736.876533,,,
2023-03-25 07:15:00,,2736.71542,2736.875375,,,
2023-03-25 07:30:00,,2736.716327,2736.877981,,,
2023-03-25 07:45:00,,2736.713588,2736.87538,,,
2023-03-25 08:00:00,,2736.710089,2736.87014,,,
2023-03-25 08:30:00,,2736.712417,2736.872459,,,
2023-03-25 09:30:00,,2736.705019,2736.864629,,,
2023-03-25 10:00:00,,2736.701012,2736.863142,,,
2023-03-25 10:15:00,,2736.699093,2736.861656,,,
2023-03-25 10:30:00,,2736.696354,2736.858483,,,
2023-03-25 11:00:00,,2736.698103,2736.860804,,,
2023-03-25 11:30:00,,2736.70309,2736.864883,,,
2023-03-25 11:45:00,,2736.704259,2736.866904,,,
2023-03-25 12:00:00,,2736.70974,2736.866949,,,
2023-03-25 12:15:00,,2736.705249,2736.866051,,,
2023-03-25 12:30:00,,2736.699591,2736.861949,,,
2023-03-25 12:45:00,,2736.702151,2736.859038,,,
2023-03-25 13:00:00,,2736.698765,2736.860209,,,
2023-03-25 13:15:00,,2736.696688,2736.855005,,,
2023-03-25 13:30:00,,2736.700417,2736.855857,,,
2023-03-25 13:45:00,,2736.701407,2736.85846,,,
2023-03-25 14:15:00,,2736.703982,2736.861061,,,
2023-03-25 14:30:00,,2736.704972,2736.857607,,,
2023-03-25 15:00:00,,2736.705911,2736.864288,,,
2023-03-25 15:15:00,,2736.709641,2736.86514,,,
2023-03-25 15:30:00,,2736.707891,2736.859936,,,
2023-03-25 15:45:00,,2736.708651,2736.866889,,,
2023-03-25 16:15:00,,2736.703233,2736.860481,,,
2023-03-25 17:15:00,,2736.709822,2736.865458,,,
2023-03-25 18:00:00,,2736.710913,2736.869809,,,
2023-03-25 18:15:00,,2736.71256,2736.864605,,,
2023-03-25 19:15:00,,2736.713654,2736.870706,,,
2023-03-25 20:15:00,,2736.70901,2736.869273,,,
2023-03-25 20:30:00,,2736.71175,2736.872728,,,
2023-03-25 20:45:00,,2736.708251,2736.870978,,,
2023-03-25 21:15:00,,2736.71157,2736.874161,,,
2023-03-25 21:30:00,,2736.709165,2736.868391,,,
2023-03-25 21:45:00,,2736.707071,2736.868109,,,
2023-03-25 22:15:00,,2736.713311,2736.870711,,,
2023-03-25 22:45:00,,2736.71174,2736.872446,,,
2023-03-26 00:30:00,,2736.707081,2736.870993,,,
2023-03-26 01:00:00,,2736.708831,2736.868104,,,
2023-03-26 02:30:00,,2736.706737,2736.872138,,,
2023-03-26 03:30:00,,2736.710318,2736.873888,,,
2023-03-26 03:45:00,,2736.709328,2736.873036,,,
2023-03-26 08:30:00,,2736.706246,2736.869814,,,
2023-03-26 09:15:00,,2736.704496,2736.868074,,,
2023-03-26 09:45:00,,2736.700597,2736.865165,,,
2023-03-26 10:00:00,,2736.701587,2736.866905,,,
2023-03-26 10:15:00,2737.317177,2736.696108,2736.860813,-0.6210689999998067,-0.45636400000012145,-0.5387164999999641
2023-03-26 10:30:00,2737.317177,2736.697098,2736.859961,-0.6200789999998051,-0.45721599999978935,-0.5386474999997972
2023-03-26 10:45:00,2737.313678,2736.698847,2736.863415,-0.6148309999998673,-0.45026300000017727,-0.5325470000000223
2023-03-26 11:30:00,2737.314258,2736.694276,2736.857042,-0.6199819999997089,-0.45721599999978935,-0.5385989999997491
2023-03-26 11:45:00,2737.317757,2736.691537,2736.859643,-0.6262199999996483,-0.4581140000000232,-0.5421669999998358
2023-03-26 12:00:00,2737.316007,2736.697678,2736.861384,-0.6183289999999033,-0.45462300000008327,-0.5364759999999933
2023-03-26 12:30:00,2737.313088,2736.692018,2736.855872,-0.6210699999996905,-0.45721599999978935,-0.5391429999997399
2023-03-26 12:45:00,2737.313088,2736.695846,2736.859361,-0.6172419999998056,-0.4537270000000717,-0.5354844999999386
2023-03-26 13:00:00,2737.311339,2736.693009,2736.858465,-0.6183299999997871,-0.4528740000000653,-0.5356019999999262
2023-03-26 13:15:00,2737.316007,2736.702233,2736.863985,-0.6137739999999212,-0.45202199999994264,-0.5328979999999319
2023-03-26 13:30:00,2737.316587,2736.697662,2736.861964,-0.6189249999997628,-0.4546229999996285,-0.5367739999996957
2023-03-26 14:00:00,2737.313088,2736.698488,2736.860214,-0.6145999999998821,-0.4528740000000653,-0.5337369999999737
2023-03-26 14:15:00,2737.316007,2736.698667,2736.862246,-0.6173399999997855,-0.4537609999997585,-0.535550499999772
2023-03-26 14:45:00,2737.318926,2736.700492,2736.86572,-0.6184339999999793,-0.45320600000013656,-0.5358200000000579
2023-03-26 15:00:00,2737.317177,2736.703233,2736.864269,-0.6139439999997194,-0.45290799999975206,-0.5334259999997357
2023-03-26 15:15:00,2737.315427,2736.702243,2736.86747,-0.6131839999998192,-0.4479569999998603,-0.5305704999998397
2023-03-26 15:30:00,2737.315427,2736.705972,2736.86573,-0.609454999999798,-0.44969700000001467,-0.5295759999999063
2023-03-26 15:45:00,2737.317177,2736.701483,2736.863981,-0.6156940000000759,-0.45319599999993443,-0.5344450000000052
2023-03-26 16:00:00,2737.318926,2736.704982,2736.86748,-0.6139439999997194,-0.45144600000003265,-0.532694999999876
2023-03-26 16:45:00,2737.313678,2736.697754,2736.863416,-0.6159240000001773,-0.45026199999983874,-0.533093000000008
2023-03-26 18:00:00,2737.322425,2736.708733,2736.866053,-0.6136919999999009,-0.4563719999996465,-0.5350319999997737
2023-03-26 19:00:00,2737.321255,2736.703983,2736.866915,-0.6172719999999572,-0.4543399999997746,-0.5358059999998659
2023-03-26 19:15:00,2737.320676,2736.706984,2736.865482,-0.6136919999999009,-0.4551939999996648,-0.5344429999997828
2023-03-26 20:30:00,2737.316007,2736.702993,2736.866063,-0.613014000000021,-0.4499439999999595,-0.5314789999999903
2023-03-26 20:45:00,2737.319506,2736.706142,2736.869517,-0.6133639999998195,-0.4499889999997322,-0.5316764999997758
2023-03-26 21:15:00,2737.316587,2736.705732,2736.869527,-0.6108549999999013,-0.44705999999996493,-0.5289574999999331
2023-03-26 21:45:00,2737.318336,2736.707564,2736.872698,-0.6107719999999972,-0.4456379999996898,-0.5282049999998435
2023-03-26 22:00:00,2737.318336,2736.705584,2736.873878,-0.6127520000000004,-0.4444579999999405,-0.5286049999999705
2023-03-26 22:15:00,2737.319506,2736.712232,2736.875048,-0.6072739999999612,-0.4444579999999405,-0.5258659999999509
2023-03-26 23:30:00,2737.315427,2736.706388,2736.870651,-0.6090389999999388,-0.44477599999981976,-0.5269074999998793
2023-03-26 23:45:00,2737.319506,2736.710467,2736.877334,-0.6090389999999388,-0.44217200000002777,-0.5256054999999833
2023-03-27 00:30:00,2737.321255,2736.713206,2736.876481,-0.6080489999999372,-0.4447740000000522,-0.5264114999999947
2023-03-27 00:45:00,2737.320096,2736.711057,2736.875321,-0.6090389999999388,-0.44477499999993597,-0.5269069999999374
2023-03-27 01:30:00,2737.323595,2736.706568,2736.871822,-0.61702699999978,-0.4517729999997755,-0.5343999999997777
2023-03-27 04:00:00,2737.321845,2736.705742,2736.870969,-0.6161029999998391,-0.45087599999988015,-0.5334894999998596
2023-03-27 04:45:00,2737.322425,2736.702823,2736.865447,-0.6196019999997588,-0.4569779999997081,-0.5382899999997335
2023-03-27 05:45:00,2737.318926,2736.703649,2736.869799,-0.6152769999998782,-0.44912699999986216,-0.5322019999998702
2023-03-27 06:00:00,2737.324174,2736.707149,2736.871837,-0.6170250000000124,-0.45233699999971577,-0.5346809999998641
2023-03-27 06:15:00,2737.323005,2736.704228,2736.870667,-0.6187770000001365,-0.4523380000000543,-0.5355575000000954
2023-03-27 06:30:00,2737.323005,2736.701905,2736.868918,-0.6211000000002969,-0.4540870000000723,-0.5375935000001846
2023-03-27 07:00:00,2737.323005,2736.702495,2736.870359,-0.6205100000001949,-0.4526460000001862,-0.5365780000001905
2023-03-27 07:30:00,2737.318926,2736.702315,2736.86862,-0.6166109999999208,-0.45030599999972765,-0.5334584999998242
2023-03-27 07:45:00,2737.318336,2736.697015,2736.865155,-0.6213209999996252,-0.4531809999998586,-0.5372509999997419
2023-03-27 08:00:00,2737.322415,2736.698586,2736.868338,-0.6238290000001143,-0.45407699999987017,-0.5389529999999922
2023-03-27 08:15:00,2737.318916,2736.696835,2736.866018,-0.6220809999999801,-0.4528980000000047,-0.5374894999999924
2023-03-27 08:30:00,2737.323005,2736.695013,2736.864006,-0.6279920000001766,-0.4589990000004036,-0.5434955000002901
2023-03-27 08:45:00,2737.322415,2736.701489,2736.867203,-0.620926000000054,-0.4552120000003015,-0.5380690000001778
2023-03-27 09:00:00,2737.321255,2736.700329,2736.86921,-0.620926000000054,-0.45204499999999825,-0.5364855000000261
2023-03-27 09:15:00,2737.321255,2736.69957,2736.870063,-0.6216849999996157,-0.4511919999999918,-0.5364384999998038
2023-03-27 09:45:00,2737.313088,2736.695743,2736.862226,-0.6173449999996592,-0.4508619999996881,-0.5341034999996737
2023-03-27 10:00:00,2737.316587,2736.697492,2736.866577,-0.6190950000000157,-0.4500100000000202,-0.534552500000018
2023-03-27 10:15:00,2737.310759,2736.693412,2736.861648,-0.6173469999998815,-0.44911099999990256,-0.533228999999892
2023-03-27 10:30:00,2737.313668,2736.695563,2736.863658,-0.6181049999995594,-0.4500099999995655,-0.5340574999995624
2023-03-27 10:45:00,2737.30901,2736.694403,2736.859897,-0.6146069999999781,-0.4491130000001249,-0.5318600000000515
2023-03-27 11:15:00,2737.310759,2736.692325,2736.85901,-0.6184339999999793,-0.4517489999998361,-0.5350914999999077
2023-03-27 11:30:00,2737.314838,2736.697164,2736.866588,-0.6176739999996244,-0.4482499999999163,-0.5329619999997703
2023-03-27 11:45:00,2737.315427,2736.701484,2736.865429,-0.6139429999998356,-0.4499980000000505,-0.5319704999999431
2023-03-27 12:00:00,2737.313678,2736.700828,2736.864576,-0.6128499999999804,-0.44910200000003897,-0.5309760000000097
2023-03-27 12:30:00,,2736.696158,2736.862509,,,
2023-03-27 12:45:00,,2736.695054,2736.86134,,,
2023-03-27 13:30:00,,2736.696045,2736.857271,,,
2023-03-27 13:45:00,,2736.693306,2736.860442,,,
2023-03-27 14:00:00,,2736.694654,2736.860462,,,
2023-03-27 14:15:00,,2736.691155,2736.861315,,,
2023-03-27 14:30:00,,2736.692905,2736.862188,,,
2023-03-27 14:45:00,,2736.697563,2736.864244,,,
2023-03-27 15:00:00,,2736.699396,2736.865993,,,
2023-03-27 15:15:00,,2736.698733,2736.866845,,,
2023-03-27 15:30:00,,2736.701474,2736.86687,,,
2023-03-27 15:45:00,,2736.699903,2736.86629,,,
2023-03-27 16:00:00,,2736.699723,2736.862519,,,
2023-03-27 17:00:00,,2736.696635,2736.860452,,,
2023-03-27 17:15:00,,2736.696306,2736.85843,,,
2023-03-27 17:45:00,,2736.70213,2736.865132,,,
2023-03-27 18:00:00,,2736.70114,2736.869483,,,
2023-03-27 18:30:00,,2736.705635,2736.869493,,,
2023-03-27 18:45:00,,2736.704645,2736.872094,,,
2023-03-27 19:00:00,,2736.704326,2736.872119,,,
2023-03-27 19:15:00,,2736.705645,2736.871222,,,
2023-03-27 19:45:00,,2736.70822,2736.873868,,,
2023-03-27 20:00:00,,2736.711949,2736.873289,,,
2023-03-27 20:15:00,,2736.710549,2736.874721,,,
2023-03-27 20:45:00,,2736.709968,2736.875618,,,
2023-03-27 21:00:00,,2736.711539,2736.875301,,,
2023-03-27 21:15:00,,2736.70865,2736.877333,,,
2023-03-27 21:30:00,,2736.709559,2736.875628,,,
2023-03-27 21:45:00,,2736.711221,2736.877924,,,
2023-03-27 23:00:00,,2736.711391,2736.878229,,,
2023-03-27 23:45:00,,2736.714398,2736.87473,,,
2023-03-28 01:00:00,,2736.724406,2736.877377,,,
2023-03-28 01:15:00,,2736.716435,2736.877695,,,
2023-03-28 01:30:00,,2736.705216,2736.87713,,,
2023-03-28 01:45:00,,2736.696551,2736.87596,,,
2023-03-28 02:00:00,,2736.694623,2736.873358,,,
2023-03-28 02:30:00,,2736.688006,2736.874254,,,
2023-03-28 03:00:00,,2736.683353,2736.876857,,,
2023-03-28 03:15:00,,2736.681738,2736.877174,,,
2023-03-28 03:30:00,,2736.675283,2736.876277,,,
2023-03-28 03:45:00,,2736.671501,2736.871073,,,
2023-03-28 04:00:00,,2736.674011,2736.875424,,,
2023-03-28 04:15:00,,2736.674955,2736.872823,,,
2023-03-28 04:30:00,,2736.67515,2736.87197,,,
2023-03-28 04:45:00,,2736.678715,2736.874854,,,
2023-03-28 05:15:00,,2736.683486,2736.873719,,,
2023-03-28 05:45:00,,2736.689249,2736.873151,,,
2023-03-28 06:00:00,,2736.691325,2736.8714,,,
2023-03-28 06:15:00,,2736.702201,2736.872298,,,
2023-03-28 06:30:00,,2736.704279,2736.87372,,,
2023-03-28 06:45:00,,2736.706361,2736.87255,,,
2023-03-28 07:00:00,,2736.712929,2736.870275,,,
2023-03-28 07:15:00,,2736.717484,2736.871411,,,
2023-03-28 07:30:00,,2736.724795,2736.873161,,,
2023-03-28 07:45:00,,2736.726887,2736.869399,,,
2023-03-28 08:15:00,,2736.739563,2736.866796,,,
2023-03-28 08:30:00,,2736.755502,2736.865627,,,
2023-03-28 09:00:00,,2736.814132,2736.861276,,,
2023-03-28 09:15:00,,2736.834366,2736.863312,,,
2023-03-28 09:30:00,,2736.847951,2736.860393,,,
2023-03-28 09:45:00,,2736.853669,2736.857732,,,
2023-03-28 10:00:00,,2736.869034,2736.855418,,,
2023-03-28 10:15:00,,2736.876776,2736.857167,,,
2023-03-28 10:30:00,,2736.869511,2736.855983,,,
2023-03-28 11:00:00,,2736.806597,2736.85338,,,
2023-03-28 11:15:00,,2736.7928,2736.85513,,,
2023-03-28 11:30:00,,2736.777518,2736.855983,,,
2023-03-28 11:45:00,,2736.767795,2736.85455,,,
2023-03-28 12:00:00,,2736.756672,2736.855403,,,
2023-03-28 12:15:00,,2736.750018,2736.858575,,,
2023-03-28 12:30:00,,2736.746182,2736.854812,,,
2023-03-28 12:45:00,,2736.740204,2736.85453,,,
2023-03-28 13:00:00,,2736.734211,2736.852781,,,
2023-03-28 13:15:00,,2736.734873,2736.851928,,,
2023-03-28 13:30:00,,2736.732463,2736.8557,,,
2023-03-28 13:45:00,,2736.725829,2736.849608,,,
2023-03-28 14:15:00,,2736.727727,2736.85627,,,
2023-03-28 14:30:00,,2736.721669,2736.856255,,,
2023-03-28 14:45:00,,2736.726142,2736.861201,,,
2023-03-28 15:00:00,,2736.721987,2736.85686,,,
2023-03-28 15:15:00,,2736.72033,2736.853664,,,
2023-03-28 15:30:00,,2736.719919,2736.855992,,,
2023-03-28 15:45:00,,2736.722659,2736.857743,,,
2023-03-28 16:00:00,,2736.715169,2736.852221,,,
2023-03-28 16:15:00,,2736.714589,2736.856845,,,
2023-03-28 16:30:00,,2736.717328,2736.854244,,,
2023-03-28 16:45:00,,2736.716338,2736.858595,,,
2023-03-28 17:00:00,,2736.715676,2736.859765,,,
2023-03-28 17:15:00,,2736.714686,2736.862366,,,
2023-03-28 17:30:00,,2736.712937,2736.857732,,,
2023-03-28 17:45:00,,2736.713599,2736.860335,,,
2023-03-28 18:45:00,,2736.712839,2736.859745,,,
2023-03-28 19:00:00,,2736.710531,2736.860641,,,
2023-03-28 19:15:00,,2736.708454,2736.861494,,,
2023-03-28 19:30:00,,2736.713933,2736.862391,,,
2023-03-28 19:45:00,,2736.713019,2736.860959,,,
2023-03-28 20:15:00,,2736.712178,2736.862664,,,
2023-03-28 20:30:00,,2736.707612,2736.85804,,,
2023-03-28 22:00:00,,2736.708603,2736.863244,,,
2023-03-28 23:00:00,,2736.711188,2736.864414,,,
2023-03-29 00:15:00,,2736.705862,2736.858892,,,
2023-03-29 00:30:00,,2736.708598,2736.862381,,,
2023-03-29 01:00:00,,2736.709439,2736.863551,,,
2023-03-29 01:30:00,,2736.70378,2736.861484,,,
2023-03-29 01:45:00,,2736.704951,2736.862654,,,
2023-03-29 02:00:00,,2736.704124,2736.863219,,,
2023-03-29 02:15:00,,2736.705873,2736.861514,,,
2023-03-29 02:30:00,,2736.704294,2736.864379,,,
2023-03-29 02:45:00,,2736.706274,2736.862629,,,
2023-03-29 03:00:00,,2736.703452,2736.862346,,,
2023-03-29 03:15:00,,2736.705613,2736.866119,,,
2023-03-29 04:00:00,,2736.709193,2736.864686,,,
2023-03-29 04:15:00,,2736.708351,2736.865257,,,
2023-03-29 04:45:00,,2736.710101,2736.86528,,,
2023-03-29 05:00:00,,2736.71185,2736.867883,,,
2023-03-29 05:30:00,,2736.709768,2736.86703,,,
2023-03-29 05:45:00,,2736.710758,2736.867006,,,
2023-03-29 07:00:00,,2736.712692,2736.868185,,,
2023-03-29 07:30:00,,2736.706191,2736.863516,,,
2023-03-29 08:00:00,,2736.705432,2736.861766,,,
2023-03-29 08:45:00,,2736.702692,2736.862619,,,
2023-03-29 09:00:00,,2736.703534,2736.865221,,,
2023-03-29 09:30:00,,2736.698025,2736.857098,,,
2023-03-29 09:45:00,,2736.696864,2736.85854,,,
2023-03-29 10:00:00,,2736.691385,2736.854188,,,
2023-03-29 10:15:00,,2736.692375,2736.855041,,,
2023-03-29 10:45:00,,2736.69478,2736.857361,,,
2023-03-29 11:45:00,,2736.698681,2736.85852,,,
2023-03-29 12:00:00,,2736.697691,2736.858545,,,
2023-03-29 12:30:00,,2736.695771,2736.858214,,,
2023-03-29 12:45:00,,2736.69594,2736.86025,,,
2023-03-29 13:30:00,,2736.697854,2736.859066,,,
2023-03-29 13:45:00,,2736.701435,2736.859382,,,
2023-03-29 14:30:00,,2736.700015,2736.853598,,,
2023-03-29 14:45:00,,2736.703514,2736.855918,,,
2023-03-29 15:00:00,,2736.705663,2736.854476,,,
2023-03-29 15:30:00,,2736.707413,2736.857931,,,
2023-03-29 15:45:00,,2736.708583,2736.85967,,,
2023-03-29 16:00:00,,2736.708075,2736.855898,,,
2023-03-29 16:15:00,,2736.707495,2736.855318,,,
2023-03-29 17:30:00,,2736.712164,2736.85909,,,
2023-03-29 17:45:00,,2736.713241,2736.859962,,,
2023-03-29 18:15:00,,2736.716161,2736.861133,,,
2023-03-29 18:30:00,,2736.716823,2736.860815,,,
2023-03-29 18:45:00,,2736.717152,2736.859075,,,
2023-03-29 19:00:00,,2736.720978,2736.861142,,,
2023-03-29 19:15:00,,2736.722809,2736.862311,,,
2023-03-29 19:30:00,,2736.723465,2736.863734,,,
2023-03-29 20:00:00,,2736.724642,2736.862881,,,
2023-03-29 20:15:00,,2736.724128,2736.862565,,,
2023-03-29 20:30:00,,2736.726211,2736.85911,,,
2023-03-29 20:45:00,,2736.724461,2736.859963,,,
2023-03-29 21:15:00,,2736.727202,2736.859392,,,
2023-03-29 21:45:00,,2736.727382,2736.86028,,,
2023-03-29 23:15:00,,2736.728357,2736.862291,,,
2023-03-29 23:45:00,,2736.731096,2736.862861,,,
2023-03-30 00:00:00,,2736.730105,2736.864611,,,
2023-03-30 00:45:00,,2736.72654,2736.858509,,,
2023-03-30 01:00:00,,2736.730449,2736.862281,,,
2023-03-30 01:15:00,,2736.72771,2736.863699,,,
2023-03-30 01:45:00,,2736.725632,2736.861994,,,
2023-03-30 02:00:00,,2736.726622,2736.861098,,,
2023-03-30 02:15:00,,2736.729363,2736.865449,,,
2023-03-30 02:45:00,,2736.728372,2736.864587,,,
2023-03-30 03:00:00,2737.316587,2736.729531,2736.863144,-0.5870559999998477,-0.45344299999987925,-0.5202494999998635
2023-03-30 03:15:00,2737.314838,2736.726941,2736.862248,-0.5878969999998844,-0.4525899999998728,-0.5202434999998786
2023-03-30 03:30:00,2737.316007,2736.727777,2736.863134,-0.5882299999998395,-0.45287299999972674,-0.5205514999997831
2023-03-30 04:00:00,2737.314258,2736.72596,2736.861393,-0.5882979999996678,-0.45286499999974694,-0.5205814999997074
2023-03-30 04:15:00,2737.313678,2736.72538,2736.862564,-0.5882980000001226,-0.4511139999999614,-0.519706000000042
2023-03-30 04:45:00,2737.316587,2736.726361,2736.858232,-0.5902259999998023,-0.4583549999997558,-0.5242904999997791
2023-03-30 05:00:00,2737.316587,2736.728111,2736.863436,-0.5884759999999005,-0.453150999999707,-0.5208134999998038
2023-03-30 06:15:00,2737.316587,2736.724708,2736.865458,-0.5918789999996079,-0.45112899999958245,-0.5215039999995952
2023-03-30 06:45:00,2737.316587,2736.72537,2736.862856,-0.5912169999996877,-0.45373099999960687,-0.5224739999996473
2023-03-30 07:15:00,2737.313668,2736.72453,2736.856482,-0.5891379999998207,-0.4571859999996377,-0.5231619999997292
2023-03-30 08:00:00,2737.317167,2736.72255,2736.864289,-0.5946170000001985,-0.4528780000000552,-0.5237475000001268
2023-03-30 08:45:00,2737.313668,2736.719049,2736.859937,-0.594618999999966,-0.45373099999960687,-0.5241749999997865
2023-03-30 09:00:00,2737.317167,2736.718983,2736.857335,-0.5981839999999465,-0.4598320000000058,-0.5290079999999762
2023-03-30 09:30:00,2737.315417,2736.717234,2736.86079,-0.598182999999608,-0.4546269999996184,-0.5264049999996132
2023-03-30 09:45:00,2737.311919,2736.712745,2736.858187,-0.5991740000004029,-0.45373200000040015,-0.5264530000004015
2023-03-30 10:15:00,2737.313668,2736.714494,2736.858758,-0.5991739999999481,-0.4549099999999271,-0.5270419999999376
2023-03-30 10:45:00,2737.310169,2736.715484,2736.860506,-0.5946850000000268,-0.44966299999987314,-0.52217399999995
2023-03-30 11:00:00,2737.310169,2736.714644,2736.85961,-0.595524999999725,-0.4505589999998847,-0.5230419999998048
2023-03-30 11:15:00,2737.30842,2736.715305,2736.857007,-0.5931149999996705,-0.4514129999997749,-0.5222639999997227
2023-03-30 11:30:00,2737.30784,2736.718224,2736.862529,-0.5896159999997508,-0.44531099999994694,-0.5174634999998489
2023-03-30 11:45:00,2737.30901,2736.716572,2736.85736,-0.5924380000001293,-0.45164999999997235,-0.5220440000000508
2023-03-30 12:15:00,2737.30667,2736.714232,2736.855019,-0.5924380000001293,-0.45165099999985614,-0.5220444999999927
2023-03-30 12:30:00,2737.305511,2736.713663,2736.856175,-0.5918480000000272,-0.4493360000001303,-0.5205920000000788
2023-03-30 12:45:00,2737.304921,2736.720367,2736.864244,-0.5845540000000256,-0.4406770000000506,-0.5126155000000381
2023-03-30 13:15:00,2737.305511,2736.719215,2736.856462,-0.5862959999999475,-0.4490489999998317,-0.5176724999998896
2023-03-30 13:30:00,2737.30784,2736.719393,2736.860804,-0.5884470000000874,-0.4470360000000255,-0.5177415000000565
2023-03-30 13:45:00,2737.306101,2736.720383,2736.861974,-0.58571800000027,-0.4441270000002078,-0.5149225000002389
2023-03-30 14:15:00,2737.312508,2736.7242,2736.861954,-0.5883079999998699,-0.450554000000011,-0.5194309999999405
2023-03-30 14:30:00,2737.310759,2736.723442,2736.859352,-0.5873169999999845,-0.45140700000001743,-0.519362000000001
2023-03-30 14:45:00,2737.311929,2736.724612,2736.861939,-0.5873169999999845,-0.4499900000000707,-0.5186535000000276
2023-03-30 15:00:00,2737.310179,2736.728007,2736.855882,-0.5821719999999004,-0.4542970000002242,-0.5182345000000623
2023-03-30 15:15:00,2737.310179,2736.730269,2736.858801,-0.5799099999999271,-0.45137800000020434,-0.5156440000000657
2023-03-30 15:30:00,2737.310179,2736.732019,2736.861404,-0.5781600000000253,-0.4487749999998414,-0.5134674999999334
2023-03-30 15:45:00,2737.311349,2736.732862,2736.864858,-0.5784870000002229,-0.44649100000015096,-0.5124890000001869
2023-03-30 16:00:00,2737.311929,2736.731686,2736.859653,-0.5802429999998822,-0.45227599999998347,-0.5162594999999328
2023-03-30 16:45:00,2737.30843,2736.728187,2736.857905,-0.5802429999998822,-0.4505250000001979,-0.51538400000004
2023-03-30 18:00:00,2737.313678,2736.735601,2736.862271,-0.5780770000001212,-0.45140700000001743,-0.5147420000000693
2023-03-30 18:15:00,2737.316007,2736.734267,2736.863986,-0.5817400000000816,-0.45202100000005885,-0.5168805000000702
2023-03-30 18:30:00,2737.314258,2736.737007,2736.867485,-0.5772509999997055,-0.44677299999966635,-0.5120119999996859
2023-03-30 19:00:00,2737.314258,2736.738756,2736.864883,-0.5755019999996875,-0.44937499999969077,-0.5124384999996892
2023-03-30 19:15:00,2737.318926,2736.739926,2736.866905,-0.5789999999997235,-0.45202100000005885,-0.5155104999998912
2023-03-30 19:30:00,2737.317757,2736.738756,2736.863134,-0.5790009999996073,-0.4546229999996285,-0.5168119999996179
2023-03-30 19:45:00,2737.317177,2736.741013,2736.86402,-0.5761640000000625,-0.4531569999999192,-0.5146604999999909
2023-03-30 20:00:00,2737.316007,2736.739845,2736.863704,-0.5761619999998402,-0.452303000000029,-0.5142324999999346
2023-03-30 20:15:00,2737.315427,2736.740254,2736.860849,-0.5751730000001771,-0.4545779999998558,-0.5148755000000165
2023-03-30 20:30:00,2737.27752,2736.740516,2736.865755,-0.5370040000002518,-0.4117650000002868,-0.4743845000002693
2023-03-30 20:45:00,2737.299683,2736.742681,2736.864025,-0.5570020000000113,-0.4356580000003305,-0.4963300000001709
2023-03-30 21:00:00,2737.30785,2736.743441,2736.865775,-0.5644090000000688,-0.4420749999999316,-0.5032420000000002
2023-03-30 21:15:00,2737.310179,2736.73986,2736.868059,-0.5703189999999267,-0.44212000000015905,-0.5062195000000429
2023-03-30 21:30:00,2737.314848,2736.743604,2736.866063,-0.5712440000002061,-0.4487850000000435,-0.5100145000001248
2023-03-30 21:45:00,2737.313098,2736.742845,2736.867479,-0.570252999999866,-0.4456190000000788,-0.5079359999999724
2023-03-30 22:15:00,2737.323585,2736.746164,2736.86404,-0.5774209999999584,-0.45954500000016196,-0.5184830000000602
2023-03-30 22:30:00,2737.321835,2736.742337,2736.863142,-0.5794980000000578,-0.4586930000000393,-0.5190955000000486
2023-03-30 22:45:00,2737.317177,2736.744087,2736.86229,-0.5730899999998655,-0.4548869999998715,-0.5139884999998685
2023-03-30 23:15:00,2737.321835,2736.745918,2736.868347,-0.5759170000001177,-0.4534880000001067,-0.5147025000001122
2023-03-30 23:30:00,2737.325334,2736.747669,2736.867494,-0.5776650000002519,-0.4578400000000329,-0.5177525000001424
2023-03-31 00:15:00,2737.318336,2736.743426,2736.865745,-0.574909999999818,-0.4525909999997566,-0.5137504999997873
2023-03-31 00:30:00,2737.323585,2736.747586,2736.866641,-0.575999000000138,-0.45694400000002133,-0.5164715000000797
2023-03-31 00:45:00,2737.320086,2736.746826,2736.86806,-0.5732600000001185,-0.4520260000003873,-0.5126430000002529
2023-03-31 01:15:00,2737.321255,2736.745256,2736.866914,-0.5759989999996833,-0.4543409999996584,-0.5151699999996708
2023-03-31 01:30:00,2737.320096,2736.744594,2736.868332,-0.5755020000001423,-0.4517639999999119,-0.5136330000000271
2023-03-31 01:45:00,2737.328253,2736.74519,2736.868377,-0.5830630000000383,-0.45987600000034945,-0.5214695000001939
2023-03-31 02:15:00,2737.326504,2736.74361,2736.867787,-0.5828940000001239,-0.4587169999999787,-0.5208055000000513
2023-03-31 02:45:00,2737.324754,2736.74262,2736.867812,-0.5821340000002238,-0.45694200000025376,-0.5195380000002388
2023-03-31 03:00:00,2737.316007,2736.74635,2736.86864,-0.5696570000000065,-0.44736699999975826,-0.5085119999998824
2023-03-31 03:30:00,2737.327663,2736.740871,2736.86346,-0.5867920000000595,-0.4642029999999977,-0.5254975000000286
2023-03-31 03:45:00,2737.331162,2736.74536,2736.869234,-0.5858020000000579,-0.46192800000017087,-0.5238650000001144
2023-03-31 04:00:00,2737.332911,2736.741861,2736.866037,-0.5910499999999956,-0.46687400000018897,-0.5289620000000923
2023-03-31 05:00:00,2737.326504,2736.740039,2736.866627,-0.5864650000003166,-0.45987700000023324,-0.5231710000002749
2023-03-31 05:30:00,2737.316587,2736.739367,2736.869243,-0.5772199999996701,-0.44734399999970265,-0.5122819999996864
2023-03-31 06:00:00,2737.302012,2736.739515,2736.866324,-0.5624969999998939,-0.4356880000000274,-0.49909249999996064
2023-03-31 06:15:00,2737.310759,2736.740456,2736.870105,-0.5703029999999671,-0.440653999999995,-0.5054784999999811
2023-03-31 06:30:00,2737.305511,2736.740454,2736.866652,-0.565056999999797,-0.4388589999998658,-0.5019579999998314
2023-03-31 06:45:00,2737.306101,2736.737627,2736.864596,-0.5684740000001511,-0.44150500000023385,-0.5049895000001925
2023-03-31 07:00:00,2737.303182,2736.74105,2736.871559,-0.5621320000000196,-0.431622999999945,-0.4968774999999823
2023-03-31 07:15:00,2737.301432,2736.744847,2736.869808,-0.5565850000002683,-0.43162400000028356,-0.49410450000027595
2023-03-31 07:45:00,2737.299093,2736.737038,2736.867484,-0.562054999999873,-0.43160900000020774,-0.49683200000004035
2023-03-31 08:15:00,2737.290346,2736.735468,2736.866061,-0.5548780000003717,-0.4242850000000544,-0.48958150000021305
2023-03-31 08:30:00,2737.292675,2736.734298,2736.862573,-0.5583770000002914,-0.4301020000002609,-0.49423950000027617
2023-03-31 08:45:00,2737.282769,2736.733138,2736.863118,-0.549630999999863,-0.41965099999970334,-0.48464099999978316
2023-03-31 09:00:00,2737.283348,2736.736524,2736.860242,-0.5468240000000151,-0.4231059999997342,-0.48496499999987464
2023-03-31 09:15:00,2737.288597,2736.735534,2736.861427,-0.553063000000293,-0.4271700000003875,-0.49011650000034024
2023-03-31 09:30:00,2737.287427,2736.737289,2736.865462,-0.5501380000000609,-0.42196500000000015,-0.4860515000000305
2023-03-31 09:45:00,2737.282179,2736.73653,2736.86111,-0.5456489999996847,-0.4210689999999886,-0.48335899999983667
2023-03-31 10:00:00,2737.283938,2736.732051,2736.858201,-0.5518870000000788,-0.42573700000002646,-0.48881200000005265
2023-03-31 10:15:00,2737.286847,2736.731527,2736.858746,-0.5553199999999379,-0.42810099999996964,-0.49171049999995375
2023-03-31 10:30:00,2737.286847,2736.730537,2736.857893,-0.5563099999999395,-0.4289539999999761,-0.49263199999995777
2023-03-31 10:45:00,2737.299103,2736.730367,2736.858766,-0.568735999999717,-0.44033699999999953,-0.5045364999998583
2023-03-31 11:00:00,2737.312508,2736.726802,2736.858474,-0.5857059999998455,-0.45403399999986505,-0.5198699999998553
2023-03-31 11:15:00,2737.310759,2736.729542,2736.861076,-0.5812169999999242,-0.44968299999982264,-0.5154499999998734
2023-03-31 11:45:00,2737.310759,2736.732959,2736.864858,-0.5778000000000247,-0.44590100000004895,-0.5118505000000368
2023-03-31 12:00:00,2737.310759,2736.732117,2736.860506,-0.5786419999999453,-0.45025299999997515,-0.5144474999999602
2023-03-31 12:30:00,2737.306091,2736.727628,2736.860189,-0.5784629999998288,-0.44590199999993274,-0.5121824999998807
2023-03-31 12:45:00,2737.30784,2736.730039,2736.861939,-0.5778009999999085,-0.44590100000004895,-0.5118509999999787
2023-03-31 13:00:00,2737.304341,2736.72928,2736.85844,-0.5750610000000052,-0.44590100000004895,-0.510481000000027
2023-03-31 13:15:00,2737.302592,2736.728618,2736.857587,-0.5739739999999074,-0.4450050000000374,-0.5094894999999724
2023-03-31 13:30:00,2737.304921,2736.731937,2736.859019,-0.5729839999999058,-0.44590199999993274,-0.5094429999999193
2023-03-31 13:45:00,2737.304921,2736.727447,2736.856705,-0.5774739999997109,-0.4482159999997748,-0.5128449999997429
2023-03-31 14:45:00,2737.309589,2736.731209,2736.862227,-0.5783799999999246,-0.4473619999998846,-0.5128709999999046
2023-03-31 15:00:00,2737.311339,2736.732302,2736.863975,-0.5790369999999712,-0.44736399999965215,-0.5132004999998117
2023-03-31 15:15:00,2737.314838,2736.736792,2736.865726,-0.578045999999631,-0.44911199999978635,-0.5135789999997087
2023-03-31 15:30:00,2737.313088,2736.735041,2736.863123,-0.5780469999999696,-0.4499649999997928,-0.5140059999998812
2023-03-31 15:45:00,2737.313668,2736.734698,2736.8611,-0.5789699999995719,-0.452567999999701,-0.5157689999996364
2023-03-31 16:00:00,2737.30842,2736.735688,2736.862805,-0.5727319999996325,-0.44561499999963416,-0.5091734999996333
2023-03-31 16:15:00,2737.303172,2736.736678,2736.860204,-0.5664939999996932,-0.44296799999983705,-0.5047309999997651
2023-03-31 16:30:00,2737.300842,2736.731609,2736.855555,-0.5692330000001675,-0.44528700000000754,-0.5072600000000875
2023-03-31 16:45:00,2737.30726,2736.733687,2736.857305,-0.573573000000124,-0.4499550000000454,-0.5117640000000847
2023-03-31 17:00:00,2737.30726,2736.732779,2736.859906,-0.5744810000001053,-0.4473539999999048,-0.510917500000005
2023-03-31 17:15:00,2737.311929,2736.735698,2736.860224,-0.576231000000007,-0.4517049999999472,-0.5139679999999771
2023-03-31 17:30:00,2737.315427,2736.736458,2736.864575,-0.5789690000001428,-0.45085199999994074,-0.5149105000000418
2023-03-31 18:00:00,2737.314258,2736.732876,2736.863688,-0.5813819999998486,-0.4505699999999706,-0.5159759999999096
2023-03-31 18:15:00,2737.314258,2736.734626,2736.862835,-0.5796319999999469,-0.45142299999997704,-0.515527499999962
2023-03-31 18:30:00,2737.317757,2736.739957,2736.868912,-0.5778000000000247,-0.448844999999892,-0.5133224999999584
2023-03-31 19:30:00,2737.314838,2736.738197,2736.865428,-0.576640999999654,-0.4494099999997161,-0.513025499999685
2023-03-31 19:45:00,2737.318346,2736.734297,2736.863415,-0.58404900000005,-0.45493100000021514,-0.5194900000001326
2023-03-31 20:00:00,2737.317177,2736.738787,2736.867767,-0.5783900000001267,-0.4494099999997161,-0.5138999999999214
2023-03-31 20:15:00,2737.314848,2736.73514,2736.866299,-0.5797080000002097,-0.4485490000001846,-0.5141285000001972
2023-03-31 20:30:00,2737.315427,2736.735718,2736.866027,-0.5797090000000935,-0.4493999999999687,-0.5145545000000311
2023-03-31 20:45:00,2737.317177,2736.736046,2736.864278,-0.5811309999999139,-0.4528989999998885,-0.5170149999999012
2023-03-31 21:15:00,2737.317757,2736.738459,2736.86689,-0.5792979999996533,-0.45086700000001656,-0.5150824999998349
2023-03-31 21:45:00,2737.323005,2736.739285,2736.871241,-0.5837200000000848,-0.45176400000036665,-0.5177420000002257
2023-03-31 22:15:00,2737.326504,2736.736375,2736.864311,-0.5901290000001609,-0.4621930000002976,-0.5261610000002293
2023-03-31 22:30:00,2737.324754,2736.740105,2736.866017,-0.5846490000003541,-0.458737000000383,-0.5216930000003686
2023-03-31 23:15:00,2737.323585,2736.735206,2736.864848,-0.5883790000002591,-0.45873699999992823,-0.5235580000000937
2023-03-31 23:30:00,2737.323585,2736.738935,2736.863995,-0.5846500000002379,-0.45958999999993466,-0.5221200000000863
2023-04-01 01:15:00,2737.327083,2736.743604,2736.870378,-0.5834790000003522,-0.4567050000000563,-0.5200920000002043
2023-04-01 02:15:00,2737.325334,2736.744446,2736.869526,-0.580887999999959,-0.455808000000161,-0.51834800000006
2023-04-01 02:30:00,2737.323005,2736.737463,2736.869516,-0.5855420000002596,-0.4534889999999905,-0.519515500000125
2023-04-01 03:00:00,2737.325334,2736.740864,2736.868347,-0.5844700000002376,-0.45698700000002646,-0.520728500000132
2023-04-01 03:30:00,2737.326504,2736.744774,2736.871548,-0.5817300000003343,-0.45495600000003833,-0.5183430000001863
2023-04-01 04:00:00,2737.331162,2736.748345,2736.875027,-0.5828169999999773,-0.4561349999999038,-0.5194759999999405
2023-04-01 04:15:00,2737.325914,2736.743774,2736.872425,-0.5821399999999812,-0.4534889999999905,-0.5178144999999859
2023-04-01 05:15:00,2737.326504,2736.743784,2736.868663,-0.5827200000003359,-0.4578409999999167,-0.5202805000001263
2023-04-01 06:30:00,2737.327663,2736.742866,2736.873277,-0.5847969999999805,-0.4543859999998858,-0.5195914999999331
2023-04-01 07:00:00,2737.324754,2736.742793,2736.870413,-0.5819610000003195,-0.4543410000001131,-0.5181510000002163
2023-04-01 08:00:00,2737.327663,2736.740536,2736.867493,-0.5871270000002369,-0.46016999999983454,-0.5236485000000357
2023-04-01 08:45:00,2737.327663,2736.739777,2736.867449,-0.5878860000002533,-0.4602140000001782,-0.5240500000002157
2023-04-01 09:15:00,2737.324754,2736.73697,2736.868039,-0.5877840000002834,-0.45671500000025844,-0.5222495000002709
2023-04-01 09:30:00,2737.324174,2736.738027,2736.863688,-0.5861469999999827,-0.4604859999999462,-0.5233164999999644
2023-04-01 10:00:00,2737.315417,2736.730208,2736.859881,-0.5852089999998498,-0.4555359999999382,-0.520372499999894
2023-04-01 10:15:00,2737.311919,2736.731199,2736.861304,-0.5807200000003832,-0.45061500000019805,-0.5156675000002906
2023-04-01 11:00:00,2737.310169,2736.732947,2736.863053,-0.5772219999998924,-0.44711599999982354,-0.512168999999858
2023-04-01 11:15:00,2737.309589,2736.730715,2736.861052,-0.5788739999998143,-0.44853699999976016,-0.5137054999997872
2023-04-01 12:15:00,2737.302592,2736.7289,2736.859871,-0.5736919999999373,-0.44272099999989223,-0.5082064999999147
2023-04-01 13:00:00,2737.300842,2736.732301,2736.858131,-0.5685410000000957,-0.44271100000014485,-0.5056260000001203
2023-04-01 13:15:00,2737.302012,2736.733471,2736.8567,-0.5685410000000957,-0.4453120000002855,-0.5069265000001906
2023-04-01 13:30:00,2737.300852,2736.731639,2736.862474,-0.5692129999997633,-0.4383779999998296,-0.5037954999997964
2023-04-01 13:45:00,2737.302012,2736.736196,2736.860179,-0.5658160000002681,-0.4418330000003152,-0.5038245000002917
2023-04-01 14:30:00,2737.305511,2736.741675,2736.863345,-0.5638359999998102,-0.44216599999981554,-0.5030009999998128
2023-04-01 14:45:00,2737.304931,2736.742844,2736.859599,-0.5620870000002469,-0.445332000000235,-0.503709500000241
2023-04-01 15:15:00,2737.30668,2736.744594,2736.862765,-0.5620860000003631,-0.4439150000002883,-0.5030005000003257
2023-04-01 16:00:00,2737.299683,2736.739777,2736.858414,-0.5599060000004101,-0.44126900000037494,-0.5005875000003925
2023-04-01 16:15:00,2737.299103,2736.743685,2736.860154,-0.5554179999999178,-0.4389489999998659,-0.49718349999989186
2023-04-01 16:30:00,2737.297354,2736.739114,2736.856983,-0.5582399999998415,-0.4403709999996863,-0.4993054999997639
2023-04-01 17:15:00,2737.30726,2736.747503,2736.860462,-0.5597569999999905,-0.4467979999999443,-0.5032774999999674
2023-04-01 17:30:00,2737.303761,2736.744762,2736.85611,-0.5589990000003127,-0.4476509999999507,-0.5033250000001317
2023-04-01 17:45:00,2737.305511,2736.749335,2736.858711,-0.5561760000000504,-0.4468000000001666,-0.5014880000001085
2023-04-01 18:15:00,2737.30726,2736.747683,2736.859029,-0.5595769999999902,-0.4482309999998506,-0.5039039999999204
2023-04-01 18:45:00,2737.310179,2736.751264,2736.86163,-0.55891500000007,-0.4485490000001846,-0.5037320000001273
2023-04-01 19:15:00,2737.313098,2736.756923,2736.864551,-0.5561750000001666,-0.4485469999999623,-0.5023610000000645
2023-04-01 19:30:00,2737.310179,2736.757913,2736.861948,-0.5522660000001451,-0.4482309999998506,-0.5002484999999979
2023-04-01 20:00:00,2737.313098,2736.760652,2736.8628,-0.5524460000001454,-0.4502980000002026,-0.501372000000174
2023-04-01 20:15:00,2737.313678,2736.761232,2736.86338,-0.5524460000001454,-0.4502980000002026,-0.501372000000174
2023-04-01 21:15:00,2737.313678,2736.764151,2736.862528,-0.5495270000001256,-0.4511499999998705,-0.500338499999998
2023-04-01 22:15:00,2737.313678,2736.758672,2736.859925,-0.5550060000000485,-0.4537529999997787,-0.5043794999999136
2023-04-01 23:15:00,2737.315427,2736.763823,2736.863098,-0.5516040000002249,-0.4523290000001907,-0.5019665000002078
2023-04-01 23:30:00,2737.314848,2736.765984,2736.863698,-0.5488639999998668,-0.4511499999998705,-0.5000069999998686
2023-04-01 23:45:00,2737.316597,2736.763161,2736.862846,-0.553436000000147,-0.4537510000000111,-0.5035935000000791
2023-04-02 01:00:00,2737.316587,2736.763233,2736.865427,-0.5533539999996719,-0.45115999999961787,-0.5022569999996449
2023-04-02 01:30:00,2737.314838,2736.757836,2736.859062,-0.5570019999995566,-0.455775999999787,-0.5063889999996718
2023-04-02 02:15:00,2737.317177,2736.761925,2736.866607,-0.5552520000001095,-0.4505699999999706,-0.5029110000000401
2023-04-02 02:45:00,2737.315427,2736.753773,2736.864574,-0.5616540000000896,-0.45085299999982453,-0.5062534999999571
2023-04-02 03:00:00,2737.314838,2736.753183,2736.864837,-0.5616549999999734,-0.4500009999997019,-0.5058279999998376
2023-04-02 03:15:00,2737.313668,2736.751099,2736.861953,-0.5625689999997121,-0.45171499999969456,-0.5071419999997033
2023-04-02 03:30:00,2737.313668,2736.752849,2736.857601,-0.5608189999998103,-0.45606699999962075,-0.5084429999997155
2023-04-02 03:45:00,2737.313668,2736.751033,2736.85935,-0.5626349999997728,-0.45431799999960276,-0.5084764999996878
2023-04-02 04:45:00,2737.314838,2736.747714,2736.862225,-0.5671239999996942,-0.45261299999992843,-0.5098684999998113
2023-04-02 05:00:00,2737.313088,2736.748622,2736.863974,-0.5644659999998112,-0.4491140000000087,-0.5067899999999099
2023-04-02 05:15:00,2737.314838,2736.754942,2736.865724,-0.5598959999997533,-0.4491140000000087,-0.504504999999881
2023-04-02 06:15:00,2737.318336,2736.752865,2736.864872,-0.5654709999998886,-0.45346399999971254,-0.5094674999998006
2023-04-02 07:00:00,2737.311339,2736.746544,2736.85877,-0.5647949999997763,-0.4525690000000395,-0.5086819999999079
2023-04-02 07:15:00,2737.311339,2736.743045,2736.857021,-0.5682939999996961,-0.4543180000000575,-0.5113059999998768
2023-04-02 08:30:00,2737.316587,2736.747534,2736.861373,-0.5690529999997125,-0.4552139999996143,-0.5121334999996634
2023-04-02 09:30:00,2737.310169,2736.740966,2736.859306,-0.5692030000000159,-0.45086300000002666,-0.5100330000000213
2023-04-02 09:45:00,2737.30901,2736.741557,2736.858472,-0.5674530000001141,-0.4505380000000514,-0.5089955000000828
2023-04-02 10:00:00,2737.310759,2736.740716,2736.858156,-0.5700430000001688,-0.45260300000018105,-0.5113230000001749
2023-04-02 10:15:00,2737.311929,2736.739808,2736.859325,-0.572121000000152,-0.45260400000006484,-0.5123625000001084
2023-04-02 10:30:00,2737.30901,2736.737067,2736.857294,-0.5719429999999193,-0.4517160000000331,-0.5118294999999762
2023-04-02 11:00:00,2737.30726,2736.736227,2736.855554,-0.5710330000001704,-0.45170599999983096,-0.5113695000000007
2023-04-02 11:30:00,2737.303761,2736.737319,2736.857304,-0.5664420000002792,-0.44645700000000943,-0.5064495000001443
2023-04-02 12:00:00,2737.305511,2736.740059,2736.859905,-0.5654519999998229,-0.4456060000002253,-0.5055290000000241
2023-04-02 12:30:00,2737.302012,2736.741884,2736.861928,-0.560128000000077,-0.44008400000029724,-0.5001060000001871
2023-04-02 12:45:00,2737.302012,2736.739146,2736.859895,-0.5628660000002128,-0.44211700000005294,-0.5024915000001329
2023-04-02 13:00:00,2737.302012,2736.740136,2736.856441,-0.5618760000002112,-0.4455710000002,-0.5037235000002056
2023-04-02 13:45:00,2737.301422,2736.745783,2736.858454,-0.5556390000001556,-0.44296799999983705,-0.49930349999999635
2023-04-02 14:00:00,2737.30842,2736.748114,2736.858166,-0.560305999999855,-0.45025399999985893,-0.505279999999857
2023-04-02 14:15:00,2737.303172,2736.747354,2736.853815,-0.5558179999998174,-0.4493569999999636,-0.5025874999998905
2023-04-02 15:00:00,2737.30726,2736.755024,2736.858755,-0.5522359999999935,-0.44850499999984095,-0.5003704999999172
2023-04-02 15:15:00,2737.30726,2736.760503,2736.856164,-0.5467570000000705,-0.4510960000002342,-0.4989265000001524
2023-04-02 15:30:00,2737.302592,2736.757584,2736.854097,-0.5450080000000526,-0.44849500000009357,-0.49675150000007307
2023-04-02 15:45:00,2737.30726,2736.765982,2736.854413,-0.5412780000001476,-0.45284700000001976,-0.4970625000000837
2023-04-02 16:00:00,2737.30667,2736.765394,2736.856143,-0.5412759999999253,-0.4505269999999655,-0.49590149999994537
2023-04-02 16:15:00,2737.298513,2736.766972,2736.854983,-0.5315410000002885,-0.44353000000000975,-0.4875355000001491
2023-04-02 17:00:00,2737.304921,2736.767804,2736.856996,-0.5371169999998529,-0.44792499999994106,-0.49252099999989696
2023-04-02 17:15:00,2737.30726,2736.769555,2736.859315,-0.5377050000001873,-0.44794499999989057,-0.4928250000000389
2023-04-02 17:45:00,2737.30726,2736.773283,2736.858745,-0.5339770000000499,-0.4485150000000431,-0.4912460000000465
2023-04-02 18:00:00,2737.30901,2736.772294,2736.856714,-0.5367160000000695,-0.452295999999933,-0.4945060000000012
2023-04-02 18:15:00,2737.30668,2736.777192,2736.857884,-0.5294880000001285,-0.4487960000001294,-0.489142000000129
2023-04-02 18:30:00,2737.311349,2736.779121,2736.860803,-0.5322280000000319,-0.4505460000000312,-0.49138700000003155
2023-04-02 18:45:00,2737.309599,2736.780938,2736.8582,-0.5286610000002838,-0.45139900000003763,-0.4900300000001607
2023-04-02 19:00:00,2737.310179,2736.779768,2736.859633,-0.5304110000001856,-0.4505460000000312,-0.4904785000001084
2023-04-02 19:30:00,2737.311349,2736.786417,2736.861655,-0.5249320000002626,-0.44969399999990856,-0.4873130000000856
2023-04-02 20:00:00,2737.312508,2736.789326,2736.85936,-0.5231819999999061,-0.4531480000000556,-0.48816499999998086
2023-04-02 20:30:00,2737.311349,2736.788824,2736.855598,-0.5225249999998596,-0.4557509999999638,-0.4891379999999117
2023-04-02 21:00:00,2737.312508,2736.794805,2736.861961,-0.5177029999999831,-0.450546999999915,-0.48412499999994907
2023-04-02 22:15:00,2737.313098,2736.791087,2736.853848,-0.5220110000000204,-0.4592499999998836,-0.490630499999952
2023-04-02 22:45:00,2737.313098,2736.790096,2736.860801,-0.5230019999999058,-0.4522970000002715,-0.48764950000008866
2023-04-02 23:00:00,2737.313098,2736.792835,2736.862552,-0.5202629999998862,-0.4505460000000312,-0.4854044999999587
2023-04-02 23:15:00,2737.313098,2736.791665,2736.859096,-0.5214329999998881,-0.45400199999994584,-0.487717499999917
2023-04-02 23:30:00,2737.314848,2736.788926,2736.859949,-0.5259219999998095,-0.4548989999998412,-0.49041049999982533
2023-04-02 23:45:00,2737.311349,2736.789917,2736.855597,-0.5214320000000043,-0.4557519999998476,-0.488591999999926
2023-04-03 00:15:00,2737.312508,2736.78652,2736.856757,-0.5259879999998702,-0.4557509999999638,-0.490869499999917
2023-04-03 00:30:00,2737.314258,2736.787176,2736.85761,-0.527082000000064,-0.45664799999985917,-0.4918649999999616
2023-04-03 01:30:00,2737.313678,2736.788265,2736.862844,-0.525412999999844,-0.4508339999997588,-0.4881234999998014
2023-04-03 02:00:00,2737.311929,2736.783775,2736.858492,-0.5281540000000859,-0.45343700000012177,-0.49079550000010386
2023-04-03 02:15:00,2737.314848,2736.784944,2736.857912,-0.5299039999999877,-0.45693600000004153,-0.4934200000000146
2023-04-03 02:45:00,2737.310179,2736.779383,2736.85763,-0.5307960000000094,-0.45254900000009,-0.4916725000000497
2023-04-03 03:00:00,2737.311929,2736.784104,2736.860231,-0.5278250000001208,-0.45169799999985116,-0.48976149999998597
2023-04-03 03:15:00,2737.314838,2736.784272,2736.861391,-0.530565999999908,-0.45344699999986915,-0.49200649999988855
2023-04-03 04:00:00,2737.313088,2736.780707,2736.85704,-0.5323809999999867,-0.4560480000000098,-0.4942144999999982
2023-04-03 04:15:00,2737.313088,2736.780379,2736.85705,-0.532709000000068,-0.45603799999980765,-0.49437349999993785
2023-04-03 04:30:00,2737.316007,2736.786038,2736.861707,-0.5299689999997099,-0.4542999999998756,-0.49213449999979275
2023-04-03 04:45:00,2737.314258,2736.786104,2736.857926,-0.5281540000000859,-0.4563319999997475,-0.4922429999999167
2023-04-03 05:00:00,2737.317757,2736.784288,2736.860529,-0.5334689999999682,-0.45722799999975905,-0.49534849999986363
2023-04-03 05:15:00,2737.314258,2736.781548,2736.859676,-0.5327099999999518,-0.4545819999998457,-0.4936459999998988
2023-04-03 05:30:00,2737.317177,2736.785375,2736.86431,-0.5318019999999706,-0.45286699999996927,-0.4923344999999699
2023-04-03 05:45:00,2737.313678,2736.779137,2736.86256,-0.5345409999999902,-0.4511179999999513,-0.4928294999999707
2023-04-03 07:00:00,2737.319506,2736.782456,2736.860539,-0.5370499999999083,-0.45896700000002966,-0.498008499999969
2023-04-03 07:45:00,2737.316007,2736.777966,2736.857936,-0.5380409999997937,-0.4580710000000181,-0.4980559999999059
2023-04-03 08:45:00,2737.316007,2736.783118,2736.861425,-0.5328890000000683,-0.4545819999998457,-0.49373549999995703
2023-04-03 09:00:00,2737.312508,2736.779717,2736.859686,-0.5327910000000884,-0.45282200000019657,-0.4928065000001425
2023-04-03 09:30:00,2737.312508,2736.779619,2736.856187,-0.5328890000000683,-0.45632100000011633,-0.49460500000009233
2023-04-03 10:00:00,2737.311339,2736.776796,2736.857618,-0.5345429999997577,-0.4537209999998595,-0.4941319999998086
2023-04-03 10:15:00,2737.309589,2736.775048,2736.85587,-0.5345409999999902,-0.4537190000000919,-0.49413000000004104
2023-04-03 11:00:00,2737.306091,2736.780527,2736.860221,-0.5255640000000312,-0.44587000000001353,-0.4857170000000224
2023-04-03 12:45:00,2737.303761,2736.783276,2736.856742,-0.5204850000000079,-0.44701900000018213,-0.483752000000095
2023-04-03 13:00:00,2737.304921,2736.784436,2736.856152,-0.5204850000000079,-0.4487690000000839,-0.4846270000000459
2023-04-03 13:15:00,2737.301422,2736.782687,2736.853267,-0.5187350000001061,-0.4481550000000425,-0.4834450000000743
2023-04-03 13:45:00,2737.30726,2736.791844,2736.857356,-0.5154160000001866,-0.4499040000000605,-0.48266000000012355
2023-04-03 14:00:00,2737.30726,2736.795826,2736.855607,-0.5114340000000084,-0.45165300000007846,-0.4815435000000434
2023-04-03 14:15:00,2737.30726,2736.797575,2736.853005,-0.5096849999999904,-0.4542550000001029,-0.48197000000004664
2023-04-03 14:30:00,2737.304931,2736.800726,2736.852425,-0.5042050000001836,-0.4525060000000849,-0.47835550000013427
2023-04-03 14:45:00,2737.30843,2736.807954,2736.855027,-0.5004760000001625,-0.45340299999998024,-0.47693950000007135
2023-04-03 15:00:00,2737.30785,2736.811536,2736.854165,-0.49631399999998393,-0.4536849999999504,-0.47499949999996716
2023-04-03 15:15:00,2737.30726,2736.812592,2736.850973,-0.4946679999998196,-0.4562869999999748,-0.4754774999998972
2023-04-03 15:30:00,2737.30668,2736.816419,2736.851859,-0.49026099999991857,-0.4548210000002655,-0.472541000000092
2023-04-03 15:45:00,2737.303182,2736.8184,2736.849258,-0.4847819999999956,-0.4539239999999154,-0.4693529999999555
2023-04-03 16:00:00,2737.304931,2736.819158,2736.850154,-0.48577300000033574,-0.4547769999999218,-0.4702750000001288
2023-04-03 16:15:00,2737.30843,2736.819918,2736.853609,-0.4885119999999006,-0.4548210000002655,-0.47166650000008303
2023-04-03 16:30:00,2737.301432,2736.816321,2736.852381,-0.4851110000004155,-0.44905100000005405,-0.4670810000002348
2023-04-03 16:45:00,2737.306101,2736.821749,2736.856197,-0.4843519999999444,-0.4499040000000605,-0.46712800000000243
2023-04-03 17:00:00,2737.30668,2736.827228,2736.853595,-0.4794520000000375,-0.453085000000101,-0.46626850000006925
2023-04-03 17:15:00,2737.304931,2736.822739,2736.8553,-0.4821919999999409,-0.44963099999995393,-0.4659114999999474
2023-04-03 17:30:00,2737.309589,2736.82664,2736.852152,-0.48294899999973495,-0.4574370000000272,-0.47019299999988107
2023-04-03 17:45:00,2737.309589,2736.827398,2736.851264,-0.4821910000000571,-0.45832500000005894,-0.470258000000058
2023-04-03 18:00:00,2737.309589,2736.832878,2736.853902,-0.4767109999997956,-0.4556870000001254,-0.4661989999999605
2023-04-03 18:15:00,2737.310759,2736.833288,2736.852479,-0.4774710000001505,-0.4582799999998315,-0.467875499999991
2023-04-03 18:30:00,2737.310759,2736.836787,2736.858244,-0.473971999999776,-0.4525149999999485,-0.46324349999986225
2023-04-03 19:30:00,2737.313678,2736.840876,2736.856821,-0.4728019999997741,-0.4568570000001273,-0.4648294999999507
2023-04-03 19:45:00,2737.313678,2736.845365,2736.859422,-0.46831299999985276,-0.45425599999998667,-0.4612844999999197
2023-04-03 20:00:00,2737.311929,2736.843616,2736.857674,-0.46831299999985276,-0.4542550000001029,-0.4612839999999778
2023-04-03 20:45:00,2737.311929,2736.843288,2736.855071,-0.46864099999993414,-0.4568580000000111,-0.4627494999999726
2023-04-03 21:00:00,2737.313088,2736.846525,2736.85798,-0.466562999999951,-0.45510799999965457,-0.4608354999998028
2023-04-03 21:15:00,2737.311929,2736.842446,2736.855923,-0.46948299999985466,-0.45600599999988845,-0.46274449999987155
2023-04-03 21:30:00,2737.311919,2736.844597,2736.857084,-0.4673220000004221,-0.45483500000000276,-0.46107850000021244
2023-04-03 21:45:00,2737.314838,2736.843606,2736.856231,-0.47123199999987264,-0.4586069999995743,-0.4649194999997235
2023-04-03 22:00:00,2737.314838,2736.846345,2736.856801,-0.46849299999985305,-0.45803699999987657,-0.4632649999998648
2023-04-03 22:15:00,2737.313088,2736.841856,2736.854481,-0.47123199999987264,-0.4586070000000291,-0.46491949999995086
2023-04-03 22:45:00,2737.315417,2736.840538,2736.859402,-0.4748789999998735,-0.45601499999975204,-0.46544699999981276
2023-04-03 23:00:00,2737.320086,2736.845207,2736.861468,-0.47487900000032823,-0.458618000000115,-0.4667485000002216
2023-04-03 23:15:00,2737.314838,2736.841626,2736.860572,-0.47321199999987584,-0.45426599999973405,-0.46373899999980495
2023-04-04 00:15:00,2737.313668,2736.836475,2736.858262,-0.47719299999971554,-0.4554059999995843,-0.4662994999996499
2023-04-04 00:30:00,2737.313668,2736.837466,2736.856512,-0.47620199999983015,-0.45715599999994083,-0.4666789999998855
2023-04-04 01:00:00,2737.315417,2736.841953,2736.860581,-0.47346399999969435,-0.45483599999988655,-0.46414999999979045
2023-04-04 01:15:00,2737.313678,2736.843123,2736.858252,-0.4705549999998766,-0.45542599999998856,-0.4629904999999326
2023-04-04 01:45:00,2737.316597,2736.841374,2736.857717,-0.47522299999991446,-0.4588800000001356,-0.46705150000002504
2023-04-04 02:00:00,2737.317757,2736.839722,2736.863774,-0.47803499999963606,-0.4539829999998801,-0.4660089999997581
2023-04-04 02:15:00,2737.318346,2736.840385,2736.861181,-0.47796100000005026,-0.4571649999998044,-0.46756299999992734
2023-04-04 02:30:00,2737.316007,2736.837978,2736.861161,-0.4780289999998786,-0.4548460000000887,-0.46643749999998363
2023-04-04 02:45:00,2737.317177,2736.837398,2736.859728,-0.47977899999978035,-0.4574489999999969,-0.4686139999998886
2023-04-04 03:00:00,2737.313678,2736.838968,2736.858876,-0.4747099999999591,-0.45480200000019977,-0.46475600000007944
2023-04-04 03:15:00,2737.318926,2736.835238,2736.857692,-0.48368799999980183,-0.4612339999998767,-0.47246099999983926
2023-04-04 03:30:00,2737.313678,2736.835565,2736.860611,-0.47811300000012125,-0.45306699999991906,-0.46559000000002015
2023-04-04 04:00:00,2737.318346,2736.838158,2736.861464,-0.4801879999999983,-0.4568819999999505,-0.4685349999999744
2023-04-04 04:15:00,2737.314848,2736.836556,2736.860566,-0.478291999999783,-0.4542820000001484,-0.4662869999999657
2023-04-04 05:15:00,2737.315427,2736.834397,2736.853672,-0.4810299999999188,-0.46175499999981184,-0.4713924999998653
2023-04-04 05:45:00,2737.318346,2736.836408,2736.860046,-0.48193799999990006,-0.45830000000023574,-0.4701190000000679
2023-04-04 06:15:00,2737.318926,2736.836326,2736.863227,-0.4825999999998203,-0.4556990000000951,-0.4691494999999577
2023-04-04 06:45:00,2737.320096,2736.839245,2736.865293,-0.4808509999998023,-0.45480300000008356,-0.4678269999999429
2023-04-04 07:15:00,2737.325344,2736.842826,2736.869075,-0.48251799999979994,-0.45626899999979287,-0.4693934999997964
2023-04-04 08:30:00,2737.303182,2736.840235,2736.860089,-0.46294699999998556,-0.44309300000031726,-0.4530200000001514
2023-04-04 08:45:00,2737.30668,2736.841985,2736.863545,-0.46469500000011976,-0.44313499999998385,-0.4539150000000518
2023-04-04 10:15:00,2737.312508,2736.827829,2736.854206,-0.48467900000014197,-0.4583020000000033,-0.47149050000007264
2023-04-04 10:30:00,2737.312508,2736.829908,2736.853354,-0.4825999999998203,-0.45915400000012596,-0.4708769999999731
2023-04-04 12:00:00,2737.316007,2736.836228,2736.859739,-0.47977899999978035,-0.4562679999999091,-0.4680234999998447
2023-04-04 12:30:00,2737.313098,2736.836818,2736.861214,-0.4762799999998606,-0.4518840000000637,-0.46408199999996214
2023-04-04 13:00:00,2737.311349,2736.832329,2736.856863,-0.4790200000002187,-0.4544860000000881,-0.4667530000001534
2023-04-04 13:15:00,2737.311339,2736.826671,2736.854807,-0.48466800000005605,-0.4565319999996973,-0.4705999999998767
2023-04-04 13:30:00,2737.311929,2736.83116,2736.855695,-0.48076899999978195,-0.45623399999976755,-0.46850149999977475
2023-04-04 13:45:00,2737.316597,2736.835828,2736.859466,-0.48076899999978195,-0.45713100000011764,-0.4689499999999498
2023-04-04 14:00:00,2737.311929,2736.830564,2736.850773,-0.4813650000000962,-0.46115599999984624,-0.4712604999999712
2023-04-04 14:15:00,2737.314838,2736.834063,2736.856873,-0.4807749999999942,-0.4579649999996036,-0.4693699999997989
2023-04-04 14:30:00,2737.318336,2736.835812,2736.856874,-0.48252400000001217,-0.4614619999997558,-0.471992999999884
2023-04-04 14:45:00,2737.316587,2736.836802,2736.858624,-0.4797849999999926,-0.45796299999983603,-0.4688739999999143
2023-04-04 15:15:00,2737.320086,2736.839394,2736.86241,-0.48069200000009005,-0.4576759999999922,-0.4691840000000411
2023-04-04 16:00:00,2737.315417,2736.839214,2736.860344,-0.47620299999971394,-0.45507299999962925,-0.4656379999996716
2023-04-04 16:15:00,2737.318916,2736.836659,2736.862092,-0.48225700000011784,-0.4568240000003243,-0.4695405000002211
2023-04-04 16:30:00,2737.318916,2736.838738,2736.864695,-0.4801780000002509,-0.45422099999996135,-0.4671995000001061
2023-04-04 16:45:00,2737.317757,2736.837578,2736.860932,-0.48017899999967995,-0.45682499999975335,-0.46850199999971665
2023-04-04 17:00:00,2737.317757,2736.834839,2736.861785,-0.48291799999969953,-0.4559719999997469,-0.4694449999997232
2023-04-04 17:15:00,2737.321255,2736.838404,2736.862112,-0.482850999999755,-0.45914300000004005,-0.4709969999998975
2023-04-04 17:30:00,2737.325924,2736.846474,2736.865611,-0.47945000000026994,-0.46031300000004194,-0.46988150000015594
2023-04-04 17:45:00,2737.319506,2736.841143,2736.860372,-0.47836299999971743,-0.4591339999997217,-0.46874849999971957
2023-04-04 18:15:00,2737.272272,2736.843734,2736.864714,-0.4285380000001169,-0.4075580000003356,-0.41804800000022624
2023-04-04 18:30:00,2737.275771,2736.840733,2736.865294,-0.43503800000007686,-0.4104769999999007,-0.4227574999999888
2023-04-04 18:45:00,2737.289766,2736.841909,2736.869645,-0.447856999999658,-0.4201209999996536,-0.4339889999996558
2023-04-04 19:00:00,2737.291516,2736.840749,2736.866171,-0.4507669999998143,-0.4253449999996519,-0.4380559999997331
2023-04-04 19:30:00,2737.286857,2736.839759,2736.86792,-0.44709800000009636,-0.4189369999999144,-0.4330175000000054
2023-04-04 19:45:00,2737.288597,2736.840405,2736.866751,-0.44819200000029014,-0.4218460000001869,-0.4350190000002385
2023-04-04 20:00:00,2737.285688,2736.839743,2736.868783,-0.44594499999993786,-0.4169050000000425,-0.4314249999999902
2023-04-04 20:15:00,2737.292095,2736.839497,2736.866181,-0.4525979999998526,-0.42591399999992063,-0.4392559999998866
2023-04-04 20:30:00,2737.293845,2736.838835,2736.86736,-0.45501000000012937,-0.4264849999999569,-0.44074750000004315
2023-04-04 21:00:00,2737.283928,2736.837666,2736.868228,-0.4462619999999333,-0.4157000000000153,-0.4309809999999743
2023-04-04 21:30:00,2737.289766,2736.835598,2736.864466,-0.4541679999997541,-0.4252999999998792,-0.43973399999981666
2023-04-04 21:45:00,2737.288017,2736.840087,2736.868818,-0.44792999999981475,-0.41919899999993504,-0.4335644999998749
2023-04-04 22:00:00,2737.302012,2736.840071,2736.868803,-0.46194100000002436,-0.43320900000026086,-0.4475750000001426
2023-04-04 22:30:00,2737.303761,2736.836343,2736.867053,-0.46741800000017975,-0.4367080000001806,-0.4520630000001802
2023-04-04 22:45:00,2737.30668,2736.837332,2736.863599,-0.4693480000000818,-0.44308100000034756,-0.4562145000002147
2023-04-04 23:00:00,2737.299093,2736.838246,2736.864461,-0.46084700000028533,-0.43463199999996505,-0.4477395000001252
2023-04-04 23:15:00,2737.300263,2736.838425,2736.86738,-0.4618380000001707,-0.43288299999994706,-0.4473605000000589
2023-04-04 23:30:00,2737.297344,2736.840077,2736.86621,-0.457267000000229,-0.4311339999999291,-0.44420050000007905
2023-04-05 00:00:00,2737.297933,2736.836178,2736.862449,-0.46175499999981184,-0.43548399999963294,-0.4486194999997224
2023-04-05 00:15:00,2737.297933,2736.835188,2736.8668,-0.46274499999981344,-0.4311330000000453,-0.44693899999992937
2023-04-05 01:15:00,2737.287437,2736.834526,2736.867088,-0.4529109999998582,-0.4203489999999874,-0.4366299999999228
2023-04-05 01:45:00,2737.288017,2736.832449,2736.86852,-0.4555679999998574,-0.4194969999998648,-0.4375324999998611
2023-04-05 02:45:00,2737.284518,2736.830617,2736.871121,-0.4539009999998598,-0.4133969999998044,-0.4336489999998321
2023-04-05 03:00:00,2737.292095,2736.830289,2736.870518,-0.46180599999979677,-0.4215769999996155,-0.44169149999970614
2023-04-05 03:15:00,2737.293845,2736.831279,2736.869953,-0.4625660000001517,-0.42389200000025085,-0.44322900000020127
2023-04-05 03:30:00,2737.288597,2736.828457,2736.86735,-0.46014000000013766,-0.4212470000002213,-0.4406935000001795
2023-04-05 04:00:00,2737.288597,2736.82679,2736.866454,-0.4618070000001353,-0.42214300000023286,-0.4419750000001841
2023-04-05 04:30:00,2737.290936,2736.828466,2736.867371,-0.4624699999999393,-0.42356500000005326,-0.4430174999999963
2023-04-05 04:45:00,2737.288607,2736.825728,2736.865622,-0.46287900000015725,-0.4229850000001534,-0.4429320000001553
2023-04-05 05:00:00,2737.290356,2736.827542,2736.868223,-0.4628139999999803,-0.42213300000003073,-0.4424735000000055
2023-04-05 05:30:00,2737.285688,2736.825138,2736.869403,-0.46054999999978463,-0.41628499999978885,-0.43841749999978674
2023-04-05 05:45:00,2737.275771,2736.825718,2736.869973,-0.45005300000002535,-0.4057980000002317,-0.4279255000001285
2023-04-05 06:00:00,2737.270523,2736.821987,2736.869121,-0.4485360000003311,-0.40140199999996184,-0.4249690000001465
2023-04-05 06:45:00,2737.276351,2736.82539,2736.867951,-0.4509610000000066,-0.40839999999980137,-0.429680499999904
2023-04-05 07:00:00,2737.265854,2736.822977,2736.867385,-0.44287700000040786,-0.3984690000002047,-0.4206730000003063
2023-04-05 07:15:00,2737.253029,2736.822809,2736.866225,-0.43022000000019034,-0.38680399999975634,-0.40851199999997334
2023-04-05 07:30:00,2737.24953,2736.81974,2736.867658,-0.4297900000001391,-0.38187199999993027,-0.4058310000000347
2023-04-05 07:45:00,2737.25011,2736.817002,2736.86794,-0.4331080000001748,-0.38216999999986,-0.4076390000000174
2023-04-05 08:15:00,2737.245441,2736.816159,2736.865919,-0.42928200000005745,-0.3795220000001791,-0.4044020000001183
2023-04-05 08:30:00,2737.240193,2736.817976,2736.864169,-0.4222170000002734,-0.37602400000014313,-0.39912050000020827
2023-04-05 08:45:00,2737.245451,2736.815067,2736.863293,-0.4303839999997763,-0.3821579999998903,-0.4062709999998333
2023-04-05 09:45:00,2737.240783,2736.808418,2736.865578,-0.432365000000118,-0.37520500000027823,-0.4037850000001981
2023-04-05 10:00:00,2737.243702,2736.804672,2736.858896,-0.4390300000000025,-0.38480600000002596,-0.4119180000000142
2023-04-05 10:15:00,2737.247201,2736.808069,2736.860646,-0.4391319999999723,-0.38655500000004395,-0.41284350000000813
2023-04-05 10:30:00,2737.252449,2736.805148,2736.855125,-0.44730100000015227,-0.397324000000026,-0.42231250000008913
2023-04-05 10:45:00,2737.310179,2736.802409,2736.852811,-0.5077700000001641,-0.45736799999986033,-0.48256900000001224
2023-04-05 11:00:00,2737.311929,2736.799669,2736.851061,-0.5122599999999693,-0.4608680000001186,-0.48656400000004396
2023-04-05 11:45:00,2737.311349,2736.803579,2736.856583,-0.5077700000001641,-0.45476600000029066,-0.4812680000002274
2023-04-05 12:30:00,2737.304931,2736.79792,2736.851626,-0.5070110000001478,-0.4533050000000003,-0.480158000000074
2023-04-05 15:00:00,2737.316007,2736.810003,2736.863581,-0.506003999999848,-0.45242599999983213,-0.4792149999998401
2023-04-05 15:15:00,2737.313098,2736.808911,2736.860969,-0.5041870000000017,-0.4521290000002409,-0.4781580000001213
2023-04-05 16:00:00,2737.309589,2736.808731,2736.85805,-0.5008579999998801,-0.4515390000001389,-0.4761985000000095
2023-04-05 16:15:00,2737.30668,2736.808074,2736.858903,-0.4986060000001089,-0.44777700000031473,-0.4731915000002118
2023-04-05 16:45:00,2737.30667,2736.804166,2736.855993,-0.5025040000000445,-0.45067699999981414,-0.4765904999999293
2023-04-05 18:00:00,2737.313678,2736.810665,2736.859229,-0.5030130000000099,-0.45444899999984045,-0.4787309999999252
2023-04-05 18:15:00,2737.314838,2736.813406,2736.86183,-0.5014319999995678,-0.45300799999995434,-0.47721999999976106
2023-04-05 19:30:00,2737.322415,2736.8124,2736.860988,-0.5100150000002941,-0.4614270000001852,-0.48572100000023966
2023-04-05 19:45:00,2737.318916,2736.815139,2736.866192,-0.5037770000003547,-0.4527240000002166,-0.4782505000002857
2023-04-05 20:00:00,2737.322415,2736.814991,2736.867942,-0.5074239999999008,-0.4544730000002346,-0.4809485000000677
2023-04-05 20:15:00,2737.321255,2736.813831,2736.864179,-0.5074239999999008,-0.45707599999968807,-0.48224999999979445
2023-04-05 21:15:00,2737.321255,2736.812179,2736.868818,-0.5090759999998227,-0.45243699999991804,-0.48075649999987036
2023-04-05 21:30:00,2737.323005,2736.811092,2736.867649,-0.511913000000277,-0.45535600000039267,-0.4836345000003348
2023-04-05 21:45:00,2737.318336,2736.812006,2736.86851,-0.5063299999997071,-0.44982600000003004,-0.47807799999986855
2023-04-05 22:30:00,2737.320676,2736.806521,2736.863327,-0.514154999999846,-0.4573489999997946,-0.4857519999998203
2023-04-05 22:45:00,2737.324174,2736.80827,2736.865077,-0.515903999999864,-0.4590969999999288,-0.4875004999998964
2023-04-05 23:15:00,2737.324174,2736.813749,2736.865929,-0.5104249999999411,-0.45824499999980617,-0.4843349999998736
2023-04-05 23:30:00,2737.313678,2736.81002,2736.870256,-0.5036580000000868,-0.4434219999998277,-0.4735399999999572
2023-04-06 00:30:00,2737.315427,2736.810861,2736.87144,-0.504566000000068,-0.4439870000001065,-0.47427650000008725
2023-04-06 01:15:00,2737.310759,2736.80162,2736.861568,-0.5091389999997773,-0.4491910000001553,-0.4791649999999663
2023-04-06 02:15:00,2737.30901,2736.805201,2736.862464,-0.5038089999998192,-0.4465460000001258,-0.4751774999999725
2023-04-06 02:30:00,2737.311929,2736.806371,2736.868838,-0.5055579999998372,-0.44309100000009494,-0.47432449999996606
2023-04-06 03:30:00,2737.302592,2736.800796,2736.868233,-0.501796000000013,-0.4343589999998585,-0.46807749999993575
2023-04-06 03:45:00,2737.30726,2736.802626,2736.866236,-0.5046339999998963,-0.4410240000001977,-0.472829000000047
2023-04-06 04:15:00,2737.304341,2736.800631,2736.866816,-0.5037099999999555,-0.4375249999998232,-0.47061749999988933
2023-04-06 04:45:00,2737.302592,2736.794654,2736.863317,-0.5079380000001947,-0.4392750000001797,-0.4736065000001872
2023-04-06 05:30:00,2737.30784,2736.79804,2736.866499,-0.5097999999998137,-0.4413409999997384,-0.4755704999997761
2023-04-06 06:00:00,2737.30784,2736.794309,2736.868531,-0.5135310000000572,-0.4393089999998665,-0.4764199999999619
2023-04-06 06:15:00,2737.30784,2736.797132,2736.869383,-0.510707999999795,-0.43845699999974386,-0.4745824999997694
2023-04-06 06:30:00,2737.306091,2736.796141,2736.869101,-0.5099500000001171,-0.43699000000015076,-0.47347000000013395
2023-04-06 07:15:00,2737.301432,2736.795315,2736.868225,-0.5061170000003585,-0.43320700000003853,-0.46966200000019853
2023-04-06 07:30:00,2737.305511,2736.793812,2736.864452,-0.5116990000001351,-0.441059000000223,-0.4763790000001791
2023-04-06 08:15:00,2737.314258,2736.791077,2736.867065,-0.5231810000000223,-0.4471929999999702,-0.48518699999999626
2023-04-06 08:30:00,2737.316007,2736.792828,2736.869666,-0.5231789999998,-0.44634099999984755,-0.4847599999998238
2023-04-06 08:45:00,2737.312508,2736.790319,2736.866167,-0.5221889999997984,-0.44634099999984755,-0.484264999999823
2023-04-06 09:00:00,2737.313098,2736.788169,2736.866757,-0.5249290000001565,-0.4463410000003023,-0.4856350000002294
2023-04-06 09:15:00,2737.313098,2736.78543,2736.865008,-0.5276680000001761,-0.44808999999986554,-0.4878790000000208
2023-04-06 09:30:00,2737.311929,2736.783499,2736.861237,-0.5284299999998439,-0.45069199999988996,-0.4895609999998669
2023-04-06 09:45:00,2737.311929,2736.782741,2736.857738,-0.5291879999999765,-0.4541909999998097,-0.4916894999998931
2023-04-06 10:00:00,2737.310759,2736.777671,2736.852806,-0.5330880000001343,-0.45795300000008865,-0.4955205000001115
2023-04-06 10:15:00,2737.30901,2736.776747,2736.853093,-0.5322630000000572,-0.4559169999997721,-0.49408999999991465
2023-04-06 10:30:00,2737.30726,2736.777738,2736.85398,-0.5295219999998153,-0.4532800000001771,-0.4914009999999962
2023-04-06 10:45:00,2737.30726,2736.779488,2736.853981,-0.5277719999999135,-0.45327899999983856,-0.49052549999987605
2023-04-06 11:00:00,2737.306091,2736.778318,2736.853104,-0.5277729999997973,-0.45298700000012104,-0.4903799999999592
2023-04-06 13:00:00,2737.302012,2736.775923,2736.852241,-0.5260889999999563,-0.4497710000000552,-0.48793000000000575
2023-04-06 13:45:00,2737.304351,2736.782227,2736.854844,-0.5221240000000762,-0.449507000000267,-0.4858155000001716
2023-04-06 14:00:00,2737.304351,2736.783217,2736.854834,-0.5211340000000746,-0.4495170000000144,-0.4853255000000445
2023-04-06 14:45:00,2737.310179,2736.793617,2736.857173,-0.5165620000002491,-0.45300600000018676,-0.48478400000021793
2023-04-06 15:00:00,2737.30901,2736.795187,2736.858605,-0.5138229999997748,-0.45040500000004613,-0.48211399999991045
2023-04-06 15:15:00,2737.30901,2736.800667,2736.856568,-0.508342999999968,-0.45244199999979173,-0.4803924999998799
2023-04-06 15:30:00,2737.303761,2736.800749,2736.854254,-0.5030120000001261,-0.449507000000267,-0.47625950000019657
2023-04-06 15:45:00,2737.303761,2736.803489,2736.851651,-0.5002720000002228,-0.4521100000001752,-0.476191000000199
2023-04-06 16:15:00,2737.302012,2736.809793,2736.853966,-0.4922190000002047,-0.44804599999997663,-0.47013250000009066
2023-04-06 17:00:00,2737.30726,2736.814611,2736.850798,-0.4926490000002559,-0.4564620000001014,-0.47455550000017865
2023-04-06 17:15:00,2737.30726,2736.815371,2736.853401,-0.491888999999901,-0.4538590000001932,-0.4728740000000471
2023-04-06 18:00:00,2737.30901,2736.817865,2736.8569,-0.4911449999999604,-0.45210999999972046,-0.47162749999984044
2023-04-06 18:15:00,2737.30726,2736.818193,2736.85515,-0.48906699999997727,-0.4521100000001752,-0.47058850000007624
2023-04-06 18:30:00,2737.310759,2736.821364,2736.854297,-0.48939500000005864,-0.4564620000001014,-0.47292850000008
2023-04-06 19:00:00,2737.310759,2736.823112,2736.859501,-0.48764699999992445,-0.45125800000005256,-0.4694524999999885
2023-04-06 19:30:00,2737.313668,2736.829762,2736.858079,-0.48390599999993356,-0.4555889999996907,-0.46974749999981213
2023-04-06 19:45:00,2737.313668,2736.83009,2736.858649,-0.4835779999998522,-0.45501899999999296,-0.46929849999992257
2023-04-06 20:00:00,2737.313668,2736.829167,2736.858639,-0.48450099999990925,-0.45502899999974034,-0.4697649999998248
2023-04-06 20:30:00,2737.314258,2736.825268,2736.856056,-0.4889899999998306,-0.45820199999980105,-0.47359599999981583
2023-04-06 20:45:00,2737.313088,2736.823441,2736.854887,-0.48964699999987715,-0.45820099999991726,-0.4739239999998972
2023-04-06 21:00:00,2737.313088,2736.824939,2736.857771,-0.4881489999997939,-0.4553169999999227,-0.4717329999998583
2023-04-06 21:30:00,2737.316587,2736.82753,2736.858669,-0.48905699999977514,-0.4579179999996086,-0.47348749999969186
2023-04-06 21:45:00,2737.315427,2736.828274,2736.858376,-0.4871530000000348,-0.45705099999986487,-0.47210199999994984
2023-04-06 22:45:00,2737.316007,2736.818224,2736.86066,-0.49778299999979936,-0.45534700000007433,-0.47656499999993684
2023-04-06 23:00:00,2737.317177,2736.82395,2736.857806,-0.49322699999993347,-0.45937099999991915,-0.4762989999999263
2023-04-06 23:15:00,2737.315427,2736.821143,2736.863579,-0.4942839999998796,-0.45184800000015457,-0.4730660000000171
2023-04-07 02:00:00,2737.317177,2736.814494,2736.862726,-0.5026829999997062,-0.4544510000000628,-0.4785669999998845
2023-04-07 02:15:00,2737.316587,2736.814812,2736.864739,-0.501774999999725,-0.4518479999996998,-0.4768114999997124
2023-04-07 02:45:00,2737.318336,2736.810503,2736.863019,-0.507832999999664,-0.4553169999999227,-0.48157499999979336
2023-04-07 03:15:00,2737.316587,2736.810666,2736.86127,-0.5059209999999439,-0.4553169999999227,-0.4806189999999333
2023-04-07 03:45:00,2737.319506,2736.809677,2736.860418,-0.5098289999996268,-0.4590879999996105,-0.48445849999961865
2023-04-07 04:00:00,2737.321255,2736.812596,2736.864189,-0.5086589999996249,-0.4570659999999407,-0.4828624999997828
2023-04-07 04:15:00,2737.318336,2736.813071,2736.862123,-0.5052649999997811,-0.45621299999993425,-0.4807389999998577
2023-04-07 06:00:00,2737.319506,2736.807772,2736.861586,-0.5117339999997057,-0.4579199999998309,-0.4848269999997683
2023-04-07 06:15:00,2737.320086,2736.808686,2736.862166,-0.5114000000003216,-0.45792000000028565,-0.4846600000003036
2023-04-07 06:45:00,2737.318336,2736.800281,2736.862454,-0.5180550000000039,-0.45588199999974677,-0.48696849999987535
2023-04-07 07:00:00,2737.316587,2736.800615,2736.860705,-0.5159719999996923,-0.45588199999974677,-0.48592699999971956
2023-04-07 07:15:00,2737.320086,2736.804114,2736.866806,-0.5159720000001471,-0.4532800000001771,-0.4846260000001621
2023-04-07 07:30:00,2737.315417,2736.802185,2736.858683,-0.513231999999789,-0.4567339999998694,-0.4849829999998292
2023-04-07 07:45:00,2737.316587,2736.799446,2736.861284,-0.5171409999998104,-0.4553029999997307,-0.48622199999977056
2023-04-07 09:15:00,2737.312508,2736.792479,2736.857206,-0.5200289999997949,-0.4553019999998469,-0.4876654999998209
2023-04-07 09:45:00,2737.30901,2736.794459,2736.855456,-0.5145509999997557,-0.45355400000016743,-0.4840524999999616
2023-04-07 10:00:00,2737.306091,2736.787809,2736.851967,-0.5182819999999992,-0.4541239999998652,-0.4862029999999322
2023-04-07 10:15:00,2737.306091,2736.79055,2736.85457,-0.5155409999997573,-0.451520999999957,-0.48353099999985716
2023-04-07 10:30:00,2737.304341,2736.789127,2736.85339,-0.5152140000000145,-0.4509509999998045,-0.4830824999999095
2023-04-07 10:45:00,2737.304341,2736.7888,2736.85282,-0.5155410000002121,-0.451520999999957,-0.48353100000008453
2023-04-07 11:00:00,2737.305511,2736.793037,2736.855739,-0.5124740000001111,-0.449771999999939,-0.48112300000002506
2023-04-07 12:00:00,2737.306091,2736.793698,2736.858059,-0.5123929999999746,-0.4480319999997846,-0.4802124999998796
2023-04-07 12:30:00,2737.303761,2736.793693,2736.854877,-0.5100680000000466,-0.44888399999990725,-0.4794759999999769
2023-04-07 12:45:00,2737.302012,2736.791288,2736.853127,-0.5107240000002093,-0.4488850000002458,-0.47980450000022756
2023-04-07 13:00:00,2737.303761,2736.795777,2736.85459,-0.507984000000306,-0.4491710000002058,-0.4785775000002559
2023-04-07 13:15:00,2737.300263,2736.796767,2736.851987,-0.5034960000002684,-0.44827600000007806,-0.4758860000001732
2023-04-07 13:30:00,2737.303172,2736.797927,2736.85225,-0.5052449999998316,-0.4509219999999914,-0.4780834999999115
2023-04-07 13:45:00,2737.303172,2736.803073,2736.851397,-0.5000989999998637,-0.4517749999999978,-0.4759369999999308
2023-04-07 14:15:00,2737.302592,2736.815283,2736.848786,-0.4873090000000957,-0.45380599999998594,-0.4705575000000408
2023-04-07 14:45:00,2737.304341,2736.821259,2736.851387,-0.48308200000019497,-0.4529539999998633,-0.46801800000002913
2023-04-07 15:00:00,2737.30726,2736.834146,2736.854316,-0.4731139999998959,-0.4529440000001159,-0.4630290000000059
2023-04-07 15:15:00,2737.304351,2736.835978,2736.856021,-0.468373000000156,-0.4483300000001691,-0.45835150000016256
2023-04-07 15:30:00,2737.305511,2736.842447,2736.853137,-0.46306400000003123,-0.4523739999999634,-0.4577189999999973
2023-04-07 15:45:00,2737.303761,2736.844598,2736.852547,-0.45916299999998955,-0.45121400000016365,-0.4551885000000766
2023-04-07 16:45:00,2737.303182,2736.853658,2736.85168,-0.4495240000001104,-0.45150199999989127,-0.45051300000000083
2023-04-07 17:00:00,2737.30668,2736.855408,2736.85343,-0.4512720000002446,-0.45325000000002547,-0.452261000000135
2023-04-07 17:15:00,2737.303182,2736.856399,2736.854283,-0.4467830000003232,-0.44889899999998306,-0.44784100000015314
2023-04-07 18:00:00,2737.30843,2736.861067,2736.856031,-0.4473630000002231,-0.45239900000024136,-0.44988100000023223
2023-04-07 18:30:00,2737.311349,2736.86514,2736.856636,-0.4462090000001808,-0.4547130000000834,-0.4504610000001321
2023-04-07 18:45:00,2737.310179,2736.86298,2736.858068,-0.4471990000001824,-0.452111000000059,-0.4496550000001207
2023-04-07 19:45:00,2737.310179,2736.860837,2736.858632,-0.4493419999998878,-0.4515470000001187,-0.45044450000000325
2023-04-07 20:00:00,2737.311929,2736.86473,2736.857215,-0.4471990000001824,-0.4547139999999672,-0.4509565000000748
2023-04-07 20:15:00,2737.313678,2736.86199,2736.862419,-0.4516880000001038,-0.45125899999993635,-0.45147350000002007
2023-04-07 20:30:00,2737.311929,2736.859251,2736.862974,-0.4526780000001054,-0.4489549999998417,-0.45081649999997353
2023-04-07 21:15:00,2737.311919,2736.858185,2736.857795,-0.4537340000001677,-0.45412400000031994,-0.45392900000024383
2023-04-07 21:30:00,2737.311919,2736.857195,2736.859827,-0.4547240000001693,-0.4520919999999933,-0.4534080000000813
2023-04-07 21:45:00,2737.311919,2736.855444,2736.858965,-0.45647500000040964,-0.45295400000031805,-0.45471450000036384
2023-04-07 22:30:00,2737.311919,2736.855296,2736.860714,-0.456623000000036,-0.45120500000030006,-0.453914000000168
2023-04-07 22:45:00,2737.311919,2736.854454,2736.858112,-0.45746500000041124,-0.4538070000003245,-0.45563600000036786
2023-04-07 23:00:00,2737.311919,2736.852704,2736.858395,-0.459215000000313,-0.4535240000000158,-0.4563695000001644
2023-04-07 23:15:00,2737.315417,2736.855445,2736.860144,-0.4599719999996523,-0.45527299999957904,-0.4576224999996157
2023-04-07 23:45:00,2737.317167,2736.857275,2736.862746,-0.45989200000030905,-0.4544210000003659,-0.4571565000003375
2023-04-08 00:00:00,2737.315417,2736.850955,2736.860996,-0.4644619999999122,-0.45442099999991115,-0.4594414999999117
2023-04-08 00:30:00,2737.313668,2736.849966,2736.863599,-0.4637019999995573,-0.45006899999998495,-0.4568854999997711
2023-04-08 01:30:00,2737.317167,2736.848149,2736.858974,-0.46901800000023286,-0.45819299999993746,-0.46360550000008516
2023-04-08 03:15:00,2737.311929,2736.841904,2736.856645,-0.47002500000007785,-0.4552840000001197,-0.4626545000000988
2023-04-08 03:45:00,2737.313098,2736.843982,2736.859564,-0.4691160000002128,-0.45353400000021793,-0.46132500000021537
2023-04-08 04:15:00,2737.318346,2736.844741,2736.863915,-0.47360500000013417,-0.45443100000011327,-0.4640180000001237
2023-04-08 08:45:00,2737.30901,2736.831689,2736.854632,-0.4773209999998471,-0.454377999999906,-0.46584949999987657
2023-04-08 09:00:00,2737.310759,2736.830699,2736.857235,-0.4800599999998667,-0.4535240000000158,-0.46679199999994125
2023-04-08 09:15:00,2737.310759,2736.833439,2736.856382,-0.47731999999996333,-0.45437700000002224,-0.4658484999999928
2023-04-08 10:00:00,2737.304341,2736.82702,2736.852566,-0.4773209999998471,-0.4517749999999978,-0.46454799999992247
2023-04-08 10:30:00,2737.30667,2736.82976,2736.853998,-0.4769099999998616,-0.45267199999989316,-0.4647909999998774
2023-04-08 10:45:00,2737.303172,2736.826029,2736.853146,-0.47714300000006915,-0.45002599999997983,-0.4635845000000245
2023-04-08 11:00:00,2737.304921,2736.829432,2736.852293,-0.475488999999925,-0.45262800000000425,-0.4640584999999646
2023-04-08 12:30:00,2737.300842,2736.827021,2736.851713,-0.47382100000004357,-0.4491290000000845,-0.46147500000006403
2023-04-08 12:45:00,2737.304341,2736.829426,2736.856065,-0.47491500000023734,-0.44827600000007806,-0.4615955000001577
2023-04-08 13:00:00,2737.302592,2736.830416,2736.852283,-0.47217600000021775,-0.45030899999983376,-0.46124250000002576
2023-04-08 13:15:00,2737.304341,2736.833915,2736.854033,-0.47042599999986123,-0.45030799999994997,-0.4603669999999056
2023-04-08 13:30:00,2737.302012,2736.838814,2736.856055,-0.4631979999999203,-0.44595699999990757,-0.4545774999999139
2023-04-08 13:45:00,2737.303761,2736.841555,2736.853463,-0.4622060000001511,-0.4502980000002026,-0.45625200000017685
2023-04-08 14:00:00,2737.302602,2736.843385,2736.850861,-0.4592170000000806,-0.45174100000031103,-0.4554790000001958
2023-04-08 14:45:00,2737.303761,2736.861892,2736.852873,-0.44186900000022433,-0.4508880000003046,-0.44637850000026447
2023-04-08 15:00:00,2737.30726,2736.86813,2736.855192,-0.43913000000020475,-0.45206800000005387,-0.4455990000001293
2023-04-08 15:15:00,2737.303761,2736.87087,2736.854622,-0.43289099999992686,-0.4491390000002866,-0.44101500000010674
2023-04-08 15:30:00,2737.304931,2736.87303,2736.854613,-0.43190099999992526,-0.4503180000001521,-0.4411095000000387
2023-04-08 16:15:00,2737.30668,2736.877191,2736.856362,-0.42948900000010326,-0.4503180000001521,-0.4399035000001277
2023-04-08 17:00:00,2737.30668,2736.884829,2736.853761,-0.4218510000000606,-0.4529190000002927,-0.43738500000017666
2023-04-08 17:15:00,2737.30668,2736.884895,2736.852011,-0.42178499999999985,-0.4546690000001945,-0.4382270000000972
2023-04-08 17:30:00,2737.30668,2736.885656,2736.852908,-0.4210240000002159,-0.45377200000029916,-0.4373980000002575
2023-04-08 17:45:00,2737.310179,2736.892884,2736.855792,-0.4172950000001947,-0.45438700000022436,-0.43584100000020953
2023-04-08 18:15:00,2737.305511,2736.887226,2736.852021,-0.4182850000001963,-0.45348999999987427,-0.4358875000000353
2023-04-08 18:30:00,2737.30726,2736.888067,2736.855475,-0.41919300000017756,-0.45178500000019994,-0.43548900000018875
2023-04-08 19:15:00,2737.30726,2736.888827,2736.85551,-0.41843299999982264,-0.4517500000001746,-0.43509149999999863
2023-04-08 19:45:00,2737.310179,2736.885938,2736.85668,-0.4242410000001655,-0.4534990000001926,-0.43887000000017906
2023-04-08 20:00:00,2737.310759,2736.886518,2736.857258,-0.4242410000001655,-0.4535009999999602,-0.43887100000006285
2023-04-08 20:45:00,2737.310169,2736.888267,2736.856689,-0.4219020000000455,-0.45347999999967215,-0.43769099999985883
2023-04-08 21:15:00,2737.311919,2736.882788,2736.856688,-0.429131000000325,-0.4552310000003672,-0.4421810000003461
2023-04-08 21:30:00,2737.310169,2736.884866,2736.859291,-0.42530299999998533,-0.4508779999996477,-0.43809049999981653
2023-04-08 21:45:00,2737.312508,2736.884368,2736.859881,-0.42813999999998487,-0.45262700000012046,-0.44038350000005266
2023-04-08 22:00:00,2737.314258,2736.88521,2736.859029,-0.4290479999999661,-0.45522899999969013,-0.4421384999998281
2023-04-08 22:15:00,2737.312508,2736.884548,2736.859316,-0.4279599999999846,-0.45319199999994453,-0.44057599999996455
2023-04-08 22:30:00,2737.310759,2736.882798,2736.860168,-0.42796099999986836,-0.4505909999998039,-0.43927599999983613
2023-04-08 23:00:00,2737.309589,2736.881302,2736.856396,-0.42828700000018216,-0.4531929999998283,-0.44074000000000524
2023-04-08 23:15:00,2737.311339,2736.88305,2736.860747,-0.42828899999994974,-0.4505919999996877,-0.4394404999998187
2023-04-08 23:30:00,2737.311339,2736.88031,2736.858146,-0.4310289999998531,-0.4531929999998283,-0.4421109999998407
2023-04-09 00:30:00,2737.311339,2736.873,2736.857293,-0.4383389999998144,-0.45404599999983475,-0.4461924999998246
2023-04-09 00:45:00,2737.313088,2736.87399,2736.855543,-0.4390979999998308,-0.4575449999997545,-0.44832149999979265
2023-04-09 01:00:00,2737.314838,2736.87932,2736.861645,-0.4355179999997745,-0.4531929999998283,-0.4443554999998014
2023-04-09 01:30:00,2737.314838,2736.877571,2736.862497,-0.43726699999979246,-0.4523409999997057,-0.44480399999974907
2023-04-09 02:15:00,2737.313088,2736.874169,2736.861927,-0.4389189999997143,-0.4511609999999564,-0.44503999999983535
2023-04-09 03:30:00,2737.318336,2736.874087,2736.858472,-0.4442489999996724,-0.459863999999925,-0.4520564999997987
2023-04-09 04:30:00,2737.314838,2736.870259,2736.859042,-0.4445789999999761,-0.4557959999997365,-0.4501874999998563
2023-04-09 05:15:00,2737.314838,2736.868509,2736.859324,-0.44632899999987785,-0.4555139999997664,-0.4509214999998221
2023-04-09 05:30:00,2737.314838,2736.865771,2736.856723,-0.4490669999995589,-0.458114999999907,-0.45359099999973296
2023-04-09 05:45:00,2737.313668,2736.866679,2736.857304,-0.44698899999957575,-0.4563639999996667,-0.45167649999962123
2023-04-09 06:15:00,2737.312508,2736.866361,2736.857894,-0.44614700000011,-0.45461399999976493,-0.45038049999993746
2023-04-09 06:30:00,2737.314838,2736.867519,2736.859052,-0.44731899999987945,-0.45578599999998914,-0.4515524999999343
2023-04-09 07:15:00,2737.312508,2736.862784,2736.857006,-0.4497240000000602,-0.4555019999997967,-0.45261299999992843
2023-04-09 07:30:00,2737.312508,2736.858213,2736.858755,-0.4542950000000019,-0.4537529999997787,-0.4540239999998903
2023-04-09 07:45:00,2737.312508,2736.855474,2736.856441,-0.4570340000000215,-0.4560670000000755,-0.4565505000000485
2023-04-09 08:15:00,2737.314838,2736.859963,2736.857021,-0.4548749999999018,-0.45781699999997727,-0.4563459999999395
2023-04-09 08:30:00,2737.311339,2736.856464,2736.857863,-0.4548749999999018,-0.45347599999968224,-0.454175499999792
2023-04-09 09:00:00,2737.311929,2736.857054,2736.861055,-0.4548749999999018,-0.4508740000001126,-0.4528745000000072
2023-04-09 09:15:00,2737.30843,2736.852565,2736.855851,-0.4558649999999034,-0.45257900000024165,-0.4542220000000725
2023-04-09 09:30:00,2737.30843,2736.854708,2736.856133,-0.453722000000198,-0.45229699999981676,-0.4530095000000074
2023-04-09 09:45:00,2737.30726,2736.851723,2736.854965,-0.455536999999822,-0.4522950000000492,-0.4539159999999356
2023-04-09 10:00:00,2737.305511,2736.849972,2736.855817,-0.4555390000000443,-0.44969399999990856,-0.45261649999997644
2023-04-09 10:15:00,2737.305511,2736.850799,2736.852362,-0.4547120000001996,-0.4531489999999394,-0.4539305000000695
2023-04-09 10:30:00,2737.306091,2736.852369,2736.853794,-0.4537219999997433,-0.45229699999981676,-0.45300949999978
2023-04-09 10:45:00,2737.304341,2736.850619,2736.854647,-0.453722000000198,-0.44969399999990856,-0.4517080000000533
2023-04-09 11:45:00,2737.302592,2736.852123,2736.854077,-0.45046899999988455,-0.4485150000000431,-0.4494919999999638
2023-04-09 12:00:00,2737.306091,2736.854863,2736.854973,-0.45122799999990093,-0.4511179999999513,-0.4511729999999261
2023-04-09 13:15:00,2737.303761,2736.857684,2736.855816,-0.44607700000005934,-0.4479450000003453,-0.44701100000020233
2023-04-09 13:45:00,2737.300263,2736.861414,2736.850613,-0.4388490000001184,-0.44965000000001965,-0.444249500000069
2023-04-09 14:15:00,2737.303761,2736.875953,2736.854963,-0.4278079999999136,-0.448797999999897,-0.4383029999999053
2023-04-09 14:30:00,2737.302012,2736.878031,2736.853784,-0.42398099999991246,-0.44822800000019924,-0.43610450000005585
2023-04-09 14:45:00,2737.303182,2736.884746,2736.852352,-0.41843599999992875,-0.45083000000022366,-0.4346330000000762
2023-04-09 15:00:00,2737.303182,2736.891976,2736.854102,-0.41120600000022023,-0.4490800000003219,-0.43014300000027106
2023-04-09 15:15:00,2737.301432,2736.896546,2736.851499,-0.40488600000026054,-0.4499330000003283,-0.42740950000029443
2023-04-09 16:00:00,2737.301432,2736.902868,2736.854954,-0.3985640000000785,-0.44647800000029747,-0.422521000000188
2023-04-09 16:15:00,2737.301432,2736.906597,2736.84975,-0.39483500000005733,-0.4516820000003463,-0.4232585000002018
2023-04-09 17:45:00,2737.303761,2736.924373,2736.852932,-0.37938800000029005,-0.4508290000003399,-0.41510850000031496
2023-04-09 18:00:00,2737.304931,2736.931849,2736.856703,-0.37308200000006764,-0.44822800000019924,-0.41065500000013344
2023-04-09 18:30:00,2737.305511,2736.931766,2736.851509,-0.37374499999987165,-0.45400199999994584,-0.41387349999990874
2023-04-09 18:45:00,2737.303761,2736.930119,2736.85411,-0.373642000000018,-0.44965099999990343,-0.4116464999999607
2023-04-09 19:00:00,2737.305511,2736.93187,2736.850656,-0.3736410000001342,-0.45485499999995227,-0.41424800000004325
2023-04-09 19:45:00,2737.30726,2736.930879,2736.852405,-0.3763810000000376,-0.45485499999995227,-0.41561799999999494
2023-04-09 20:15:00,2737.30784,2736.925981,2736.85412,-0.3818590000000768,-0.4537199999999757,-0.41778950000002624
2023-04-09 20:45:00,2737.304931,2736.926652,2736.852109,-0.37827900000002046,-0.45282200000019657,-0.4155505000001085
2023-04-09 21:00:00,2737.306101,2736.925083,2736.855563,-0.38101800000004005,-0.4505380000000514,-0.4157780000000457
2023-04-09 21:15:00,2737.306101,2736.927821,2736.854998,-0.37827999999990425,-0.4511030000003302,-0.41469150000011723
2023-04-09 21:45:00,2737.306101,2736.924092,2736.856748,-0.38200899999992544,-0.4493529999999737,-0.41568099999994956
2023-04-09 22:00:00,2737.304931,2736.925,2736.855578,-0.3799309999999423,-0.4493529999999737,-0.414641999999958
2023-04-09 22:30:00,2737.301432,2736.92325,2736.855008,-0.37818200000037905,-0.44642400000020643,-0.41230300000029274
2023-04-09 23:30:00,2737.303761,2736.920166,2736.853838,-0.38359500000024127,-0.4499230000001262,-0.41675900000018373
2023-04-10 00:15:00,2737.305511,2736.921917,2736.859915,-0.38359399999990273,-0.4455960000000232,-0.41459499999996297
2023-04-10 00:45:00,2737.30726,2736.9201,2736.858189,-0.38716000000022177,-0.44907100000000355,-0.41811550000011266
2023-04-10 01:00:00,2737.305511,2736.917427,2736.857312,-0.38808400000016263,-0.4481989999999314,-0.418141500000047
2023-04-10 01:15:00,2737.305511,2736.918351,2736.855588,-0.38716000000022177,-0.4499230000001262,-0.418541500000174
2023-04-10 01:30:00,2737.30726,2736.91911,2736.857337,-0.38815000000022337,-0.4499230000001262,-0.4190365000001748
2023-04-10 02:00:00,2737.305511,2736.913631,2736.854736,-0.39188000000012835,-0.45077500000024884,-0.4213275000001886
2023-04-10 03:00:00,2737.304931,2736.912969,2736.856757,-0.3919620000001487,-0.4481740000001082,-0.42006800000012845
2023-04-10 04:15:00,2737.303182,2736.911219,2736.855904,-0.3919630000000325,-0.44727800000009665,-0.41962050000006457
2023-04-10 04:45:00,2737.30901,2736.90731,2736.856484,-0.4016999999998916,-0.4525260000000344,-0.427112999999963
2023-04-10 05:30:00,2737.312508,2736.904571,2736.856767,-0.40793699999994715,-0.4557409999997617,-0.4318389999998544
2023-04-10 06:15:00,2737.313098,2736.900014,2736.857357,-0.4130840000002536,-0.45574100000021645,-0.434412500000235
2023-04-10 06:30:00,2737.314848,2736.902754,2736.859106,-0.41209399999979723,-0.45574200000010023,-0.43391799999994873
2023-04-10 07:00:00,2737.311929,2736.902426,2736.857347,-0.40950299999985873,-0.4545819999998457,-0.4320424999998522
2023-04-10 07:15:00,2737.313678,2736.904243,2736.8582,-0.4094350000000304,-0.4554779999998573,-0.43245649999994384
2023-04-10 07:30:00,2737.310759,2736.90066,2736.857029,-0.41009900000017296,-0.4537300000001778,-0.4319145000001754
2023-04-10 07:45:00,2737.310759,2736.898911,2736.854711,-0.4118479999997362,-0.4560480000000098,-0.433947999999873
2023-04-10 08:00:00,2737.312508,2736.89967,2736.85646,-0.41283800000019255,-0.4560480000000098,-0.43444300000010116
2023-04-10 08:30:00,2737.30785,2736.896761,2736.855301,-0.41108900000017456,-0.45254900000009,-0.4318190000001323
2023-04-10 08:45:00,2737.30785,2736.895012,2736.852698,-0.41283800000019255,-0.4551519999999982,-0.4339950000000954
2023-04-10 09:30:00,2737.30668,2736.892852,2736.851528,-0.41382800000019415,-0.4551519999999982,-0.4344900000000962
2023-04-10 09:45:00,2737.30668,2736.895674,2736.853278,-0.41100600000027043,-0.45340200000009645,-0.43220400000018344
2023-04-10 10:00:00,2737.304931,2736.892175,2736.848029,-0.4127560000001722,-0.4569019999999,-0.4348290000000361
2023-04-10 10:45:00,2737.300263,2736.890015,2736.848039,-0.41024800000013784,-0.45222400000011476,-0.4312360000001263
2023-04-10 11:30:00,2737.301432,2736.894914,2736.850632,-0.40651800000023286,-0.45080000000007203,-0.42865900000015245
2023-04-10 11:45:00,2737.303761,2736.895494,2736.851212,-0.40826700000025085,-0.45254900000009,-0.43040800000017043
2023-04-10 12:15:00,2737.301432,2736.898495,2736.853233,-0.40293700000029276,-0.44819900000038615,-0.42556800000033945
2023-04-10 12:30:00,2737.297933,2736.898316,2736.848882,-0.39961700000003475,-0.44905100000005405,-0.4243340000000444
2023-04-10 12:45:00,2737.299683,2736.907042,2736.847177,-0.39264100000036706,-0.4525060000000849,-0.422573500000226
2023-04-10 13:00:00,2737.302602,2736.911285,2736.853268,-0.39131700000007186,-0.4493340000003627,-0.4203255000002173
2023-04-10 13:15:00,2737.300852,2736.914024,2736.854121,-0.38682799999969575,-0.44673099999999977,-0.41677949999984776
2023-04-10 13:30:00,2737.302602,2736.918579,2736.852372,-0.38402300000007017,-0.4502300000003743,-0.4171265000002222
2023-04-10 13:45:00,2737.302602,2736.928631,2736.848917,-0.3739709999999832,-0.4536850000004051,-0.41382800000019415
2023-04-10 14:00:00,2737.302012,2736.93451,2736.850929,-0.3675020000000586,-0.45108299999992596,-0.4092924999999923
2023-04-10 14:30:00,2737.305511,2736.949808,2736.853531,-0.35570300000017596,-0.4519799999998213,-0.40384149999999863
2023-04-10 15:00:00,2737.30726,2736.962583,2736.850642,-0.344677000000047,-0.4566180000001623,-0.40064750000010463
2023-04-10 16:00:00,2737.30668,2736.981114,2736.852688,-0.3255659999999807,-0.45399200000019846,-0.3897790000000896
2023-04-10 16:15:00,2737.30785,2736.983274,2736.852108,-0.3245759999999791,-0.45574200000010023,-0.39015900000003967
2023-04-10 16:30:00,2737.306101,2736.988753,2736.85298,-0.31734800000003816,-0.4531210000000101,-0.3852345000000241
2023-04-10 16:45:00,2737.306101,2736.988521,2736.854729,-0.31757999999990716,-0.4513719999999921,-0.38447599999994964
2023-04-10 17:15:00,2737.306101,2736.99864,2736.85123,-0.3074610000003304,-0.4548709999999119,-0.38116600000012113
2023-04-10 17:45:00,2737.313098,2737.006956,2736.857332,-0.3061419999999089,-0.45576600000003964,-0.38095399999997426
2023-04-10 18:15:00,2737.314848,2737.008459,2736.855582,-0.3063889999998537,-0.4592659999998432,-0.38282749999984844
2023-04-10 18:30:00,2737.314848,2737.005966,2736.855042,-0.30888199999981225,-0.45980599999984406,-0.38434399999982816
2023-04-10 18:45:00,2737.313098,2737.003226,2736.855607,-0.3098720000002686,-0.4574910000001182,-0.3836815000001934
2023-04-10 19:00:00,2737.316007,2737.003396,2736.855889,-0.31261099999983344,-0.46011799999996583,-0.38636449999989964
2023-04-10 20:15:00,2737.314848,2736.997515,2736.854754,-0.31733299999996234,-0.4600940000000264,-0.3887134999999944
2023-04-10 20:30:00,2737.318926,2736.995356,2736.85302,-0.3235700000000179,-0.46590599999990445,-0.3947379999999612
2023-04-10 20:45:00,2737.318926,2736.994695,2736.856495,-0.32423100000005434,-0.4624309999999241,-0.3933309999999892
2023-04-10 21:15:00,2737.318926,2736.993786,2736.853892,-0.3251399999999194,-0.4650339999998323,-0.39508699999987584
2023-04-10 22:15:00,2737.319506,2736.990784,2736.854755,-0.3287219999997433,-0.4647509999999784,-0.3967364999998608
2023-04-10 22:30:00,2737.318926,2736.991954,2736.858243,-0.3269719999998415,-0.4606829999997899,-0.3938274999998157
2023-04-10 22:45:00,2737.325924,2736.995535,2736.857673,-0.33038900000019567,-0.4682510000002367,-0.39932000000021617
2023-04-10 23:00:00,2737.320676,2736.996525,2736.855642,-0.32415099999980157,-0.4650339999998323,-0.39459249999981694
2023-04-11 00:00:00,2737.322425,2736.997105,2736.85739,-0.3253199999999197,-0.4650349999997161,-0.3951774999998179
2023-04-11 00:15:00,2737.320096,2736.993703,2736.859413,-0.3263929999998254,-0.4606829999997899,-0.39353799999980765
2023-04-11 00:30:00,2737.323595,2736.990965,2736.85681,-0.33262999999988097,-0.46678499999961787,-0.3997074999997494
2023-04-11 01:00:00,2737.323595,2736.997284,2736.863765,-0.32631099999980506,-0.45982999999978347,-0.39307049999979427
2023-04-11 01:15:00,2737.321845,2736.988224,2736.862867,-0.33362099999976635,-0.45897800000011557,-0.39629949999994096
2023-04-11 02:00:00,2737.321845,2736.990963,2736.859978,-0.33088199999974677,-0.4618669999999838,-0.3963744999998653
2023-04-11 02:15:00,2737.323005,2736.989384,2736.861137,-0.3336210000002211,-0.46186800000032235,-0.39774450000027173
2023-04-11 02:45:00,2737.319506,2736.986479,2736.857663,-0.33302699999967444,-0.4618430000000444,-0.39743499999985943
2023-04-11 03:15:00,2737.322425,2736.983078,2736.858833,-0.33934699999963414,-0.4635920000000624,-0.40146949999984827
2023-04-11 03:30:00,2737.322425,2736.984827,2736.860582,-0.33759799999961615,-0.4618430000000444,-0.3997204999998303
2023-04-11 04:00:00,2737.327093,2736.985156,2736.860899,-0.34193699999968885,-0.4661940000000868,-0.40406549999988783
2023-04-11 05:00:00,2737.323595,2736.981508,2736.862605,-0.34208699999999226,-0.460990000000038,-0.4015385000000151
2023-04-11 05:15:00,2737.323595,2736.979676,2736.861752,-0.3439189999999144,-0.4618430000000444,-0.4028809999999794
2023-04-11 06:00:00,2737.323595,2736.976936,2736.860572,-0.34665899999981775,-0.4630229999997937,-0.4048409999998057
2023-04-11 06:15:00,2737.320676,2736.975767,2736.861127,-0.344908999999916,-0.4595489999996971,-0.40222899999980655
2023-04-11 06:30:00,2737.318346,2736.976111,2736.862297,-0.34223500000007334,-0.45604899999989357,-0.39914199999998345
2023-04-11 06:45:00,2737.320096,2736.975121,2736.861444,-0.3449749999999767,-0.4586519999998018,-0.40181349999988925
2023-04-11 08:15:00,2737.320676,2736.975104,2736.859729,-0.34557199999972,-0.46094700000003286,-0.4032594999998764
2023-04-11 08:30:00,2737.317177,2736.971606,2736.85623,-0.3455709999998362,-0.46094700000003286,-0.40325899999993453
2023-04-11 09:15:00,2737.316007,2736.966543,2736.857663,-0.3494639999998981,-0.45834400000012465,-0.40390400000001137
2023-04-11 09:45:00,2737.317757,2736.965947,2736.852459,-0.35180999999965934,-0.4652979999996205,-0.4085539999996399
2023-04-11 10:15:00,2737.316007,2736.966609,2736.859388,-0.34939799999983734,-0.45661900000004607,-0.4030084999999417
2023-04-11 10:30:00,2737.314258,2736.966937,2736.855037,-0.347320999999738,-0.4592210000000705,-0.40327099999990423
2023-04-11 10:45:00,2737.312508,2736.964196,2736.857638,-0.3483120000000781,-0.4548700000000281,-0.4015910000000531
2023-04-11 12:00:00,2737.315427,2736.974017,2736.85798,-0.3414099999999962,-0.45744699999977456,-0.3994284999998854
2023-04-11 12:15:00,2737.313678,2736.978735,2736.857083,-0.33494299999983923,-0.45659500000010667,-0.39576899999997295
2023-04-11 12:30:00,2737.317177,2736.981476,2736.854481,-0.3357009999999718,-0.46269600000005084,-0.39919850000001134
2023-04-11 12:45:00,2737.313678,2736.984215,2736.8568,-0.3294630000000325,-0.4568779999999606,-0.39317049999999654
2023-04-11 13:00:00,2737.318346,2736.992695,2736.857118,-0.32565100000010716,-0.4612280000001192,-0.3934395000001132
2023-04-11 13:15:00,2737.321255,2736.995501,2736.85738,-0.3257539999999608,-0.4638749999999163,-0.39481449999993856
2023-04-11 13:30:00,2737.319506,2737.00098,2736.856528,-0.31852600000001985,-0.462978000000021,-0.3907520000000204
2023-04-11 14:00:00,2737.324754,2737.011789,2736.859699,-0.31296500000007654,-0.46505500000012034,-0.38901000000009844
2023-04-11 14:15:00,2737.331172,2737.018505,2736.860016,-0.3126670000001468,-0.4711560000000645,-0.39191150000010566
2023-04-11 14:30:00,2737.328253,2737.017336,2736.857098,-0.310917000000245,-0.47115500000018073,-0.3910360000002129
2023-04-11 14:45:00,2737.327673,2737.023984,2736.859119,-0.30368899999984933,-0.46855399999958536,-0.38612149999971734
2023-04-11 15:00:00,2737.329423,2737.028555,2736.858266,-0.30086800000026415,-0.4711569999999483,-0.38601250000010623
2023-04-11 15:30:00,2737.330592,2737.036625,2736.861752,-0.2939669999996113,-0.46884000000000015,-0.3814034999998057
2023-04-11 16:15:00,2737.342248,2737.044023,2736.860309,-0.2982250000000022,-0.48193899999978385,-0.390081999999893
2023-04-11 16:30:00,2737.347496,2737.050673,2736.857707,-0.29682299999967654,-0.489788999999746,-0.3933059999997113
2023-04-11 16:45:00,2737.36674,2737.051335,2736.858559,-0.31540499999982785,-0.5081810000001497,-0.41179299999998875
2023-04-11 17:00:00,2737.360912,2737.054254,2736.858877,-0.30665799999997034,-0.502034999999978,-0.4043464999999742
2023-04-11 17:30:00,2737.355664,2737.052422,2736.859457,-0.3032419999999547,-0.4962070000001404,-0.39972450000004756
2023-04-11 18:15:00,2737.371408,2737.052602,2736.862058,-0.31880599999976766,-0.509349999999813,-0.41407799999979034
2023-04-11 18:30:00,2737.364411,2737.04978,2736.860309,-0.3146310000001904,-0.5041019999998753,-0.40936650000003283
2023-04-11 18:45:00,2737.36733,2737.04996,2736.864967,-0.31737000000021,-0.5023630000000594,-0.4098665000001347
2023-04-11 19:00:00,2737.376077,2737.048128,2736.867569,-0.3279489999999896,-0.5085079999998925,-0.41822849999994105
2023-04-11 19:15:00,2737.360332,2737.044629,2736.861468,-0.31570300000021234,-0.49886400000013964,-0.407283500000176
2023-04-11 19:30:00,2737.374327,2737.042649,2736.860625,-0.3316780000000108,-0.513702000000194,-0.4226900000001024
2023-04-11 20:00:00,2737.363831,2737.03958,2736.861478,-0.32425100000000384,-0.502353000000312,-0.41330200000015793
2023-04-11 20:15:00,2737.363831,2737.03859,2736.863228,-0.32524100000000544,-0.5006029999999555,-0.41292199999998047
2023-04-11 20:30:00,2737.36733,2737.040668,2736.862376,-0.32666199999994205,-0.5049539999999979,-0.41580799999997
2023-04-11 22:00:00,2737.362661,2737.036944,2736.864977,-0.3257170000001679,-0.4976839999999356,-0.41170050000005176
2023-04-11 23:30:00,2737.360912,2737.032371,2736.862945,-0.32854100000031394,-0.4979670000002443,-0.4132540000002791
2023-04-12 01:30:00,2737.356243,2737.02897,2736.861785,-0.3272730000003321,-0.4944580000001224,-0.41086550000022726
2023-04-12 01:45:00,2737.359742,2737.02722,2736.860035,-0.33252200000015364,-0.49970699999994395,-0.4161145000000488
2023-04-12 02:00:00,2737.357413,2737.027401,2736.862954,-0.3300120000003517,-0.4944590000000062,-0.41223550000017894
2023-04-12 02:30:00,2737.357413,2737.02623,2736.862671,-0.33118300000023737,-0.4947420000003149,-0.4129625000002761
2023-04-12 02:45:00,2737.353914,2737.02349,2736.861775,-0.33042399999976624,-0.4921389999999519,-0.4112814999998591
2023-04-12 03:00:00,2737.355084,2737.022844,2736.864694,-0.33223999999972875,-0.49038999999993393,-0.41131499999983134
2023-04-12 03:30:00,2737.351585,2737.025584,2736.863841,-0.3260009999999056,-0.4877440000000206,-0.4068724999999631
2023-04-12 04:30:00,2737.350995,2737.022834,2736.865001,-0.3281609999999091,-0.4859939999996641,-0.4070774999997866
2023-04-12 04:45:00,2737.354494,2737.022074,2736.863817,-0.3324200000001838,-0.4906770000002325,-0.41154850000020815
2023-04-12 05:00:00,2737.352745,2737.021083,2736.862964,-0.3316620000000512,-0.48978100000022096,-0.4107215000001361
2023-04-12 05:15:00,2737.352165,2737.021411,2736.866736,-0.3307539999996152,-0.48542899999984,-0.4080914999997276
2023-04-12 05:30:00,2737.357413,2737.023162,2736.865883,-0.3342510000002221,-0.49153000000023894,-0.41289050000023053
2023-04-12 06:15:00,2737.355664,2737.020422,2736.863282,-0.3352420000001075,-0.4923820000003616,-0.41381200000023455
2023-04-12 06:30:00,2737.353914,2737.019662,2736.864134,-0.33425199999965116,-0.4897799999998824,-0.4120159999997668
2023-04-12 07:30:00,2737.352745,2737.017503,2736.864713,-0.3352420000001075,-0.48803200000020297,-0.41163700000015524
2023-04-12 07:45:00,2737.350995,2737.016512,2736.86386,-0.3344829999996364,-0.4871349999998529,-0.41080899999974463
2023-04-12 08:00:00,2737.352745,2737.015752,2736.862112,-0.3369930000003478,-0.4906330000003436,-0.4138130000003457
2023-04-12 09:30:00,2737.341668,2737.007298,2736.860952,-0.33437000000003536,-0.48071600000002945,-0.4075430000000324
2023-04-12 10:00:00,2737.348086,2737.012843,2736.85835,-0.3352429999999913,-0.4897359999999935,-0.4124894999999924
2023-04-12 10:15:00,2737.348076,2737.014004,2736.859509,-0.3340720000001056,-0.48856700000033015,-0.4113195000002179
2023-04-12 10:30:00,2737.349246,2737.01466,2736.862964,-0.3345860000003995,-0.4862820000003012,-0.41043400000035035
2023-04-12 10:45:00,2737.348086,2737.0135,2736.861804,-0.33458599999994476,-0.48628199999984645,-0.4104339999998956
2023-04-12 11:00:00,2737.348086,2737.010761,2736.863554,-0.33732499999996435,-0.4845319999999447,-0.4109284999999545
2023-04-12 12:15:00,2737.343418,2737.027792,2736.865873,-0.3156260000000657,-0.4775449999997363,-0.396585499999901
2023-04-12 12:30:00,2737.349246,2737.024873,2736.862102,-0.32437300000037794,-0.4871440000001712,-0.4057585000002746
2023-04-12 12:45:00,2737.346917,2737.029609,2736.86327,-0.3173079999996844,-0.48364700000001903,-0.4004774999998517
2023-04-12 13:30:00,2737.360322,2737.045128,2736.865011,-0.31519399999979214,-0.49531100000012884,-0.4052524999999605
2023-04-12 13:45:00,2737.374907,2737.052766,2736.866181,-0.3221410000001015,-0.5087260000000242,-0.41543350000006285
2023-04-12 14:00:00,2737.369659,2737.053936,2736.865313,-0.31572300000016185,-0.5043460000001687,-0.4100345000001653
2023-04-12 14:15:00,2737.371408,2737.058322,2736.862711,-0.3130860000001121,-0.5086969999997564,-0.41089149999993424
2023-04-12 14:30:00,2737.364411,2737.062052,2736.863563,-0.30235899999979665,-0.5008480000001327,-0.4016034999999647
2023-04-12 14:45:00,2737.36732,2737.066941,2736.864723,-0.30037899999979345,-0.502596999999696,-0.4014879999997447
2023-04-12 15:00:00,2737.389482,2737.070522,2736.865293,-0.318960000000061,-0.5241890000002059,-0.4215745000001334
2023-04-12 15:15:00,2737.385403,2737.073261,2736.865283,-0.31214200000022174,-0.5201200000001336,-0.41613100000017766
2023-04-12 15:30:00,2737.387153,2737.079582,2736.863578,-0.30757100000028004,-0.5235750000001644,-0.41557300000022224
2023-04-12 15:45:00,2737.391821,2737.082501,2736.865601,-0.309320000000298,-0.526220000000194,-0.417770000000246
2023-04-12 16:30:00,2737.378406,2737.091479,2736.867915,-0.28692699999965043,-0.5104910000000018,-0.3987089999998261
2023-04-12 16:45:00,2737.376067,2737.098199,2736.865576,-0.2778680000001259,-0.5104910000000018,-0.39417950000006385
2023-04-12 17:00:00,2737.362651,2737.102689,2736.862121,-0.25996200000008685,-0.5005299999997987,-0.3802459999999428
2023-04-12 17:15:00,2737.381315,2737.104439,2736.867325,-0.276875999999902,-0.5139899999999216,-0.39543299999991177
2023-04-12 17:30:00,2737.374317,2737.105608,2736.868495,-0.26870899999994435,-0.5058219999996254,-0.3872654999997849
2023-04-12 18:00:00,2737.374317,2737.103776,2736.867642,-0.27054099999986647,-0.5066749999996318,-0.38860799999974915
2023-04-12 18:15:00,2737.401148,2737.105279,2736.866815,-0.2958690000000388,-0.5343330000000606,-0.4151010000000497
2023-04-12 18:30:00,2737.402897,2737.100559,2736.861942,-0.30233799999996336,-0.5409549999999399,-0.42164649999995163
2023-04-12 18:45:00,2737.407566,2737.103709,2736.862259,-0.3038569999998799,-0.5453069999998661,-0.424581999999873
2023-04-12 19:00:00,2737.407566,2737.100887,2736.861406,-0.30667899999980364,-0.5461599999998725,-0.4264194999998381
2023-04-12 19:15:00,2737.411065,2737.102638,2736.866804,-0.30842699999993783,-0.5442610000000059,-0.42634399999997186
2023-04-12 19:30:00,2737.407566,2737.104796,2736.864484,-0.30276999999978216,-0.5430819999996856,-0.4229259999997339
2023-04-12 19:45:00,2737.411645,2737.101975,2736.869391,-0.3096700000000965,-0.5422539999999572,-0.4259620000000268
2023-04-12 20:00:00,2737.402897,2737.100986,2736.865372,-0.30191100000001825,-0.5375249999997322,-0.41971799999987525
2023-04-12 20:15:00,2737.408146,2737.099995,2736.866268,-0.3081510000001799,-0.541877999999997,-0.42501450000008845
2023-04-12 20:30:00,2737.402897,2737.098245,2736.861064,-0.3046519999998054,-0.5418329999997695,-0.42324249999978747
2023-04-12 20:45:00,2737.392981,2737.097255,2736.861392,-0.2957259999998314,-0.5315890000001673,-0.41365749999999935
2023-04-12 21:00:00,2737.406396,2737.095423,2736.868539,-0.3109729999996489,-0.5378569999998035,-0.4244149999997262
2023-04-12 21:15:00,2737.401148,2737.097255,2736.865937,-0.303892999999789,-0.5352109999998902,-0.4195519999998396
2023-04-12 21:45:00,2737.39648,2737.096085,2736.866803,-0.30039499999975305,-0.5296769999999924,-0.41503599999987273
2023-04-12 22:00:00,2737.398229,2737.096912,2736.865098,-0.30131699999992634,-0.5331309999996847,-0.41722399999980553
2023-04-12 22:15:00,2737.391821,2737.095751,2736.866823,-0.2960700000003271,-0.5249980000003234,-0.41053400000032525
2023-04-12 22:30:00,2737.387153,2737.095095,2736.863369,-0.29205799999999726,-0.5237839999999778,-0.40792099999998754
2023-04-12 22:45:00,2737.390652,2737.097434,2736.865207,-0.2932180000002518,-0.525445000000218,-0.4093315000002349
2023-04-12 23:00:00,2737.397649,2737.096592,2736.867983,-0.301057000000128,-0.5296659999999065,-0.41536150000001726
2023-04-12 23:15:00,2737.389482,2737.090934,2736.867973,-0.29854800000020987,-0.521509000000151,-0.41002850000018043
2023-04-12 23:30:00,2737.382484,2737.095422,2736.864543,-0.2870620000003328,-0.5179410000000644,-0.4025015000001986
2023-04-12 23:45:00,2737.390652,2737.092103,2736.867418,-0.29854900000009366,-0.5232340000002296,-0.4108915000001616
2023-04-13 00:00:00,2737.39531,2737.09592,2736.867726,-0.29938999999967564,-0.5275839999999334,-0.41348699999980454
2023-04-13 00:30:00,2737.384814,2737.093841,2736.867438,-0.29097300000012183,-0.5173759999997856,-0.4041744999999537
2023-04-13 00:45:00,2737.385393,2737.092026,2736.866586,-0.29336700000021665,-0.5188069999999243,-0.4060870000000705
2023-04-13 01:00:00,2737.373148,2737.092093,2736.865688,-0.2810549999999239,-0.5074600000002647,-0.3942575000000943
2023-04-13 01:15:00,2737.388312,2737.089286,2736.867439,-0.2990260000001399,-0.5208729999999377,-0.4099495000000388
2023-04-13 01:30:00,2737.389482,2737.092272,2736.870357,-0.2972100000001774,-0.5191250000002583,-0.40816750000021784
2023-04-13 01:45:00,2737.384814,2737.094944,2736.872958,-0.28987000000006446,-0.5118560000000798,-0.40086300000007213
2023-04-13 02:00:00,2737.377816,2737.087536,2736.866006,-0.2902800000001662,-0.5118099999999686,-0.4010450000000674
2023-04-13 02:15:00,2737.370828,2737.089696,2736.865996,-0.28113200000007055,-0.5048320000000786,-0.39298200000007455
2023-04-13 03:00:00,2737.369079,2737.087864,2736.865996,-0.2812149999999747,-0.5030830000000606,-0.3921490000000176
2023-04-13 03:15:00,2737.370239,2737.08869,2736.867156,-0.28154899999981353,-0.5030830000000606,-0.39231599999993705
2023-04-13 03:30:00,2737.371988,2737.085952,2736.868008,-0.2860359999999673,-0.5039799999999559,-0.3950079999999616
2023-04-13 04:00:00,2737.378406,2737.088871,2736.869792,-0.2895349999998871,-0.5086139999998522,-0.39907449999986966
2023-04-13 04:15:00,2737.380155,2737.083557,2736.868895,-0.29659799999990355,-0.5112599999997656,-0.40392899999983456
2023-04-13 04:30:00,2737.374907,2737.084977,2736.868042,-0.289929999999913,-0.5068649999998343,-0.3983974999998736
2023-04-13 05:00:00,2737.380155,2737.085305,2736.870645,-0.29484999999976935,-0.5095099999998638,-0.4021799999998166
2023-04-13 05:45:00,2737.371408,2737.082156,2736.871541,-0.28925200000003315,-0.49986699999999473,-0.39455950000001394
2023-04-13 06:30:00,2737.374907,2737.080406,2736.87121,-0.2945009999998547,-0.503697000000102,-0.39909899999997833
2023-04-13 06:45:00,2737.369659,2737.080408,2736.868939,-0.28925100000014936,-0.5007200000000012,-0.39498550000007526
2023-04-13 07:15:00,2737.374907,2737.082239,2736.872676,-0.2926680000000488,-0.5022309999999379,-0.39744949999999335
2023-04-13 07:30:00,2737.369659,2737.073178,2736.868325,-0.2964809999998579,-0.5013340000000426,-0.39890749999995023
2023-04-13 08:00:00,2737.374907,2737.077006,2736.870971,-0.2979009999999107,-0.503936000000067,-0.40091849999998885
2023-04-13 08:15:00,2737.370239,2737.071348,2736.868905,-0.2988909999999123,-0.5013340000000426,-0.40011249999997744
2023-04-13 08:45:00,2737.371988,2737.077586,2736.872404,-0.29440199999999095,-0.49958399999968606,-0.3969929999998385
2023-04-13 09:00:00,2737.36499,2737.074087,2736.868053,-0.2909030000000712,-0.49693699999988894,-0.39391999999998006
2023-04-13 09:30:00,2737.363831,2737.073112,2736.870348,-0.290719000000081,-0.4934830000001966,-0.3921010000001388
2023-04-13 09:45:00,2737.377236,2737.075519,2736.868073,-0.30171699999982593,-0.5091629999997167,-0.4054399999997713
2023-04-13 10:00:00,2737.36674,2737.070358,2736.866674,-0.29638199999999415,-0.5000660000000607,-0.39822400000002744
2023-04-13 10:30:00,2737.36499,2737.07201,2736.868623,-0.29298000000017055,-0.4963670000001912,-0.39467350000018087
2023-04-13 10:45:00,2737.362071,2737.070506,2736.866872,-0.2915649999999914,-0.49519899999995687,-0.39338199999997414
2023-04-13 11:00:00,2737.361492,2737.067187,2736.865442,-0.2943049999998948,-0.4960500000001957,-0.39517750000004526
2023-04-13 11:15:00,2737.361492,2737.068936,2736.868043,-0.2925559999998768,-0.4934490000000551,-0.39300249999996595
2023-04-13 12:00:00,2737.359742,2737.066032,2736.865154,-0.2937099999999191,-0.49458800000002157,-0.39414899999997033
2023-04-13 12:15:00,2737.355664,2737.067121,2736.866323,-0.2885430000001179,-0.4893409999999676,-0.38894200000004275
2023-04-13 12:45:00,2737.360322,2737.066202,2736.86489,-0.2941200000000208,-0.4954320000001644,-0.3947760000000926
2023-04-13 13:00:00,2737.363821,2737.068429,2736.867493,-0.29539199999999255,-0.4963279999997212,-0.3958599999998569
2023-04-13 13:15:00,2737.357993,2737.066859,2736.866913,-0.2911340000000564,-0.4910800000002382,-0.3911070000001473
2023-04-13 13:30:00,2737.36674,2737.069271,2736.868662,-0.2974690000000919,-0.49807800000007774,-0.3977735000000848
2023-04-13 14:00:00,2737.363241,2737.066531,2736.864029,-0.2967100000000755,-0.4992120000001705,-0.397961000000123
2023-04-13 14:45:00,2737.363241,2737.07202,2736.866948,-0.29122099999995044,-0.49629300000015064,-0.39375700000005054
2023-04-13 15:00:00,2737.36557,2737.07417,2736.869529,-0.29140000000006694,-0.4960409999998774,-0.39372049999997216
2023-04-13 15:15:00,2737.357403,2737.074832,2736.86778,-0.2825710000001891,-0.48962299999993775,-0.3860970000000634
2023-04-13 15:30:00,2737.362651,2737.078561,2736.866358,-0.28409000000010565,-0.4962929999996959,-0.39019149999990077
2023-04-13 15:45:00,2737.364401,2737.080973,2736.865506,-0.2834279999997307,-0.4988949999997203,-0.3911614999997255
2023-04-13 16:00:00,2737.363821,2737.082142,2736.866676,-0.2816789999997127,-0.49714499999981854,-0.3894119999997656
2023-04-13 16:15:00,2737.369069,2737.080393,2736.866393,-0.2886759999996684,-0.502676000000065,-0.3956759999998667
2023-04-13 17:00:00,2737.36557,2737.085872,2736.86379,-0.2796979999998257,-0.5017800000000534,-0.39073899999993955
2023-04-13 17:45:00,2737.370818,2737.089766,2736.864643,-0.2810519999998178,-0.5061749999999847,-0.39361349999990125
2023-04-13 18:00:00,2737.375487,2737.093675,2736.866709,-0.28181199999971795,-0.5087779999998929,-0.39529499999980544
2023-04-13 18:45:00,2737.36499,2737.090936,2736.863256,-0.27405399999997826,-0.5017339999999422,-0.3878939999999602
2023-04-13 19:30:00,2737.375487,2737.091516,2736.865014,-0.28397099999983766,-0.5104729999998199,-0.39722199999982877
2023-04-13 19:45:00,2737.373737,2737.092358,2736.86672,-0.28137900000001537,-0.5070169999999052,-0.3941979999999603
2023-04-13 20:00:00,2737.369069,2737.089768,2736.864118,-0.2793010000000322,-0.5049509999998918,-0.392125999999962
2023-04-13 20:30:00,2737.371988,2737.087869,2736.865297,-0.28411899999991874,-0.5066910000000462,-0.39540499999998246
2023-04-13 21:00:00,2737.371988,2737.086038,2736.868752,-0.28594999999995707,-0.5032360000000153,-0.3945929999999862
2023-04-13 21:15:00,2737.375487,2737.088777,2736.866195,-0.28670999999985725,-0.5092919999997321,-0.39800099999979466
2023-04-13 22:00:00,2737.369069,2737.085956,2736.867062,-0.28311299999995754,-0.5020070000000487,-0.39256000000000313
2023-04-13 22:15:00,2737.376067,2737.081139,2736.867628,-0.29492800000025454,-0.5084390000001804,-0.40168350000021746
2023-04-13 22:45:00,2737.36732,2737.079569,2736.868796,-0.28775099999984377,-0.4985239999996338,-0.3931374999997388
2023-04-13 23:00:00,2737.370818,2737.080657,2736.870546,-0.2901609999998982,-0.500271999999768,-0.3952164999998331
2023-04-13 23:15:00,2737.369069,2737.075922,2736.86621,-0.2931469999998626,-0.5028589999997166,-0.3980029999997896
2023-04-13 23:30:00,2737.370818,2737.081647,2736.867378,-0.2891709999998966,-0.503439999999955,-0.3963054999999258
2023-04-14 00:00:00,2737.363821,2737.072603,2736.865629,-0.2912179999998443,-0.4981920000000173,-0.3947049999999308
2023-04-14 00:30:00,2737.36732,2737.076764,2736.869129,-0.2905559999999241,-0.49819099999967875,-0.3943734999998014
2023-04-14 00:45:00,2737.368489,2737.076184,2736.868261,-0.2923049999999421,-0.5002279999998791,-0.3962664999999106
2023-04-14 01:00:00,2737.359742,2737.067123,2736.866512,-0.2926190000002862,-0.4932300000000396,-0.3929245000001629
2023-04-14 01:30:00,2737.357993,2737.067042,2736.86566,-0.29095099999995,-0.49233300000014424,-0.3916420000000471
2023-04-14 01:45:00,2737.36499,2737.064303,2736.867696,-0.3006869999999253,-0.49729400000023816,-0.39899050000008174
2023-04-14 02:00:00,2737.363241,2737.063544,2736.865948,-0.2996969999999237,-0.4972929999998996,-0.39849499999991167
2023-04-14 02:15:00,2737.36732,2737.060557,2736.863925,-0.3067630000000463,-0.5033949999997276,-0.40507899999988695
2023-04-14 02:30:00,2737.363241,2737.064534,2736.865095,-0.2987069999999221,-0.49814599999990605,-0.3984264999999141
2023-04-14 02:45:00,2737.355084,2737.061728,2736.867409,-0.293355999999676,-0.48767499999985375,-0.39051549999976487
2023-04-14 03:30:00,2737.36499,2737.062554,2736.86339,-0.3024359999999433,-0.5016000000000531,-0.4020179999999982
2023-04-14 03:45:00,2737.36499,2737.060804,2736.862205,-0.3041859999998451,-0.5027850000001308,-0.40348549999998795
2023-04-14 04:00:00,2737.361492,2737.05767,2736.865991,-0.3038219999998546,-0.4955009999998765,-0.39966149999986555
2023-04-14 04:15:00,2737.357993,2737.053099,2736.866844,-0.30489399999987654,-0.4911489999999503,-0.39802149999991343
2023-04-14 04:30:00,2737.359742,2737.053181,2736.864243,-0.3065609999998742,-0.49549900000010894,-0.40102999999999156
2023-04-14 05:00:00,2737.361492,2737.05668,2736.870343,-0.3048119999998562,-0.4911489999999503,-0.39798049999990326
2023-04-14 06:00:00,2737.359742,2737.055922,2736.865992,-0.303820000000087,-0.49375000000009095,-0.398785000000089
2023-04-14 06:45:00,2737.359742,2737.053509,2736.866319,-0.30623300000024756,-0.49342299999989336,-0.39982800000007046
2023-04-14 07:15:00,2737.360322,2737.051349,2736.867752,-0.30897300000015093,-0.49256999999988693,-0.40077150000001893
2023-04-14 07:30:00,2737.356823,2737.052341,2736.86397,-0.30448200000000725,-0.4928530000001956,-0.3986675000001014
2023-04-14 08:00:00,2737.363821,2737.05508,2736.865149,-0.3087409999998272,-0.4986719999997149,-0.40370649999977104
2023-04-14 08:15:00,2737.353904,2737.05117,2736.864833,-0.30273399999987305,-0.48907099999996717,-0.3959024999999201
2023-04-14 08:30:00,2737.362651,2737.049518,2736.867762,-0.31313300000010713,-0.4948890000000574,-0.4040110000000823
2023-04-14 08:45:00,2737.364401,2737.054073,2736.868332,-0.3103280000000268,-0.4960689999998067,-0.40319849999991675
2023-04-14 09:00:00,2737.360902,2737.050343,2736.865729,-0.310559000000012,-0.49517299999979514,-0.4028659999999036
2023-04-14 09:15:00,2737.359742,2737.045619,2736.864853,-0.31412300000010873,-0.4948890000000574,-0.4045060000000831
2023-04-14 09:45:00,2737.360902,2737.048594,2736.865159,-0.31230800000003,-0.49574299999994764,-0.4040254999999888
2023-04-14 10:00:00,2737.359152,2737.046778,2736.864594,-0.31237400000009075,-0.49455799999986993,-0.40346599999998034
2023-04-14 10:15:00,2737.358573,2737.044515,2736.861933,-0.3140579999999318,-0.496639999999843,-0.4053489999998874
2023-04-14 11:00:00,2737.361492,2737.044695,2736.864001,-0.31679699999995137,-0.49749100000008184,-0.4071440000000166
2023-04-14 11:15:00,2737.356243,2737.044695,2736.863436,-0.31154800000012983,-0.49280700000008437,-0.4021775000001071
2023-04-14 11:30:00,2737.364411,2737.046444,2736.864897,-0.31796699999995326,-0.49951400000009016,-0.4087405000000217
2023-04-14 11:45:00,2737.356823,2737.043525,2736.863153,-0.3132980000000316,-0.49367000000029293,-0.40348400000016227
2023-04-14 12:00:00,2737.358573,2737.041708,2736.862831,-0.3168649999997797,-0.49574200000006385,-0.40630349999992177
2023-04-14 12:15:00,2737.354494,2737.04113,2736.864288,-0.31336400000009235,-0.49020599999994374,-0.40178500000001804
2023-04-14 12:30:00,2737.357993,2737.042878,2736.868353,-0.3151149999998779,-0.4896400000002359,-0.4023775000000569
2023-04-14 13:15:00,2737.350995,2737.042118,2736.861398,-0.30887699999993856,-0.489596999999776,-0.3992369999998573
2023-04-14 13:45:00,2737.357993,2737.041128,2736.86575,-0.31686500000023443,-0.4922430000001441,-0.40455400000018926
2023-04-14 14:00:00,2737.359152,2737.04394,2736.86516,-0.31521199999997407,-0.4939920000001621,-0.4046020000000681
2023-04-14 14:15:00,2737.360902,2737.041118,2736.86691,-0.31978399999979956,-0.49399199999970733,-0.40688799999975345
2023-04-14 14:45:00,2737.355654,2737.040359,2736.86573,-0.3152949999998782,-0.4899239999999736,-0.4026094999999259
2023-04-14 15:00:00,2737.359152,2737.037537,2736.864877,-0.3216149999998379,-0.494275000000016,-0.40794499999992695
2023-04-14 15:30:00,2737.359152,2737.038199,2736.863455,-0.32095299999991767,-0.4956969999998364,-0.40832499999987704
2023-04-14 15:45:00,2737.355654,2737.037291,2736.861706,-0.31836299999986295,-0.4939479999998184,-0.4061554999998407
2023-04-14 17:30:00,2737.362661,2737.038389,2736.867822,-0.3242720000002919,-0.4948389999999563,-0.4095555000001241
2023-04-14 18:00:00,2737.356243,2737.036638,2736.868674,-0.3196050000001378,-0.48756900000034875,-0.4035870000002433
2023-04-14 18:30:00,2737.352745,2737.033818,2736.86522,-0.318927000000258,-0.4875250000000051,-0.40322600000013153
2023-04-14 18:45:00,2737.361492,2737.038388,2736.869572,-0.32310400000005757,-0.4919199999999364,-0.407511999999997
2023-04-14 19:00:00,2737.356823,2737.033376,2736.862311,-0.32344700000021476,-0.49451200000021345,-0.4089795000002141
2023-04-14 19:15:00,2737.36557,2737.035126,2736.86349,-0.33044399999971574,-0.5020799999997507,-0.41626199999973323
2023-04-14 19:30:00,2737.363241,2737.040783,2736.869012,-0.32245800000009694,-0.4942289999999048,-0.40834350000000086
2023-04-14 19:45:00,2737.356823,2737.03448,2736.867262,-0.3223430000002736,-0.4895609999998669,-0.40595200000007026
2023-04-14 20:00:00,2737.358573,2737.03447,2736.86524,-0.32410299999992276,-0.4933329999998932,-0.408717999999908
2023-04-14 20:15:00,2737.363821,2737.03805,2736.869592,-0.3257709999998042,-0.4942289999999048,-0.4099999999998545
2023-04-14 20:30:00,2737.360322,2737.0363,2736.868694,-0.3240219999997862,-0.4916280000002189,-0.40782500000000255
2023-04-14 20:45:00,2737.359162,2737.033309,2736.866682,-0.3258530000002793,-0.49248000000034153,-0.4091665000003104
2023-04-14 21:00:00,2737.357413,2737.033161,2736.868719,-0.3242520000003424,-0.4886940000001232,-0.4064730000002328
2023-04-14 21:45:00,2737.356243,2737.03788,2736.869582,-0.3183630000003177,-0.4866610000003675,-0.4025120000003426
2023-04-14 22:00:00,2737.361492,2737.035967,2736.867877,-0.3255250000001979,-0.49361499999986336,-0.40957000000003063
2023-04-14 22:15:00,2737.355074,2737.034797,2736.86931,-0.32027700000026016,-0.4857640000000174,-0.4030205000001388
2023-04-14 23:15:00,2737.358573,2737.032319,2736.870162,-0.32625400000006266,-0.4884109999998145,-0.4073324999999386
2023-04-14 23:30:00,2737.356823,2737.02958,2736.865811,-0.3272430000001805,-0.49101199999995515,-0.4091275000000678
2023-04-15 00:30:00,2737.359742,2737.03057,2736.867862,-0.32917200000019875,-0.4918800000000374,-0.4105260000001181
2023-04-15 01:15:00,2737.356833,2737.02842,2736.869305,-0.3284129999997276,-0.48752799999965646,-0.40797049999969204
2023-04-15 01:30:00,2737.353914,2737.027497,2736.867579,-0.3264169999997648,-0.48633499999959895,-0.4063759999996819
2023-04-15 01:45:00,2737.355074,2737.033807,2736.872214,-0.32126700000026176,-0.48286000000007334,-0.40206350000016755
2023-04-15 02:00:00,2737.358583,2737.032647,2736.86933,-0.3259360000001834,-0.4892530000001898,-0.4075945000001866
2023-04-15 02:45:00,2737.355084,2737.025747,2736.866702,-0.3293369999996685,-0.4883820000000014,-0.40885949999983495
2023-04-15 03:00:00,2737.358583,2737.030236,2736.868452,-0.3283470000001216,-0.4901310000000194,-0.4092390000000705
2023-04-15 03:15:00,2737.357413,2737.029066,2736.867569,-0.3283470000001216,-0.4898440000001756,-0.4090955000001486
2023-04-15 03:30:00,2737.355664,2737.03115,2736.868468,-0.324514000000363,-0.48719600000003993,-0.40585500000020147
2023-04-15 03:45:00,2737.357413,2737.0294,2736.866717,-0.3280130000002828,-0.4906960000002982,-0.4093545000002905
2023-04-15 04:00:00,2737.353914,2737.031232,2736.86932,-0.32268199999998615,-0.4845940000000155,-0.40363800000000083
2023-04-15 04:15:00,2737.356243,2737.031812,2736.869898,-0.32443100000000413,-0.4863450000002558,-0.40538800000013
2023-04-15 04:30:00,2737.357993,2737.029071,2736.868476,-0.3289220000001478,-0.489516999999978,-0.4092195000000629
2023-04-15 04:45:00,2737.354494,2737.030904,2736.871932,-0.3235899999999674,-0.4825620000001436,-0.4030760000000555
2023-04-15 05:00:00,2737.359742,2737.030241,2736.870181,-0.3295010000001639,-0.48956100000032166,-0.4095310000002428
2023-04-15 05:15:00,2737.357993,2737.029252,2736.872828,-0.32874100000026374,-0.4851650000000518,-0.40695300000015777
2023-04-15 05:30:00,2737.355084,2737.026014,2736.870772,-0.32906999999977415,-0.4843119999995906,-0.4066909999996824
2023-04-15 05:45:00,2737.361492,2737.030831,2736.871951,-0.3306609999999637,-0.4895409999999174,-0.41010099999994054
2023-04-15 06:00:00,2737.360322,2737.026923,2736.871634,-0.3333990000000995,-0.48868799999991097,-0.4110435000000052
2023-04-15 06:15:00,2737.352165,2737.025172,2736.870781,-0.3269929999996748,-0.48138399999970716,-0.404188499999691
2023-04-15 06:45:00,2737.357403,2737.02308,2736.869899,-0.33432300000004034,-0.4875040000001718,-0.41091350000010607
2023-04-15 07:15:00,2737.352745,2737.020929,2736.870479,-0.3318160000003445,-0.48226599999998143,-0.40704100000016297
2023-04-15 07:30:00,2737.351575,2737.020171,2736.86756,-0.33140400000002046,-0.4840149999999994,-0.40770950000000994
2023-04-15 07:45:00,2737.351575,2737.021919,2736.871341,-0.329656000000341,-0.4802340000001095,-0.40494500000022526
2023-04-15 08:00:00,2737.353324,2737.023751,2736.872194,-0.32957299999998213,-0.48113000000012107,-0.4053515000000516
2023-04-15 08:15:00,2737.357403,2737.021591,2736.86875,-0.33581199999980527,-0.48865299999988565,-0.41223249999984546
2023-04-15 08:30:00,2737.356823,2737.024398,2736.869603,-0.3324250000000575,-0.48721999999997934,-0.4098225000000184
2023-04-15 09:00:00,2737.349246,2737.019179,2736.870192,-0.3300670000003265,-0.47905400000036025,-0.4045605000003434
2023-04-15 09:30:00,2737.352165,2737.018189,2736.872794,-0.33397599999989325,-0.47937099999990096,-0.4066734999998971
2023-04-15 09:45:00,2737.347496,2737.01801,2736.867273,-0.3294860000000881,-0.4802230000000236,-0.40485450000005585
2023-04-15 10:00:00,2737.342828,2737.01509,2736.863789,-0.3277379999999539,-0.4790389999998297,-0.4033884999998918
2023-04-15 10:45:00,2737.345167,2737.013023,2736.86206,-0.33214399999997113,-0.48310700000001816,-0.40762549999999464
2023-04-15 11:00:00,2737.343418,2737.01609,2736.864661,-0.3273279999998522,-0.47875699999985954,-0.40304249999985586
2023-04-15 11:15:00,2737.342248,2737.015762,2736.865241,-0.32648599999993166,-0.47700699999995777,-0.4017464999999447
2023-04-15 11:45:00,2737.347496,2737.013171,2736.864061,-0.3343249999998079,-0.4834349999996448,-0.40887999999972635
2023-04-15 12:00:00,2737.342248,2737.015003,2736.863491,-0.32724499999994805,-0.47875699999985954,-0.4030009999999038
2023-04-15 13:00:00,2737.342248,2737.01492,2736.865524,-0.3273279999998522,-0.47672400000010384,-0.402025999999978
2023-04-15 13:15:00,2737.349246,2737.016013,2736.869023,-0.3332330000002912,-0.4802230000000236,-0.4067280000001574
2023-04-15 13:30:00,2737.340499,2737.017085,2736.862921,-0.323413999999957,-0.47757799999999406,-0.40049599999997554
2023-04-15 14:00:00,2737.342828,2737.017069,2736.863219,-0.3257589999998345,-0.4796089999999822,-0.40268399999990834
2023-04-15 14:15:00,2737.344577,2737.014591,2736.865252,-0.3299859999997352,-0.4793249999997897,-0.40465549999976247
2023-04-15 14:30:00,2737.346327,2737.011092,2736.864354,-0.3352350000000115,-0.4819730000003801,-0.4086040000001958
2023-04-15 14:45:00,2737.341668,2737.011682,2736.86149,-0.32998600000018996,-0.4801780000002509,-0.40508200000022043
2023-04-15 15:00:00,2737.346327,2737.011918,2736.864389,-0.3344090000000506,-0.4819380000003548,-0.4081735000002027
2023-04-15 15:15:00,2737.345167,2737.012507,2736.863229,-0.3326600000000326,-0.48193799999990006,-0.4072989999999663
2023-04-15 15:30:00,2737.348086,2737.011516,2736.863516,-0.33656999999993786,-0.4845700000000761,-0.410570000000007
2023-04-15 15:45:00,2737.345167,2737.016237,2736.864414,-0.3289300000001276,-0.48075299999982235,-0.404841499999975
2023-04-15 16:00:00,2737.345167,2737.054345,2736.859257,-0.29082199999993463,-0.48590999999987616,-0.3883659999999054
2023-04-15 16:15:00,2737.304351,2737.03716,2736.861005,-0.26719100000036633,-0.44334600000001956,-0.35526850000019294
2023-04-15 16:30:00,2737.343418,2737.027462,2736.877477,-0.31595599999991464,-0.4659409999999298,-0.3909484999999222
2023-04-15 16:45:00,2737.345167,2737.03195,2736.874298,-0.31321699999989505,-0.47086899999976595,-0.3920429999998305
2023-04-15 17:00:00,2737.345167,2737.029211,2736.88007,-0.31595599999991464,-0.46509699999978693,-0.3905264999998508
2023-04-15 17:15:00,2737.337,2737.030514,2736.876581,-0.30648599999994985,-0.4604190000000017,-0.38345249999997577
2023-04-15 17:30:00,2737.343418,2737.031438,2736.875729,-0.31197999999994863,-0.46768900000006397,-0.3898345000000063
2023-04-15 18:00:00,2737.341668,2737.029195,2736.876011,-0.3124729999999545,-0.46565700000019206,-0.38906500000007327
2023-04-15 18:15:00,2737.345167,2737.031934,2736.87776,-0.31323299999985466,-0.46740700000009383,-0.39031999999997424
2023-04-15 18:45:00,2737.348666,2737.034525,2736.87951,-0.3141409999998359,-0.46915599999965707,-0.3916484999997465
2023-04-15 19:15:00,2737.346917,2737.039676,2736.883861,-0.30724099999997634,-0.4630560000000514,-0.3851485000000139
2023-04-15 19:30:00,2737.348666,2737.039758,2736.882111,-0.308907999999974,-0.4665549999999712,-0.3877314999999726
2023-04-15 20:00:00,2737.345167,2737.037347,2736.884714,-0.30781999999999243,-0.4604530000001432,-0.3841365000000678
2023-04-15 20:15:00,2737.349246,2737.033356,2736.882979,-0.31589000000030865,-0.46626700000024357,-0.3910785000002761
2023-04-15 20:30:00,2737.346337,2737.032048,2736.882999,-0.314288999999917,-0.46333800000002157,-0.3888134999999693
2023-04-15 20:45:00,2737.349836,2737.033037,2736.882121,-0.31679899999971894,-0.46771499999977095,-0.39225699999974495
2023-04-15 21:00:00,2737.345167,2737.027811,2736.882984,-0.31735600000001796,-0.4621830000000955,-0.3897695000000567
2023-04-15 21:15:00,2737.355084,2737.03446,2736.885903,-0.3206239999999525,-0.469180999999935,-0.39490249999994376
2023-04-15 21:30:00,2737.352165,2737.032366,2736.882132,-0.3197989999998754,-0.4700329999996029,-0.39491599999973914
2023-04-15 21:45:00,2737.346917,2737.030617,2736.881234,-0.3162999999999556,-0.46568299999989904,-0.3909914999999273
2023-04-15 22:00:00,2737.347496,2737.027467,2736.884134,-0.3200289999999768,-0.46336199999996097,-0.3916954999999689
2023-04-15 22:30:00,2737.349246,2737.029545,2736.886735,-0.3197010000003502,-0.46251100000017686,-0.3911060000002635
2023-04-15 22:45:00,2737.349836,2737.028384,2736.882404,-0.321451999999681,-0.467431999999917,-0.394441999999799
2023-04-15 23:00:00,2737.349246,2737.031377,2736.886166,-0.31786900000042806,-0.4630800000004456,-0.3904745000004368
2023-04-15 23:45:00,2737.349246,2737.026888,2736.883564,-0.3223580000003494,-0.46568200000001525,-0.39402000000018234
2023-04-16 00:00:00,2737.352745,2737.031957,2736.887916,-0.3207879999999932,-0.4648290000000088,-0.392808500000001
2023-04-16 00:30:00,2737.354494,2737.034696,2736.889665,-0.3197979999999916,-0.4648290000000088,-0.3923135000000002
2023-04-16 01:00:00,2737.352165,2737.030387,2736.889085,-0.3217779999999948,-0.46307999999999083,-0.3924289999999928
2023-04-16 01:15:00,2737.354494,2737.029217,2736.887351,-0.3252770000003693,-0.4671430000003056,-0.39621000000033746
2023-04-16 01:45:00,2737.352165,2737.030468,2736.887336,-0.32169699999985824,-0.4648290000000088,-0.3932629999999335
2023-04-16 02:30:00,2737.351585,2737.029638,2736.888224,-0.32194699999990917,-0.4633610000000772,-0.3926539999999932
2023-04-16 02:45:00,2737.351585,2737.026816,2736.885621,-0.3247689999998329,-0.4659639999999854,-0.39536649999990914
2023-04-16 03:00:00,2737.356243,2737.027976,2736.889383,-0.3282670000003236,-0.46685999999999694,-0.3975635000001603
2023-04-16 03:30:00,2737.348086,2737.028648,2736.887371,-0.319437999999991,-0.46071500000016385,-0.39007650000007743
2023-04-16 03:45:00,2737.351585,2737.027478,2736.886191,-0.32410699999991266,-0.4653939999998329,-0.3947504999998728
2023-04-16 04:00:00,2737.351585,2737.025067,2736.889647,-0.32651799999985087,-0.46193799999991825,-0.39422799999988456
2023-04-16 04:15:00,2737.343418,2737.021158,2736.885875,-0.3222599999999147,-0.45754299999998693,-0.38990149999995083
2023-04-16 04:45:00,2737.351585,2737.022328,2736.886756,-0.32925699999987046,-0.4648290000000088,-0.39704299999993964
2023-04-16 05:15:00,2737.349836,2737.023318,2736.887326,-0.32651799999985087,-0.46250999999983833,-0.3945139999998446
2023-04-16 06:00:00,2737.353334,2737.024077,2736.889973,-0.32925699999987046,-0.4633610000000772,-0.3963089999999738
2023-04-16 06:15:00,2737.355664,2737.024739,2736.888234,-0.33092500000020664,-0.46743000000014945,-0.39917750000017804
2023-04-16 06:30:00,2737.351585,2737.026899,2736.890255,-0.32468599999992875,-0.46133000000008906,-0.3930080000000089
2023-04-16 06:45:00,2737.350415,2737.02299,2736.889939,-0.32742499999994834,-0.4604759999997441,-0.3939504999998462
2023-04-16 07:15:00,2737.348666,2737.02124,2736.883555,-0.32742599999983213,-0.46511099999997896,-0.39626849999990554
2023-04-16 07:30:00,2737.347496,2737.020071,2736.883565,-0.32742499999994834,-0.46393099999977494,-0.39567799999986164
2023-04-16 07:45:00,2737.345747,2737.02397,2736.882713,-0.32177699999965625,-0.4630339999998796,-0.3924054999997679
2023-04-16 08:15:00,2737.344587,2737.02456,2736.882406,-0.3200270000002092,-0.46218099999987317,-0.3911040000000412
2023-04-16 08:45:00,2737.346337,2737.02182,2736.885008,-0.3245170000000144,-0.4613289999997505,-0.39292299999988245
2023-04-16 09:00:00,2737.342838,2737.018321,2736.884111,-0.3245170000000144,-0.45872700000018085,-0.3916220000000976
2023-04-16 09:15:00,2737.341668,2737.017151,2736.882376,-0.3245170000000144,-0.4592920000000049,-0.39190450000000965
2023-04-16 09:30:00,2737.345167,2737.016489,2736.884978,-0.32867799999985436,-0.46018899999990026,-0.3944334999998773
2023-04-16 10:00:00,2737.33817,2737.013585,2736.883229,-0.3245849999998427,-0.4549409999999625,-0.3897629999999026
2023-04-16 10:30:00,2737.341668,2737.011837,2736.880628,-0.32983100000001286,-0.4610400000001391,-0.395435500000076
2023-04-16 10:45:00,2737.343418,2737.013586,2736.88148,-0.32983199999989665,-0.46193799999991825,-0.39588499999990745
2023-04-16 12:15:00,2737.339339,2737.013006,2736.87976,-0.3263329999999769,-0.4595790000003035,-0.3929560000001402
2023-04-16 12:30:00,2737.33584,2737.014756,2736.88033,-0.32108400000015536,-0.45551000000023123,-0.3882970000001933
2023-04-16 13:00:00,2737.33584,2737.018551,2736.87801,-0.31728900000007343,-0.4578300000002855,-0.38755950000017947
2023-04-16 13:15:00,2737.333501,2737.016905,2736.881489,-0.3165960000001178,-0.45201200000019526,-0.3843040000001565
2023-04-16 13:30:00,2737.337,2737.015729,2736.882342,-0.3212709999997969,-0.4546580000001086,-0.38796449999995275
2023-04-16 14:00:00,2737.342248,2737.01738,2736.87799,-0.32486800000015137,-0.4642579999999725,-0.39456300000006195
2023-04-16 14:15:00,2737.341668,2737.024789,2736.882659,-0.3168789999999717,-0.459009000000151,-0.38794400000006135
2023-04-16 14:45:00,2737.346917,2737.02403,2736.883512,-0.32288699999980963,-0.4634049999999661,-0.39314599999988786
2023-04-16 15:00:00,2737.339919,2737.021289,2736.88091,-0.318630000000212,-0.459009000000151,-0.3888195000001815
2023-04-16 15:15:00,2737.342838,2737.025198,2736.885252,-0.3176400000002104,-0.45758599999999205,-0.38761300000010124
2023-04-16 15:30:00,2737.342838,2737.024208,2736.884965,-0.318630000000212,-0.4578729999998359,-0.38825150000002395
2023-04-16 15:45:00,2737.344587,2737.024356,2736.880613,-0.3202310000001489,-0.4639740000002348,-0.39210250000019187
2023-04-16 16:00:00,2737.351585,2737.027937,2736.883214,-0.32364800000004834,-0.4683709999999337,-0.396009499999991
2023-04-16 16:15:00,2737.347496,2737.030087,2736.884374,-0.31740899999977046,-0.4631219999996574,-0.39026549999971394
2023-04-16 16:45:00,2737.350995,2737.030667,2736.882649,-0.32032799999979034,-0.46834599999965576,-0.39433699999972305
2023-04-16 17:00:00,2737.350415,2737.032827,2736.883819,-0.31758799999988696,-0.466595999999754,-0.3920919999998205
2023-04-16 17:15:00,2737.343418,2737.033482,2736.882639,-0.309936000000107,-0.46077900000000227,-0.38535750000005464
2023-04-16 18:45:00,2737.355084,2737.036402,2736.88556,-0.318681999999626,-0.46952399999963745,-0.3941029999996317
2023-04-16 19:00:00,2737.353334,2737.03815,2736.887309,-0.31518400000004476,-0.4660249999997177,-0.3906044999998812
2023-04-16 19:15:00,2737.346337,2737.034651,2736.882957,-0.3116860000000088,-0.4633800000001429,-0.38753300000007584
2023-04-16 19:30:00,2737.355084,2737.036401,2736.884706,-0.3186829999999645,-0.4703779999999824,-0.39453049999997347
2023-04-16 19:45:00,2737.351585,2737.035745,2736.884137,-0.31583999999975276,-0.46744799999987663,-0.3916439999998147
2023-04-16 20:00:00,2737.354494,2737.034099,2736.886436,-0.3203950000001896,-0.4680580000003829,-0.39422650000028625
2023-04-16 20:30:00,2737.356243,2737.031358,2736.885866,-0.32488499999999476,-0.47037700000009863,-0.3976310000000467
2023-04-16 20:45:00,2737.358583,2737.031948,2736.884707,-0.3266350000003513,-0.4738760000000184,-0.40025550000018484
2023-04-16 21:15:00,2737.356833,2737.032606,2736.886738,-0.3242269999996097,-0.47009499999967375,-0.3971609999996417
2023-04-16 21:30:00,2737.356833,2737.031682,2736.885886,-0.3251510000000053,-0.4709469999997964,-0.39804899999990084
2023-04-16 22:15:00,2737.350995,2737.031025,2736.887616,-0.31996999999955733,-0.46337899999980436,-0.39167449999968085
2023-04-16 22:30:00,2737.350995,2737.033766,2736.890218,-0.31722899999977017,-0.46077699999977995,-0.38900299999977506
2023-04-16 23:30:00,2737.349246,2737.032017,2736.887606,-0.3172290000002249,-0.46164000000044325,-0.3894345000003341
2023-04-17 00:15:00,2737.359162,2737.031355,2736.884152,-0.32780700000012075,-0.4750100000001112,-0.40140850000011596
2023-04-17 00:30:00,2737.353914,2737.030693,2736.886174,-0.3232209999996485,-0.46773999999959415,-0.3954804999996213
2023-04-17 00:45:00,2737.353914,2737.027953,2736.885604,-0.3259610000000066,-0.46830999999974665,-0.39713549999987663
2023-04-17 01:15:00,2737.352165,2737.029703,2736.888776,-0.3224619999996321,-0.4633890000000065,-0.3929254999998193
2023-04-17 01:30:00,2737.352165,2737.027626,2736.885887,-0.32453899999973146,-0.46627799999987474,-0.3954084999998031
2023-04-17 01:45:00,2737.356823,2737.030535,2736.889648,-0.3262880000002042,-0.4671750000002248,-0.3967315000002145
2023-04-17 02:00:00,2737.349826,2737.02796,2736.887047,-0.32186600000022736,-0.462778999999955,-0.39232250000009117
2023-04-17 02:15:00,2737.353324,2737.026211,2736.885866,-0.3271130000002813,-0.46745800000007875,-0.39728550000018004
2023-04-17 02:30:00,2737.357993,2737.02913,2736.889069,-0.3288630000001831,-0.4689240000002428,-0.39889350000021295
2023-04-17 02:45:00,2737.359742,2737.0307,2736.885614,-0.3290420000002996,-0.47412800000029165,-0.4015850000002956
2023-04-17 03:00:00,2737.357993,2737.026308,2736.888787,-0.3316850000001068,-0.46920600000021295,-0.4004455000001599
2023-04-17 03:45:00,2737.357413,2737.02814,2736.884436,-0.3292730000002848,-0.4729770000003555,-0.40112500000032014
2023-04-17 04:00:00,2737.346327,2737.024379,2736.883265,-0.3219480000002477,-0.46306200000026365,-0.3925050000002557
2023-04-17 04:15:00,2737.359162,2737.027299,2736.886184,-0.3318630000003395,-0.47297800000023926,-0.4024205000002894
2023-04-17 05:00:00,2737.352745,2737.024559,2736.888217,-0.32818600000018705,-0.46452799999997296,-0.39635700000008
2023-04-17 05:30:00,2737.356823,2737.029115,2736.890228,-0.327708000000257,-0.4665949999998702,-0.3971515000000636
2023-04-17 05:45:00,2737.353914,2737.023401,2736.88964,-0.3305129999998826,-0.46427399999993213,-0.39739349999990736
2023-04-17 06:00:00,2737.352155,2737.025549,2736.8908,-0.32660600000008344,-0.46135499999991225,-0.39398049999999785
2023-04-17 06:15:00,2737.353904,2737.027366,2736.891652,-0.3265380000002551,-0.46225200000026234,-0.39439500000025873
2023-04-17 06:30:00,2737.360322,2737.029116,2736.889377,-0.33120599999983824,-0.4709450000000288,-0.4010754999999335
2023-04-17 06:45:00,2737.353904,2737.030106,2736.886774,-0.323797999999897,-0.4671299999999974,-0.3954639999999472
2023-04-17 07:00:00,2737.355664,2737.027956,2736.888787,-0.327708000000257,-0.4668770000002951,-0.39729250000027605
2023-04-17 07:15:00,2737.349246,2737.023467,2736.887028,-0.32577900000023874,-0.4622180000001208,-0.3939985000001798
2023-04-17 07:45:00,2737.352745,2737.019558,2736.885006,-0.33318700000018,-0.4677390000001651,-0.40046300000017254
2023-04-17 08:15:00,2737.346327,2737.020548,2736.881834,-0.32577900000023874,-0.4644930000004024,-0.39513600000032056
2023-04-17 08:30:00,2737.352745,2737.021642,2736.883583,-0.3311029999999846,-0.46916200000032404,-0.4001325000001543
2023-04-17 09:00:00,2737.351575,2737.021462,2736.879777,-0.330112999999983,-0.47179800000003524,-0.4009555000000091
2023-04-17 09:15:00,2737.346327,2737.019378,2736.880629,-0.32694900000024063,-0.46569799999997485,-0.39632350000010774
2023-04-17 09:45:00,2737.346327,2737.020368,2736.882087,-0.32595900000023903,-0.46424000000024535,-0.3950995000002422
2023-04-17 10:15:00,2737.356243,2737.0188,2736.884962,-0.33744300000034855,-0.47128100000009,-0.40436200000021927
2023-04-17 11:15:00,2737.344577,2737.020778,2736.878018,-0.3237989999997808,-0.4665589999999611,-0.39517899999987094
2023-04-17 11:30:00,2737.344577,2737.017973,2736.881473,-0.3266039999998611,-0.46310399999993024,-0.3948539999998957
2023-04-17 11:45:00,2737.343998,2737.022708,2736.886993,-0.32128999999986263,-0.45700499999975364,-0.38914749999980813
2023-04-17 12:00:00,2737.345747,2737.019803,2736.88581,-0.32594399999970847,-0.459936999999627,-0.39294049999966774
2023-04-17 12:15:00,2737.350995,2737.021554,2736.88354,-0.32944099999986065,-0.46745499999997264,-0.39844799999991665
2023-04-17 12:30:00,2737.345157,2737.020882,2736.885264,-0.324275000000398,-0.45989300000019284,-0.3920840000002954
2023-04-17 12:45:00,2737.350405,2737.019132,2736.883515,-0.3312730000002375,-0.4668900000001486,-0.39908150000019305
2023-04-17 13:00:00,2737.346327,2737.023041,2736.887286,-0.3232860000002802,-0.4590410000000702,-0.3911635000001752
2023-04-17 13:15:00,2737.348076,2737.023703,2736.885537,-0.32437300000037794,-0.46253900000010617,-0.39345600000024206
2023-04-17 13:30:00,2737.351575,2737.024693,2736.881756,-0.3268820000002961,-0.46981899999991583,-0.39835050000010597
2023-04-17 13:45:00,2737.346327,2737.028423,2736.884357,-0.31790399999999863,-0.4619700000002922,-0.3899370000001454
2023-04-17 14:00:00,2737.351575,2737.029182,2736.886108,-0.32239299999992,-0.46546699999998964,-0.3939299999999548
2023-04-17 14:15:00,2737.356243,2737.036821,2736.883822,-0.3194220000000314,-0.472421000000395,-0.3959215000002132
2023-04-17 14:30:00,2737.352745,2737.03857,2736.885571,-0.31417499999997744,-0.46717400000034104,-0.39067450000015924
2023-04-17 14:45:00,2737.357403,2737.045947,2736.885553,-0.31145599999990736,-0.47184999999990396,-0.39165299999990566
2023-04-17 15:15:00,2737.352155,2737.04978,2736.88697,-0.302375000000211,-0.4651850000000195,-0.38378000000011525
2023-04-17 15:30:00,2737.360902,2737.052519,2736.886118,-0.3083830000000489,-0.47478399999999965,-0.3915835000000243
2023-04-17 15:45:00,2737.362071,2737.052847,2736.88639,-0.30922400000008565,-0.475680999999895,-0.3924524999999903
2023-04-17 16:00:00,2737.363821,2737.058737,2736.885538,-0.30508400000007896,-0.4782829999999194,-0.3916834999999992
2023-04-17 16:15:00,2737.36499,2737.061656,2736.887277,-0.3033340000001772,-0.47771300000022165,-0.3905235000001994
2023-04-17 16:30:00,2737.362071,2737.064215,2736.883798,-0.297856000000138,-0.47827300000017203,-0.388064500000155
2023-04-17 17:45:00,2737.368489,2737.054673,2736.888139,-0.31381599999986065,-0.48034999999981665,-0.39708299999983865
2023-04-17 18:00:00,2737.367899,2737.054663,2736.884948,-0.31323599999996077,-0.4829509999999573,-0.398093499999959
2023-04-17 18:15:00,2737.369649,2737.051924,2736.8858,-0.3177250000003369,-0.48384900000019115,-0.400787000000264
2023-04-17 19:45:00,2737.36732,2737.053094,2736.89047,-0.31422599999996237,-0.4768500000000131,-0.39553799999998773
2023-04-17 20:30:00,2737.36732,2737.049297,2736.885266,-0.3180229999998119,-0.48205400000006193,-0.4000384999999369
2023-04-17 20:45:00,2737.369069,2737.049626,2736.886162,-0.3194429999998647,-0.48290700000006836,-0.40117499999996653
2023-04-17 21:00:00,2737.376646,2737.048456,2736.89105,-0.32819000000017695,-0.4855959999999868,-0.4068930000000819
2023-04-17 21:30:00,2737.372568,2737.048636,2736.890796,-0.32393199999978606,-0.48177199999963705,-0.40285199999971155
2023-04-17 21:45:00,2737.373148,2737.046476,2736.889627,-0.3266720000001442,-0.4835210000001098,-0.405096500000127
2023-04-17 22:00:00,2737.371398,2737.046215,2736.890197,-0.32518300000037925,-0.4812010000000555,-0.4031920000002174
2023-04-17 23:00:00,2737.371398,2737.048956,2736.889628,-0.32244200000013734,-0.4817700000003242,-0.4021060000002308
2023-04-17 23:45:00,2737.374317,2737.044581,2736.893969,-0.3297359999996843,-0.4803479999995943,-0.4050419999996393
2023-04-18 00:00:00,2737.370818,2737.044482,2736.891368,-0.326336000000083,-0.4794499999998152,-0.4028929999999491
2023-04-18 00:15:00,2737.372568,2737.043822,2736.89222,-0.3287459999996827,-0.4803479999995943,-0.4045469999996385
2023-04-18 00:30:00,2737.364411,2737.045571,2736.890515,-0.3188399999999092,-0.4738959999999679,-0.39636799999993855
2023-04-18 00:45:00,2737.36499,2737.039913,2736.89105,-0.32507699999996476,-0.4739399999998568,-0.3995084999999108
2023-04-18 01:00:00,2737.370818,2737.042832,2736.893116,-0.3279859999997825,-0.477701999999681,-0.40284399999973175
2023-04-18 01:30:00,2737.371398,2737.035342,2736.885846,-0.3360560000000987,-0.4855520000000979,-0.4108040000000983
2023-04-18 01:45:00,2737.357993,2737.036332,2736.88495,-0.3216609999999491,-0.47304299999996147,-0.3973519999999553
2023-04-18 02:15:00,2737.367909,2737.03585,2736.890189,-0.3320589999998447,-0.4777199999998629,-0.4048894999998538
2023-04-18 02:30:00,2737.364411,2737.037599,2736.889337,-0.32681200000024546,-0.4750739999999496,-0.4009430000000975
2023-04-18 02:45:00,2737.364411,2737.034017,2736.889619,-0.33039400000006935,-0.47479199999997945,-0.4025930000000244
2023-04-18 03:00:00,2737.362661,2737.03661,2736.893971,-0.32605100000000675,-0.4686900000001515,-0.3973705000000791
2023-04-18 03:30:00,2737.372578,2737.03486,2736.893391,-0.3377179999997679,-0.47918699999991077,-0.40845249999983935
2023-04-18 03:45:00,2737.370828,2737.033111,2736.889609,-0.33771699999988414,-0.48121900000023743,-0.4094680000000608
2023-04-18 04:15:00,2737.369659,2737.028376,2736.887587,-0.3412829999997484,-0.4820719999997891,-0.41167749999976877
2023-04-18 04:30:00,2737.362081,2737.032121,2736.891641,-0.32996000000002823,-0.47044000000005326,-0.40020000000004075
2023-04-18 04:45:00,2737.370828,2737.032054,2736.888757,-0.338774000000285,-0.4820709999999053,-0.41042250000009517
2023-04-18 05:30:00,2737.363831,2737.029316,2736.890788,-0.33451500000001033,-0.47304299999996147,-0.4037789999999859
2023-04-18 05:45:00,2737.36733,2737.026575,2736.891359,-0.340755000000172,-0.47597099999984493,-0.40836300000000847
2023-04-18 06:00:00,2737.360332,2737.027566,2736.890507,-0.33276599999999235,-0.46982500000012806,-0.4012955000000602
2023-04-18 06:30:00,2737.36499,2737.030475,2736.895121,-0.33451500000001033,-0.46986900000001697,-0.40219200000001365
2023-04-18 06:45:00,2737.370828,2737.028326,2736.894858,-0.34250199999996767,-0.47596999999996115,-0.4092359999999644
2023-04-18 07:30:00,2737.36558,2737.023076,2736.888757,-0.34250400000019,-0.4768229999999676,-0.4096635000000788
2023-04-18 08:00:00,2737.363831,2737.023077,2736.89079,-0.3407540000002882,-0.4730410000001939,-0.40689750000024105
2023-04-18 08:30:00,2737.359162,2737.020738,2736.887871,-0.3384240000000318,-0.4712910000002921,-0.40485750000016196
2023-04-18 08:45:00,2737.363831,2737.019167,2736.887008,-0.3446640000001935,-0.4768229999999676,-0.41074350000008053
2023-04-18 09:15:00,2737.36674,2737.023067,2736.887314,-0.34367299999985335,-0.4794259999998758,-0.41154949999986457
2023-04-18 10:00:00,2737.355664,2737.018987,2736.885838,-0.33667700000023615,-0.46982600000001185,-0.403251500000124
2023-04-18 10:15:00,2737.355664,2737.016248,2736.884089,-0.33941600000025574,-0.47157500000002983,-0.4054955000001428
2023-04-18 10:45:00,2737.357993,2737.016827,2736.884668,-0.3411660000001575,-0.4733249999999316,-0.40724550000004456
2023-04-18 11:15:00,2737.359162,2737.017997,2736.887589,-0.3411650000002737,-0.47157300000026225,-0.406369000000268
2023-04-18 11:30:00,2737.355664,2737.016247,2736.886691,-0.3394170000001395,-0.4689730000000054,-0.40419500000007247
2023-04-18 12:15:00,2737.360332,2737.019084,2736.892213,-0.34124800000017785,-0.4681190000001152,-0.4046835000001465
2023-04-18 12:30:00,2737.360332,2737.016575,2736.885258,-0.343757000000096,-0.47507400000040434,-0.4094155000002502
2023-04-18 12:45:00,2737.358583,2737.021065,2736.889322,-0.3375180000002729,-0.4692610000001878,-0.4033895000002303
2023-04-18 13:15:00,2737.356823,2737.021235,2736.891335,-0.33558799999991606,-0.4654880000002777,-0.40053800000009687
2023-04-18 13:45:00,2737.361492,2737.021891,2736.887881,-0.3396010000001297,-0.47361099999989165,-0.4066060000000107
2023-04-18 14:00:00,2737.356823,2737.022225,2736.886983,-0.33459799999991446,-0.4698400000002039,-0.40221900000005917
2023-04-18 14:45:00,2737.359742,2737.027123,2736.886121,-0.3326190000002498,-0.4736210000000938,-0.4031200000001718
2023-04-18 15:00:00,2737.364411,2737.027964,2736.887826,-0.3364470000001347,-0.47658499999988635,-0.40651600000001054
2023-04-18 15:15:00,2737.374907,2737.035007,2736.888724,-0.33989999999994325,-0.4861829999999827,-0.413041499999963
2023-04-18 15:30:00,2737.378406,2737.034859,2736.888724,-0.3435469999999441,-0.4896819999999025,-0.4166144999999233
2023-04-18 15:45:00,2737.376656,2737.035089,2736.886974,-0.3415669999999409,-0.4896819999999025,-0.4156244999999217
2023-04-18 16:00:00,2737.376656,2737.03783,2736.885269,-0.338825999999699,-0.49138700000003155,-0.41510649999986526
2023-04-18 16:15:00,2737.381325,2737.043159,2736.89136,-0.3381660000000011,-0.4899649999997564,-0.41406549999987874
2023-04-18 16:30:00,2737.383654,2737.045057,2736.888441,-0.33859700000039084,-0.4952130000001489,-0.41690500000026987
2023-04-18 16:45:00,2737.379575,2737.045899,2736.888739,-0.3336759999997412,-0.49083599999994476,-0.41225599999984297
2023-04-18 17:00:00,2737.380155,2737.048638,2736.887568,-0.3315169999996215,-0.4925869999997303,-0.4120519999996759
2023-04-18 17:15:00,2737.386573,2737.049808,2736.889918,-0.33676500000001397,-0.49665500000037355,-0.41671000000019376
2023-04-18 17:30:00,2737.377826,2737.04806,2736.885566,-0.3297659999998359,-0.4922599999999875,-0.4110129999999117
2023-04-18 18:00:00,2737.384824,2737.05047,2736.888169,-0.33435400000007576,-0.49665500000037355,-0.41550450000022465
2023-04-18 18:15:00,2737.384824,2737.049712,,-0.33511200000020835,,-0.33511200000020835
2023-04-18 18:30:00,2737.379575,2737.048967,2736.893348,-0.33060799999975643,-0.4862269999998716,-0.408417499999814
2023-04-18 18:45:00,2737.386573,2737.046227,2736.890464,-0.3403460000004088,-0.49610900000016045,-0.41822750000028464
2023-04-18 19:30:00,2737.391231,2737.041678,2736.892521,-0.34955300000001444,-0.49870999999984633,-0.4241314999999304
2023-04-18 19:45:00,2737.39414,2737.039927,2736.89077,-0.3542130000000725,-0.5033699999999044,-0.42879149999998845
2023-04-18 20:00:00,2737.385983,2737.042011,2736.892804,-0.3439720000001216,-0.49317900000005466,-0.41857550000008814
2023-04-18 20:15:00,2737.389482,2737.039102,2736.891644,-0.35037999999985914,-0.49783800000022893,-0.42410900000004403
2023-04-18 20:30:00,2737.401728,2737.039861,2736.894246,-0.36186699999962,-0.5074819999999818,-0.4346744999998009
2023-04-18 20:45:00,2737.391231,2737.042601,2736.892541,-0.34862999999995736,-0.4986899999998968,-0.4236599999999271
2023-04-18 21:00:00,2737.39473,2737.038873,2736.895425,-0.3558570000000145,-0.49930499999982203,-0.4275809999999183
2023-04-18 21:15:00,2737.390642,2737.035954,2736.892234,-0.3546879999998964,-0.4984079999999267,-0.42654799999991155
2023-04-18 21:30:00,2737.392391,2737.039354,2736.892233,-0.3530369999998584,-0.5001579999998285,-0.4265974999998434
2023-04-18 21:45:00,2737.3959,2737.034531,2736.892215,-0.36136900000019523,-0.5036850000001323,-0.43252700000016375
2023-04-18 22:15:00,2737.385983,2737.035619,2736.894816,-0.35036399999989953,-0.49116700000013225,-0.4207655000000159
2023-04-18 22:45:00,2737.391231,2737.03288,2736.889611,-0.35835099999985687,-0.5016200000000026,-0.42998549999992974
2023-04-18 23:00:00,2737.385983,2737.035621,2736.887906,-0.35036200000013196,-0.49807700000019395,-0.42421950000016295
2023-04-18 23:15:00,2737.387143,2737.030476,2736.891337,-0.35666700000001583,-0.49580599999990227,-0.42623649999995905
2023-04-18 23:30:00,2737.375487,2737.032225,2736.893086,-0.34326199999986784,-0.4824009999997543,-0.41283149999981106
2023-04-18 23:45:00,2737.390642,2737.030066,2736.895123,-0.3605760000000373,-0.49551900000005844,-0.4280475000000479
2023-04-19 00:00:00,2737.388892,2737.029486,2736.893373,-0.3594060000000354,-0.49551900000005844,-0.42746250000004693
2023-04-19 00:30:00,2737.389482,2737.027337,2736.89311,-0.362145000000055,-0.4963720000000649,-0.42925850000005994
2023-04-19 01:00:00,2737.385983,2737.026413,2736.894816,-0.3595700000000761,-0.49116700000013225,-0.4253685000001042
2023-04-19 01:15:00,2737.384234,2737.027403,2736.891644,-0.3568310000000565,-0.4925900000002912,-0.42471050000017385
2023-04-19 01:45:00,2737.389482,2737.026347,2736.893964,-0.3631350000000566,-0.49551800000017465,-0.42932650000011563
2023-04-19 02:00:00,2737.388892,2737.026845,2736.892521,-0.36204700000007506,-0.49637099999972634,-0.4292089999999007
2023-04-19 02:15:00,2737.390642,2737.023264,2736.895123,-0.36737799999991694,-0.49551900000005844,-0.4314484999999877
2023-04-19 02:30:00,2737.388892,2737.025674,2736.894835,-0.36321799999996074,-0.4940569999998843,-0.4286374999999225
2023-04-19 03:00:00,2737.383654,2737.024106,2736.896858,-0.359548000000359,-0.48679600000014034,-0.4231720000002497
2023-04-19 03:15:00,2737.384814,2737.022356,2736.896005,-0.36245800000006057,-0.48880899999994654,-0.42563350000000355
2023-04-19 03:30:00,2737.383064,2737.021284,2736.897754,-0.36178000000018073,-0.4853100000000268,-0.42354500000010376
2023-04-19 03:45:00,2737.375487,2737.016615,2736.895688,-0.358871999999792,-0.47979899999972986,-0.41933549999976094
2023-04-19 04:45:00,2737.383064,2737.020525,2736.896858,-0.3625390000001971,-0.48620600000003833,-0.4243725000001177
2023-04-19 05:00:00,2737.379575,2737.016148,2736.898028,-0.3634269999997741,-0.48154699999986406,-0.4224869999998191
2023-04-19 05:15:00,2737.384824,2737.017138,2736.895425,-0.3676860000000488,-0.48939900000004855,-0.4285425000000487
2023-04-19 06:30:00,2737.374327,2737.014399,2736.893394,-0.35992799999985436,-0.48093299999982264,-0.4204304999998385
2023-04-19 07:15:00,2737.383074,2737.012321,2736.892823,-0.370752999999695,-0.49025099999971644,-0.43050199999970573
2023-04-19 07:45:00,2737.381905,2737.009649,2736.889904,-0.3722560000001067,-0.49200100000007296,-0.43212850000008984
2023-04-19 08:30:00,2737.383654,2737.015968,2736.895109,-0.3676860000000488,-0.4885450000001583,-0.42811550000010357
2023-04-19 08:45:00,2737.388312,2737.011479,2736.892506,-0.37683300000026065,-0.49580599999990227,-0.43631950000008146
2023-04-19 09:00:00,2737.380155,2737.013229,2736.894256,-0.3669259999996939,-0.48589899999979025,-0.42641249999974207
2023-04-19 09:15:00,2737.376656,2737.01031,2736.890475,-0.366345999999794,-0.4861809999997604,-0.4262634999997772
2023-04-19 09:45:00,2737.373158,2737.006908,2736.889622,-0.3662500000000364,-0.48353599999973085,-0.4248929999998836
2023-04-19 10:15:00,2737.371408,2737.003081,2736.888724,-0.36832700000013574,-0.48268400000006295,-0.42550550000009935
2023-04-19 10:45:00,2737.36499,2737.005738,2736.889304,-0.35925200000019686,-0.47568600000022343,-0.41746900000021014
2023-04-19 11:15:00,2737.381905,2737.011151,2736.892223,-0.37075400000003356,-0.4896820000003572,-0.4302180000001954
2023-04-19 11:30:00,2737.371408,2737.00483,2736.885271,-0.36657800000011775,-0.4861369999998715,-0.4263574999999946
2023-04-19 12:00:00,2737.381325,2737.012238,2736.886464,-0.3690870000000359,-0.49486099999967337,-0.43197399999985464
2023-04-19 12:15:00,2737.374327,2737.006907,2736.889637,-0.36742000000003827,-0.48468999999977314,-0.4260549999999057
2023-04-19 12:30:00,2737.370818,2737.008723,2736.888194,-0.36209499999995387,-0.4826239999997597,-0.4223594999998568
2023-04-19 13:00:00,2737.377236,2737.007897,2736.890464,-0.3693389999998544,-0.4867719999997462,-0.4280554999998003
2023-04-19 13:15:00,2737.372568,2737.010637,2736.889612,-0.3619309999999132,-0.48295599999983096,-0.4224434999998721
2023-04-19 13:30:00,2737.385403,2737.017121,2736.895986,-0.36828200000036304,-0.4894170000002305,-0.42884950000029676
2023-04-19 13:45:00,2737.380735,2737.018871,2736.898587,-0.36186399999996866,-0.482148000000052,-0.4220060000000103
2023-04-19 14:00:00,2737.380155,2737.016956,2736.892531,-0.363198999999895,-0.48762399999986883,-0.4254114999998819
2023-04-19 14:15:00,2737.390072,2737.018953,2736.892803,-0.3711190000003626,-0.4972689999999602,-0.4341940000001614
2023-04-19 14:30:00,2737.378986,2737.018608,2736.893383,-0.36037800000030984,-0.48560300000008283,-0.42299050000019633
2023-04-19 14:45:00,2737.377236,2737.019435,2736.888179,-0.35780099999965387,-0.48905699999977514,-0.4234289999997145
2023-04-19 15:00:00,2737.384824,2737.020933,2736.895078,-0.3638910000004216,-0.48974600000019564,-0.42681850000030863
2023-04-19 15:15:00,2737.390072,2737.024432,2736.896258,-0.36563999999998487,-0.49381399999992937,-0.4297269999999571
2023-04-19 15:30:00,2737.384824,2737.026509,2736.893373,-0.3583150000004025,-0.4914510000003247,-0.4248830000003636
2023-04-19 15:45:00,2737.391231,2737.02559,2736.894859,-0.36564099999986865,-0.4963720000000649,-0.43100649999996676
2023-04-19 16:30:00,2737.386573,2737.026411,2736.900282,-0.36016200000040044,-0.4862910000001648,-0.4232265000002826
2023-04-19 16:45:00,2737.391821,2737.023671,2736.888451,-0.36815000000024156,-0.5033700000003591,-0.43576000000030035
2023-04-19 17:00:00,2737.385403,2737.024483,2736.891307,-0.3609200000000783,-0.49409600000035425,-0.42750800000021627
2023-04-19 17:15:00,2737.383654,2737.023492,2736.892487,-0.36016200000040044,-0.49116700000013225,-0.42566450000026634
2023-04-19 17:45:00,2737.403477,2737.026591,2736.897155,-0.37688600000001315,-0.5063219999997273,-0.4416039999998702
2023-04-19 18:15:00,2737.383074,2737.023769,2736.895737,-0.35930499999994936,-0.487337000000025,-0.4233209999999872
2023-04-19 18:30:00,2737.397649,2737.018771,2736.894236,-0.37887799999998606,-0.5034129999999095,-0.4411454999999478
2023-04-19 18:45:00,2737.387153,2737.017781,2736.89596,-0.36937200000011217,-0.491193000000294,-0.43028250000020307
2023-04-19 19:00:00,2737.385403,2737.017783,2736.89367,-0.3676200000004428,-0.49173300000029485,-0.42967650000036883
2023-04-19 19:30:00,2737.380735,2737.016032,2736.893655,-0.3647030000001905,-0.4870800000003328,-0.42589150000026166
2023-04-19 19:45:00,2737.379575,2737.011143,2736.894245,-0.36843199999975695,-0.4853299999999763,-0.4268809999998666
2023-04-19 20:00:00,2737.379575,2737.012237,2736.893393,-0.36733800000001793,-0.4861820000000989,-0.4267600000000584
2023-04-19 20:15:00,2737.383074,2737.014068,2736.893675,-0.36900599999989936,-0.48939900000004855,-0.42920249999997395
2023-04-19 20:30:00,2737.381905,2737.013986,2736.893973,-0.36791900000025635,-0.4879320000000007,-0.4279255000001285
2023-04-19 21:00:00,2737.375487,2737.008394,2736.890771,-0.3670929999998407,-0.48471599999993487,-0.4259044999998878
2023-04-19 21:15:00,2737.373737,2737.009154,2736.895122,-0.36458300000003874,-0.4786149999999907,-0.4215990000000147
2023-04-19 21:30:00,2737.382484,2737.011903,2736.898314,-0.3705810000001293,-0.4841700000001765,-0.4273755000001529
2023-04-19 21:45:00,2737.377236,2737.006758,2736.895712,-0.3704779999998209,-0.48152399999980844,-0.42600099999981467
2023-04-19 22:00:00,2737.374317,2737.010735,2736.899176,-0.3635819999999512,-0.4751409999998941,-0.41936149999992267
2023-04-19 22:15:00,2737.377816,2737.003609,2736.894825,-0.37420700000029683,-0.48299100000031103,-0.42859900000030393
2023-04-19 22:45:00,2737.376067,2737.00719,2736.897461,-0.36887700000033874,-0.4786060000001271,-0.4237415000002329
2023-04-19 23:00:00,2737.381895,2737.004271,2736.895405,-0.37762400000019625,-0.48648999999977605,-0.43205699999998615
2023-04-19 23:15:00,2737.381315,2737.006349,2736.893119,-0.3749660000003132,-0.48819600000024366,-0.43158100000027844
2023-04-19 23:30:00,2737.374897,2737.003527,2736.894552,-0.3713700000002973,-0.48034499999994296,-0.4258575000001201
2023-04-19 23:45:00,2737.378396,2737.005359,2736.896585,-0.3730369999998402,-0.481811000000107,-0.4274239999999736
2023-04-20 00:15:00,2737.371398,2737.001778,2736.899176,-0.3696200000003955,-0.472222000000329,-0.42092100000036226
2023-04-20 00:30:00,2737.369649,2737.003281,2736.900926,-0.3663680000004206,-0.46872300000040923,-0.4175455000004149
2023-04-20 00:45:00,2737.377236,2737.004363,2736.902369,-0.3728729999997995,-0.4748669999999038,-0.42386999999985164
2023-04-20 01:00:00,2737.378986,2737.001461,2736.897164,-0.3775250000003325,-0.48182200000019293,-0.4296735000002627
2023-04-20 01:30:00,2737.377236,2737.005025,2736.900951,-0.3722109999998793,-0.4762849999997343,-0.4242479999998068
2023-04-20 02:15:00,2737.378396,2737.004369,2736.902676,-0.3740269999998418,-0.4757199999999102,-0.424873499999876
2023-04-20 02:45:00,2737.369649,2737.005361,2736.897472,-0.3642880000002151,-0.47217700000010154,-0.4182325000001583
2023-04-20 03:00:00,2737.380735,2737.004201,2736.896312,-0.3765339999999924,-0.48442300000033356,-0.43047850000016297
2023-04-20 04:00:00,2737.378986,2737.000142,2736.898348,-0.3788440000002993,-0.480637999999999,-0.42974100000014914
2023-04-20 04:15:00,2737.375487,2736.999546,2736.896599,-0.37594099999978425,-0.4788879999996425,-0.42741449999971337
2023-04-20 04:45:00,2737.383654,2737.003047,2736.901849,-0.38060700000005454,-0.48180500000034954,-0.43120600000020204
2023-04-20 05:00:00,2737.371988,2736.99849,2736.900098,-0.37349799999992683,-0.47188999999980297,-0.4226939999998649
2023-04-20 05:15:00,2737.36557,2736.997388,2736.89661,-0.36818200000016077,-0.4689600000001519,-0.41857100000015635
2023-04-20 05:30:00,2737.378986,2736.999136,2736.89921,-0.3798500000002605,-0.479776000000129,-0.42981300000019473
2023-04-20 05:45:00,2737.377236,2737.000307,2736.899528,-0.3769290000000183,-0.4777079999998932,-0.42731849999995575
2023-04-20 06:15:00,2737.373737,2736.993657,2736.896609,-0.38007999999990716,-0.47712799999999334,-0.42860399999995025
2023-04-20 06:30:00,2737.377236,2736.998147,2736.900961,-0.37908900000002177,-0.4762749999999869,-0.42768200000000434
2023-04-20 06:45:00,2737.374317,2736.997304,2736.899221,-0.3770129999998062,-0.4750959999996667,-0.42605449999973644
2023-04-20 07:00:00,2737.374317,2736.993991,2736.897472,-0.3803259999999682,-0.47684499999968466,-0.4285854999998264
2023-04-20 07:15:00,2737.374317,2736.995658,2736.901541,-0.37865899999997055,-0.4727759999996124,-0.42571749999979147
2023-04-20 07:45:00,2737.378986,2736.993739,2736.896892,-0.3852470000001631,-0.48209399999996094,-0.433670500000062
2023-04-20 08:00:00,2737.36674,2736.99458,2736.902096,-0.37215999999989435,-0.46464400000013484,-0.4184020000000146
2023-04-20 08:15:00,2737.36732,2736.991661,2736.896009,-0.3756589999998141,-0.4713109999997869,-0.4234849999998005
2023-04-20 08:30:00,2737.36732,2736.990671,2736.895156,-0.3766489999998157,-0.4721639999997933,-0.4244064999998045
2023-04-20 08:45:00,2737.36732,2736.990009,2736.897759,-0.37731099999973594,-0.4695609999998851,-0.4234359999998105
2023-04-20 09:30:00,2737.367909,2736.987762,2736.897451,-0.3801469999998517,-0.4704580000002352,-0.42530250000004344
2023-04-20 09:45:00,2737.36616,2736.988587,2736.894279,-0.3775730000002113,-0.4718809999999394,-0.42472700000007535
2023-04-20 10:00:00,2737.364411,2736.987828,2736.895121,-0.3765830000002097,-0.4692900000000009,-0.4229365000001053
2023-04-20 10:15:00,2737.368489,2736.984908,2736.894523,-0.38358100000004924,-0.47396600000001854,-0.4287735000000339
2023-04-20 10:30:00,2737.363241,2736.989397,2736.896272,-0.37384400000019014,-0.4669690000000628,-0.42040650000012647
2023-04-20 11:30:00,2737.36499,2736.988637,2736.89192,-0.3763530000001083,-0.473070000000007,-0.42471150000005764
2023-04-20 12:00:00,2737.369659,2736.985831,2736.897124,-0.38382799999999406,-0.4725349999998798,-0.42818149999993693
2023-04-20 12:30:00,2737.359742,2736.987647,2736.89367,-0.37209500000017215,-0.46607200000016746,-0.4190835000001698
2023-04-20 13:15:00,2737.359162,2736.988815,2736.894839,-0.37034700000003795,-0.4643230000001495,-0.4173350000000937
2023-04-20 14:45:00,2737.36674,2736.992134,2736.89193,-0.3746059999998579,-0.4748100000001614,-0.42470800000000963
2023-04-20 15:00:00,2737.364411,2736.992314,2736.894849,-0.3720969999999397,-0.46956200000022363,-0.4208295000000817
2023-04-20 15:15:00,2737.36732,2736.990898,2736.898601,-0.3764219999998204,-0.4687189999999646,-0.4225704999998925
2023-04-20 15:45:00,2737.369069,2736.992714,2736.897417,-0.37635499999987587,-0.47165199999972174,-0.4240034999997988
2023-04-20 16:00:00,2737.362661,2736.992478,2736.895404,-0.37018299999999726,-0.46725700000024517,-0.4187200000001212
2023-04-20 16:15:00,2737.360912,2736.993303,2736.898007,-0.36760899999990215,-0.462905000000319,-0.41525700000011057
2023-04-20 16:45:00,2737.378986,2736.996555,2736.899483,-0.38243099999999686,-0.47950300000002244,-0.43096700000000965
2023-04-20 17:15:00,2737.363821,2736.991559,2736.896564,-0.3722619999998642,-0.4672569999997904,-0.4197594999998273
2023-04-20 17:30:00,2737.36732,2736.993308,2736.900028,-0.374011999999766,-0.46729199999981574,-0.42065199999979086
2023-04-20 18:00:00,2737.363821,2736.991226,2736.896574,-0.37259499999981927,-0.46724700000004304,-0.41992099999993115
2023-04-20 18:30:00,2737.36732,2736.992318,2736.89861,-0.3750019999997676,-0.46870999999964624,-0.4218559999997069
2023-04-20 19:15:00,2737.363821,2736.987829,2736.896862,-0.3759919999997692,-0.4669589999998607,-0.42147549999981493
2023-04-20 19:45:00,2737.370239,2736.988255,2736.898928,-0.3819839999996475,-0.4713109999997869,-0.4266474999997172
2023-04-20 20:00:00,2737.370818,2736.987927,2736.90036,-0.38289099999974496,-0.47045799999978044,-0.4266744999997627
2023-04-20 20:30:00,2737.370818,2736.988916,2736.89978,-0.3819020000000819,-0.4710379999996803,-0.4264699999998811
2023-04-20 21:00:00,2737.36616,2736.984852,2736.90037,-0.38130799999999,-0.4657900000001973,-0.42354900000009366
2023-04-20 21:15:00,2737.36499,2736.980118,2736.896598,-0.3848720000000867,-0.46839200000022174,-0.4266320000001542
2023-04-20 21:30:00,2737.367909,2736.980944,2736.8992,-0.38696500000014566,-0.4687090000002172,-0.42783700000018143
2023-04-20 21:45:00,2737.361492,2736.986423,2736.900949,-0.37506900000016685,-0.46054300000014337,-0.4178060000001551
2023-04-20 22:00:00,2737.370239,2736.984346,2736.903234,-0.385892999999669,-0.4670049999999719,-0.42644899999982044
2023-04-20 22:15:00,2737.36499,2736.988173,2736.902664,-0.3768169999998463,-0.46232599999984814,-0.4195714999998472
2023-04-20 22:30:00,2737.36674,2736.983684,2736.901812,-0.3830560000001242,-0.46492799999987255,-0.42399199999999837
2023-04-20 22:45:00,2737.373737,2736.986424,2736.904414,-0.3873129999997218,-0.46932299999980387,-0.42831799999976283
2023-04-20 23:00:00,2737.36499,2736.981935,2736.900063,-0.3830550000002404,-0.46492699999998877,-0.4239910000001146
2023-04-20 23:15:00,2737.373737,2736.983683,2736.906163,-0.3900539999999637,-0.4675739999997859,-0.4288139999998748
2023-04-21 00:00:00,2737.36674,2736.986758,2736.90645,-0.3799819999999272,-0.4602899999999863,-0.42013599999995677
2023-04-21 00:15:00,2737.370828,2736.984689,2736.905292,-0.38613900000018475,-0.4655360000001565,-0.4258375000001706
2023-04-21 00:30:00,2737.36616,2736.982531,2736.904122,-0.38362899999992806,-0.4620380000001205,-0.4228335000000243
2023-04-21 01:00:00,2737.369079,2736.983699,2736.90444,-0.38538000000016837,-0.46463900000026115,-0.42500950000021476
2023-04-21 01:15:00,2737.370828,2736.984526,2736.906188,-0.3863019999998869,-0.46464000000014494,-0.4254710000000159
2023-04-21 02:30:00,2737.362081,2736.981951,2736.902689,-0.3801300000000083,-0.4593920000002072,-0.41976100000010774
2023-04-21 02:45:00,2737.36733,2736.979128,2736.905004,-0.3882020000000921,-0.46232599999984814,-0.4252639999999701
2023-04-21 03:30:00,2737.371988,2736.983027,2736.906163,-0.3889609999996537,-0.4658249999997679,-0.4273929999997108
2023-04-21 04:30:00,2737.370239,2736.982694,2736.907913,-0.38754500000004555,-0.46232599999984814,-0.42493549999994684
2023-04-21 04:45:00,2737.371988,2736.981704,2736.907348,-0.39028400000006513,-0.4646399999996902,-0.42746199999987766
2023-04-21 05:45:00,2737.362071,2736.984444,2736.909949,-0.3776269999998476,-0.4521220000001449,-0.41487449999999626
2023-04-21 06:30:00,2737.378986,2736.982038,2736.909097,-0.3969480000000658,-0.4698889999999665,-0.43341850000001614
2023-04-21 07:00:00,2737.373737,2736.979299,2736.906496,-0.3944379999998091,-0.4672409999998308,-0.43083949999981996
2023-04-21 07:15:00,2737.36558,2736.980877,2736.905336,-0.3847030000001723,-0.46024400000032983,-0.4224735000002511
2023-04-21 07:30:00,2737.372578,2736.976388,2736.901837,-0.3961899999999332,-0.4707410000000891,-0.43346550000001116
2023-04-21 08:15:00,2737.367909,2736.973798,2736.901519,-0.39411100000006627,-0.4663900000000467,-0.4302505000000565
2023-04-21 09:15:00,2737.383654,2736.97446,2736.902371,-0.4091940000002978,-0.48128300000007584,-0.44523850000018683
2023-04-21 09:30:00,2737.387153,2736.96997,2736.900623,-0.41718300000002273,-0.4865300000001298,-0.45185650000007627
2023-04-21 09:45:00,2737.391231,2736.971539,2736.899453,-0.4196919999999409,-0.49177800000006755,-0.4557350000000042
2023-04-21 10:15:00,2737.417473,2736.96863,2736.895974,-0.44884300000012445,-0.5214989999999489,-0.48517100000003666
2023-04-21 10:30:00,2737.361492,2736.969791,2736.897133,-0.39170100000001185,-0.4643590000000586,-0.4280300000000352
2023-04-21 10:45:00,2737.36558,2736.969287,2736.898575,-0.3962930000002416,-0.4670049999999719,-0.43164900000010675
2023-04-21 11:00:00,2737.357993,2736.967707,2736.900305,-0.39028600000028746,-0.4576879999999619,-0.4239870000001247
2023-04-21 11:30:00,2737.352745,2736.965956,2736.895101,-0.3867890000001353,-0.457644000000073,-0.42221650000010413
2023-04-21 12:00:00,2737.354494,2736.968697,2736.891646,-0.3857970000003661,-0.46284800000012183,-0.42432250000024396
2023-04-21 12:15:00,2737.351575,2736.968613,2736.89685,-0.38296200000013414,-0.4547250000000531,-0.4188435000000936
2023-04-21 12:30:00,2737.350995,2736.970774,2736.893669,-0.38022099999989223,-0.457325999999739,-0.4187734999998156
2023-04-21 12:45:00,2737.353914,2736.968695,2736.894234,-0.38521899999977904,-0.4596799999999348,-0.4224494999998569
2023-04-21 13:15:00,2737.354494,2736.967527,2736.895102,-0.386967000000368,-0.4593920000002072,-0.4231795000002876
2023-04-21 13:30:00,2737.350995,2736.969685,2736.895983,-0.38130999999975757,-0.45501199999989694,-0.41816099999982725
2023-04-21 13:45:00,2737.359162,2736.970446,2736.898585,-0.388716000000386,-0.4605770000002849,-0.42464650000033544
2023-04-21 14:15:00,2737.360332,2736.971614,2736.898005,-0.38871800000015355,-0.46232700000018667,-0.4255225000001701
2023-04-21 14:30:00,2737.357413,2736.970855,2736.895403,-0.38655800000015006,-0.4620100000001912,-0.42428400000017064
2023-04-21 15:00:00,2737.358573,2736.970859,2736.895384,-0.3877139999999599,-0.4631890000000567,-0.4254515000000083
2023-04-21 15:15:00,2737.357993,2736.972938,2736.89627,-0.3850550000001931,-0.46172299999989264,-0.42338900000004287
2023-04-21 15:45:00,2737.360912,2736.973014,2736.898858,-0.3878979999999501,-0.4620540000000801,-0.4249760000000151
2023-04-21 16:00:00,2737.359162,2736.973922,2736.897441,-0.3852400000000671,-0.46172100000012506,-0.42348050000009607
2023-04-21 16:15:00,2737.355664,2736.976661,2736.898006,-0.3790030000000115,-0.457658000000265,-0.4183305000001383
2023-04-21 16:30:00,2737.353904,2736.973266,2736.897426,-0.38063800000008996,-0.456478000000061,-0.4185580000000755
2023-04-21 16:45:00,2737.360322,2736.973666,2736.898268,-0.38665600000013,-0.4620540000000801,-0.42435500000010506
2023-04-21 17:00:00,2737.36557,2736.972675,2736.893074,-0.39289499999995314,-0.4724959999998646,-0.43269549999990886
2023-04-21 17:15:00,2737.358573,2736.975414,2736.896528,-0.3831589999999778,-0.4620449999997618,-0.4226019999998698
2023-04-21 18:00:00,2737.363241,2736.977009,2736.897742,-0.38623199999983626,-0.46549899999990885,-0.42586549999987255
2023-04-21 18:30:00,2737.361492,2736.975096,2736.896846,-0.38639599999987695,-0.4646459999999024,-0.4255209999998897
2023-04-21 18:45:00,2737.361492,2736.976184,2736.898594,-0.3853079999998954,-0.46289800000022296,-0.4241030000000592
2023-04-21 19:45:00,2737.356823,2736.972342,2736.896563,-0.3844810000000507,-0.46026000000028944,-0.42237050000017007
2023-04-21 20:00:00,2737.360322,2736.973436,2736.900914,-0.3868859999997767,-0.4594080000001668,-0.42314699999997174
2023-04-21 20:15:00,2737.360322,2736.967956,2736.899452,-0.3923660000000382,-0.4608699999998862,-0.4266179999999622
2023-04-21 20:30:00,2737.362661,2736.967786,2736.897439,-0.39487499999995634,-0.46522200000026714,-0.43004850000011174
2023-04-21 20:45:00,2737.363821,2736.970695,2736.899164,-0.39312599999993836,-0.46465699999998833,-0.42889149999996334
2023-04-21 21:00:00,2737.367909,2736.968546,2736.900042,-0.3993629999999939,-0.46786699999984194,-0.4336149999999179
2023-04-21 21:30:00,2737.36616,2736.966796,2736.898857,-0.3993639999998777,-0.46730299999990166,-0.4333334999998897
2023-04-21 21:45:00,2737.359162,2736.964057,2736.900894,-0.39510500000005777,-0.45826800000031653,-0.42668650000018715
2023-04-21 22:00:00,2737.363241,2736.964965,2736.899724,-0.39827599999989616,-0.46351700000013807,-0.4308965000000171
2023-04-21 22:15:00,2737.361492,2736.965955,2736.895418,-0.39553699999987657,-0.46607399999993504,-0.4308054999999058
2023-04-21 22:30:00,2737.364411,2736.964385,2736.89569,-0.40002599999979793,-0.4687210000001869,-0.4343734999999924
2023-04-21 22:45:00,2737.36557,2736.967294,2736.898609,-0.39827599999989616,-0.466961000000083,-0.4326184999999896
2023-04-21 23:00:00,2737.362071,2736.966141,2736.900314,-0.3959300000001349,-0.46175700000003417,-0.42884350000008453
2023-04-21 23:15:00,2737.353914,2736.963232,2736.893097,-0.3906819999997424,-0.46081699999967896,-0.4257494999997107
2023-04-21 23:30:00,2737.358573,2736.96439,2736.899462,-0.3941829999998845,-0.45911100000012084,-0.42664700000000266
2023-04-21 23:45:00,2737.363821,2736.965151,2736.901212,-0.39867000000003827,-0.46260899999970206,-0.43063949999987017
2023-04-22 00:15:00,2737.357403,2736.96157,2736.899174,-0.39583300000003874,-0.45822899999984656,-0.42703099999994265
2023-04-22 00:30:00,2737.360322,2736.963216,2736.897425,-0.39710599999989427,-0.46289699999988443,-0.43000149999988935
2023-04-22 00:45:00,2737.36674,2736.966135,2736.897741,-0.400604999999814,-0.4689989999997124,-0.4348019999997632
2023-04-22 01:15:00,2737.363241,2736.964386,2736.901197,-0.39885499999991225,-0.462043999999878,-0.4304494999998951
2023-04-22 01:30:00,2737.359742,2736.962816,2736.902366,-0.396925999999894,-0.4573760000002949,-0.4271510000000944
2023-04-22 02:30:00,2737.359742,2736.960984,2736.900617,-0.39875800000027084,-0.45912500000031287,-0.42894150000029185
2023-04-22 02:45:00,2737.357403,2736.965546,2736.900924,-0.39185700000007273,-0.4564789999999448,-0.42416800000000876
2023-04-22 03:00:00,2737.357403,2736.96472,2736.901494,-0.39268300000003364,-0.4559089999997923,-0.42429599999991296
2023-04-22 03:30:00,2737.369649,2736.96274,2736.903243,-0.40690900000026886,-0.4664060000000063,-0.4366575000001376
2023-04-22 04:15:00,2737.364401,2736.96373,2736.902673,-0.40067099999987477,-0.4617279999997663,-0.43119949999982055
2023-04-22 04:30:00,2737.363241,2736.96257,2736.902367,-0.40067099999987477,-0.4608739999998761,-0.43077249999987544
2023-04-22 05:15:00,2737.361492,2736.961582,2736.905538,-0.3999100000000908,-0.45595400000001973,-0.42793200000005527
2023-04-22 05:30:00,2737.361492,2736.959831,2736.902937,-0.40166099999987637,-0.45855500000016036,-0.43010800000001836
2023-04-22 06:15:00,2737.362651,2736.96175,2736.905846,-0.4009009999999762,-0.45680499999980384,-0.42885299999989
2023-04-22 07:30:00,2737.361492,2736.958179,2736.900661,-0.4033129999997982,-0.460830999999871,-0.4320719999998346
2023-04-22 08:30:00,2737.359742,2736.95742,2736.902084,-0.4023219999999128,-0.457658000000265,-0.4299900000000889
2023-04-22 09:30:00,2737.354494,2736.953838,2736.898585,-0.4006560000002537,-0.45590900000024703,-0.42828250000025037
2023-04-22 09:45:00,2737.361492,2736.95351,2736.900334,-0.4079820000001746,-0.46115800000006857,-0.4345700000001216
2023-04-22 10:45:00,2737.357993,2736.956101,2736.904685,-0.4018919999998616,-0.4533080000001064,-0.427599999999984
2023-04-22 11:15:00,2737.357993,2736.9545,2736.901186,-0.40349300000025323,-0.45680700000002616,-0.4301500000001397
2023-04-22 11:30:00,2737.359742,2736.950011,2736.896552,-0.4097310000001926,-0.4631899999999405,-0.43646050000006653
2023-04-22 12:00:00,2737.356243,2736.953413,2736.897405,-0.40282999999999447,-0.4588380000000143,-0.4308340000000044
2023-04-22 12:15:00,2737.353904,2736.950843,2736.897712,-0.4030609999999797,-0.45619200000010096,-0.4296265000000403
2023-04-22 12:30:00,2737.352155,2736.952741,2736.898565,-0.39941399999997884,-0.45359000000007654,-0.4265020000000277
2023-04-22 12:45:00,2737.352155,2736.95548,2736.900314,-0.39667499999995925,-0.45184100000005856,-0.4242580000000089
2023-04-22 13:00:00,2737.352165,2736.95391,2736.897132,-0.3982549999996081,-0.45503299999973024,-0.4266439999996692
2023-04-22 13:45:00,2737.353904,2736.951647,2736.893361,-0.4022570000001906,-0.46054300000014337,-0.431400000000167
2023-04-22 14:00:00,2737.353914,2736.961796,2736.898594,-0.39211799999975483,-0.4553200000000288,-0.4237189999998918
2023-04-22 14:15:00,2737.352165,2736.957307,2736.896845,-0.3948579999996582,-0.45531999999957407,-0.42508899999961614
2023-04-22 14:30:00,2737.358573,2736.959056,2736.902049,-0.3995169999998325,-0.45652400000017224,-0.42802050000000236
2023-04-22 14:45:00,2737.349836,2736.959799,2736.898868,-0.39003699999966557,-0.4509679999996479,-0.4205024999996567
2023-04-22 15:15:00,2737.355084,2736.962206,2736.895412,-0.392877999999655,-0.459671999999955,-0.426274999999805
2023-04-22 15:30:00,2737.360332,2736.960455,2736.893663,-0.3998770000002878,-0.4666690000003655,-0.43327300000032665
2023-04-22 15:45:00,2737.359742,2736.96396,2736.901494,-0.3957820000000538,-0.4582479999999123,-0.42701499999998305
2023-04-22 16:00:00,2737.361492,2736.964026,2736.89397,-0.39746599999989485,-0.46752199999991717,-0.432493999999906
2023-04-22 16:15:00,2737.358583,2736.965606,2736.895982,-0.3929769999999735,-0.462601000000177,-0.42778900000007525
2023-04-22 16:30:00,2737.363241,2736.966008,2736.898848,-0.39723300000014206,-0.4643930000002001,-0.4308130000001711
2023-04-22 16:45:00,2737.363241,2736.967757,2736.896245,-0.39548400000012407,-0.4669960000001083,-0.4312400000001162
2023-04-22 17:00:00,2737.367899,2736.964027,2736.897995,-0.4038719999998648,-0.4699040000000423,-0.43688799999995354
2023-04-22 17:15:00,2737.360332,2736.964944,2736.899436,-0.39538800000036645,-0.46089600000004793,-0.4281420000002072
2023-04-22 17:45:00,2737.369649,2736.970593,2736.899743,-0.3990560000002006,-0.4699060000002646,-0.4344810000002326
2023-04-22 18:00:00,2737.363241,2736.971265,2736.899438,-0.39197599999988597,-0.4638030000000981,-0.42788949999999204
2023-04-22 18:45:00,2737.360332,2736.966366,2736.900616,-0.3939660000000913,-0.45971600000029866,-0.426841000000195
2023-04-22 19:00:00,2737.373148,2736.970265,2736.901777,-0.4028830000002017,-0.47137100000009013,-0.4371270000001459
2023-04-22 19:15:00,2737.364401,2736.967854,2736.900026,-0.3965469999998277,-0.4643750000000182,-0.43046099999992293
2023-04-22 19:45:00,2737.36674,2736.965705,2736.902367,-0.40103499999986525,-0.46437299999979587,-0.43270399999983056
2023-04-22 20:15:00,2737.370239,2736.964797,2736.903219,-0.40544199999976627,-0.46702000000004773,-0.436230999999907
2023-04-22 20:30:00,2737.371988,2736.96513,2736.900051,-0.4068579999998292,-0.471936999999798,-0.4393974999998136
2023-04-22 20:45:00,2737.368489,2736.966881,2736.899199,-0.40160800000012387,-0.4692900000000009,-0.43544900000006237
2023-04-22 21:00:00,2737.371988,2736.965891,2736.900949,-0.4060970000000452,-0.47103900000001886,-0.43856800000003204
2023-04-22 21:15:00,2737.36557,2736.963812,2736.900631,-0.4017579999999725,-0.46493899999995847,-0.4333484999999655
2023-04-22 21:30:00,2737.364401,2736.964721,2736.903812,-0.3996799999999894,-0.46058899999979985,-0.4301344999998946
2023-04-22 21:45:00,2737.359152,2736.965481,2736.905845,-0.3936709999998129,-0.45330699999976787,-0.4234889999997904
2023-04-22 22:00:00,2737.367899,2736.96822,2736.906415,-0.39967899999965084,-0.4614839999999276,-0.43058149999978923
2023-04-22 22:15:00,2737.372568,2736.961981,2736.904665,-0.4105869999998504,-0.46790299999975105,-0.4392449999998007
2023-04-22 22:30:00,2737.372568,2736.966471,2736.903242,-0.4060969999995905,-0.46932599999991,-0.43771149999975023
2023-04-22 22:45:00,2737.375487,2736.966651,2736.906733,-0.40883599999961007,-0.4687539999999899,-0.4387949999998
2023-04-22 23:00:00,2737.36732,2736.96307,2736.907015,-0.4042500000000473,-0.46030500000006214,-0.4322775000000547
2023-04-22 23:30:00,2737.362651,2736.960991,2736.902063,-0.4016599999999926,-0.46058799999991606,-0.4311239999999543
2023-04-22 23:45:00,2737.376067,2736.962889,2736.900641,-0.41317800000024363,-0.4754259999999704,-0.444302000000107
2023-04-23 00:45:00,2737.36615,2736.959161,2736.905844,-0.40698899999961213,-0.4603059999999459,-0.43364749999977903
2023-04-23 01:00:00,2737.369649,2736.960993,2736.904992,-0.4086560000000645,-0.46465699999998833,-0.4366565000000264
2023-04-23 01:30:00,2737.374317,2736.963911,2736.910514,-0.4104059999999663,-0.46380299999964336,-0.43710449999980483
2023-04-23 01:45:00,2737.36732,2736.961321,2736.904413,-0.40599899999961053,-0.4629069999996318,-0.43445299999962117
2023-04-23 02:00:00,2737.369069,2736.962163,2736.903561,-0.406905999999708,-0.46550799999977244,-0.4362069999997402
2023-04-23 02:15:00,2737.374317,2736.963733,2736.903278,-0.41058399999974426,-0.47103900000001886,-0.44081149999988156
2023-04-23 02:30:00,2737.361492,2736.961173,2736.904447,-0.400318999999854,-0.4570450000001074,-0.4286819999999807
2023-04-23 02:45:00,2737.371988,2736.960331,2736.902698,-0.41165699999965,-0.4692900000000009,-0.44047349999982544
2023-04-23 03:00:00,2737.368489,2736.957592,2736.90355,-0.4108969999997498,-0.46493899999995847,-0.43791799999985415
2023-04-23 03:15:00,2737.375487,2736.961747,2736.910503,-0.4137399999999616,-0.46498399999973117,-0.4393619999998464
2023-04-23 03:30:00,2737.368489,2736.963913,2736.907049,-0.40457599999990634,-0.4614400000000387,-0.4330079999999725
2023-04-23 04:00:00,2737.370239,2736.961322,2736.905301,-0.4089169999997466,-0.4649380000000747,-0.43692749999991065
2023-04-23 04:15:00,2737.371988,2736.960332,2736.902128,-0.4116559999997662,-0.46985999999969863,-0.4407579999997324
2023-04-23 04:30:00,2737.36674,2736.955843,2736.906153,-0.4108969999997498,-0.4605870000000323,-0.43574199999989105
2023-04-23 04:45:00,2737.371988,2736.956602,2736.904448,-0.4153859999996712,-0.4675400000000991,-0.44146299999988514
2023-04-23 05:00:00,2737.373148,2736.958752,2736.905607,-0.41439600000012433,-0.4675409999999829,-0.4409685000000536
2023-04-23 05:30:00,2737.371398,2736.961491,2736.903571,-0.40990700000020297,-0.4678270000003977,-0.4388670000003003
2023-04-23 06:15:00,2737.370239,2736.954192,2736.9053,-0.4160469999997076,-0.46493899999995847,-0.44049299999983305
2023-04-23 07:00:00,2737.378406,2736.957772,2736.909082,-0.42063399999960893,-0.46932399999968766,-0.4449789999996483
2023-04-23 07:15:00,2737.374317,2736.953863,2736.906163,-0.42045399999960864,-0.46815399999968577,-0.4443039999996472
2023-04-23 07:30:00,2737.36732,2736.955844,2736.904412,-0.4114759999997659,-0.46290799999997034,-0.43719199999986813
2023-04-23 07:45:00,2737.370818,2736.952113,2736.907585,-0.4187050000000454,-0.4632329999999456,-0.4409689999999955
2023-04-23 08:00:00,2737.370818,2736.951934,2736.902064,-0.41888399999970716,-0.4687539999999899,-0.44381899999984853
2023-04-23 08:15:00,2737.36615,2736.949194,2736.901493,-0.4169560000000274,-0.46465699999998833,-0.4408065000000079
2023-04-23 08:30:00,2737.36615,2736.950103,2736.903244,-0.4160469999997076,-0.462905999999748,-0.4394764999997278
2023-04-23 08:45:00,2737.367899,2736.949112,2736.903814,-0.41878700000006575,-0.46408500000006825,-0.441436000000067
2023-04-23 09:30:00,2737.36615,2736.950184,2736.899462,-0.4159660000000258,-0.46668799999997646,-0.44132700000000114
2023-04-23 09:45:00,2737.357993,2736.951765,2736.900904,-0.4062280000002829,-0.4570889999999963,-0.4316585000001396
2023-04-23 10:00:00,2737.359742,2736.950015,2736.895412,-0.4097270000002027,-0.4643300000002455,-0.4370285000002241
2023-04-23 10:15:00,2737.357993,2736.947276,2736.898584,-0.4107170000002043,-0.4594090000000506,-0.43506300000012743
2023-04-23 10:45:00,2737.361492,2736.946433,2736.895982,-0.41505899999992835,-0.46550999999999476,-0.44028449999996155
2023-04-23 11:45:00,2737.361492,2736.950676,2736.897732,-0.410816000000068,-0.463760000000093,-0.4372880000000805
2023-04-23 12:00:00,2737.350995,2736.950005,2736.896289,-0.4009899999996378,-0.4547059999999874,-0.4278479999998126
2023-04-23 12:15:00,2737.350405,2736.946506,2736.895392,-0.4038989999999103,-0.4550130000002355,-0.4294560000000729
2023-04-23 12:45:00,2737.364401,2736.953733,2736.89686,-0.41066799999998693,-0.4675409999999829,-0.4391044999999849
2023-04-23 13:00:00,2737.356823,2736.951003,2736.898882,-0.4058199999999488,-0.45794100000011895,-0.43188050000003386
2023-04-23 13:15:00,2737.362651,2736.951649,2736.895109,-0.4110019999998258,-0.4675419999998667,-0.43927199999984623
2023-04-23 13:30:00,2737.356823,2736.958299,2736.89803,-0.3985240000001795,-0.4587930000002416,-0.42865850000021055
2023-04-23 14:00:00,2737.355074,2736.959289,2736.897132,-0.3957850000001599,-0.45794200000000274,-0.42686350000008133
2023-04-23 15:00:00,2737.361492,2736.959467,2736.900051,-0.40202499999986685,-0.4614409999999225,-0.4317329999998947
2023-04-23 15:15:00,2737.361492,2736.961217,2736.900616,-0.4002749999999651,-0.46087600000009843,-0.43057550000003175
2023-04-23 15:45:00,2737.370239,2736.962207,2736.897162,-0.408031999999821,-0.47307699999964825,-0.4405544999997346
2023-04-23 16:15:00,2737.363241,2736.964946,2736.896264,-0.3982949999999619,-0.4669770000000426,-0.43263600000000224
2023-04-23 16:30:00,2737.371988,2736.968349,2736.898867,-0.40363899999965724,-0.4731209999999919,-0.4383799999998246
2023-04-23 17:30:00,2737.373737,2736.969338,2736.892811,-0.40439900000001217,-0.4809259999997266,-0.4426624999998694
2023-04-23 18:45:00,2737.371398,2736.967856,2736.902346,-0.40354200000001583,-0.4690520000003744,-0.4362970000001951
2023-04-23 19:00:00,2737.370239,2736.964291,2736.901186,-0.40594800000008036,-0.46905299999980343,-0.4375004999999419
2023-04-23 19:30:00,2737.375487,2736.967872,2736.902366,-0.40761499999962325,-0.4731209999999919,-0.4403679999998076
2023-04-23 19:45:00,2737.373737,2736.966041,2736.901801,-0.4076959999997598,-0.4719359999999142,-0.439815999999837
2023-04-23 20:15:00,2737.380155,2736.967538,2736.903218,-0.4126169999999547,-0.47693699999990713,-0.4447769999999309
2023-04-23 20:30:00,2737.377236,2736.967537,2736.90005,-0.4096989999998186,-0.4771859999996195,-0.4434424999997191
2023-04-23 20:45:00,2737.372568,2736.962638,2736.90063,-0.40992999999980384,-0.4719379999996818,-0.4409339999997428
2023-04-23 21:00:00,2737.377236,2736.967127,2736.902381,-0.41010899999992034,-0.4748549999999341,-0.4424819999999272
2023-04-23 21:15:00,2737.376067,2736.963634,2736.898609,-0.4124329999999645,-0.47745800000029703,-0.4449455000001308
2023-04-23 21:30:00,2737.370818,2736.967545,2736.899208,-0.4032729999998992,-0.47161000000005515,-0.43744149999997717
2023-04-23 21:45:00,2737.369649,2736.962645,2736.90121,-0.4070040000001427,-0.46843900000021677,-0.43772150000017973
2023-04-23 22:00:00,2737.369069,2736.96406,2736.904412,-0.4050090000000637,-0.46465699999998833,-0.434833000000026
2023-04-23 22:15:00,2737.369649,2736.961983,2736.902063,-0.4076660000000629,-0.46758600000021033,-0.43762600000013663
2023-04-23 22:30:00,2737.378986,2736.964902,2736.904982,-0.41408400000000256,-0.47400400000014997,-0.44404400000007627
2023-04-23 22:45:00,2737.374317,2736.966653,2736.906162,-0.4076639999998406,-0.46815499999956955,-0.4379094999997051
2023-04-23 23:00:00,2737.374317,2736.959243,2736.902663,-0.41507400000000416,-0.47165399999994406,-0.4433639999999741
2023-04-23 23:15:00,2737.369069,2736.963734,2736.904413,-0.40533499999992273,-0.4646559999996498,-0.43499549999978626
2023-04-23 23:30:00,2737.370818,2736.959244,2736.900631,-0.41157399999974587,-0.4701869999998962,-0.44088049999982104
2023-04-24 00:00:00,2737.378406,2736.965894,2736.90355,-0.41251199999987875,-0.47485599999981787,-0.4436839999998483
2023-04-24 00:45:00,2737.370239,2736.957822,2736.9018,-0.4124170000000049,-0.468438999999762,-0.44042799999988347
2023-04-24 01:00:00,2737.371988,2736.964144,2736.906718,-0.4078439999998409,-0.4652699999996912,-0.43655699999976605
2023-04-24 01:15:00,2737.368489,2736.960229,2736.904968,-0.40826000000015483,-0.46352100000012797,-0.4358905000001414
2023-04-24 01:30:00,2737.373737,2736.961323,2736.908467,-0.4124139999998988,-0.4652699999996912,-0.438841999999795
2023-04-24 01:45:00,2737.373737,2736.956767,2736.902698,-0.4169699999997647,-0.47103900000001886,-0.4440044999998918
2023-04-24 02:15:00,2737.380145,2736.962149,2736.901255,-0.41799600000013015,-0.4788899999998648,-0.4484429999999975
2023-04-24 02:45:00,2737.374897,2736.963071,2736.906459,-0.4118260000000191,-0.468438000000333,-0.44013200000017605
2023-04-24 03:00:00,2737.363241,2736.960332,2736.904423,-0.4029089999999087,-0.4588180000000648,-0.43086349999998674
2023-04-24 03:15:00,2737.367899,2736.954757,2736.90296,-0.41314199999987977,-0.46493899999995847,-0.4390404999999191
2023-04-24 03:30:00,2737.373737,2736.96023,2736.902366,-0.41350699999975404,-0.47137100000009013,-0.4424389999999221
2023-04-24 03:45:00,2737.375487,2736.95924,2736.904967,-0.4162469999996574,-0.4705199999998513,-0.44338349999975435
2023-04-24 04:00:00,2737.363821,2736.955495,2736.901196,-0.4083259999997608,-0.4626250000001164,-0.4354754999999386
2023-04-24 04:30:00,2737.374897,2736.957495,2736.902674,-0.41740200000003824,-0.4722230000002128,-0.4448125000001255
2023-04-24 05:00:00,2737.373148,2736.956505,2736.901821,-0.41664300000002186,-0.4713270000002012,-0.44398500000011154
2023-04-24 05:30:00,2737.374897,2736.956423,2736.904422,-0.4184740000000602,-0.4704750000000786,-0.4444745000000694
2023-04-24 06:00:00,2737.364401,2736.950186,2736.900071,-0.4142149999997855,-0.46432999999979074,-0.4392724999997881
2023-04-24 06:15:00,2737.373148,2736.951504,2736.898322,-0.4216440000000148,-0.474826000000121,-0.4482350000000679
2023-04-24 06:30:00,2737.370818,2736.951682,2736.901241,-0.4191359999999804,-0.4695769999998447,-0.44435649999991256
2023-04-24 06:45:00,2737.371398,2736.950514,2736.900641,-0.4208840000001146,-0.4707570000000487,-0.44582050000008167
2023-04-24 07:15:00,2737.367899,2736.948764,2736.901494,-0.4191349999996419,-0.4664049999996678,-0.44276999999965483
2023-04-24 08:00:00,2737.361492,2736.949425,2736.900071,-0.41206700000020646,-0.461420999999973,-0.4367440000000897
2023-04-24 08:30:00,2737.370239,2736.947603,2736.899765,-0.42263599999978396,-0.47047399999974004,-0.446554999999762
2023-04-24 08:45:00,2737.367899,2736.951503,2736.901776,-0.41639600000007704,-0.46612299999969764,-0.44125949999988734
2023-04-24 10:00:00,2737.36674,2736.947604,2736.898014,-0.4191359999999804,-0.4687260000000606,-0.4439310000000205
2023-04-24 10:30:00,2737.358573,2736.943694,2736.899447,-0.41487899999992806,-0.45912600000019665,-0.43700250000006235
2023-04-24 13:15:00,2737.369649,2736.952493,2736.900597,-0.41715600000043196,-0.4690520000003744,-0.4431040000004032
2023-04-24 13:30:00,2737.367899,2736.959721,2736.902346,-0.40817799999967974,-0.4655529999999999,-0.4368654999998398
2023-04-24 13:45:00,2737.376067,2736.960562,2736.900913,-0.4155049999999392,-0.47515400000020236,-0.44532950000007077
2023-04-24 14:15:00,2737.373148,2736.955893,2736.896254,-0.4172550000002957,-0.476893999999902,-0.44707450000009885
2023-04-24 14:30:00,2737.376067,2736.964293,2736.900923,-0.4117740000001504,-0.47514400000000023,-0.4434590000000753
2023-04-24 14:45:00,2737.376067,2736.965945,2736.900027,-0.4101220000002286,-0.4760400000000118,-0.4430810000001202
2023-04-24 15:00:00,2737.377236,2736.969854,2736.898312,-0.40738199999987046,-0.47892400000000634,-0.4431529999999384
2023-04-24 15:15:00,2737.378986,2736.971685,2736.899165,-0.40730100000018865,-0.47982100000035643,-0.44356100000027254
2023-04-24 15:30:00,2737.372568,2736.976985,2736.895393,-0.3955829999999878,-0.47717499999998836,-0.4363789999999881
2023-04-24 15:45:00,2737.377816,2736.98055,2736.894823,-0.39726599999994505,-0.4829930000000786,-0.44012950000001183
2023-04-24 16:00:00,2737.39473,2736.97956,2736.899745,-0.4151699999997618,-0.49498499999981505,-0.4550774999997884
2023-04-24 16:15:00,2737.377236,2736.976502,2736.900017,-0.4007339999998294,-0.47721899999987727,-0.43897649999985333
2023-04-24 17:00:00,2737.392391,2736.980832,2736.902073,-0.41155899999967005,-0.49031799999966097,-0.4509384999996655
2023-04-24 17:15:00,2737.390642,2736.97974,2736.900323,-0.4109019999996235,-0.4903189999999995,-0.4506104999998115
2023-04-24 17:30:00,2737.380735,2736.979904,2736.896562,-0.4008310000003803,-0.4841730000002826,-0.44250200000033146
2023-04-24 17:45:00,2737.383064,2736.98131,2736.896289,-0.4017539999999826,-0.48677500000030705,-0.44426450000014484
2023-04-24 18:00:00,2737.385983,2736.982478,2736.900343,-0.40350500000022294,-0.4856400000003305,-0.4445725000002767
2023-04-24 18:15:00,2737.389482,2736.989226,2736.906434,-0.40025599999989936,-0.48304800000005343,-0.4416519999999764
2023-04-24 18:30:00,2737.382484,2736.983567,2736.905264,-0.3989169999999831,-0.4772200000002158,-0.43806850000009945
2023-04-24 18:45:00,2737.387733,2736.977327,2736.899164,-0.4104059999999663,-0.48856900000009773,-0.449487500000032
2023-04-24 19:00:00,2737.390642,2736.981986,2736.904676,-0.4086560000000645,-0.4859659999997348,-0.44731099999989965
2023-04-24 19:15:00,2737.388892,2736.979509,2736.906424,-0.4093830000001617,-0.48246800000015355,-0.4459255000001576
2023-04-24 19:30:00,2737.387733,2736.976934,2736.905547,-0.4107990000002246,-0.4821860000001834,-0.446492500000204
2023-04-24 19:45:00,2737.387143,2736.980833,2736.907277,-0.4063099999998485,-0.47986600000012913,-0.4430879999999888
2023-04-24 20:00:00,2737.381895,2736.978092,2736.902073,-0.4038030000001527,-0.4798219999997855,-0.4418124999999691
2023-04-24 20:15:00,2737.378396,2736.975354,2736.904675,-0.40304199999991397,-0.4737209999998413,-0.43838149999987763
2023-04-24 20:30:00,2737.385983,2736.973203,2736.904696,-0.4127800000001116,-0.48128700000006575,-0.4470335000000887
2023-04-24 20:45:00,2737.378986,2736.975348,2736.902093,-0.4036380000002282,-0.4768930000000182,-0.4402655000001232
2023-04-24 21:00:00,2737.378986,2736.97112,2736.904685,-0.4078660000000127,-0.4743010000001959,-0.4410835000001043
2023-04-24 21:15:00,2737.381315,2736.966221,2736.903515,-0.41509399999995367,-0.4778000000001157,-0.4464470000000347
2023-04-24 21:30:00,2737.386563,2736.961732,2736.903515,-0.4248309999998128,-0.48304800000005343,-0.4539394999999331
2023-04-24 21:45:00,2737.381895,2736.964127,2736.904377,-0.4177679999997963,-0.47751800000014555,-0.4476429999999709
2023-04-24 22:00:00,2737.378986,2736.965893,2736.904115,-0.41309300000011717,-0.47487100000034843,-0.4439820000002328
2023-04-24 22:15:00,2737.378396,2736.963897,2736.909627,-0.41449899999997797,-0.4687690000000657,-0.44163400000002184
2023-04-24 22:30:00,2737.383064,2736.966057,2736.904413,-0.41700700000001234,-0.4786509999998998,-0.44782899999995607
2023-04-24 22:45:00,2737.376067,2736.959752,2736.902663,-0.4163149999999405,-0.4734040000003006,-0.44485950000012053
2023-04-24 23:00:00,2737.372568,2736.961502,2736.907014,-0.4110659999996642,-0.46555399999988367,-0.43830999999977394
2023-04-24 23:15:00,2737.379565,2736.963914,2736.906445,-0.4156510000002527,-0.4731200000001081,-0.4443855000001804
2023-04-24 23:30:00,2737.381315,2736.963154,2736.907298,-0.41816100000005463,-0.47401700000000346,-0.44608900000002905
2023-04-25 00:00:00,2737.388312,2736.963072,2736.907015,-0.4252400000000307,-0.48129700000026787,-0.4532685000001493
2023-04-25 00:15:00,2737.374317,2736.957675,2736.903516,-0.4166419999996833,-0.47080099999993763,-0.4437214999998105
2023-04-25 00:30:00,2737.385983,2736.961504,2736.905583,-0.42447900000024674,-0.4803999999999178,-0.45243950000008226
2023-04-25 00:45:00,2737.384814,2736.958911,2736.904695,-0.4259029999998347,-0.48011899999983143,-0.4530109999998331
2023-04-25 01:00:00,2737.378396,2736.960333,2736.905275,-0.4180630000000747,-0.4731209999999919,-0.4455920000000333
2023-04-25 01:30:00,2737.390062,2736.960513,2736.907015,-0.4295489999999518,-0.48304700000016965,-0.4562980000000607
2023-04-25 01:45:00,2737.381895,2736.960832,2736.905572,-0.42106299999977637,-0.4763229999998657,-0.44869299999982104
2023-04-25 02:00:00,2737.377236,2736.958091,2736.90699,-0.419144999999844,-0.47024599999986094,-0.4446954999998525
2023-04-25 02:15:00,2737.381315,2736.960252,2736.905557,-0.4210630000002311,-0.47575800000004165,-0.4484105000001364
2023-04-25 02:30:00,2737.383064,2736.958108,2736.904705,-0.424956000000293,-0.4783590000001823,-0.45165750000023763
2023-04-25 02:45:00,2737.386563,2736.955368,2736.904139,-0.4311950000001161,-0.4824239999998099,-0.456809499999963
2023-04-25 03:00:00,2737.378406,2736.956358,2736.902103,-0.4220479999999043,-0.4763029999999162,-0.44917549999991024
2023-04-25 03:30:00,2737.378406,2736.957348,2736.903243,-0.4210579999999027,-0.4751629999996112,-0.44811049999975694
2023-04-25 04:15:00,2737.383064,2736.953619,2736.905844,-0.42944500000021435,-0.4772200000002158,-0.4533325000002151
2023-04-25 04:30:00,2737.375487,2736.951787,2736.903823,-0.4236999999998261,-0.47166399999969144,-0.4476819999997588
2023-04-25 05:00:00,2737.384814,2736.955286,2736.911946,-0.4295280000001185,-0.47286799999983486,-0.4511979999999767
2023-04-25 05:15:00,2737.378406,2736.953537,2736.906742,-0.4248689999999442,-0.47166399999969144,-0.4482664999998178
2023-04-25 05:45:00,2737.381325,2736.958288,2736.910513,-0.4230370000000221,-0.47081200000002354,-0.4469245000000228
2023-04-25 06:00:00,2737.381325,2736.955548,2736.907912,-0.42577699999992547,-0.4734129999997094,-0.44959499999981745
2023-04-25 06:30:00,2737.387733,2736.956538,2736.90706,-0.4311950000001161,-0.48067300000002433,-0.4559340000000702
2023-04-25 07:00:00,2737.388312,2736.958869,2736.910241,-0.429442999999992,-0.4780709999999999,-0.45375699999999597
2023-04-25 07:15:00,2737.381905,2736.956128,2736.911093,-0.4257770000003802,-0.47081200000002354,-0.4482945000002019
2023-04-25 07:30:00,2737.380145,2736.954363,2736.910777,-0.4257820000002539,-0.4693680000000313,-0.4475750000001426
2023-04-25 07:45:00,2737.378406,2736.954379,2736.909345,-0.4240270000000237,-0.46906099999978323,-0.44654399999990346
2023-04-25 08:00:00,2737.368489,2736.952613,2736.908174,-0.41587600000002567,-0.4603149999998095,-0.4380954999999176
2023-04-25 08:45:00,2737.373737,2736.945149,2736.900914,-0.42858799999976327,-0.47282300000006217,-0.4507054999999127
2023-04-25 09:15:00,2737.370239,2736.946226,2736.90297,-0.42401299999983166,-0.4672689999997601,-0.4456409999997959
2023-04-25 09:45:00,2737.36558,2736.947888,2736.907014,-0.4176919999999882,-0.4585660000002463,-0.43812900000011723
2023-04-25 10:00:00,2737.370828,2736.949637,2736.90181,-0.42119099999990794,-0.46901800000023286,-0.4451045000000704
2023-04-25 10:30:00,2737.377236,2736.947889,2736.904413,-0.42934699999977965,-0.4728229999996074,-0.45108499999969354
2023-04-25 10:45:00,2737.372578,2736.946138,2736.902663,-0.4264400000001842,-0.4699150000001282,-0.4481775000001562
2023-04-25 11:45:00,2737.36733,2736.945148,2736.899492,-0.4221820000002481,-0.46783800000002884,-0.44501000000013846
2023-04-25 12:00:00,2737.373158,2736.943978,2736.903243,-0.4291800000000876,-0.46991499999967346,-0.44954749999988053
2023-04-25 12:45:00,2737.371988,2736.950037,2736.905572,-0.4219509999998081,-0.4664159999997537,-0.4441834999997809
2023-04-25 13:00:00,2737.371988,2736.948719,2736.906989,-0.4232689999998911,-0.464998999999807,-0.44413399999984904
2023-04-25 13:15:00,2737.378406,2736.948057,2736.90816,-0.43034899999975096,-0.47024599999986094,-0.45029749999980595
2023-04-25 14:15:00,2737.373158,2736.951027,2736.906411,-0.4221309999998084,-0.4667469999999412,-0.4444389999998748
2023-04-25 14:30:00,2737.376077,2736.95178,2736.90933,-0.4242970000000241,-0.4667469999999412,-0.44552199999998265
2023-04-25 15:00:00,2737.378986,2736.95393,2736.907035,-0.4250560000000405,-0.47195099999999,-0.44850350000001526
2023-04-25 15:15:00,2737.374327,2736.948877,2736.907297,-0.4254500000001826,-0.4670299999997951,-0.44623999999998887
2023-04-25 15:30:00,2737.373737,2736.947296,2736.906707,-0.426441000000068,-0.4670299999997951,-0.44673549999993156
2023-04-25 15:45:00,2737.374317,2736.946456,2736.906424,-0.4278609999996661,-0.46789300000000367,-0.4478769999998349
2023-04-25 16:00:00,2737.376656,2736.947625,2736.904993,-0.42903100000012273,-0.47166299999980765,-0.4503469999999652
2023-04-25 16:15:00,2737.373737,2736.950545,2736.909344,-0.42319199999974444,-0.46439299999974537,-0.4437924999997449
2023-06-03 19:45:00,2737.318336,2736.822859,2736.88088,-0.4954769999999371,-0.43745599999965634,-0.4664664999997967
2023-06-03 20:00:00,2737.316587,2736.82187,2736.883483,-0.4947169999995822,-0.43310399999973015,-0.46391049999965617
2023-06-03 21:00:00,2737.318916,2736.817303,2736.88146,-0.5016130000003614,-0.4374560000001111,-0.4695345000002362
2023-06-03 21:15:00,2737.320666,2736.818145,2736.884063,-0.5025209999998879,-0.43660300000010466,-0.46956199999999626
2023-06-03 21:30:00,2737.317167,2736.815406,2736.881461,-0.5017609999999877,-0.4357060000002093,-0.4687335000000985
2023-06-03 22:00:00,2737.317757,2736.817164,2736.883192,-0.5005929999997534,-0.4345650000000205,-0.46757899999988695
2023-06-03 22:15:00,2737.321255,2736.817083,2736.882022,-0.5041719999999259,-0.4392330000000584,-0.47170249999999214
2023-06-03 22:30:00,2737.317757,2736.818253,2736.884079,-0.49950399999988804,-0.43367799999987255,-0.4665909999998803
2023-06-03 22:45:00,2737.316007,2736.816174,2736.883226,-0.4998329999998532,-0.4327809999999772,-0.4663069999999152
2023-06-03 23:15:00,2737.322425,2736.815414,2736.882622,-0.507010999999693,-0.43980299999975614,-0.4734069999997246
2023-06-03 23:30:00,2737.319506,2736.819145,2736.881769,-0.5003609999998844,-0.4377369999997427,-0.46904899999981353
2023-06-03 23:45:00,2737.319506,2736.818155,2736.884372,-0.501350999999886,-0.4351339999998345,-0.46824249999986023
2023-06-04 00:00:00,2737.318916,2736.818325,2736.885532,-0.5005909999999858,-0.43338400000038746,-0.46698750000018663
2023-06-04 00:30:00,2737.321255,2736.815415,2736.884362,-0.5058399999998073,-0.4368930000000546,-0.47136649999993097
2023-06-04 00:45:00,2737.321255,2736.814424,2736.882612,-0.5068309999996927,-0.4386429999999564,-0.47273699999982455
2023-06-04 01:00:00,2737.321255,2736.813352,2736.884942,-0.5079029999997147,-0.43631299999969997,-0.4721079999997073
2023-06-04 01:45:00,2737.322415,2736.820075,2736.886102,-0.5023400000000038,-0.4363130000001547,-0.46932650000007925
2023-06-04 02:15:00,2737.320666,2736.815584,2736.884352,-0.5050820000001295,-0.4363140000000385,-0.470698000000084
2023-06-04 02:30:00,2737.317167,2736.818325,2736.883499,-0.4988419999999678,-0.4336680000001252,-0.4662550000000465
2023-06-04 02:45:00,2737.324164,2736.819085,2736.885249,-0.5050790000000234,-0.43891500000017913,-0.47199700000010125
2023-06-04 03:00:00,2737.321255,2736.815185,2736.885829,-0.5060699999999088,-0.43542600000000675,-0.47074799999995776
2023-06-04 04:45:00,2737.322415,2736.815503,2736.8861,-0.506912000000284,-0.4363149999999223,-0.47161350000010316
2023-06-04 05:00:00,2737.321255,2736.815335,2736.88494,-0.5059200000000601,-0.4363149999999223,-0.4711174999999912
2023-06-04 05:45:00,2737.327663,2736.814513,2736.888703,-0.5131500000002234,-0.43895999999995183,-0.4760550000000876
2023-06-04 06:00:00,2737.324164,2736.819234,2736.88785,-0.5049300000000585,-0.4363140000000385,-0.4706220000000485
2023-06-04 06:15:00,2737.324164,2736.817336,2736.88727,-0.5068280000000414,-0.4368939999999384,-0.47186099999998987
2023-06-04 06:30:00,2737.323005,2736.812693,2736.88611,-0.51031200000034,-0.4368950000002769,-0.4736035000003085
2023-06-04 06:45:00,2737.317757,2736.813437,2736.88436,-0.504320000000007,-0.4333969999997862,-0.4688584999998966
2023-06-04 07:15:00,2737.321255,2736.815274,2736.88669,-0.5059809999997924,-0.4345650000000205,-0.47027299999990646
2023-06-04 07:30:00,2737.317757,2736.810785,2736.884043,-0.5069719999996778,-0.43371399999978166,-0.4703429999997297
2023-06-04 07:45:00,2737.316587,2736.807635,2736.884623,-0.508951999999681,-0.4319639999998799,-0.47045799999978044
2023-06-04 08:00:00,2737.320086,2736.804232,2736.879417,-0.5158540000002176,-0.4406690000000708,-0.4782615000001442
2023-06-04 08:15:00,2737.317177,2736.809445,2736.885211,-0.5077320000000327,-0.4319660000001022,-0.46984900000006746
2023-06-04 08:30:00,2737.318926,2736.810102,2736.88261,-0.5088240000000042,-0.4363159999998061,-0.4725699999999051
2023-06-04 08:45:00,2737.317177,2736.806557,2736.88029,-0.5106200000000172,-0.4368869999998424,-0.4737534999999298
2023-06-04 09:00:00,2737.318926,2736.800051,2736.882891,-0.5188749999997526,-0.43603499999971973,-0.4774549999997362
2023-06-04 09:15:00,2737.315427,2736.798219,2736.88086,-0.5172080000002097,-0.4345669999997881,-0.4758874999999989
2023-06-04 09:30:00,2737.317177,2736.799275,2736.880858,-0.5179020000000492,-0.4363189999999122,-0.4771104999999807
2023-06-04 09:45:00,2737.318336,2736.809446,2736.881166,-0.5088899999996102,-0.4371699999996963,-0.47302999999965323
2023-06-04 10:00:00,2737.316587,2736.804955,2736.876815,-0.5116319999997359,-0.4397719999997207,-0.4757019999997283
2023-06-04 10:15:00,2737.313668,2736.807865,2736.882019,-0.5058029999995597,-0.431648999999652,-0.46872599999960585
2023-06-04 10:45:00,2737.316587,2736.812483,2736.876813,-0.5041039999996428,-0.43977399999994304,-0.47193899999979294
2023-06-04 11:00:00,2737.316587,2736.812155,2736.879416,-0.5044319999997242,-0.4371709999995801,-0.47080149999965215
2023-06-04 11:15:00,2737.314838,2736.811509,2736.878836,-0.5033289999996668,-0.43600199999991673,-0.4696654999997918
2023-06-04 11:30:00,2737.314838,2736.812153,2736.880269,-0.5026849999999286,-0.43456899999955567,-0.4686269999997421
2023-06-04 11:45:00,2737.314838,2736.810405,2736.877666,-0.504432999999608,-0.4371719999999186,-0.4708024999997633
2023-06-04 12:15:00,2737.319506,2736.811835,2736.879687,-0.5076709999998457,-0.43981899999971574,-0.4737449999997807
2023-06-04 12:30:00,2737.317757,2736.810845,2736.883188,-0.5069119999998293,-0.4345690000000104,-0.47074049999991985
2023-06-04 12:45:00,2737.311919,2736.811491,2736.877665,-0.5004280000002836,-0.4342540000002373,-0.46734100000026046
2023-06-04 13:00:00,2737.315427,2736.812081,2736.880858,-0.503345999999965,-0.4345690000000104,-0.4689574999999877
2023-06-04 13:15:00,2737.313678,2736.810331,2736.878538,-0.5033469999998488,-0.4351400000000467,-0.46924349999994774
2023-06-04 13:30:00,2737.317177,2736.813257,2736.885493,-0.5039200000001074,-0.4316839999996773,-0.46780199999989236
2023-06-04 13:45:00,2737.313088,2736.814231,2736.885473,-0.4988570000000436,-0.4276150000000598,-0.4632360000000517
2023-06-04 14:00:00,2737.316587,2736.811326,2736.883441,-0.5052609999997912,-0.4331459999998515,-0.46920349999982136
2023-06-04 14:15:00,2737.311919,2736.808586,2736.880268,-0.5033330000001115,-0.4316510000003291,-0.4674920000002203
2023-06-04 14:45:00,2737.311339,2736.811834,2736.879688,-0.4995049999997718,-0.43165099999987433,-0.4655779999998231
2023-06-04 15:30:00,2737.313088,2736.807923,2736.880268,-0.5051650000000336,-0.43281999999999243,-0.468992500000013
2023-06-04 15:45:00,2737.314258,2736.811834,2736.881438,-0.5024239999997917,-0.43281999999999243,-0.46762199999989207
2023-06-04 16:00:00,2737.310759,2736.811074,2736.880255,-0.4996849999997721,-0.43050399999992806,-0.4650944999998501
2023-06-04 16:15:00,2737.30901,2736.814143,2736.87969,-0.4948669999998856,-0.42931999999973414,-0.46209349999980986
2023-06-04 16:45:00,2737.314258,2736.814654,2736.880255,-0.4996040000000903,-0.4340029999998478,-0.46680349999996906
2023-06-04 17:00:00,2737.313088,2736.810745,2736.879373,-0.5023429999996551,-0.43371499999966545,-0.4680289999996603
2023-06-04 17:30:00,2737.312508,2736.812494,2736.88144,-0.500014000000192,-0.43106799999986833,-0.4655410000000302
2023-06-04 18:00:00,2737.316007,2736.811503,2736.879402,-0.5045039999999972,-0.43660499999987223,-0.4705544999999347
2023-06-04 18:15:00,2737.316007,2736.811653,2736.876801,-0.5043539999996938,-0.43920600000001286,-0.4717799999998533
2023-06-04 18:30:00,2737.316007,2736.807922,2736.879404,-0.5080849999999373,-0.43660300000010466,-0.47234400000002097
2023-06-04 18:45:00,2737.316007,2736.812493,2736.880257,-0.5035139999999956,-0.4357500000000982,-0.4696320000000469
2023-06-04 19:00:00,2737.316007,2736.81183,2736.882007,-0.5041769999997996,-0.4339999999997417,-0.46908849999977065
2023-06-04 19:15:00,2737.314258,2736.817311,2736.884608,-0.49694700000009107,-0.42965000000003783,-0.46329850000006445
2023-06-04 19:30:00,2737.312508,2736.812821,2736.882859,-0.49968699999999444,-0.42964900000015405,-0.46466800000007424
2023-06-04 19:45:00,2737.317757,2736.816321,2736.881154,-0.5014360000000124,-0.4366029999996499,-0.46901949999983117
2023-06-04 20:00:00,2737.316007,2736.814325,2736.882294,-0.5016820000000735,-0.4337129999998979,-0.46769749999998567
2023-06-04 20:30:00,2737.313088,2736.815895,2736.882013,-0.49719299999969735,-0.43107499999996435,-0.46413399999983085
2023-06-04 20:45:00,2737.316587,2736.813252,2736.883762,-0.5033349999998791,-0.4328249999998661,-0.4680799999998726
2023-06-04 21:00:00,2737.313088,2736.809738,2736.881696,-0.5033499999999549,-0.4313919999999598,-0.46737099999995735
2023-06-04 21:15:00,2737.316587,2736.811486,2736.882876,-0.5051009999997405,-0.43371099999967555,-0.469405999999708
2023-06-04 21:30:00,2737.315427,2736.810328,2736.879113,-0.5050989999999729,-0.4363140000000385,-0.4707065000000057
2023-06-04 21:45:00,2737.317757,2736.81099,2736.879977,-0.5067669999998543,-0.4377799999997478,-0.47227349999980106
2023-06-04 22:15:00,2737.314838,2736.811986,2736.880844,-0.5028519999996206,-0.4339939999999842,-0.4684229999998024
2023-06-04 22:30:00,2737.314838,2736.813734,2736.882024,-0.5011039999999412,-0.4328139999997802,-0.4669589999998607
2023-06-04 23:00:00,2737.316587,2736.815484,2736.881742,-0.5011029999996026,-0.43484499999976833,-0.4679739999996855
2023-06-04 23:30:00,2737.314838,2736.816638,2736.885197,-0.4981999999999971,-0.4296409999997195,-0.4639204999998583
2023-06-04 23:45:00,2737.318336,2736.811755,2736.884344,-0.5065809999996418,-0.4339919999997619,-0.47028649999970185
2023-06-05 00:00:00,2737.317757,2736.813915,2736.882912,-0.5038419999996222,-0.43484499999976833,-0.46934349999969527
2023-06-05 00:15:00,2737.321255,2736.813074,2736.883764,-0.5081809999996949,-0.43749099999968166,-0.4728359999996883
2023-06-05 01:00:00,2737.323005,2736.816572,2736.885514,-0.5064330000000155,-0.4374910000001364,-0.47196200000007593
2023-06-05 01:30:00,2737.321255,2736.818404,2736.887264,-0.5028509999997368,-0.4339909999998781,-0.46842099999980746
2023-06-05 02:15:00,2737.321255,2736.815584,2736.890719,-0.505670999999893,-0.43053599999984726,-0.4681034999998701
2023-06-05 02:45:00,2737.323005,2736.81449,2736.888682,-0.5085149999999885,-0.43432300000040414,-0.4714190000001963
2023-06-05 03:00:00,2737.319506,2736.81274,2736.885183,-0.5067659999999705,-0.4343229999999494,-0.47054449999995995
2023-06-05 03:15:00,2737.324174,2736.816651,2736.884646,-0.5075229999997646,-0.439527999999882,-0.4735254999998233
2023-06-05 03:30:00,2737.320676,2736.81391,2736.8855,-0.5067659999999705,-0.4351759999999558,-0.47097099999996317
2023-06-05 03:45:00,2737.324754,2736.81274,2736.886931,-0.512014000000363,-0.4378230000002077,-0.47491850000028535
2023-06-05 04:00:00,2737.316007,2736.816322,2736.886079,-0.4996849999997721,-0.4299280000000181,-0.4648064999998951
2023-06-05 04:15:00,2737.317757,2736.809011,2736.886366,-0.5087459999999737,-0.43139099999962127,-0.4700684999997975
2023-06-05 04:30:00,2737.326504,2736.8135,2736.885513,-0.5130039999999099,-0.44099099999993996,-0.4769974999999249
2023-06-05 05:00:00,2737.321255,2736.812927,2736.888116,-0.5083279999998922,-0.43313899999975547,-0.47073349999982383
2023-06-05 05:30:00,2737.319506,2736.809345,2736.882911,-0.5101609999996981,-0.4365949999996701,-0.4733779999996841
2023-06-05 05:45:00,2737.320086,2736.810915,2736.884343,-0.5091710000001513,-0.4357430000000022,-0.47245700000007673
2023-06-05 06:00:00,2737.318336,2736.812747,2736.885196,-0.5055889999998726,-0.43313999999963926,-0.46936449999975594
2023-06-05 06:30:00,2737.321835,2736.813836,2736.886093,-0.5079990000003818,-0.4357420000001184,-0.4718705000002501
2023-06-05 06:45:00,2737.324754,2736.809017,2736.884343,-0.515737000000172,-0.4404110000000401,-0.478074000000106
2023-06-05 07:00:00,2737.320086,2736.810008,2736.882593,-0.5100780000002487,-0.43749300000035873,-0.4737855000003037
2023-06-05 07:15:00,2737.317177,2736.807099,2736.884318,-0.510077999999794,-0.43285900000000765,-0.4714684999999008
2023-06-05 07:30:00,2737.320096,2736.810598,2736.886068,-0.5094979999998941,-0.43402800000012576,-0.4717630000000099
2023-06-05 07:45:00,2737.316597,2736.810002,2736.883466,-0.5065949999998338,-0.43313099999977567,-0.46986299999980474
2023-06-05 08:00:00,2737.318926,2736.811572,2736.884898,-0.5073539999998502,-0.43402800000012576,-0.470690999999988
2023-06-05 08:30:00,2737.317177,2736.807084,2736.883148,-0.5100929999998698,-0.43402900000000955,-0.47206099999993967
2023-06-05 08:45:00,2737.313678,2736.804343,2736.884897,-0.5093350000001919,-0.4287810000000718,-0.46905800000013187
2023-06-05 10:00:00,2737.314258,2736.808074,2736.880544,-0.5061839999998483,-0.43371399999978166,-0.469948999999815
2023-06-05 10:45:00,2737.315427,2736.805334,2736.881396,-0.5100929999998698,-0.4340309999997771,-0.47206199999982346
2023-06-05 11:30:00,2737.313678,2736.808418,2736.877361,-0.5052599999999074,-0.4363170000001446,-0.47078850000002603
2023-06-05 11:45:00,2737.313678,2736.811916,2736.881431,-0.5017619999998715,-0.43224700000018856,-0.46700450000003
2023-06-05 12:00:00,2737.313678,2736.80809,2736.877931,-0.5055879999999888,-0.4357469999999921,-0.47066749999999047
2023-06-05 12:15:00,2737.316587,2736.80925,2736.878239,-0.5073370000000068,-0.438347999999678,-0.4728424999998424
2023-06-05 12:45:00,2737.315427,2736.810813,2736.877941,-0.5046139999999468,-0.437485999999808,-0.4710499999998774
2023-06-05 13:00:00,2737.312508,2736.812563,2736.881113,-0.4999450000000252,-0.4313950000000659,-0.46567000000004555
2023-06-05 13:15:00,2737.315427,2736.810484,2736.87969,-0.504942999999912,-0.43573699999979,-0.470339999999851
2023-06-05 13:30:00,2737.313678,2736.810664,2736.881713,-0.5030139999998937,-0.4319649999997637,-0.4674894999998287
2023-06-05 13:45:00,2737.313678,2736.811982,2736.882565,-0.5016959999998107,-0.4311130000000958,-0.46640449999995326
2023-06-05 14:00:00,2737.318926,2736.814492,2736.885213,-0.5044339999999465,-0.4337129999998979,-0.4690734999999222
2023-06-05 14:30:00,2737.315427,2736.816144,2736.88086,-0.49928300000010495,-0.4345669999997881,-0.4669249999999465
2023-06-05 14:45:00,2737.315427,2736.813732,2736.882283,-0.501694999999927,-0.4331440000000839,-0.46741950000000543
2023-06-05 15:00:00,2737.313678,2736.809109,2736.879681,-0.5045690000001741,-0.43399700000009034,-0.46928300000013223
2023-06-05 15:15:00,2737.311929,2736.793002,2736.88143,-0.5189270000000761,-0.43049900000005437,-0.4747130000000652
2023-06-05 15:30:00,2737.314838,2736.809344,2736.883443,-0.5054939999999988,-0.4313949999996112,-0.468444499999805
2023-06-05 15:45:00,2737.313088,2736.807364,2736.880554,-0.5057240000001002,-0.4325340000000324,-0.4691290000000663
2023-06-05 16:00:00,2737.316007,2736.812927,2736.882577,-0.5030799999999545,-0.43343000000004395,-0.4682549999999992
2023-06-05 16:45:00,2737.314258,2736.819345,2736.879974,-0.4949129999999968,-0.43428399999993417,-0.4645984999999655
2023-06-05 17:00:00,2737.312508,2736.812971,2736.880827,-0.4995370000001458,-0.43168100000002596,-0.46560900000008587
2023-06-05 18:00:00,2737.314258,2736.813075,2736.88343,-0.5011829999998554,-0.43082800000001953,-0.46600549999993746
2023-06-05 18:15:00,2737.313678,2736.819902,2736.881997,-0.49377599999979793,-0.43168100000002596,-0.46272849999991195
2023-06-05 18:30:00,2737.312508,2736.817594,2736.880829,-0.4949139999998806,-0.43167899999980364,-0.4632964999998421
2023-06-05 18:45:00,2737.312508,2736.812971,2736.883431,-0.4995370000001458,-0.4290769999997792,-0.4643069999999625
2023-06-05 19:15:00,2737.312508,2736.817265,2736.882579,-0.4952429999998458,-0.42992899999990186,-0.4625859999998738
2023-06-05 19:30:00,2737.312508,2736.819016,2736.879976,-0.4934920000000602,-0.43253199999981007,-0.46301199999993514
2023-06-05 19:45:00,2737.311339,2736.819343,2736.878806,-0.4919959999997445,-0.43253299999969386,-0.4622644999997192
2023-06-05 20:00:00,2737.313088,2736.817363,2736.881696,-0.4957249999997657,-0.4313919999999598,-0.46355849999986276
2023-06-05 20:30:00,2737.319506,2736.815896,2736.887219,-0.5036099999997532,-0.4322869999996328,-0.467948499999693
2023-06-05 20:45:00,2737.317757,2736.816701,2736.884329,-0.5010559999996076,-0.4334279999998216,-0.4672419999997146
2023-06-05 21:00:00,2737.313088,2736.818353,2736.880557,-0.4947349999997641,-0.4325309999999263,-0.4636329999998452
2023-06-05 21:30:00,2737.314838,2736.818457,2736.885198,-0.49638099999992846,-0.4296399999998357,-0.4630104999998821
2023-06-05 21:45:00,2737.315427,2736.819113,2736.884037,-0.49631399999998393,-0.43139000000019223,-0.4638520000000881
2023-06-05 22:00:00,2737.316597,2736.812642,2736.881717,-0.5039550000001327,-0.43487999999979365,-0.4694174999999632
2023-06-05 22:15:00,2737.315427,2736.814972,2736.8849,-0.5004549999998744,-0.4305269999999837,-0.46549099999992904
2023-06-05 22:30:00,2737.317177,2736.814392,2736.882297,-0.5027849999996761,-0.43487999999979365,-0.46883249999973486
2023-06-05 23:00:00,2737.318926,2736.822283,2736.88665,-0.4966429999999491,-0.43227600000000166,-0.4644594999999754
2023-06-05 23:15:00,2737.318346,2736.821705,2736.88782,-0.4966410000001815,-0.4305260000000999,-0.4635835000001407
2023-06-05 23:30:00,2737.317177,2736.817034,2736.886625,-0.5001429999997526,-0.43055199999980687,-0.46534749999977976
2023-06-05 23:45:00,2737.318926,2736.815962,2736.884047,-0.5029639999997926,-0.43487899999990987,-0.4689214999998512
2023-06-06 00:15:00,2737.320096,2736.818965,2736.886923,-0.5011309999999867,-0.433172999999897,-0.46715199999994184
2023-06-06 00:30:00,2737.315427,2736.820715,2736.889243,-0.49471200000016324,-0.42618399999992107,-0.46044800000004216
2023-06-06 00:45:00,2737.320096,2736.818882,2736.885217,-0.5012139999998908,-0.43487899999990987,-0.46804649999990033
2023-06-06 01:00:00,2737.318336,2736.817302,2736.88723,-0.5010339999998905,-0.43110599999999977,-0.46606999999994514
2023-06-06 01:15:00,2737.316587,2736.818292,2736.884627,-0.4982949999998709,-0.43195999999989,-0.46512749999988046
2023-06-06 01:45:00,2737.320086,2736.821033,2736.886947,-0.4990530000000035,-0.4331390000002102,-0.46609600000010687
2023-06-06 02:00:00,2737.314838,2736.815552,2736.885198,-0.4992859999997563,-0.4296399999998357,-0.464462999999796
2023-06-06 02:45:00,2737.320086,2736.820042,2736.88955,-0.5000440000003437,-0.430536000000302,-0.46529000000032283
2023-06-06 03:30:00,2737.320086,2736.814728,2736.886051,-0.5053580000003421,-0.43403500000022177,-0.46969650000028196
2023-06-06 03:45:00,2737.321255,2736.813917,2736.886367,-0.5073379999998906,-0.43488799999977346,-0.471112999999832
2023-06-06 04:00:00,2737.323005,2736.815816,2736.886932,-0.5071890000003805,-0.4360730000003059,-0.4716310000003432
2023-06-06 04:15:00,2737.318926,2736.815996,2736.887249,-0.5029300000001058,-0.43167700000003606,-0.4673035000000709
2023-06-06 04:30:00,2737.316007,2736.813076,2736.886932,-0.5029309999999896,-0.42907500000001164,-0.4660030000000006
2023-06-06 04:45:00,2737.324174,2736.814902,2736.888102,-0.5092719999997826,-0.4360719999999674,-0.47267199999987497
2023-06-06 05:00:00,2737.314258,2736.817135,2736.887502,-0.49712300000010146,-0.42675599999984115,-0.4619394999999713
2023-06-06 05:45:00,2737.320086,2736.813886,2736.883446,-0.5062000000002627,-0.4366400000003523,-0.4714200000003075
2023-06-06 06:00:00,2737.318336,2736.814728,2736.885196,-0.5036079999999856,-0.43313999999963926,-0.46837399999981244
2023-06-06 06:15:00,2737.321255,2736.813918,2736.888969,-0.5073370000000068,-0.43228599999974904,-0.4698114999998779
2023-06-06 06:30:00,2737.317757,2736.810433,2736.886366,-0.5073239999996986,-0.43139099999962127,-0.4693574999996599
2023-06-06 06:45:00,2737.314838,2736.807945,2736.884864,-0.5068929999997636,-0.42997399999967456,-0.46843349999971906
2023-06-06 07:15:00,2737.320086,2736.809017,2736.886614,-0.5110690000001341,-0.4334720000001653,-0.4722705000001497
2023-06-06 07:30:00,2737.313088,2736.803785,2736.884012,-0.509302999999818,-0.42907599999989543,-0.4691894999998567
2023-06-06 07:45:00,2737.318336,2736.802794,2736.885151,-0.5155419999996411,-0.4331849999998667,-0.4743634999997539
2023-06-06 08:30:00,2737.313678,2736.806257,2736.880536,-0.5074209999997947,-0.4331419999998616,-0.47028149999982816
2023-06-06 08:45:00,2737.311339,2736.803637,2736.879093,-0.5077019999998811,-0.43224599999985003,-0.46997399999986555
2023-06-06 09:00:00,2737.313678,2736.801814,2736.883139,-0.5118640000000596,-0.4305389999999534,-0.4712015000000065
2023-06-06 09:15:00,2737.316587,2736.799162,2736.882549,-0.5174250000000029,-0.43403799999987314,-0.475731499999938
2023-06-06 09:30:00,2737.311339,2736.807418,2736.882547,-0.5039209999999912,-0.42879199999970297,-0.4663564999998471
2023-06-06 09:45:00,2737.318336,2736.806526,2736.88226,-0.5118099999999686,-0.4360759999999573,-0.4739429999999629
2023-06-06 10:00:00,2737.311339,2736.809168,2736.88401,-0.5021709999996347,-0.427328999999645,-0.46474999999963984
2023-06-06 10:15:00,2737.312508,2736.811225,2736.88168,-0.5012830000000577,-0.43082800000001953,-0.4660555000000386
2023-06-06 10:30:00,2737.30784,2736.79147,2736.88051,-0.5163699999998244,-0.42732999999998356,-0.47184999999990396
2023-06-06 11:30:00,2737.314258,2736.810465,2736.88225,-0.5037929999998596,-0.4320079999997688,-0.4679004999998142
2023-06-06 11:45:00,2737.313678,2736.814374,2736.882567,-0.49930399999993824,-0.43111099999987346,-0.46520749999990585
2023-06-06 12:15:00,2737.310179,2736.811455,2736.878214,-0.49872400000003836,-0.4319650000002184,-0.4653445000001284
2023-06-06 12:30:00,2737.310759,2736.808305,2736.878795,-0.5024539999999433,-0.4319639999998799,-0.4672089999999116
2023-06-06 12:45:00,2737.30843,2736.808484,2736.879965,-0.49994599999990896,-0.4284649999999601,-0.46420549999993455
2023-06-06 13:00:00,2737.30668,2736.806734,2736.873871,-0.4999460000003637,-0.43280900000036127,-0.4663775000003625
2023-06-06 13:15:00,2737.311929,2736.811222,2736.883418,-0.5007070000001477,-0.42851100000007136,-0.4646090000001095
2023-06-06 13:30:00,2737.30901,2736.810464,2736.879963,-0.49854599999980564,-0.42904700000008233,-0.463796499999944
2023-06-06 13:45:00,2737.30726,2736.809294,2736.879647,-0.49796599999990576,-0.4276129999998375,-0.4627894999998716
2023-06-06 14:00:00,2737.310179,2736.807657,2736.878215,-0.5025220000002264,-0.4319639999998799,-0.46724300000005314
2023-06-06 14:15:00,2737.30842,2736.807729,2736.880798,-0.5006909999997333,-0.4276219999997011,-0.4641564999997172
2023-06-06 14:30:00,2737.310169,2736.805234,2736.87876,-0.5049349999999322,-0.4314089999998032,-0.4681719999998677
2023-06-06 14:45:00,2737.313088,2736.807395,2736.881966,-0.5056930000000648,-0.43112199999995937,-0.4684075000000121
2023-06-06 15:00:00,2737.311339,2736.807066,2736.877625,-0.504273000000012,-0.43371399999978166,-0.4689934999998968
2023-06-06 15:30:00,2737.314838,2736.812211,2736.879375,-0.5026269999998476,-0.43546299999979965,-0.46904499999982363
2023-06-06 15:45:00,2737.30784,2736.809806,2736.877337,-0.4980339999997341,-0.43050300000004427,-0.4642684999998892
2023-06-06 16:00:00,2737.30901,2736.811548,2736.881963,-0.497461999999814,-0.42704700000012963,-0.4622544999999718
2023-06-06 16:30:00,2737.30667,2736.809141,2736.880237,-0.4975289999997585,-0.4264330000000882,-0.46198099999992337
2023-06-06 16:45:00,2737.310169,2736.806402,2736.878487,-0.5037669999996979,-0.43168199999990975,-0.4677244999998038
2023-06-06 17:00:00,2737.304921,2736.807392,2736.879342,-0.4975289999997585,-0.42557899999974325,-0.4615539999997509
2023-06-06 17:15:00,2737.30842,2736.809207,2736.878489,-0.4992130000000543,-0.42993099999966944,-0.4645719999998619
2023-06-06 17:30:00,2737.310169,2736.80914,2736.881092,-0.5010290000000168,-0.4290769999997792,-0.465052999999898
2023-06-06 18:00:00,2737.310759,2736.806231,2736.877329,-0.5045279999999366,-0.43343000000004395,-0.46897899999999026
2023-06-06 18:15:00,2737.302602,2736.80349,2736.87733,-0.499112000000423,-0.42527200000040466,-0.4621920000004138
2023-06-06 18:30:00,2737.303761,2736.802572,2736.874137,-0.5011890000000676,-0.42962400000033085,-0.46540650000019923
2023-06-06 18:45:00,2737.30842,2736.80465,2736.87849,-0.503769999999804,-0.42992999999978565,-0.4668499999997948
2023-06-06 19:00:00,2737.310759,2736.806959,2736.87676,-0.5037999999999556,-0.4339989999998579,-0.46889949999990677
2023-06-06 19:15:00,2737.310759,2736.806168,2736.879695,-0.5045909999998912,-0.43106399999987843,-0.4678274999998848
2023-06-06 19:30:00,2737.311919,2736.809801,2736.878209,-0.5021180000003369,-0.4337100000002465,-0.4679140000002917
2023-06-06 19:45:00,2737.311919,2736.816174,2736.879379,-0.49574500000016997,-0.4325400000002446,-0.4641425000002073
2023-06-06 20:00:00,2737.314838,2736.813645,2736.883152,-0.5011929999996028,-0.43168599999989965,-0.4664394999997512
2023-06-06 20:15:00,2737.321255,2736.8115,2736.883722,-0.509755000000041,-0.437532999999803,-0.473643999999922
2023-06-06 20:30:00,2737.318336,2736.813799,2736.882552,-0.5045369999998002,-0.435783999999785,-0.4701604999997926
2023-06-06 20:45:00,2737.318926,2736.809996,2736.878221,-0.5089299999999639,-0.4407049999999799,-0.4748174999999719
2023-06-06 21:00:00,2737.321255,2736.811648,2736.884005,-0.50960699999996,-0.43724999999994907,-0.4734284999999545
2023-06-06 21:15:00,2737.319506,2736.81482,2736.883436,-0.504685999999765,-0.43606999999974505,-0.47037799999975505
2023-06-06 21:30:00,2737.318926,2736.813019,2736.886028,-0.5059069999997519,-0.4328980000000229,-0.46940249999988737
2023-06-06 21:45:00,2737.324174,2736.815,2736.880823,-0.5091739999998026,-0.44335099999989325,-0.47626249999984793
2023-06-06 22:15:00,2737.319506,2736.815662,2736.884288,-0.5038439999998445,-0.4352179999996224,-0.46953099999973347
2023-06-06 22:30:00,2737.314258,2736.818402,2736.883437,-0.4958560000000034,-0.4308209999999235,-0.46333849999996346
2023-06-06 22:45:00,2737.318336,2736.816472,2736.882267,-0.5018639999998413,-0.43606899999986126,-0.4689664999998513
2023-06-06 23:00:00,2737.319506,2736.822199,2736.88604,-0.4973069999996369,-0.43346599999995306,-0.465386499999795
2023-06-06 23:30:00,2737.312508,2736.813913,2736.881686,-0.498595000000023,-0.4308219999998073,-0.46470849999991515
2023-06-06 23:45:00,2737.315427,2736.815001,2736.880825,-0.5004260000000613,-0.4346019999998134,-0.46751399999993737
2023-06-07 00:00:00,2737.317177,2736.821137,2736.885177,-0.4960399999999936,-0.431999999999789,-0.4640199999998913
2023-06-07 00:15:00,2737.313088,2736.825268,2736.885158,-0.4878199999998287,-0.42792999999983294,-0.45787499999983083
2023-06-07 00:30:00,2737.316007,2736.82984,2736.879383,-0.4861670000000231,-0.43662399999993795,-0.46139549999998053
2023-06-07 00:45:00,2737.313088,2736.82885,2736.885143,-0.48423800000000483,-0.42794499999990876,-0.4560914999999568
2023-06-07 01:15:00,2737.318336,2736.824279,2736.886006,-0.4940569999998843,-0.43232999999963795,-0.4631934999997611
2023-06-07 01:30:00,2737.312508,2736.821883,2736.88372,-0.49062499999990905,-0.4287880000001678,-0.45970650000003843
2023-06-07 01:45:00,2737.317757,2736.822873,2736.887176,-0.494883999999729,-0.43058099999961996,-0.4627324999996745
2023-06-07 02:00:00,2737.316587,2736.820713,2736.886328,-0.4958739999997306,-0.4302589999997508,-0.4630664999997407
2023-06-07 02:15:00,2737.316587,2736.818636,2736.881697,-0.49795099999982995,-0.4348899999999958,-0.46642049999991286
2023-06-07 02:30:00,2737.314258,2736.818712,2736.884572,-0.49554600000010396,-0.42968599999994694,-0.46261600000002545
2023-06-07 02:45:00,2737.319506,2736.819806,2736.886322,-0.49969999999984793,-0.4331839999999829,-0.4664419999999154
2023-06-07 03:00:00,2737.317757,2736.817066,2736.885757,-0.5006909999997333,-0.431999999999789,-0.46634549999976116
2023-06-07 03:30:00,2737.316587,2736.812495,2736.883402,-0.5040919999996731,-0.4331849999998667,-0.4686384999997699
2023-06-07 03:45:00,2737.317757,2736.814244,2736.88547,-0.503512999999657,-0.4322869999996328,-0.46789999999964493
2023-06-07 04:00:00,2737.320666,2736.814413,2736.88663,-0.5062530000000152,-0.43403600000010556,-0.47014450000006036
2023-06-07 04:15:00,2737.317757,2736.811505,2736.886322,-0.5062519999996766,-0.43143499999996493,-0.4688434999998208
2023-06-07 04:30:00,2737.317167,2736.819134,2736.885777,-0.49803300000030504,-0.43139000000019223,-0.46471150000024863
2023-06-07 04:45:00,2737.320666,2736.811822,2736.886629,-0.5088439999999537,-0.43403699999998935,-0.4714404999999715
2023-06-07 05:00:00,2737.320666,2736.810072,2736.885449,-0.5105939999998554,-0.43521700000019337,-0.4729055000000244
2023-06-07 05:15:00,2737.322415,2736.817385,2736.889802,-0.5050300000002608,-0.4326129999999466,-0.4688215000001037
2023-06-07 05:30:00,2737.315417,2736.808324,2736.885732,-0.5070929999997134,-0.4296849999996084,-0.4683889999996609
2023-06-07 05:45:00,2737.315417,2736.811905,2736.884879,-0.5035119999997733,-0.43053799999961484,-0.46702499999969405
2023-06-07 06:00:00,2737.314258,2736.813485,2736.883719,-0.5007729999997537,-0.4305389999999534,-0.4656559999998535
2023-06-07 06:15:00,2737.316007,2736.812823,2736.886321,-0.5031839999996919,-0.42968599999994694,-0.4664349999998194
2023-06-07 06:30:00,2737.320666,2736.809262,2736.888334,-0.5114039999998568,-0.4323319999998603,-0.4718679999998585
2023-06-07 06:45:00,2737.316007,2736.810843,2736.885469,-0.5051639999996951,-0.4305380000000696,-0.46785099999988233
2023-06-07 07:00:00,2737.312508,2736.808104,2736.885746,-0.5044039999997949,-0.4267620000000534,-0.46558299999992414
2023-06-07 07:15:00,2737.314838,2736.807694,2736.881131,-0.5071439999996983,-0.43370699999968565,-0.47042549999969197
2023-06-07 07:30:00,2737.316587,2736.805943,2736.884299,-0.5106439999999566,-0.43228799999997136,-0.47146599999996397
2023-06-07 08:15:00,2737.313088,2736.802213,2736.880233,-0.5108749999999418,-0.43285500000001775,-0.4718649999999798
2023-06-07 08:30:00,2737.309589,2736.803204,2736.884575,-0.5063850000001366,-0.4250139999999192,-0.4656995000000279
2023-06-07 08:45:00,2737.316587,2736.805184,2736.883722,-0.511402999999973,-0.43286499999976513,-0.47213399999986905
2023-06-07 09:00:00,2737.311339,2736.800561,2736.883687,-0.5107779999998456,-0.4276519999998527,-0.46921499999984917
2023-06-07 09:15:00,2737.318336,2736.801425,2736.886325,-0.516910999999709,-0.4320109999998749,-0.47446099999979197
2023-06-07 09:45:00,2737.313088,2736.804061,2736.881982,-0.5090270000000601,-0.43110599999999977,-0.4700665000000299
2023-06-07 10:15:00,2737.311339,2736.805088,2736.878481,-0.5062509999997928,-0.4328579999996691,-0.469554499999731
2023-06-07 10:30:00,2737.313088,2736.800561,2736.880232,-0.5125269999998636,-0.43285599999990154,-0.4726914999998826
2023-06-07 10:45:00,2737.313088,2736.812548,2736.882835,-0.5005400000000009,-0.43025299999999334,-0.4653964999999971
2023-06-07 11:00:00,2737.311339,2736.807069,2736.880797,-0.5042699999999058,-0.4305420000000595,-0.46740599999998267
2023-06-07 11:15:00,2737.313088,2736.812214,2736.884583,-0.5008739999998397,-0.42850499999985914,-0.46468949999984943
2023-06-07 11:30:00,2737.311339,2736.811558,2736.88198,-0.4997809999999845,-0.42935899999974936,-0.4645699999998669
2023-06-07 12:00:00,2737.312508,2736.809987,2736.883716,-0.5025209999998879,-0.4287920000001577,-0.4656565000000228
2023-06-07 12:15:00,2737.313088,2736.807643,2736.882546,-0.5054449999997814,-0.4305420000000595,-0.46799349999992046
2023-06-07 12:45:00,2737.30726,2736.807395,2736.879363,-0.49986500000022716,-0.42789700000002995,-0.46388100000012855
2023-06-07 13:00:00,2737.30901,2736.809801,2736.881966,-0.4992090000000644,-0.4270440000000235,-0.46312650000004396
2023-06-07 13:15:00,2737.30726,2736.807061,2736.877612,-0.500199000000066,-0.4296479999998155,-0.46492349999994076
2023-06-07 13:30:00,2737.313668,2736.809971,2736.881093,-0.5036969999996472,-0.4325749999998152,-0.4681359999997312
2023-06-07 13:45:00,2737.310759,2736.805246,2736.880786,-0.5055130000000645,-0.4299729999997908,-0.46774299999992763
2023-06-07 14:00:00,2737.313668,2736.806404,2736.881946,-0.5072639999998501,-0.43172199999980876,-0.4694929999998294
2023-06-07 14:15:00,2737.30726,2736.804246,2736.884265,-0.5030139999998937,-0.42299499999990076,-0.46300449999989723
2023-06-07 14:30:00,2737.310169,2736.810135,2736.88024,-0.5000339999996868,-0.42992899999990186,-0.4649814999997943
2023-06-07 15:15:00,2737.309589,2736.806403,2736.882262,-0.5031859999999142,-0.42732699999987744,-0.4652564999998958
2023-06-07 15:30:00,2737.30843,2736.802242,2736.880513,-0.5061879999998382,-0.42791699999997945,-0.46705249999990883
2023-06-07 15:45:00,2737.30668,2736.802904,2736.87616,-0.5037760000000162,-0.4305200000003424,-0.4671480000001793
2023-06-07 16:00:00,2737.304931,2736.800163,2736.879333,-0.5047680000002401,-0.4255980000002637,-0.4651830000002519
2023-06-07 16:15:00,2737.310179,2736.807392,2736.881936,-0.5027869999998984,-0.4282429999998385,-0.46551499999986845
2023-06-07 16:30:00,2737.310179,2736.804652,2736.882501,-0.5055270000002565,-0.42767800000001444,-0.4666025000001355
2023-06-07 17:00:00,2737.310179,2736.804651,2736.881083,-0.5055280000001403,-0.42909599999984493,-0.4673119999999926
2023-06-07 17:15:00,2737.309599,2736.804979,2736.877902,-0.504620000000159,-0.43169699999998556,-0.4681585000000723
2023-06-07 17:30:00,2737.30668,2736.807391,2736.878482,-0.4992890000003172,-0.4281980000000658,-0.4637435000001915
2023-06-07 18:00:00,2737.310169,2736.80739,2736.881947,-0.5027789999999186,-0.4282220000000052,-0.4655004999999619
2023-06-07 18:15:00,2737.313668,2736.80523,2736.879345,-0.5084379999998418,-0.4343229999999494,-0.4713804999998956
2023-06-07 18:30:00,2737.311919,2736.807062,2736.881095,-0.5048570000003565,-0.4308240000000296,-0.46784050000019306
2023-06-07 18:45:00,2737.311339,2736.80856,2736.883117,-0.5027789999999186,-0.4282220000000052,-0.4655004999999619
2023-06-07 19:00:00,2737.30843,2736.804649,2736.881085,-0.5037809999998899,-0.42734500000005937,-0.46556299999997464
2023-06-07 19:15:00,2737.30785,2736.805819,2736.881402,-0.5020309999999881,-0.42644800000016403,-0.4642395000000761
2023-06-07 19:30:00,2737.311929,2736.806399,2736.880516,-0.5055299999999079,-0.4314129999997931,-0.4684714999998505
2023-06-07 19:45:00,2737.310179,2736.80739,2736.877913,-0.5027890000001207,-0.4322660000002543,-0.4675275000001875
2023-06-07 20:00:00,2737.313088,2736.803659,2736.883119,-0.5094289999997272,-0.42996899999980087,-0.46969899999976406
2023-06-07 20:15:00,2737.30842,2736.802491,2736.879346,-0.5059289999999237,-0.4290739999996731,-0.4675014999997984
2023-06-07 20:30:00,2737.30901,2736.81089,2736.886302,-0.4981199999997443,-0.4227080000000569,-0.4604139999999006
2023-06-07 21:15:00,2737.313088,2736.81206,2736.888042,-0.5010279999996783,-0.4250459999998384,-0.46303699999975834
2023-06-07 21:30:00,2737.314838,2736.809981,2736.887473,-0.5048569999999017,-0.42736499999955413,-0.46611099999972794
2023-06-07 21:45:00,2737.313088,2736.808329,2736.889223,-0.5047589999999218,-0.4238649999997506,-0.4643119999998362
2023-06-07 22:00:00,2737.316587,2736.809319,2736.884018,-0.50726799999984,-0.43256899999960297,-0.46991849999972146
2023-06-07 22:15:00,2737.315417,2736.807227,2736.8837,-0.5081900000000132,-0.43171699999993507,-0.46995349999997416
2023-06-07 22:45:00,2737.314258,2736.807817,2736.887746,-0.5064409999999953,-0.42651200000000244,-0.46647649999999885
2023-06-07 23:00:00,2737.312508,2736.803327,2736.881972,-0.5091809999998986,-0.43053599999984726,-0.46985849999987295
2023-06-07 23:30:00,2737.312508,2736.806067,2736.885144,-0.5064409999999953,-0.4273640000001251,-0.46690250000006017
2023-06-08 00:00:00,2737.316007,2736.80052,2736.885997,-0.515487000000121,-0.4300100000000384,-0.47274850000007973
2023-06-08 00:15:00,2737.315417,2736.808978,2736.888337,-0.5064389999997729,-0.4270799999999326,-0.4667594999998528
2023-06-08 00:30:00,2737.317167,2736.807987,2736.887484,-0.5091800000000148,-0.4296830000002956,-0.4694315000001552
2023-06-08 00:45:00,2737.318916,2736.805581,2736.884881,-0.5133350000000974,-0.43403500000022177,-0.47368500000015956
2023-06-08 01:30:00,2737.321255,2736.806171,2736.888927,-0.5150839999996606,-0.43232799999987037,-0.4737059999997655
2023-06-08 01:45:00,2737.320666,2736.805582,2736.888906,-0.5150840000001153,-0.4317599999999402,-0.47342200000002777
2023-06-08 02:00:00,2737.318916,2736.804756,2736.885733,-0.5141600000001745,-0.4331830000000991,-0.4736715000001368
2023-06-08 02:30:00,2737.316007,2736.799865,2736.887176,-0.5161419999999453,-0.4288309999997182,-0.4724864999998317
2023-06-08 03:00:00,2737.316007,2736.802673,2736.885428,-0.5133339999997588,-0.4305789999998524,-0.4719564999998056
2023-06-08 03:15:00,2737.314258,2736.801682,2736.886323,-0.512576000000081,-0.42793499999970663,-0.4702554999998938
2023-06-08 04:00:00,2737.316587,2736.806075,2736.885153,-0.5105119999998351,-0.4314339999996264,-0.47097299999973075
2023-06-08 04:15:00,2737.321255,2736.803253,2736.887181,-0.5180019999997967,-0.43407399999978225,-0.47603799999978946
2023-06-08 04:30:00,2737.319506,2736.806912,2736.890101,-0.5125939999998081,-0.4294049999998606,-0.47099949999983437
2023-06-08 04:45:00,2737.313088,2736.802593,2736.885476,-0.5104949999999917,-0.4276119999999537,-0.4690534999999727
2023-06-08 05:00:00,2737.314838,2736.802265,2736.88719,-0.5125729999999749,-0.4276479999998628,-0.47011049999991883
2023-06-08 05:15:00,2737.316587,2736.806836,2736.888043,-0.5097509999995964,-0.42854399999987436,-0.4691474999997354
2023-06-08 05:30:00,2737.314838,2736.801685,2736.886293,-0.5131529999998747,-0.42854499999975815,-0.47084899999981644
2023-06-08 06:00:00,2737.313088,2736.802347,2736.88369,-0.5107410000000527,-0.4293979999997646,-0.47006949999990866
2023-06-08 06:15:00,2737.317757,2736.799607,2736.884255,-0.5181499999998778,-0.43350199999986216,-0.47582599999986996
2023-06-08 06:30:00,2737.319506,2736.806176,2736.889783,-0.5133299999997689,-0.42972299999973984,-0.4715264999997544
2023-06-08 06:45:00,2737.316587,2736.804426,2736.885431,-0.5121609999996508,-0.43115599999964616,-0.4716584999996485
2023-06-08 07:00:00,2737.319506,2736.797113,2736.88369,-0.5223929999997381,-0.4358159999997042,-0.47910449999972116
2023-06-08 07:15:00,2737.316007,2736.797955,2736.888031,-0.5180519999998978,-0.4279759999999442,-0.473013999999921
2023-06-08 07:30:00,2737.311919,2736.795795,2736.88426,-0.5161240000002181,-0.42765900000040347,-0.47189150000031077
2023-06-08 07:45:00,2737.313668,2736.798536,2736.886861,-0.5151319999999942,-0.4268069999998261,-0.4709694999999101
2023-06-08 08:00:00,2737.313678,2736.796385,2736.886881,-0.5172929999998814,-0.4267970000000787,-0.47204499999998006
2023-06-08 08:15:00,2737.312508,2736.798366,2736.884279,-0.5141419999999925,-0.4282290000001012,-0.4711855000000469
2023-06-08 08:45:00,2737.313678,2736.794733,2736.882529,-0.5189449999998033,-0.4311490000000049,-0.4750469999999041
2023-06-08 09:00:00,2737.315427,2736.785396,2736.885131,-0.5300309999997808,-0.43029599999999846,-0.4801634999998896
2023-06-08 09:30:00,2737.313678,2736.791336,2736.883381,-0.5223420000002079,-0.43029699999988225,-0.4763195000000451
2023-06-08 10:00:00,2737.311929,2736.801568,2736.882527,-0.5103610000001026,-0.4294019999997545,-0.46988149999992856
2023-06-08 10:15:00,2737.310179,2736.80124,2736.883097,-0.5089390000002822,-0.42708200000015495,-0.4680105000002186
2023-06-08 10:30:00,2737.311929,2736.800249,2736.8857,-0.5116800000000694,-0.4262290000001485,-0.46895450000010896
2023-06-08 11:45:00,2737.30726,2736.799081,2736.883676,-0.5081789999999273,-0.423584000000119,-0.46588150000002315
2023-06-08 12:00:00,2737.30843,2736.803072,2736.880493,-0.5053579999998874,-0.42793699999992896,-0.4666474999999082
2023-06-08 12:30:00,2737.304341,2736.799079,2736.881073,-0.5052620000001298,-0.4232680000000073,-0.46426500000006854
2023-06-08 12:45:00,2737.30726,2736.799587,2736.883096,-0.507673000000068,-0.42416400000001886,-0.4659185000000434
2023-06-08 13:00:00,2737.30726,2736.799259,2736.881346,-0.5080010000001494,-0.42591399999992063,-0.466957500000035
2023-06-08 13:15:00,2737.304921,2736.801737,2736.885109,-0.5031840000001466,-0.41981200000009267,-0.46149800000011965
2023-06-08 13:30:00,2737.30901,2736.800577,2736.883949,-0.5084329999999682,-0.4250609999999142,-0.4667469999999412
2023-06-08 13:45:00,2737.313088,2736.801075,2736.882516,-0.5120130000000245,-0.43057199999975637,-0.4712924999998904
2023-06-08 14:00:00,2737.30667,2736.798996,2736.881653,-0.5076739999999518,-0.4250170000000253,-0.46634549999998853
2023-06-08 14:30:00,2737.313668,2736.801408,2736.881652,-0.5122599999999693,-0.4320159999997486,-0.47213799999985895
2023-06-08 14:45:00,2737.299673,2736.800566,2736.880765,-0.49910700000009456,-0.4189080000001013,-0.45900750000009793
2023-06-08 15:15:00,2737.304921,2736.800648,2736.879581,-0.504273000000012,-0.42533999999977823,-0.4648064999998951
2023-06-08 15:30:00,2737.30784,2736.799986,2736.8825,-0.5078539999999521,-0.42533999999977823,-0.46659699999986515
2023-06-08 15:45:00,2737.306091,2736.799651,2736.879899,-0.5064400000001115,-0.4261919999999009,-0.46631600000000617
2023-06-08 16:00:00,2737.300842,2736.798563,2736.882491,-0.5022790000002715,-0.41835100000025705,-0.46031500000026426
2023-06-08 16:15:00,2737.30784,2736.800908,2736.880796,-0.5069319999997788,-0.4270440000000235,-0.46698799999990115
2023-06-08 16:30:00,2737.306091,2736.802063,2736.882501,-0.5040279999998347,-0.42358999999987645,-0.4638089999998556
2023-06-08 16:45:00,2737.306091,2736.801734,2736.885104,-0.5043569999997999,-0.42098699999996825,-0.46267199999988406
2023-06-08 17:00:00,2737.304341,2736.79965,2736.881649,-0.5046910000000935,-0.4226920000000973,-0.4636915000000954
2023-06-08 17:30:00,2737.304341,2736.799583,2736.884252,-0.504758000000038,-0.4200890000001891,-0.46242350000011356
2023-06-08 17:45:00,2737.306091,2736.798166,2736.882502,-0.5079249999998865,-0.42358899999999267,-0.4657569999999396
2023-06-08 18:15:00,2737.306091,2736.800571,2736.885105,-0.5055199999997058,-0.42098600000008446,-0.4632529999998951
2023-06-08 18:45:00,2737.304341,2736.796842,2736.882221,-0.5074989999998252,-0.42212000000017724,-0.4648095000000012
2023-06-08 19:00:00,2737.302592,2736.795092,2736.882503,-0.5075000000001637,-0.4200890000001891,-0.4637945000001764
2023-06-08 19:15:00,2737.306091,2736.795425,2736.8799,-0.5106660000001284,-0.4261910000000171,-0.46842850000007275
2023-06-08 19:30:00,2737.304341,2736.792351,2736.880755,-0.5119899999999689,-0.42358599999988655,-0.4677879999999277
2023-06-08 19:45:00,2737.306091,2736.794168,2736.881642,-0.5119230000000243,-0.4244490000000951,-0.4681860000000597
2023-06-08 20:00:00,2737.304341,2736.796252,2736.879902,-0.5080889999999272,-0.424438999999893,-0.4662639999999101
2023-06-08 20:15:00,2737.30842,2736.796832,2736.880482,-0.5115879999998469,-0.42793799999981275,-0.46976299999982984
2023-06-08 20:30:00,2737.309589,2736.798002,2736.882827,-0.5115869999999632,-0.4267620000000534,-0.46917450000000827
2023-06-08 20:45:00,2737.30842,2736.801402,2736.883372,-0.507017999999789,-0.4250480000000607,-0.46603299999992487
2023-06-08 21:00:00,2737.30842,2736.799571,2736.882521,-0.5088489999998274,-0.4258989999998448,-0.4673739999998361
2023-06-08 21:15:00,2737.30842,2736.797159,2736.884261,-0.5112609999996494,-0.4241589999996904,-0.4677099999996699
2023-06-08 21:30:00,2737.30901,2736.800244,2736.883101,-0.5087659999999232,-0.42590900000004694,-0.4673374999999851
2023-06-08 21:45:00,2737.310759,2736.805061,2736.885704,-0.5056979999999385,-0.4250550000001567,-0.4653765000000476
2023-06-08 22:00:00,2737.30726,2736.800572,2736.886556,-0.5066879999999401,-0.4207040000001143,-0.4636960000000272
2023-06-08 22:15:00,2737.30726,2736.802322,2736.879646,-0.5049380000000383,-0.427614000000176,-0.46627600000010716
2023-06-08 22:45:00,2737.310759,2736.805575,2736.884281,-0.5051840000000993,-0.4264779999998609,-0.4658309999999801
2023-06-08 23:00:00,2737.311919,2736.806735,2736.888613,-0.5051840000000993,-0.42330600000013874,-0.46424500000011903
2023-06-08 23:15:00,2737.311919,2736.804903,2736.884262,-0.5070160000000214,-0.42765700000018114,-0.4673365000001013
2023-06-08 23:45:00,2737.310179,2736.801332,2736.885705,-0.5088470000000598,-0.4244739999999183,-0.46666049999998904
2023-06-09 00:00:00,2737.311929,2736.798592,2736.883955,-0.5133369999998649,-0.4279740000001766,-0.47065550000002077
2023-06-09 00:30:00,2737.313678,2736.801004,2736.886602,-0.5126740000000609,-0.4270759999999427,-0.4698750000000018
2023-06-09 01:30:00,2737.313678,2736.795853,2736.887454,-0.5178249999999025,-0.4262239999998201,-0.4720244999998613
2023-06-09 01:45:00,2737.311919,2736.798762,2736.887762,-0.5131570000003194,-0.4241570000003776,-0.4686570000003485
2023-06-09 02:00:00,2737.314838,2736.797593,2736.889467,-0.5172450000000026,-0.42537099999981365,-0.47130799999990813
2023-06-09 02:15:00,2737.314838,2736.799425,2736.884273,-0.5154129999996258,-0.43056499999966036,-0.47298899999964306
2023-06-09 02:30:00,2737.313088,2736.796023,2736.889784,-0.5170650000000023,-0.4233039999999164,-0.47018449999995937
2023-06-09 02:45:00,2737.316587,2736.794853,2736.886864,-0.521733999999924,-0.42972299999973984,-0.4757284999998319
2023-06-09 03:00:00,2737.314838,2736.800595,2736.886859,-0.5142429999996239,-0.42797899999959554,-0.4711109999996097
2023-06-09 03:30:00,2737.316007,2736.799092,2736.889784,-0.5169149999996989,-0.4262229999999363,-0.4715689999998176
2023-06-09 04:00:00,2737.313088,2736.798764,2736.888034,-0.5143239999997604,-0.4250539999998182,-0.4696889999997893
2023-06-09 04:15:00,2737.313088,2736.79942,2736.887181,-0.5136680000000524,-0.4259069999998246,-0.4697874999999385
2023-06-09 04:30:00,2737.313088,2736.796686,2736.883408,-0.5164019999997436,-0.4296799999997347,-0.47304099999973914
2023-06-09 04:45:00,2737.314838,2736.795182,2736.886011,-0.5196559999999408,-0.4288269999997283,-0.47424149999983456
2023-06-09 05:00:00,2737.314838,2736.799426,2736.890319,-0.515411999999742,-0.424518999999691,-0.4699654999997165
2023-06-09 05:15:00,2737.313678,2736.796614,2736.884851,-0.5170640000001185,-0.42882700000018303,-0.4729455000001508
2023-06-09 05:30:00,2737.318336,2736.800514,2736.887191,-0.5178219999997964,-0.431145000000015,-0.4744834999999057
2023-06-09 05:45:00,2737.318336,2736.799427,2736.886011,-0.5189089999998941,-0.43232499999976426,-0.4756169999998292
2023-06-09 06:00:00,2737.315417,2736.797774,2736.891216,-0.5176429999996799,-0.42420099999981176,-0.4709219999997458
2023-06-09 06:30:00,2737.315427,2736.799355,2736.885703,-0.5160719999998946,-0.4297240000000784,-0.4728979999999865
2023-06-09 06:45:00,2737.314838,2736.798765,2736.889465,-0.5160729999997784,-0.4253729999995812,-0.4707229999996798
2023-06-09 07:15:00,2737.310759,2736.791946,2736.888305,-0.5188130000001365,-0.4224540000000161,-0.4706335000000763
2023-06-09 07:30:00,2737.311929,2736.793034,2736.887452,-0.5188950000001569,-0.4244770000000244,-0.47168600000009064
2023-06-09 07:45:00,2737.312508,2736.790294,2736.885414,-0.5222140000000763,-0.42709400000012465,-0.4746540000001005
2023-06-09 08:00:00,2737.313678,2736.792126,2736.885702,-0.5215520000001561,-0.4279759999999442,-0.47476400000005015
2023-06-09 08:15:00,2737.311929,2736.793117,2736.883099,-0.518811999999798,-0.4288299999998344,-0.4738209999998162
2023-06-09 08:30:00,2737.310759,2736.789206,2736.885384,-0.5215530000000399,-0.42537499999980355,-0.4734639999999217
2023-06-09 08:45:00,2737.311929,2736.790376,2736.883951,-0.5215530000000399,-0.4279780000001665,-0.4747655000001032
2023-06-09 09:00:00,2737.310179,2736.791367,2736.884517,-0.5188120000002527,-0.4256620000001021,-0.47223700000017743
2023-06-09 09:30:00,2737.30843,2736.791367,2736.884515,-0.5170630000002348,-0.4239149999998517,-0.47048900000004323
2023-06-09 09:45:00,2737.313678,2736.791947,2736.88106,-0.5217309999998179,-0.4326179999998203,-0.4771744999998191
2023-06-09 10:00:00,2737.310759,2736.791285,2736.885413,-0.519474000000173,-0.42534599999999045,-0.4724100000000817
2023-06-09 10:45:00,2737.30726,2736.787785,2736.878745,-0.5194750000000568,-0.42851500000006126,-0.473995000000059
2023-06-09 11:15:00,2737.30901,2736.79477,2736.881348,-0.5142399999999725,-0.42766200000005483,-0.47095100000001366
2023-06-09 11:30:00,2737.30726,2736.793594,2736.883949,-0.5136659999998301,-0.4233110000000124,-0.46848849999992126
2023-06-09 11:45:00,2737.310179,2736.792938,2736.881346,-0.5172410000000127,-0.4288329999999405,-0.4730369999999766
2023-06-09 12:15:00,2737.310179,2736.790854,2736.880459,-0.5193250000002081,-0.4297200000000885,-0.4745225000001483
2023-06-09 12:30:00,2737.310759,2736.789863,2736.884514,-0.5208959999999934,-0.4262450000001081,-0.47357050000005074
2023-06-09 12:45:00,2737.311919,2736.793764,2736.883934,-0.5181550000002062,-0.4279850000002625,-0.47307000000023436
2023-06-09 13:00:00,2737.30726,2736.790526,2736.883948,-0.5167339999998148,-0.4233119999998962,-0.47002299999985553
2023-06-09 13:15:00,2737.30842,2736.790531,2736.88422,-0.5178889999997409,-0.42419999999992797,-0.47104449999983444
2023-06-09 13:30:00,2737.30667,2736.789541,2736.883367,-0.5171289999998407,-0.4233030000000326,-0.4702159999999367
2023-06-09 13:45:00,2737.310169,2736.78779,2736.886526,-0.5223790000000008,-0.4236430000000837,-0.47301100000004226
2023-06-09 14:00:00,2737.30784,2736.792357,2736.885946,-0.5154830000001311,-0.4218940000000657,-0.46868850000009843
2023-06-09 14:15:00,2737.302592,2736.787867,2736.88075,-0.5147249999999985,-0.421842000000197,-0.4682835000000978
2023-06-09 14:45:00,2737.306091,2736.788201,2736.884205,-0.5178900000000795,-0.4218860000000859,-0.4698880000000827
2023-06-09 15:00:00,2737.311339,2736.789437,2736.883353,-0.5219019999999546,-0.42798599999969156,-0.47494399999982306
2023-06-09 15:15:00,2737.306091,2736.788447,2736.885673,-0.5176440000000184,-0.42041799999969953,-0.469030999999859
2023-06-09 15:45:00,2737.302592,2736.791515,2736.884776,-0.5110770000001139,-0.41781600000012986,-0.4644465000001219
2023-06-09 16:00:00,2737.303761,2736.792683,2736.885663,-0.5110779999999977,-0.4180980000001,-0.46458800000004885
2023-06-09 16:15:00,2737.30667,2736.792673,2736.887106,-0.5139970000000176,-0.4195639999998093,-0.46678049999991345
2023-06-09 16:30:00,2737.302602,2736.788774,2736.88249,-0.5138280000001032,-0.42011200000024473,-0.46697000000017397
2023-06-09 16:45:00,2737.304921,2736.793663,2736.885073,-0.511257999999998,-0.4198480000000018,-0.4655529999999999
2023-06-09 17:00:00,2737.30842,2736.787193,2736.884221,-0.5212269999997261,-0.4241990000000442,-0.47271299999988514
2023-06-09 17:15:00,2737.30667,2736.789172,2736.882471,-0.5174980000001597,-0.4241990000000442,-0.4708485000001019
2023-06-09 17:30:00,2737.305511,2736.789762,2736.881311,-0.5157490000001417,-0.42419999999992797,-0.4699745000000348
2023-06-09 18:00:00,2737.310169,2736.790856,2736.885971,-0.5193129999997836,-0.42419799999970564,-0.47175549999974464
2023-06-09 18:15:00,2737.303761,2736.788115,2736.880766,-0.515646000000288,-0.42299499999990076,-0.4693205000000944
2023-06-09 18:30:00,2737.302012,2736.787355,2736.879017,-0.5146570000001702,-0.42299499999990076,-0.4688260000000355
2023-06-09 18:45:00,2737.305511,2736.789172,2736.88162,-0.5163390000002437,-0.4238909999999123,-0.470115000000078
2023-06-09 19:00:00,2737.305511,2736.796074,2736.88337,-0.5094370000001618,-0.42214100000001054,-0.46578900000008616
2023-06-09 19:15:00,2737.30842,2736.788181,2736.885075,-0.5202389999999468,-0.4233449999996992,-0.471791999999823
2023-06-09 19:30:00,2737.30726,2736.789171,2736.884223,-0.5180890000001455,-0.4230370000000221,-0.4705630000000838
2023-06-09 19:45:00,2737.305511,2736.786431,2736.881902,-0.5190800000000309,-0.42360899999994217,-0.4713444999999865
2023-06-09 20:45:00,2737.30842,2736.790921,2736.886255,-0.5174990000000435,-0.42216499999994994,-0.4698319999999967
2023-06-09 21:00:00,2737.305511,2736.792671,2736.883654,-0.5128399999998692,-0.42185699999981807,-0.4673484999998436
2023-06-09 21:15:00,2737.30726,2736.790603,2736.884244,-0.5166570000001229,-0.4230160000001888,-0.46983650000015587
2023-06-09 22:00:00,2737.310759,2736.794432,2736.881641,-0.5163269999998192,-0.42911800000001676,-0.472722499999918
2023-06-09 22:15:00,2737.311339,2736.793261,2736.883926,-0.5180780000000595,-0.4274129999998877,-0.4727454999999736
2023-06-09 22:45:00,2737.312508,2736.795421,2736.8877,-0.5170870000001742,-0.42480799999975716,-0.47094749999996566
2023-06-09 23:15:00,2737.310759,2736.793671,2736.885096,-0.517088000000058,-0.4256629999999859,-0.47137550000002193
2023-06-09 23:30:00,2737.320666,2736.79734,2736.887154,-0.5233259999999973,-0.4335120000000643,-0.4784190000000308
2023-06-10 00:00:00,2737.314258,2736.792353,2736.882495,-0.5219050000000607,-0.4317630000000463,-0.4768340000000535
2023-06-10 00:15:00,2737.30901,2736.800655,2736.885668,-0.5083549999999377,-0.42334200000004785,-0.4658484999999928
2023-06-10 00:30:00,2737.310759,2736.800657,2736.883065,-0.5101020000001881,-0.42769399999997404,-0.4688980000000811
2023-06-10 00:45:00,2737.310759,2736.804386,2736.883918,-0.5063730000001669,-0.4268409999999676,-0.4666070000000673
2023-06-10 01:00:00,2737.312508,2736.802405,2736.884815,-0.5101030000000719,-0.42769300000009025,-0.4688980000000811
2023-06-10 01:15:00,2737.317167,2736.804555,2736.885078,-0.5126119999999901,-0.4320890000003601,-0.4723505000001751
2023-06-10 01:30:00,2737.30726,2736.803053,2736.881052,-0.5042069999999512,-0.4262079999998605,-0.46520749999990585
2023-06-10 01:45:00,2737.310169,2736.799985,2736.881905,-0.5101839999997537,-0.4282639999996718,-0.46922399999971276
2023-06-10 02:00:00,2737.30726,2736.801565,2736.881315,-0.5056949999998324,-0.42594499999995605,-0.4658199999998942
2023-06-10 02:15:00,2737.30901,2736.797835,2736.880462,-0.5111750000000939,-0.42854799999986426,-0.46986149999997906
2023-06-10 03:00:00,2737.313668,2736.798235,2736.886258,-0.5154329999995753,-0.4274099999997816,-0.4714214999996784
2023-06-10 03:15:00,2737.314838,2736.797425,2736.883972,-0.5174129999995785,-0.4308659999996962,-0.47413949999963734
2023-06-10 03:30:00,2737.310169,2736.798995,2736.883655,-0.5111739999997553,-0.42651399999977,-0.4688439999997627
2023-06-10 03:45:00,2737.320086,2736.800165,2736.884542,-0.5199210000000676,-0.43554400000039095,-0.47773250000022927
2023-06-10 04:00:00,2737.316587,2736.796583,2736.885395,-0.5200039999999717,-0.43119200000001,-0.47559799999999086
2023-06-10 04:15:00,2737.314838,2736.793181,2736.888849,-0.5216569999997773,-0.42598899999984496,-0.47382299999981115
2023-06-10 04:30:00,2737.314838,2736.795593,2736.887996,-0.5192449999999553,-0.4268419999998514,-0.47304349999990336
2023-06-10 04:45:00,2737.314838,2736.794505,2736.885393,-0.5203329999999369,-0.4294449999997596,-0.47488899999984824
2023-06-10 05:30:00,2737.314838,2736.796584,2736.884823,-0.5182539999996152,-0.4300149999999121,-0.47413449999976365
2023-06-10 06:15:00,2737.317167,2736.802065,2736.886826,-0.5151020000002973,-0.4303410000002259,-0.4727215000002616
2023-06-10 06:30:00,2737.311919,2736.808058,2736.889429,-0.5038610000001427,-0.42249000000037995,-0.4631755000002613
2023-06-10 06:45:00,2737.313668,2736.806309,2736.884223,-0.5073589999997239,-0.4294449999997596,-0.46840199999974175
2023-06-10 07:00:00,2737.314258,2736.802409,2736.886519,-0.5118489999999838,-0.42773899999974674,-0.46979399999986526
2023-06-10 07:15:00,2737.312508,2736.800659,2736.883916,-0.5118489999999838,-0.42859199999975317,-0.4702204999998685
2023-06-10 07:30:00,2737.312508,2736.80165,2736.883915,-0.5108580000000984,-0.4285930000000917,-0.46972550000009505
2023-06-10 07:45:00,2737.309589,2736.796087,2736.884778,-0.5135019999997894,-0.42481099999986327,-0.46915649999982634
2023-06-10 08:15:00,2737.314838,2736.795097,2736.883924,-0.5197409999996125,-0.430913999999575,-0.4753274999995938
2023-06-10 08:30:00,2737.311339,2736.796087,2736.884777,-0.5152519999996912,-0.42656199999964883,-0.47090699999967
2023-06-10 08:45:00,2737.30784,2736.791517,2736.883027,-0.5163229999998293,-0.4248130000000856,-0.47056799999995746
2023-06-10 09:15:00,2737.309589,2736.786036,2736.880424,-0.5235529999999926,-0.4291650000000118,-0.4763590000000022
2023-06-10 09:30:00,2737.309589,2736.788776,2736.884777,-0.5208130000000892,-0.42481199999974706,-0.47281249999991815
2023-06-10 10:15:00,2737.309589,2736.789767,2736.882174,-0.5198219999997491,-0.42741500000011,-0.47361849999992955
2023-06-10 11:00:00,2737.310759,2736.786364,2736.883343,-0.5243949999999131,-0.4274159999999938,-0.47590549999995346
2023-06-10 12:00:00,2737.300842,2736.787175,2736.882743,-0.5136670000001686,-0.4180989999999838,-0.4658830000000762
2023-06-10 12:15:00,2737.305511,2736.785604,2736.882163,-0.5199069999998756,-0.4233479999998053,-0.47162749999984044
2023-06-10 12:30:00,2737.303761,2736.787353,2736.883059,-0.5164079999999558,-0.42070200000034674,-0.46855500000015127
2023-06-10 12:45:00,2737.305511,2736.785276,2736.878707,-0.5202349999999569,-0.4268040000001747,-0.4735195000000658
2023-06-10 13:00:00,2737.302012,2736.789005,2736.881591,-0.513007000000016,-0.4204210000002604,-0.4667140000001382
2023-06-10 13:15:00,2737.303761,2736.789765,2736.883341,-0.5139960000001338,-0.42041999999992186,-0.4672080000000278
2023-06-10 13:30:00,2737.299103,2736.786265,2736.87956,-0.5128379999996469,-0.419542999999976,-0.46619049999981144
2023-06-10 13:45:00,2737.303761,2736.789005,2736.880411,-0.514756000000034,-0.42335000000002765,-0.4690530000000308
2023-06-10 14:00:00,2737.30667,2736.792577,2736.88649,-0.5140929999997752,-0.42018000000007305,-0.4671364999999241
2023-06-10 14:15:00,2737.302012,2736.78802,2736.883034,-0.5139920000001439,-0.41897800000015195,-0.4664850000001479
2023-06-10 14:30:00,2737.300263,2736.789339,2736.880719,-0.5109240000001591,-0.4195439999998598,-0.4652340000000095
2023-06-10 14:45:00,2737.303761,2736.79,2736.881571,-0.5137610000001587,-0.4221900000002279,-0.4679755000001933
2023-06-10 15:30:00,2737.302012,2736.789009,2736.882137,-0.5130030000000261,-0.4198750000000473,-0.4664390000000367
2023-06-10 15:45:00,2737.303182,2736.787439,2736.880704,-0.5157429999999295,-0.4224779999999555,-0.4691104999999425
2023-06-10 16:00:00,2737.304931,2736.790836,2736.88766,-0.5140949999999975,-0.4172710000002553,-0.4656830000001264
2023-06-10 16:15:00,2737.301432,2736.788429,2736.88416,-0.5130030000000261,-0.4172720000001391,-0.4651375000000826
2023-06-10 16:30:00,2737.30668,2736.791169,2736.882454,-0.5155110000000604,-0.4242260000000897,-0.4698685000000751
2023-06-10 16:45:00,2737.300263,2736.790656,2736.883889,-0.50960699999996,-0.4163739999999052,-0.4629904999999326
2023-06-10 17:00:00,2737.301432,2736.785606,2736.883309,-0.5158260000002883,-0.41812300000037794,-0.46697450000033314
2023-06-10 17:30:00,2737.30668,2736.792157,2736.882456,-0.5145230000002812,-0.4242240000003221,-0.46937350000030165
2023-06-10 17:45:00,2737.304931,2736.791823,2736.885059,-0.513108000000102,-0.4198719999999412,-0.4664900000000216
2023-06-10 18:30:00,2737.301432,2736.789334,2736.882458,-0.5120980000001509,-0.41897400000016205,-0.4655360000001565
2023-06-10 18:45:00,2737.304931,2736.78999,2736.88331,-0.514940999999908,-0.42162099999995917,-0.46828099999993356
2023-06-10 19:15:00,2737.30668,2736.789334,2736.885913,-0.5173460000000887,-0.42076700000006895,-0.4690565000000788
2023-06-10 19:30:00,2737.30668,2736.792916,2736.88388,-0.5137640000002648,-0.4228000000002794,-0.4682820000002721
2023-06-10 19:45:00,2737.303182,2736.791166,2736.883312,-0.5120160000001306,-0.4198700000001736,-0.4659430000001521
2023-06-10 20:15:00,2737.304931,2736.790175,2736.881607,-0.514756000000034,-0.42332400000032067,-0.4690400000001773
2023-06-10 20:30:00,2737.30668,2736.788343,2736.885062,-0.5183369999999741,-0.4216180000003078,-0.46997750000014094
2023-06-10 20:45:00,2737.30668,2736.791083,2736.887665,-0.5155970000000707,-0.41901499999994485,-0.46730600000000777
2023-06-10 21:00:00,2737.30843,2736.790093,2736.886812,-0.5183369999999741,-0.42161799999985305,-0.46997749999991356
2023-06-10 21:30:00,2737.303182,2736.787436,2736.883313,-0.5157460000000356,-0.4198690000002898,-0.4678075000001627
2023-06-10 21:45:00,2737.304931,2736.789185,2736.885063,-0.5157460000000356,-0.4198679999999513,-0.4678069999999934
2023-06-10 22:00:00,2737.305511,2736.788016,2736.886496,-0.5174950000000536,-0.41901499999994485,-0.4682549999999992
2023-06-10 22:15:00,2737.30901,2736.789765,2736.883893,-0.5192449999999553,-0.4251169999997728,-0.47218099999986407
2023-06-10 22:30:00,2737.310179,2736.792089,2736.890269,-0.5180900000000292,-0.4199100000000726,-0.46900000000005093
2023-06-10 22:45:00,2737.305511,2736.78917,2736.886783,-0.5163410000000113,-0.418728000000101,-0.46753450000005614
2023-06-10 23:00:00,2737.313668,2736.789766,2736.888533,-0.5239019999999073,-0.42513499999995474,-0.474518499999931
2023-06-10 23:30:00,2737.30668,2736.793741,2736.885065,-0.5129390000001877,-0.4216150000002017,-0.4672770000001947
2023-06-10 23:45:00,2737.30726,2736.791583,2736.889953,-0.5156769999998687,-0.4173070000001644,-0.46649200000001656
2023-06-11 00:00:00,2737.304931,2736.790936,2736.887667,-0.51399500000025,-0.4172640000001593,-0.46562950000020464
2023-06-11 00:15:00,2737.304931,2736.792255,2736.885917,-0.5126760000002832,-0.41901400000006106,-0.46584500000017215
2023-06-11 01:00:00,2737.311929,2736.794667,2736.885634,-0.517261999999846,-0.4262949999997545,-0.47177849999980026
2023-06-11 01:30:00,2737.310179,2736.789105,2736.885064,-0.5210740000002261,-0.42511500000000524,-0.47309450000011566
2023-06-11 02:15:00,2737.30785,2736.792255,2736.887087,-0.5155950000003031,-0.42076300000007905,-0.4681790000001911
2023-06-11 03:00:00,2737.30726,2736.791435,2736.888817,-0.5158249999999498,-0.41844300000002477,-0.4671339999999873
2023-06-11 03:15:00,2737.30901,2736.795165,2736.887964,-0.5138449999999466,-0.421045999999933,-0.4674454999999398
2023-06-11 03:30:00,2737.310759,2736.792425,2736.887394,-0.518333999999868,-0.42336500000010346,-0.4708494999999857
2023-06-11 04:00:00,2737.311349,2736.792107,2736.889407,-0.5192419999998492,-0.42194199999994453,-0.47059199999989687
2023-06-11 04:15:00,2737.310759,2736.793924,2736.890849,-0.5168349999999009,-0.4199100000000726,-0.46837249999998676
2023-06-11 05:15:00,2737.314848,2736.793858,2736.888554,-0.5209899999999834,-0.4262939999998707,-0.47364199999992707
2023-06-11 05:30:00,2737.311349,2736.787537,2736.88363,-0.5238119999999071,-0.427719000000252,-0.47576550000007956
2023-06-11 05:45:00,2737.313098,2736.789287,2736.888834,-0.5238110000000233,-0.42426400000022113,-0.47403750000012224
2023-06-11 06:00:00,2737.309599,2736.7931,2736.887084,-0.5164990000002945,-0.42251500000020314,-0.4695070000002488
2023-06-11 06:15:00,2737.30843,2736.79018,2736.884166,-0.51825000000008,-0.42426400000022113,-0.4712570000001506
2023-06-11 06:45:00,2737.311929,2736.785459,2736.885914,-0.5264699999997902,-0.4260150000000067,-0.4762424999998984
2023-06-11 07:00:00,2737.311919,2736.78703,2736.886494,-0.5248890000002575,-0.42542500000035943,-0.47515700000030847
2023-06-11 07:15:00,2737.314838,2736.787537,2736.887664,-0.5273009999996248,-0.42717399999992267,-0.4772374999997737
2023-06-11 07:30:00,2737.310169,2736.784617,2736.881576,-0.5255520000000615,-0.42859299999963696,-0.47707249999984924
2023-06-11 07:45:00,2737.310759,2736.78587,2736.883019,-0.5248889999998028,-0.4277400000000853,-0.476314499999944
2023-06-11 08:00:00,2737.30667,2736.787358,2736.884744,-0.5193119999998999,-0.4219259999999849,-0.4706189999999424
2023-06-11 08:15:00,2737.304351,2736.783459,2736.883584,-0.5208920000000035,-0.42076700000006895,-0.4708295000000362
2023-06-11 08:30:00,2737.311919,2736.784618,2736.884743,-0.5273010000000795,-0.427176000000145,-0.47723850000011225
2023-06-11 09:00:00,2737.310759,2736.785208,2736.885621,-0.5255510000001777,-0.42513800000006086,-0.4753445000001193
2023-06-11 09:15:00,2737.305511,2736.783526,2736.881267,-0.5219849999998587,-0.4242439999998169,-0.4731144999998378
2023-06-11 09:45:00,2737.303761,2736.782372,2736.88212,-0.5213889999999992,-0.42164099999990867,-0.47151499999995394
2023-06-11 10:00:00,2737.305511,2736.784122,2736.88387,-0.5213889999999992,-0.42164099999990867,-0.47151499999995394
2023-06-11 10:30:00,2737.302012,2736.781776,2736.883869,-0.5202360000002955,-0.41814300000032745,-0.46918950000031145
2023-06-11 11:15:00,2737.303761,2736.787435,2736.883016,-0.5163259999999354,-0.4207449999998971,-0.4685354999999163
2023-06-11 11:30:00,2737.302592,2736.786265,2736.884449,-0.5163269999998192,-0.4181429999998727,-0.46723499999984597
2023-06-11 11:45:00,2737.304341,2736.782356,2736.880096,-0.5219849999998587,-0.4242450000001554,-0.47311500000000706
2023-06-11 12:30:00,2737.302592,2736.786927,2736.882698,-0.515664999999899,-0.419894000000113,-0.467779500000006
2023-06-11 12:45:00,2737.302012,2736.783524,2736.881265,-0.5184880000001613,-0.42074700000011944,-0.46961750000014035
2023-06-11 13:15:00,2737.300852,2736.785177,2736.883868,-0.5156749999996464,-0.4169839999999567,-0.46632949999980156
2023-06-11 13:30:00,2737.300852,2736.786101,2736.88358,-0.5147509999997055,-0.41727199999968434,-0.46601149999969493
2023-06-11 13:45:00,2737.303761,2736.78452,2736.88124,-0.5192409999999654,-0.4225209999999606,-0.470880999999963
2023-06-11 14:00:00,2737.298513,2736.78627,2736.885593,-0.5122430000001259,-0.4129200000002129,-0.4625815000001694
2023-06-11 14:15:00,2737.298513,2736.78353,2736.88356,-0.5149830000000293,-0.4149529999999686,-0.46496799999999894
2023-06-11 14:45:00,2737.298513,2736.78726,2736.882137,-0.5112530000001243,-0.41637600000012753,-0.4638145000001259
2023-06-11 15:00:00,2737.30726,2736.786085,2736.881285,-0.5211749999998574,-0.4259750000001077,-0.47357499999998254
2023-06-11 15:15:00,2737.299683,2736.784848,2736.883308,-0.5148350000004029,-0.41637500000024374,-0.46560500000032334
2023-06-11 15:30:00,2737.302012,2736.782687,2736.880387,-0.5193250000002081,-0.42162499999994907,-0.4704750000000786
2023-06-11 15:45:00,2737.301432,2736.782107,2736.882128,-0.5193250000002081,-0.419304000000011,-0.46931450000010955
2023-06-11 16:15:00,2737.299683,2736.784513,2736.881558,-0.5151700000001256,-0.4181250000001455,-0.46664750000013555
2023-06-11 16:30:00,2737.299683,2736.786263,2736.885911,-0.5134200000002238,-0.41377200000033554,-0.4635960000002797
2023-06-11 16:45:00,2737.302602,2736.784841,2736.885901,-0.5177610000000641,-0.4167010000001028,-0.46723100000008344
2023-06-11 17:00:00,2737.303182,2736.783015,2736.879525,-0.5201670000001286,-0.42365700000027573,-0.47191200000020217
2023-06-11 17:15:00,2737.300852,2736.784841,2736.884151,-0.5160109999997076,-0.41670099999964805,-0.4663559999996778
2023-06-11 17:30:00,2737.304351,2736.783753,2736.885574,-0.5205980000000636,-0.41877700000031837,-0.469687500000191
2023-06-11 17:45:00,2737.297354,2736.784923,2736.881549,-0.5124309999996512,-0.4158049999996365,-0.46411799999964387
2023-06-11 18:00:00,2737.304931,2736.786827,2736.881559,-0.5181040000002213,-0.4233720000001995,-0.4707380000002104
2023-06-11 18:30:00,2737.309599,2736.784839,2736.883299,-0.5247600000002421,-0.42630000000008295,-0.47553000000016254
2023-06-11 19:00:00,2737.302602,2736.784743,2736.884152,-0.517859000000044,-0.4184500000001208,-0.4681545000000824
2023-06-11 19:15:00,2737.300852,2736.787482,2736.880697,-0.5133699999996679,-0.4201549999997951,-0.4667624999997315
2023-06-11 19:45:00,2737.302602,2736.7888,2736.881551,-0.5138020000003962,-0.4210510000002614,-0.4674265000003288
2023-06-11 20:30:00,2737.299683,2736.789284,2736.879528,-0.5103990000002341,-0.42015500000024986,-0.46527700000024197
2023-06-11 20:45:00,2737.301432,2736.787481,2736.882131,-0.5139510000003611,-0.41930100000035964,-0.46662600000036036
2023-06-11 21:00:00,2737.303182,2736.78451,2736.884734,-0.5186720000001515,-0.41844799999989846,-0.46856000000002496
2023-06-11 21:15:00,2737.304931,2736.782864,2736.881561,-0.5220670000003338,-0.42336999999997715,-0.4727185000001555
2023-06-11 21:30:00,2737.30843,2736.785604,2736.887619,-0.5228259999998954,-0.42081099999995786,-0.47181849999992664
2023-06-11 22:00:00,2737.299683,2736.785686,2736.882132,-0.5139970000000176,-0.4175510000000031,-0.46577400000001035
2023-06-11 22:15:00,2737.303761,2736.785276,2736.885598,-0.5184850000000552,-0.41816300000027695,-0.46832400000016605
2023-06-11 22:45:00,2737.305511,2736.784436,2736.883565,-0.5210750000001099,-0.42194599999993443,-0.47151050000002215
2023-06-11 23:30:00,2737.30668,2736.782865,2736.884165,-0.5238150000000132,-0.42251500000020314,-0.4731650000001082
2023-06-12 00:00:00,2737.30668,2736.788344,2736.889088,-0.5183360000000903,-0.41759200000024066,-0.46796400000016547
2023-06-12 00:15:00,2737.310179,2736.787354,2736.891121,-0.5228250000000116,-0.41905799999994997,-0.4709414999999808
2023-06-12 00:45:00,2737.30668,2736.781115,2736.882414,-0.525564999999915,-0.4242659999999887,-0.47491549999995186
2023-06-12 01:00:00,2737.306101,2736.787432,2736.885335,-0.5186690000000453,-0.42076600000018516,-0.46971750000011525
2023-06-12 01:15:00,2737.30785,2736.786776,2736.887655,-0.5210740000002261,-0.42019500000014887,-0.4706345000001875
2023-06-12 01:30:00,2737.301432,2736.786596,2736.887337,-0.5148360000002867,-0.4140950000000885,-0.4644655000001876
2023-06-12 02:00:00,2737.304931,2736.791086,2736.888517,-0.5138449999999466,-0.41641400000025897,-0.4651295000001028
2023-06-12 02:45:00,2737.316587,2736.785606,2736.88994,-0.5309809999998834,-0.4266469999997753,-0.4788139999998293
2023-06-12 03:45:00,2737.306101,2736.784036,2736.89054,-0.5220650000001115,-0.41556100000025253,-0.468813000000182
2023-06-12 04:00:00,2737.309599,2736.785786,2736.890257,-0.5238130000002457,-0.41934200000014243,-0.47157750000019405
2023-06-12 04:15:00,2737.30668,2736.782866,2736.887337,-0.5238140000001295,-0.4193430000000262,-0.47157850000007784
2023-06-12 04:30:00,2737.311349,2736.786776,2736.888507,-0.5245730000001458,-0.422841999999946,-0.4737075000000459
2023-06-12 05:00:00,2737.304931,2736.786263,2736.885914,-0.5186680000001616,-0.4190170000001672,-0.46884250000016436
2023-06-12 05:15:00,2737.313098,2736.787766,2736.884481,-0.5253320000001622,-0.4286170000000311,-0.47697450000009667
2023-06-12 05:30:00,2737.30785,2736.789516,2736.890257,-0.5183340000003227,-0.41759300000012445,-0.4679635000002236
2023-06-12 06:45:00,2737.30785,2736.785786,2736.89054,-0.5220640000002277,-0.4173100000002705,-0.4696870000002491
2023-06-12 07:00:00,2737.314848,2736.786777,2736.887937,-0.5280710000001818,-0.42691100000001825,-0.47749100000010003
2023-06-12 07:15:00,2737.310179,2736.782868,2736.885586,-0.5273110000002816,-0.4245930000001863,-0.47595200000023397
2023-06-12 07:30:00,2737.30843,2736.785607,2736.886484,-0.5228230000002441,-0.42194599999993443,-0.47238450000008925
2023-06-12 07:45:00,2737.311929,2736.784617,2736.888233,-0.5273120000001654,-0.4236959999998362,-0.4755040000000008
2023-06-12 08:00:00,2737.310179,2736.782868,2736.887335,-0.5273110000002816,-0.4228440000001683,-0.475077500000225
2023-06-12 08:15:00,2737.310179,2736.783858,2736.884734,-0.52632100000028,-0.4254449999998542,-0.4758830000000671
2023-06-12 09:00:00,2737.30843,2736.781118,2736.884732,-0.5273120000001654,-0.42369800000005853,-0.475505000000112
2023-06-12 09:45:00,2737.303182,2736.780129,2736.885585,-0.5230529999998907,-0.41759700000011435,-0.47032500000000255
2023-06-12 10:30:00,2737.300852,2736.781775,2736.886471,-0.5190769999999247,-0.4143810000000485,-0.4667289999999866
2023-06-12 10:45:00,2737.30785,2736.779035,2736.88212,-0.5288150000001224,-0.42572999999993044,-0.4772725000000264
2023-06-12 11:00:00,2737.30785,2736.781113,2736.887324,-0.5267370000001392,-0.42052600000033635,-0.4736315000002378
2023-06-12 11:15:00,2737.300852,2736.782104,2736.883868,-0.5187479999999596,-0.4169839999999567,-0.46786599999995815
2023-06-12 11:30:00,2737.300852,2736.777613,2736.879517,-0.5232389999996485,-0.4213349999999991,-0.4722869999998238
2023-06-12 12:00:00,2737.306101,2736.785602,2736.885618,-0.5204990000001999,-0.42048300000033123,-0.47049100000026556
2023-06-12 12:15:00,2737.302602,2736.778537,2736.882971,-0.5240650000000642,-0.4196310000002086,-0.4718480000001364
2023-06-12 13:15:00,2737.302012,2736.782109,2736.885879,-0.5199029999998857,-0.4161330000001726,-0.46801800000002913
2023-06-12 13:30:00,2737.296764,2736.778609,2736.881528,-0.5181550000002062,-0.41523600000027727,-0.46669550000024174
2023-06-12 14:00:00,2737.298513,2736.777864,2736.88588,-0.5206490000000485,-0.41263300000036907,-0.4666410000002088
2023-06-12 14:15:00,2737.300263,2736.778527,2736.88413,-0.5217360000001463,-0.4161330000001726,-0.46893450000015946
2023-06-12 14:30:00,2737.298513,2736.778608,2736.88239,-0.519905000000108,-0.4161229999999705,-0.46801400000003923
2023-06-12 14:45:00,2737.303761,2736.78475,2736.884705,-0.5190110000003187,-0.4190560000001824,-0.46903350000025057
2023-06-12 15:00:00,2737.300263,2736.779516,2736.882955,-0.5207470000000285,-0.4173080000000482,-0.46902750000003834
2023-06-12 15:15:00,2737.301432,2736.777946,2736.884125,-0.5234860000000481,-0.4173070000001644,-0.47039650000010624
2023-06-12 15:30:00,2737.296764,2736.780684,2736.8853,-0.5160800000003292,-0.41146400000025096,-0.46377200000029006
2023-06-12 15:45:00,2737.296764,2736.782337,2736.883262,-0.5144270000000688,-0.4135020000003351,-0.46396450000020195
2023-06-12 16:00:00,2737.298513,2736.783424,2736.882697,-0.515088999999989,-0.41581600000017716,-0.4654525000000831
2023-06-12 16:15:00,2737.296764,2736.776857,2736.884115,-0.5199070000003303,-0.41264900000032867,-0.4662780000003295
2023-06-12 16:30:00,2737.298513,2736.780684,2736.883272,-0.5178290000003472,-0.41524100000015096,-0.46653500000024906
2023-06-12 16:45:00,2737.302012,2736.778605,2736.885865,-0.5234070000001338,-0.4161469999999099,-0.46977700000002187
2023-06-12 17:00:00,2737.302012,2736.778933,2736.885549,-0.5230790000000525,-0.41646300000002157,-0.469771000000037
2023-06-12 17:15:00,2737.303182,2736.778604,2736.884979,-0.5245780000000195,-0.41820300000017596,-0.47139050000009775
2023-06-12 17:30:00,2737.302012,2736.780354,2736.884126,-0.5216580000001159,-0.4178860000001805,-0.4697720000001482
2023-06-12 18:00:00,2737.298513,2736.779594,2736.882376,-0.5189190000000963,-0.4161370000001625,-0.4675280000001294
2023-06-12 18:15:00,2737.299093,2736.776772,2736.884697,-0.5223209999999199,-0.41439600000012433,-0.4683585000000221
2023-06-12 18:30:00,2737.300263,2736.780682,2736.884128,-0.5195810000000165,-0.4161349999999402,-0.46785799999997835
2023-06-12 18:45:00,2737.300842,2736.779511,2736.884143,-0.5213309999999183,-0.41669899999988047,-0.4690149999998994
2023-06-12 19:00:00,2737.302012,2736.779183,2736.886736,-0.5228290000000015,-0.4152760000001763,-0.4690525000000889
2023-06-12 19:15:00,2737.303761,2736.777613,2736.880677,-0.526147999999921,-0.4230840000000171,-0.47461599999996906
2023-06-12 19:30:00,2737.299103,2736.779193,2736.882973,-0.5199099999999817,-0.41612999999961175,-0.4680199999997967
2023-06-12 19:45:00,2737.300852,2736.778203,2736.884153,-0.5226490000000013,-0.41669899999988047,-0.46967399999994086
2023-06-12 20:00:00,2737.302602,2736.780281,2736.884725,-0.5223210000003746,-0.4178770000003169,-0.47009900000034577
2023-06-12 20:15:00,2737.300852,2736.779521,2736.885577,-0.5213309999999183,-0.41527499999983775,-0.468302999999878
2023-06-12 20:30:00,2737.301432,2736.778187,2736.882984,-0.5232450000003155,-0.4184480000003532,-0.47084650000033434
2023-06-12 20:45:00,2737.301432,2736.780928,2736.885587,-0.5205040000000736,-0.41584499999999025,-0.4681745000000319
2023-06-12 21:00:00,2737.304931,2736.781769,2736.885017,-0.5231619999999566,-0.4199140000000625,-0.47153800000000956
2023-06-12 21:30:00,2737.305511,2736.780933,2736.884418,-0.5245780000000195,-0.421092999999928,-0.47283549999997376
2023-06-12 21:45:00,2737.305511,2736.778193,2736.887021,-0.5273179999999229,-0.4184900000000198,-0.47290399999997135
2023-06-12 22:15:00,2737.30726,2736.779943,2736.888771,-0.5273170000000391,-0.418489000000136,-0.47290300000008756
2023-06-12 22:45:00,2737.305511,2736.782683,2736.889054,-0.5228280000001178,-0.41645699999980934,-0.46964249999996355
2023-06-12 23:00:00,2737.30726,2736.778952,2736.885598,-0.5283079999999245,-0.4216620000001967,-0.4749850000000606
2023-06-12 23:15:00,2737.30726,2736.781693,2736.886451,-0.5255670000001373,-0.4208090000001903,-0.4731880000001638
2023-06-12 23:45:00,2737.309589,2736.782945,2736.890794,-0.526644000000033,-0.41879500000004555,-0.47271950000003926
2023-06-13 00:00:00,2737.30668,2736.781113,2736.88559,-0.5255670000001373,-0.42109000000027663,-0.473328500000207
2023-06-13 00:15:00,2737.310179,2736.783853,2736.890796,-0.5263260000001537,-0.41938299999992523,-0.4728545000000395
2023-06-13 00:30:00,2737.30668,2736.786594,2736.890225,-0.520085999999992,-0.41645500000004176,-0.4682705000000169
2023-06-13 00:45:00,2737.30785,2736.782939,2736.890215,-0.5249109999999746,-0.4176350000002458,-0.4712730000001102
2023-06-13 01:00:00,2737.313098,2736.781109,2736.886759,-0.5319890000000669,-0.42633900000009817,-0.4791640000000825
2023-06-13 01:15:00,2737.30668,2736.783855,2736.888192,-0.5228250000000116,-0.4184880000002522,-0.4706565000001319
2023-06-13 01:30:00,2737.304931,2736.783752,2736.882987,-0.521179000000302,-0.42194400000016685,-0.47156150000023445
2023-06-13 01:45:00,2737.30668,2736.782761,2736.887622,-0.5239190000002054,-0.41905799999994997,-0.4714885000000777
2023-06-13 02:00:00,2737.30668,2736.782105,2736.886442,-0.5245750000003682,-0.420238000000154,-0.4724065000002611
2023-06-13 02:15:00,2737.310179,2736.783855,2736.887339,-0.5263239999999314,-0.4228400000001784,-0.4745820000000549
2023-06-13 02:45:00,2737.30843,2736.781115,2736.890225,-0.5273149999998168,-0.41820499999994354,-0.47275999999988016
2023-06-13 03:00:00,2737.30843,2736.784512,2736.890795,-0.5239179999998669,-0.4176350000002458,-0.47077650000005633
2023-06-13 03:15:00,2737.309599,2736.787432,2736.893714,-0.5221670000000813,-0.415885000000344,-0.46902600000021266
2023-06-13 03:30:00,2737.311349,2736.787432,2736.888508,-0.5239169999999831,-0.4228410000000622,-0.47337900000002264
2023-06-13 03:45:00,2737.313098,2736.786262,2736.888225,-0.526836000000003,-0.4248729999999341,-0.47585449999996854
2023-06-13 04:00:00,2737.30785,2736.78385,2736.888507,-0.524000000000342,-0.4193430000000262,-0.4716715000001841
2023-06-13 04:30:00,2737.310759,2736.786761,2736.890238,-0.5239980000001196,-0.4205210000000079,-0.4722595000000638
2023-06-13 04:45:00,2737.312508,2736.784354,2736.887635,-0.5281540000000859,-0.4248729999999341,-0.47651350000001
2023-06-13 05:00:00,2737.310759,2736.788927,2736.89284,-0.5218319999999039,-0.4179189999999835,-0.4698754999999437
2023-06-13 05:45:00,2737.314258,2736.789173,2736.894589,-0.5250849999997627,-0.4196689999998853,-0.47237699999982397
2023-06-13 06:00:00,2737.312508,2736.785345,2736.887065,-0.5271630000002006,-0.4254430000000866,-0.4763030000001436
2023-06-13 06:15:00,2737.310759,2736.785011,2736.889665,-0.5257480000000214,-0.4210939999998118,-0.4734209999999166
2023-06-13 06:30:00,2737.314848,2736.786592,2736.888505,-0.5282560000000558,-0.42634300000008807,-0.47729950000007193
2023-06-13 07:00:00,2737.309599,2736.782943,2736.885005,-0.5266560000000027,-0.4245940000000701,-0.4756250000000364
2023-06-13 07:15:00,2737.30785,2736.784268,2736.888178,-0.5235820000002605,-0.4196719999999914,-0.4716270000001259
2023-06-13 07:30:00,2737.30843,2736.783858,2736.885585,-0.524572000000262,-0.4228450000000521,-0.4737085000001571
2023-06-13 07:45:00,2737.310179,2736.784848,2736.888188,-0.5253310000002784,-0.4219910000001619,-0.47366100000022016
2023-06-13 08:00:00,2737.313668,2736.786085,2736.884415,-0.5275829999995949,-0.4292529999997896,-0.47841799999969226
2023-06-13 08:15:00,2737.310169,2736.782688,2736.887018,-0.5274810000000798,-0.42315099999996164,-0.4753160000000207
2023-06-13 08:30:00,2737.30726,2736.78627,2736.886164,-0.5209899999999834,-0.4210960000000341,-0.47104300000000876
2023-06-13 08:45:00,2737.30901,2736.78353,2736.887017,-0.5254799999997886,-0.42199299999992945,-0.473736499999859
2023-06-13 09:15:00,2737.30726,2736.783679,2736.884414,-0.5235809999999219,-0.4228459999999359,-0.4732134999999289
2023-06-13 09:30:00,2737.303182,2736.77937,2736.883834,-0.5238119999999071,-0.4193479999998999,-0.4715799999999035
2023-06-13 10:00:00,2737.30668,2736.779944,2736.886437,-0.5267360000002554,-0.4202430000000277,-0.47348950000014156
2023-06-13 10:15:00,2737.30668,2736.777538,2736.882084,-0.52914200000032,-0.4245960000002924,-0.4768690000003062
2023-06-13 10:30:00,2737.30843,2736.778194,2736.883833,-0.530236000000059,-0.4245970000001762,-0.4774165000001176
2023-06-13 11:15:00,2737.30843,2736.783525,2736.885583,-0.5249050000002171,-0.4228469999998197,-0.4738760000000184
2023-06-13 11:30:00,2737.304931,2736.781775,2736.882127,-0.5231560000001991,-0.4228040000002693,-0.4729800000002342
2023-06-13 12:00:00,2737.303182,2736.780933,2736.885581,-0.5222490000001017,-0.41760100000010425,-0.46992500000010295
2023-06-13 12:15:00,2737.299683,2736.778194,2736.886151,-0.5214890000002015,-0.413532000000032,-0.46751050000011674
2023-06-13 12:30:00,2737.300852,2736.775798,2736.882968,-0.5250539999997272,-0.4178839999999582,-0.4714689999998427
2023-06-13 12:45:00,2737.299683,2736.774627,2736.882081,-0.5250560000004043,-0.41760199999998804,-0.4713290000001962
2023-06-13 13:00:00,2737.299103,2736.776788,2736.880649,-0.5223149999997077,-0.41845399999965593,-0.4703844999996818
2023-06-13 13:30:00,2737.304351,2736.777546,2736.885572,-0.5268050000004223,-0.41877900000008594,-0.4727920000002541
2023-06-13 13:45:00,2737.300852,2736.778537,2736.882969,-0.5223149999997077,-0.4178830000000744,-0.470098999999891
2023-06-13 14:15:00,2737.297933,2736.781923,2736.883549,-0.5160099999998238,-0.4143839999996999,-0.46519699999976183
2023-06-13 14:30:00,2737.299103,2736.778536,2736.88557,-0.5205670000000282,-0.4135329999999158,-0.467049999999972
2023-06-13 15:15:00,2737.302602,2736.780286,2736.884148,-0.5223160000000462,-0.4184540000001107,-0.47038500000007843
2023-06-13 15:30:00,2737.300852,2736.778208,2736.884718,-0.5226439999996728,-0.4161340000000564,-0.4693889999998646
2023-06-13 15:45:00,2737.300852,2736.781276,2736.881219,-0.5195759999996881,-0.41963299999997616,-0.4696044999998321
2023-06-13 16:00:00,2737.300263,2736.776775,2736.881204,-0.5234880000002704,-0.4190590000002885,-0.47127350000027945
2023-06-13 16:30:00,2737.305511,2736.779188,2736.884128,-0.5263230000000476,-0.42138299999987794,-0.4738529999999628
2023-06-13 16:45:00,2737.298513,2736.780358,2736.884693,-0.5181550000002062,-0.41382000000021435,-0.4659875000002103
2023-06-13 17:00:00,2737.299103,2736.775795,2736.883535,-0.5233079999998154,-0.4155679999998938,-0.4694379999998546
2023-06-13 17:15:00,2737.300263,2736.778935,2736.882057,-0.5213280000002669,-0.4182060000002821,-0.4697670000002745
2023-06-13 17:30:00,2737.300852,2736.779197,2736.885572,-0.5216550000000097,-0.41527999999971144,-0.4684674999998606
2023-06-13 18:00:00,2737.303761,2736.777617,2736.882945,-0.5261439999999311,-0.4208160000002863,-0.4734800000001087
2023-06-13 18:30:00,2737.303761,2736.777943,2736.88815,-0.5258180000000721,-0.4156109999998989,-0.4707144999999855
2023-06-13 18:45:00,2737.302602,2736.775034,2736.880036,-0.5275680000004286,-0.42256600000018807,-0.4750670000003083
2023-06-13 19:00:00,2737.299103,2736.779523,2736.882074,-0.519579999999678,-0.4170289999997294,-0.4683044999997037
2023-06-13 19:15:00,2737.299683,2736.777363,2736.879481,-0.5223200000000361,-0.4202020000002449,-0.4712610000001405
2023-06-13 19:30:00,2737.306101,2736.78134,2736.883824,-0.5247610000001259,-0.4222770000001219,-0.4735190000001239
2023-06-13 19:45:00,2737.300852,2736.780349,2736.879798,-0.520502999999735,-0.4210539999999128,-0.4707784999998239
2023-06-13 20:00:00,2737.303182,2736.779179,2736.884687,-0.5240029999999933,-0.4184949999998935,-0.4712489999999434
2023-06-13 20:15:00,2737.306101,2736.78659,2736.886754,-0.5195109999999659,-0.4193470000000161,-0.469428999999991
2023-06-13 20:45:00,2737.306101,2736.785682,2736.885004,-0.5204189999999471,-0.4210969999999179,-0.4707579999999325
2023-06-13 21:15:00,2737.30843,2736.784512,2736.887007,-0.5239179999998669,-0.4214230000002317,-0.4726705000000493
2023-06-13 21:30:00,2737.303182,2736.782761,2736.883835,-0.5204210000001694,-0.4193470000000161,-0.4698840000000928
2023-06-13 22:15:00,2737.30726,2736.781925,2736.882948,-0.5253350000002683,-0.42431200000009994,-0.47482350000018414
2023-06-13 22:30:00,2737.303761,2736.782686,2736.887301,-0.5210750000001099,-0.41645999999991545,-0.46876750000001266
2023-06-13 23:00:00,2737.305511,2736.783676,2736.885551,-0.52183500000001,-0.41996000000017375,-0.4708975000000919
2023-06-13 23:15:00,2737.303761,2736.784518,2736.884698,-0.5192430000001877,-0.4190630000002784,-0.4691530000002331
2023-06-14 00:15:00,2737.30668,2736.784846,2736.889041,-0.5218340000001263,-0.4176390000002357,-0.46973650000018097
2023-06-14 00:30:00,2737.313678,2736.789335,2736.888188,-0.5243430000000444,-0.42549000000008164,-0.474916500000063
2023-06-14 01:15:00,2737.30843,2736.785606,2736.886438,-0.5228240000001279,-0.42199200000004566,-0.47240800000008676
2023-06-14 01:30:00,2737.30668,2736.786596,2736.888188,-0.5200840000002245,-0.4184920000002421,-0.4692880000002333
2023-06-14 01:45:00,2737.310179,2736.779366,2736.883835,-0.5308129999998528,-0.42634399999997186,-0.4785784999999123
2023-06-14 02:00:00,2737.30785,2736.783276,2736.887608,-0.5245740000000296,-0.4202420000001439,-0.47240800000008676
2023-06-14 02:15:00,2737.30785,2736.78286,2736.889928,-0.5249900000003436,-0.4179220000000896,-0.4714560000002166
2023-06-14 02:30:00,2737.30785,2736.78385,2736.890781,-0.524000000000342,-0.4170690000000832,-0.4705345000002126
2023-06-14 03:00:00,2737.30726,2736.781942,2736.891941,-0.5253179999999702,-0.4153190000001814,-0.4703185000000758
2023-06-14 03:15:00,2737.311349,2736.78012,2736.887325,-0.5312290000001667,-0.4240239999999176,-0.47762650000004214
2023-06-14 03:30:00,2737.316597,2736.785935,2736.889358,-0.5306620000001203,-0.4272390000000996,-0.47895050000010997
2023-06-14 03:45:00,2737.309599,2736.785683,2736.890211,-0.5239160000000993,-0.41938800000025367,-0.4716520000001765
2023-06-14 04:15:00,2737.304351,2736.782943,2736.889031,-0.5214080000000649,-0.4153200000000652,-0.46836400000006506
2023-06-14 04:30:00,2737.313098,2736.784693,2736.888178,-0.5284050000000207,-0.42491999999992913,-0.4766624999999749
2023-06-14 05:00:00,2737.309599,2736.782102,2736.889029,-0.5274970000000394,-0.42057000000022526,-0.47403350000013234
2023-06-14 05:15:00,2737.313098,2736.782861,2736.889926,-0.5302369999999428,-0.4231720000002497,-0.47670450000009623
2023-06-14 05:30:00,2737.30785,2736.780455,2736.888176,-0.5273950000000696,-0.4196740000002137,-0.47353450000014163
2023-06-14 05:45:00,2737.313098,2736.782287,2736.890209,-0.5308110000000852,-0.422888999999941,-0.4768500000000131
2023-06-14 06:00:00,2737.310179,2736.782867,2736.888186,-0.5273120000001654,-0.42199299999992945,-0.47465250000004744
2023-06-14 06:15:00,2737.30843,2736.781774,2736.889892,-0.5266560000000027,-0.4185379999998986,-0.47259699999995064
2023-06-14 06:30:00,2737.30843,2736.779367,2736.889039,-0.529062999999951,-0.41939099999990503,-0.474226999999928
2023-06-14 06:45:00,2737.30668,2736.782108,2736.886436,-0.524572000000262,-0.4202440000003662,-0.47240800000031413
2023-06-14 07:15:00,2737.303761,2736.780604,2736.884696,-0.5231570000000829,-0.419065000000046,-0.47111100000006445
2023-06-14 07:30:00,2737.305511,2736.779948,2736.8899,-0.5255630000001474,-0.4156109999998989,-0.4705870000000232
2023-06-14 07:45:00,2737.30726,2736.780938,2736.887297,-0.5263220000001638,-0.4199629999998251,-0.47314249999999447
2023-06-14 08:00:00,2737.305511,2736.7782,2736.8864,-0.5273109999998269,-0.4191110000001572,-0.47321099999999205
2023-06-14 08:30:00,2737.304351,2736.780949,2736.883534,-0.5234020000002602,-0.4208170000001701,-0.4721095000002151
2023-06-14 08:45:00,2737.302602,2736.774627,2736.884387,-0.5279750000004242,-0.41821500000014566,-0.4730950000002849
2023-06-14 09:15:00,2737.302602,2736.7743,2736.882354,-0.528302000000167,-0.4202480000003561,-0.47427500000026157
2023-06-14 09:30:00,2737.305511,2736.773309,2736.881502,-0.5322019999998702,-0.42400899999984176,-0.47810549999985597
2023-06-14 09:45:00,2737.302602,2736.77605,2736.884957,-0.5265520000002653,-0.41764499999999316,-0.4720985000001292
2023-06-14 10:00:00,2737.305511,2736.773479,2736.886116,-0.532032000000072,-0.41939499999989494,-0.47571349999998347
2023-06-14 10:15:00,2737.300263,2736.775458,2736.886399,-0.5248050000000148,-0.41386400000010326,-0.46933450000005905
2023-06-14 10:45:00,2737.302012,2736.775459,2736.887296,-0.526553000000149,-0.4147160000002259,-0.4706345000001875
2023-06-14 11:15:00,2737.303761,2736.779949,2736.885263,-0.5238119999999071,-0.4184979999999996,-0.47115499999995336
2023-06-14 12:00:00,2737.295014,2736.775273,2736.885544,-0.5197409999996125,-0.409469999999601,-0.46460549999960676
2023-06-14 12:15:00,2737.296764,2736.777023,2736.887865,-0.5197410000000673,-0.40889900000001944,-0.46432000000004336
2023-06-14 12:30:00,2737.299683,2736.777285,2736.882651,-0.5223980000000665,-0.4170320000002903,-0.4697150000001784
2023-06-14 12:45:00,2737.298513,2736.772532,2736.884935,-0.525981000000229,-0.4135780000001432,-0.4697795000001861
2023-06-14 13:00:00,2737.301432,2736.774626,2736.885252,-0.5268060000003061,-0.41618000000016764,-0.47149300000023686
2023-06-14 13:15:00,2737.297933,2736.777433,2736.884355,-0.5204999999996289,-0.4135779999996885,-0.4670389999996587
2023-06-14 13:45:00,2737.297354,2736.777777,2736.884672,-0.5195770000000266,-0.4126819999996769,-0.46612949999985176
2023-06-14 14:00:00,2737.300852,2736.778537,2736.88382,-0.5223149999997077,-0.41703199999983553,-0.4696734999997716
2023-06-14 14:15:00,2737.299103,2736.782764,2736.888172,-0.5163389999997889,-0.41093099999989136,-0.46363499999984015
2023-06-14 14:30:00,2737.300852,2736.781938,2736.886988,-0.5189139999997678,-0.4138639999996485,-0.4663889999997082
2023-06-14 14:45:00,2737.299103,2736.776786,2736.885238,-0.52231699999993,-0.41386499999998705,-0.4680909999999585
2023-06-14 15:00:00,2737.297354,2736.778439,2736.883488,-0.5189149999996516,-0.41386599999987084,-0.46639049999976123
2023-06-14 15:15:00,2737.298513,2736.783097,2736.883805,-0.5154160000001866,-0.4147080000002461,-0.46506200000021636
2023-06-14 15:30:00,2737.298513,2736.77927,2736.88149,-0.5192430000001877,-0.41702299999997194,-0.46813300000007985
2023-06-14 15:45:00,2737.305511,2736.779514,2736.886398,-0.5259970000001886,-0.4191129999999248,-0.4725550000000567
2023-06-14 16:00:00,2737.300263,2736.777946,2736.884965,-0.52231699999993,-0.41529799999989336,-0.46880749999991167
2023-06-14 16:15:00,2737.301432,2736.781346,2736.886388,-0.520085999999992,-0.4150440000003073,-0.46756500000014967
2023-06-14 16:30:00,2737.297344,2736.776015,2736.883762,-0.5213290000001507,-0.4135820000001331,-0.4674555000001419
2023-06-14 16:45:00,2737.298513,2736.779513,2736.886399,-0.5190000000002328,-0.4121140000002015,-0.46555700000021716
2023-06-14 17:15:00,2737.301432,2736.777117,2736.886389,-0.5243150000001151,-0.4150430000004235,-0.4696790000002693
2023-06-14 17:30:00,2737.301432,2736.780683,2736.883216,-0.5207490000002508,-0.41821600000002945,-0.46948250000014013
2023-06-14 17:45:00,2737.295014,2736.777763,2736.884649,-0.5172509999997601,-0.41036499999972875,-0.4638079999997444
2023-06-14 18:00:00,2737.300263,2736.775864,2736.885537,-0.524398999999903,-0.4147259999999733,-0.46956249999993815
2023-06-14 18:15:00,2737.300263,2736.7771,2736.884369,-0.5231630000002951,-0.4158940000002076,-0.46952850000025137
2023-06-14 18:30:00,2737.297933,2736.776192,2736.886391,-0.52174100000002,-0.41154199999982666,-0.4666414999999233
2023-06-14 18:45:00,2737.302012,2736.775023,2736.884081,-0.5269889999999577,-0.4179309999999532,-0.47245999999995547
2023-06-14 19:00:00,2737.297933,2736.776191,2736.886674,-0.5217419999999038,-0.41125899999997273,-0.46650049999993826
2023-06-14 19:15:00,2737.303182,2736.775201,2736.88497,-0.5279810000001817,-0.41821200000003955,-0.4730965000001106
2023-06-14 19:30:00,2737.301432,2736.777941,2736.887573,-0.5234910000003765,-0.41385900000022957,-0.46867500000030304
2023-06-14 19:45:00,2737.303182,2736.779691,2736.890175,-0.5234909999999218,-0.4130070000001069,-0.46824900000001435
2023-06-14 20:30:00,2737.301432,2736.776191,2736.887247,-0.5252410000002783,-0.4141850000000886,-0.46971300000018346
2023-06-14 20:45:00,2737.303182,2736.777941,2736.888997,-0.5252410000002783,-0.4141850000000886,-0.46971300000018346
2023-06-14 21:00:00,2737.303182,2736.780681,2736.883791,-0.5225009999999202,-0.41939099999990503,-0.4709459999999126
2023-06-14 21:30:00,2737.302012,2736.777099,2736.885225,-0.5249130000001969,-0.41678700000011304,-0.470850000000155
2023-06-14 22:00:00,2737.304931,2736.777612,2736.885508,-0.5273190000002614,-0.419423000000279,-0.4733710000002702
2023-06-14 22:15:00,2737.303761,2736.778603,2736.884938,-0.5251579999999194,-0.41882299999997485,-0.47199049999994713
2023-06-14 22:30:00,2737.302592,2736.779511,2736.886405,-0.52308099999982,-0.4161869999998089,-0.4696339999998145
2023-06-14 22:45:00,2737.303761,2736.777942,2736.887258,-0.5258189999999558,-0.4165029999999206,-0.4711609999999382
2023-06-14 23:00:00,2737.305511,2736.780353,2736.890748,-0.5251579999999194,-0.4147630000002209,-0.46996050000007017
2023-06-14 23:15:00,2737.303182,2736.782431,2736.887259,-0.5207510000000184,-0.4159230000000207,-0.46833700000001954
2023-06-14 23:30:00,2737.305511,2736.781923,2736.889009,-0.5235880000000179,-0.4165020000000368,-0.47004500000002736
2023-06-14 23:45:00,2737.302012,2736.778424,2736.885519,-0.5235880000000179,-0.4164930000001732,-0.47004050000009556
2023-06-15 00:00:00,2737.303761,2736.780174,2736.888682,-0.5235870000001341,-0.4150790000003326,-0.46933300000023337
2023-06-15 00:15:00,2737.300842,2736.782006,2736.886942,-0.5188360000001921,-0.41390000000001237,-0.46636800000010226
2023-06-15 00:45:00,2737.302592,2736.782252,2736.889862,-0.5203400000000329,-0.4127300000000105,-0.4665350000000217
2023-06-15 01:00:00,2737.30668,2736.777942,2736.888999,-0.5287379999999757,-0.417681000000357,-0.47320950000016637
2023-06-15 01:30:00,2737.30668,2736.781344,2736.884658,-0.5253360000001521,-0.4220220000001973,-0.4736790000001747
2023-06-15 01:45:00,2737.298513,2736.775863,2736.88494,-0.5226500000003398,-0.41357300000026953,-0.46811150000030466
2023-06-15 02:00:00,2737.30843,2736.781524,2736.889282,-0.5269060000000536,-0.4191479999999501,-0.47302700000000186
2023-06-15 02:30:00,2737.303182,2736.779692,2736.889001,-0.523490000000038,-0.4141810000000987,-0.46883550000006835
2023-06-15 03:15:00,2737.303182,2736.777943,2736.889853,-0.525239000000056,-0.4133289999999761,-0.469284000000016
2023-06-15 03:30:00,2737.303182,2736.783422,2736.885827,-0.519760000000133,-0.4173550000000432,-0.4685575000000881
2023-06-15 03:45:00,2737.30668,2736.778867,2736.887577,-0.5278130000001511,-0.4191030000001774,-0.47345800000016425
2023-06-15 04:00:00,2737.306091,2736.784582,2736.88959,-0.521509000000151,-0.41650099999969825,-0.4690049999999246
2023-06-15 04:15:00,2737.30784,2736.782832,2736.88841,-0.5250080000000708,-0.41942999999992026,-0.4722189999999955
2023-06-15 04:30:00,2737.30784,2736.781844,2736.890159,-0.52599599999985,-0.41768099999990227,-0.47183849999987615
2023-06-15 05:00:00,2737.30901,2736.785419,2736.889623,-0.523591000000124,-0.41938699999991513,-0.4714890000000196
2023-06-15 05:15:00,2737.30784,2736.781777,2736.889306,-0.5260629999997946,-0.4185339999999087,-0.47229849999985163
2023-06-15 05:30:00,2737.30726,2736.782024,2736.888726,-0.5252359999999499,-0.4185339999999087,-0.4718849999999293
2023-06-15 05:45:00,2737.30784,2736.777287,2736.890158,-0.5305530000000545,-0.41768199999978606,-0.47411749999992026
2023-06-15 06:00:00,2737.30784,2736.779694,2736.891909,-0.5281460000001061,-0.4159310000000005,-0.4720385000000533
2023-06-15 06:15:00,2737.309589,2736.78151,2736.889588,-0.5280790000001616,-0.42000099999995655,-0.4740400000000591
2023-06-15 06:30:00,2737.30843,2736.781444,2736.889326,-0.5269859999998516,-0.4191040000000612,-0.4730449999999564
2023-06-15 07:00:00,2737.30668,2736.777616,2736.887258,-0.5290640000002895,-0.41942199999994045,-0.474243000000115
2023-06-15 07:15:00,2737.304931,2736.775203,2736.885508,-0.5297279999999773,-0.419423000000279,-0.47457550000012816
2023-06-15 07:30:00,2737.304341,2736.778524,2736.887828,-0.5258170000001883,-0.4165130000001227,-0.4711650000001555
2023-06-15 08:15:00,2737.304351,2736.775467,2736.888701,-0.5288840000002892,-0.4156500000003689,-0.47226700000032906
2023-06-15 08:30:00,2737.30726,2736.779366,2736.892462,-0.5278939999998329,-0.41479800000024625,-0.47134600000003957
2023-06-15 08:45:00,2737.305511,2736.776776,2736.885508,-0.5287349999998696,-0.42000300000017887,-0.47436900000002424
2023-06-15 09:00:00,2737.30726,2736.774036,2736.888109,-0.5332240000002457,-0.41915100000005623,-0.476187500000151
2023-06-15 09:45:00,2737.305511,2736.775786,2736.884653,-0.5297249999998712,-0.4208579999999529,-0.47529149999991205
2023-06-15 10:00:00,2737.313098,2736.775467,2736.887846,-0.5376310000001467,-0.4252520000000004,-0.4814415000000736
2023-06-15 10:15:00,2737.30901,2736.774796,2736.887256,-0.5342139999997926,-0.42175399999996444,-0.4779839999998785
2023-06-15 10:30:00,2737.306101,2736.773635,2736.885243,-0.5324660000001131,-0.4208579999999529,-0.476662000000033
2023-06-15 10:45:00,2737.306101,2736.774806,2736.888697,-0.5312950000002274,-0.41740400000026057,-0.474349500000244
2023-06-15 11:00:00,2737.302602,2736.773056,2736.886095,-0.5295460000002095,-0.4165070000003652,-0.47302650000028734
2023-06-15 11:15:00,2737.304351,2736.775796,2736.885242,-0.5285550000003241,-0.41910900000038964,-0.47383200000035686
2023-06-15 11:30:00,2737.303182,2736.772876,2736.882322,-0.5303060000001096,-0.4208600000001752,-0.4755830000001424
2023-06-15 11:45:00,2737.299683,2736.777366,2736.887527,-0.5223170000003847,-0.4121560000003228,-0.46723650000035377
2023-06-15 12:00:00,2737.299683,2736.775616,2736.884359,-0.5240670000002865,-0.4153240000000551,-0.4696955000001708
2023-06-15 12:15:00,2737.299683,2736.774626,2736.888712,-0.5250570000002881,-0.4109710000002451,-0.4680140000002666
2023-06-15 12:30:00,2737.296184,2736.771126,2736.880006,-0.5250579999997171,-0.4161779999999453,-0.4706179999998312
2023-06-15 13:15:00,2737.299103,2736.776786,2736.886093,-0.52231699999993,-0.4130099999997583,-0.46766349999984413
2023-06-15 13:30:00,2737.299103,2736.771967,2736.883492,-0.5271359999997003,-0.4156109999998989,-0.4713734999997996
2023-06-15 13:45:00,2737.294435,2736.769956,2736.883175,-0.524478999999701,-0.4112599999998565,-0.4678694999997788
2023-06-15 14:00:00,2737.300852,2736.771885,2736.886946,-0.5289669999997386,-0.41390599999976985,-0.47143649999975423
2023-06-15 14:45:00,2737.298513,2736.774035,2736.885503,-0.524478000000272,-0.41301000000021304,-0.4687440000002425
2023-06-15 15:00:00,2737.296764,2736.772285,2736.88347,-0.5244790000001558,-0.41329399999995076,-0.4688865000000533
2023-06-15 15:30:00,2737.304931,2736.774213,2736.889846,-0.5307179999999789,-0.4150850000000901,-0.4729015000000345
2023-06-15 15:45:00,2737.298513,2736.772284,2736.885221,-0.5262290000000576,-0.4132920000001832,-0.4697605000001204
2023-06-15 16:00:00,2737.298513,2736.772864,2736.886084,-0.5256490000001577,-0.4124289999999746,-0.46903900000006615
2023-06-15 16:15:00,2737.295594,2736.775023,2736.886075,-0.5205710000000181,-0.4095190000002731,-0.4650450000001456
2023-06-15 16:45:00,2737.296764,2736.775023,2736.882902,-0.52174100000002,-0.4138620000003357,-0.46780150000017784
2023-06-15 17:00:00,2737.295594,2736.773854,2736.884335,-0.5217400000001362,-0.41125899999997273,-0.46649950000005447
2023-06-15 17:15:00,2737.299093,2736.772863,2736.886938,-0.5262299999999414,-0.4121549999999843,-0.4691924999999628
2023-06-15 17:30:00,2737.299093,2736.772201,2736.887825,-0.5268919999998616,-0.41126800000029107,-0.4690800000000763
2023-06-15 18:00:00,2737.304931,2736.774032,2736.884935,-0.5308990000003178,-0.41999600000008286,-0.4754475000002003
2023-06-15 18:45:00,2737.299093,2736.770122,2736.883766,-0.5289710000001833,-0.4153270000001612,-0.47214900000017224
2023-06-15 19:30:00,2737.299103,2736.770132,2736.883495,-0.5289709999997285,-0.4156079999997928,-0.47228949999976066
2023-06-15 20:45:00,2737.301432,2736.771882,2736.885217,-0.5295500000001994,-0.41621500000019296,-0.47288250000019616
2023-06-15 21:00:00,2737.302012,2736.772528,2736.887547,-0.5294840000001386,-0.4144650000002912,-0.4719745000002149
2023-06-15 21:15:00,2737.302012,2736.775267,2736.884944,-0.526745000000119,-0.4170680000001994,-0.4719065000001592
2023-06-15 21:45:00,2737.304351,2736.774292,2736.885817,-0.5300590000001648,-0.41853400000036345,-0.47429650000026413
2023-06-15 22:00:00,2737.303761,2736.774294,2736.885816,-0.5294670000002952,-0.41794500000014523,-0.47370600000022023
2023-06-15 22:15:00,2737.302012,2736.775284,2736.885818,-0.5267280000002756,-0.4161939999999049,-0.4714610000000903
2023-06-15 22:30:00,2737.30726,2736.774293,2736.889272,-0.5329670000000988,-0.41798800000015035,-0.47547750000012456
2023-06-15 22:45:00,2737.305511,2736.773304,2736.891022,-0.5322070000001986,-0.4144890000002306,-0.4733480000002146
2023-06-15 23:00:00,2737.30726,2736.772313,2736.895375,-0.534947000000102,-0.41188499999998385,-0.4734160000000429
2023-06-15 23:15:00,2737.304351,2736.775054,2736.891351,-0.5292970000000423,-0.4130000000000109,-0.4711485000000266
2023-06-16 00:15:00,2737.303761,2736.773303,2736.8896,-0.5304580000001806,-0.4141610000001492,-0.4723095000001649
2023-06-16 01:00:00,2737.302012,2736.769803,2736.888421,-0.5322089999999662,-0.4135909999999967,-0.47289999999998145
2023-06-16 01:30:00,2737.30726,2736.775381,2736.892773,-0.5318790000001172,-0.41448700000000827,-0.47318300000006275
2023-06-16 02:00:00,2737.30901,2736.771555,2736.884395,-0.5374550000001364,-0.4246149999999034,-0.48103500000001986
2023-06-16 02:30:00,2737.311339,2736.771473,2736.891886,-0.5398660000000746,-0.4194529999999759,-0.4796595000000252
2023-06-16 02:45:00,2737.30726,2736.773633,2736.890453,-0.5336270000002514,-0.41680700000006254,-0.475217000000157
2023-06-16 03:45:00,2737.303761,2736.771555,2736.88667,-0.5322060000003148,-0.417091000000255,-0.4746485000002849
2023-06-16 04:15:00,2737.30901,2736.776128,2736.8896,-0.5328819999999723,-0.41940999999997075,-0.47614599999997154
2023-06-16 05:00:00,2737.30726,2736.773485,2736.889598,-0.5337749999998778,-0.41766199999983655,-0.47571849999985716
2023-06-16 05:15:00,2737.311339,2736.773305,2736.891031,-0.5380339999996977,-0.4203079999997499,-0.4791709999997238
2023-06-16 05:30:00,2737.30784,2736.772315,2736.889281,-0.5355249999997795,-0.4185589999997319,-0.4770419999997557
2023-06-16 06:15:00,2737.309589,2736.775056,2736.890178,-0.5345330000000104,-0.41941099999985454,-0.47697199999993245
2023-06-16 06:30:00,2737.306091,2736.773306,2736.891021,-0.5327849999998762,-0.41507000000001426,-0.4739274999999452
2023-06-16 06:45:00,2737.310169,2736.773952,2736.888111,-0.5362169999998514,-0.42205799999965166,-0.4791374999997515
2023-06-16 07:15:00,2737.310169,2736.772962,2736.888441,-0.537206999999853,-0.4217279999998027,-0.47946749999982785
2023-06-16 07:30:00,2737.305511,2736.772792,2736.89158,-0.5327189999998154,-0.4139310000000478,-0.4733249999999316
2023-06-16 07:45:00,2737.305511,2736.77213,2736.886384,-0.5333810000001904,-0.4191270000001168,-0.4762540000001536
2023-06-16 08:00:00,2737.30726,2736.767641,2736.885804,-0.5396190000001297,-0.4214560000000347,-0.4805375000000822
2023-06-16 08:15:00,2737.303761,2736.76939,2736.887237,-0.534371000000192,-0.4165240000002086,-0.4754475000002003
2023-06-16 08:45:00,2737.304341,2736.766472,2736.887807,-0.537869000000228,-0.416533999999956,-0.477201500000092
2023-06-16 09:00:00,2737.303761,2736.771044,2736.88809,-0.5327170000000478,-0.4156710000002022,-0.474194000000125
2023-06-16 10:00:00,2737.300842,2736.769212,2736.886953,-0.5316299999999501,-0.41388899999992645,-0.47275949999993827
2023-06-16 10:30:00,2737.300842,2736.771043,2736.889554,-0.5297989999999118,-0.4112880000002406,-0.47054350000007616
2023-06-16 10:45:00,2737.304341,2736.770053,2736.888701,-0.5342879999998331,-0.41564000000016676,-0.47496399999999994
2023-06-16 11:00:00,2737.302592,2736.767314,2736.886951,-0.5352779999998347,-0.41564100000005055,-0.47545949999994264
2023-06-16 11:15:00,2737.302592,2736.768304,2736.884348,-0.5342879999998331,-0.41824399999995876,-0.47626599999989594
2023-06-16 11:45:00,2737.297344,2736.769295,2736.885201,-0.52804900000001,-0.4121430000000146,-0.4700960000000123
2023-06-16 12:00:00,2737.302592,2736.772793,2736.892155,-0.5297989999999118,-0.4104370000000017,-0.47011799999995674
2023-06-16 12:15:00,2737.302012,2736.771223,2736.888974,-0.5307889999999134,-0.41303800000014235,-0.47191350000002785
2023-06-16 12:30:00,2737.300263,2736.772213,2736.88812,-0.5280499999998938,-0.4121430000000146,-0.4700964999999542
2023-06-16 12:45:00,2737.302012,2736.768631,2736.885801,-0.5333810000001904,-0.41621100000020306,-0.4747960000001967
2023-06-16 13:00:00,2737.297344,2736.770202,2736.883789,-0.5271419999999125,-0.4135550000000876,-0.47034850000000006
2023-06-16 13:15:00,2737.297344,2736.770284,2736.884631,-0.5270599999998922,-0.4127130000001671,-0.4698865000000296
2023-06-16 13:30:00,2737.297344,2736.767545,2736.88463,-0.5297989999999118,-0.4127140000000509,-0.4712564999999813
2023-06-16 13:45:00,2737.297344,2736.772034,2736.8887,-0.5253099999999904,-0.4086440000000948,-0.4669770000000426
2023-06-16 14:00:00,2737.298513,2736.769621,2736.883767,-0.528892000000269,-0.41474600000037753,-0.4718190000003233
2023-06-16 14:30:00,2737.296764,2736.772033,2736.88637,-0.5247309999999743,-0.4103939999999966,-0.46756249999998545
2023-06-16 14:45:00,2737.297923,2736.771377,2736.886677,-0.526546000000053,-0.41124600000011924,-0.46889600000008613
2023-06-16 15:15:00,2737.297923,2736.772039,2736.889811,-0.5258840000001328,-0.40811200000007375,-0.4669980000001033
2023-06-16 15:30:00,2737.299673,2736.770289,2736.886355,-0.5293839999999363,-0.41331799999989016,-0.47135099999991326
2023-06-16 15:45:00,2737.297923,2736.770453,2736.88753,-0.5274699999999939,-0.4103930000001128,-0.46893150000005335
2023-06-16 16:00:00,2737.294425,2736.766886,2736.88721,-0.5275390000001607,-0.4072150000001784,-0.4673770000001696
2023-06-16 16:15:00,2737.299093,2736.770796,2736.885777,-0.5282970000002933,-0.4133160000001226,-0.47080650000020796
2023-06-16 16:30:00,2737.295594,2736.769626,2736.88838,-0.5259680000003755,-0.4072140000002946,-0.46659100000033504
2023-06-16 16:45:00,2737.296184,2736.767875,2736.884924,-0.5283089999998083,-0.4112599999998565,-0.4697844999998324
2023-06-16 17:00:00,2737.296184,2736.769625,2736.891553,-0.5265589999999065,-0.40463099999988117,-0.46559499999989384
2023-06-16 17:30:00,2737.294435,2736.766885,2736.88895,-0.5275499999997919,-0.4054849999997714,-0.46651749999978165
2023-06-16 18:00:00,2737.296184,2736.767875,2736.882893,-0.5283089999998083,-0.41329099999984464,-0.47079999999982647
2023-06-16 18:15:00,2737.296184,2736.767541,2736.886348,-0.5286429999996471,-0.4098359999998138,-0.46923949999973047
2023-06-16 18:45:00,2737.299683,2736.766885,2736.884926,-0.5327980000001844,-0.4147570000000087,-0.47377750000009655
2023-06-16 19:00:00,2737.299683,2736.768635,2736.890132,-0.5310480000002826,-0.4095510000001923,-0.47029950000023746
2023-06-16 20:00:00,2737.297923,2736.766043,2736.887213,-0.531880000000001,-0.41071000000010827,-0.47129500000005464
2023-06-16 20:15:00,2737.296174,2736.765134,2736.884612,-0.5310399999998481,-0.4115620000002309,-0.4713010000000395
2023-06-16 20:30:00,2737.298513,2736.764734,2736.889831,-0.5337790000003224,-0.40868200000022625,-0.47123050000027433
2023-06-16 20:45:00,2737.298513,2736.766484,2736.884637,-0.5320289999999659,-0.41387600000007296,-0.4729525000000194
2023-06-16 21:00:00,2737.299093,2736.765381,2736.885207,-0.5337119999999231,-0.4138860000002751,-0.4737990000000991
2023-06-16 21:15:00,2737.299093,2736.767458,2736.887239,-0.5316350000002785,-0.41185399999994843,-0.4717445000001135
2023-06-16 21:30:00,2737.296174,2736.76713,2736.883466,-0.5290439999998853,-0.41270799999983865,-0.47087599999986196
2023-06-16 21:45:00,2737.302592,2736.76556,2736.889842,-0.5370320000001811,-0.41274999999996,-0.47489100000007056
2023-06-16 22:15:00,2737.297923,2736.768881,2736.886967,-0.5290420000001177,-0.4109560000001693,-0.4699990000001435
2023-06-16 22:45:00,2737.303761,2736.773781,2736.888991,-0.5299800000002506,-0.41477000000031694,-0.47237500000028376
2023-06-16 23:00:00,2737.299673,2736.76987,2736.88782,-0.5298029999999017,-0.41185300000006464,-0.47082799999998315
2023-06-16 23:15:00,2737.302592,2736.77162,2736.893024,-0.5309720000000198,-0.4095680000000357,-0.4702700000000277
2023-06-16 23:45:00,2737.303172,2736.773453,2736.890423,-0.5297190000001137,-0.4127490000000762,-0.47123400000009497
2023-06-17 00:30:00,2737.30901,2736.772134,2736.894196,-0.5368760000001203,-0.4148139999997511,-0.4758449999999357
2023-06-17 00:45:00,2737.30901,2736.770712,2736.891593,-0.5382979999999407,-0.41741700000011406,-0.47785750000002736
2023-06-17 01:00:00,2737.306091,2736.77081,2736.893343,-0.5352809999999408,-0.41274799999973766,-0.47401449999983924
2023-06-17 01:15:00,2737.30901,2736.77005,2736.88899,-0.5389599999998609,-0.42002000000002226,-0.4794899999999416
2023-06-17 01:45:00,2737.305511,2736.772791,2736.892763,-0.532720000000154,-0.4127480000001924,-0.4727340000001732
2023-06-17 02:00:00,2737.30901,2736.77104,2736.89073,-0.5379699999998593,-0.41827999999986787,-0.4781249999998636
2023-06-17 02:15:00,2737.30901,2736.770051,2736.893333,-0.5389589999999771,-0.41567699999995966,-0.4773179999999684
2023-06-17 02:45:00,2737.305511,2736.767312,2736.88842,-0.5381990000000769,-0.41709099999980026,-0.4776449999999386
2023-06-17 03:15:00,2737.305511,2736.767574,2736.89248,-0.5379370000000563,-0.41303100000004633,-0.4754840000000513
2023-06-17 03:30:00,2737.30667,2736.768472,2736.894491,-0.5381979999997384,-0.4121789999999237,-0.47518849999983104
2023-06-17 03:45:00,2737.302012,2736.768302,2736.889843,-0.5337100000001556,-0.4121690000001763,-0.47293950000016594
2023-06-17 04:15:00,2737.311919,2736.771211,2736.891888,-0.5407079999999951,-0.4200310000001082,-0.48036950000005163
2023-06-17 05:00:00,2737.305511,2736.770052,2736.890728,-0.5354590000001735,-0.41478300000017043,-0.475121000000172
2023-06-17 05:15:00,2737.311919,2736.772136,2736.889296,-0.5397830000001704,-0.4226230000003852,-0.4812030000002778
2023-06-17 05:45:00,2737.30667,2736.767646,2736.890704,-0.539024000000154,-0.4159660000000258,-0.47749500000008993
2023-06-17 06:00:00,2737.30842,2736.772203,2736.891887,-0.5362169999998514,-0.41653299999961746,-0.4763749999997344
2023-06-17 06:45:00,2737.304921,2736.767646,2736.890137,-0.5372750000001361,-0.4147840000000542,-0.47602950000009514
2023-06-17 07:00:00,2737.304921,2736.769463,2736.888962,-0.535457999999835,-0.4159589999999298,-0.4757084999998824
2023-06-17 07:15:00,2737.305511,2736.767312,2736.888976,-0.5381990000000769,-0.4165349999998398,-0.47736699999995835
2023-06-17 07:45:00,2737.302012,2736.765563,2736.885486,-0.5364490000001751,-0.4165259999999762,-0.47648750000007567
2023-06-17 08:00:00,2737.305511,2736.763746,2736.887226,-0.5417649999999412,-0.4182850000001963,-0.48002500000006876
2023-06-17 08:15:00,2737.30726,2736.766487,2736.887802,-0.540773000000172,-0.41945799999984956,-0.4801155000000108
2023-06-17 08:30:00,2737.303761,2736.767313,2736.891578,-0.5364480000002914,-0.4121829999999136,-0.4743155000001025
2023-06-17 08:45:00,2737.302012,2736.764737,2736.885485,-0.5372750000001361,-0.41652700000031473,-0.4769010000002254
2023-06-17 09:00:00,2737.305511,2736.763747,2736.886372,-0.5417640000000574,-0.4191390000000865,-0.480451500000072
2023-06-17 09:15:00,2737.300263,2736.762987,2736.884622,-0.5372760000000198,-0.41564100000005055,-0.4764585000000352
2023-06-17 09:45:00,2737.300263,2736.761997,2736.88604,-0.5382660000000214,-0.41422300000022005,-0.47624450000012075
2023-06-17 10:00:00,2737.303761,2736.760165,2736.883447,-0.5435959999999795,-0.4203139999999621,-0.4819549999999708
2023-06-17 10:15:00,2737.299673,2736.762167,2736.887209,-0.5375060000001213,-0.41246399999999994,-0.4749850000000606
2023-06-17 10:30:00,2737.299673,2736.761325,2736.884041,-0.5383480000000418,-0.41563200000018696,-0.4769900000001144
2023-06-17 11:00:00,2737.296764,2736.758499,2736.883724,-0.5382650000001377,-0.41304000000036467,-0.47565250000025117
2023-06-17 11:30:00,2737.296764,2736.761998,2736.885196,-0.5347660000002179,-0.4115679999999884,-0.47316700000010314
2023-06-17 12:00:00,2737.301422,2736.76382,2736.887207,-0.5376019999998789,-0.4142149999997855,-0.4759084999998322
2023-06-17 12:15:00,2737.299673,2736.76656,2736.89155,-0.5331129999999575,-0.40812300000015966,-0.4706180000000586
2023-06-17 12:30:00,2737.299673,2736.764728,2736.886354,-0.5349449999998797,-0.41331899999977395,-0.4741319999998268
2023-06-17 12:45:00,2737.296174,2736.764148,2736.88806,-0.5320259999998598,-0.4081139999998413,-0.47006999999985055
2023-06-17 13:45:00,2737.299093,2736.766226,2736.888377,-0.5328669999998965,-0.41071599999986574,-0.4717914999998811
2023-06-17 14:00:00,2737.293845,2736.761736,2736.882319,-0.5321090000002187,-0.4115260000003218,-0.47181750000027023
2023-06-17 14:15:00,2737.293845,2736.764476,2736.883172,-0.5293690000003153,-0.41067300000031537,-0.4700210000003153
2023-06-17 14:30:00,2737.300842,2736.769627,2736.890979,-0.5312149999999747,-0.40986300000031406,-0.47053900000014437
2023-06-17 14:45:00,2737.295594,2736.763388,2736.887197,-0.5322060000003148,-0.40839700000015,-0.4703015000002324
2023-06-17 15:00:00,2737.297344,2736.766128,2736.884595,-0.5312159999998585,-0.4127490000000762,-0.47198249999996733
2023-06-17 15:30:00,2737.300842,2736.765896,2736.888095,-0.5349460000002182,-0.4127470000003086,-0.4738465000002634
2023-06-17 15:45:00,2737.297344,2736.763306,2736.886628,-0.5340380000002369,-0.41071599999986574,-0.47237700000005134
2023-06-17 16:00:00,2737.300263,2736.769047,2736.892149,-0.5312160000003132,-0.4081140000002961,-0.46966500000030464
2023-06-17 16:15:00,2737.300852,2736.765234,2736.887515,-0.5356179999998858,-0.4133369999999559,-0.47447749999992084
2023-06-17 16:30:00,2737.297354,2736.761735,2736.888368,-0.5356189999997696,-0.4089859999999135,-0.47230249999984153
2023-06-17 16:45:00,2737.300852,2736.766224,2736.888938,-0.5346279999998842,-0.41191399999979694,-0.47327099999984057
2023-06-17 17:30:00,2737.299103,2736.764474,2736.885484,-0.534628999999768,-0.413618999999926,-0.474123999999847
2023-06-17 17:45:00,2737.300852,2736.763314,2736.888085,-0.5375380000000405,-0.4127669999998034,-0.47515249999992193
2023-06-17 18:15:00,2737.297354,2736.760743,2736.887516,-0.5366109999999935,-0.4098380000000361,-0.4732245000000148
2023-06-17 18:30:00,2737.300852,2736.760907,2736.882311,-0.5399449999999888,-0.4185410000000047,-0.47924299999999675
2023-06-17 18:45:00,2737.300842,2736.762313,2736.888379,-0.5385289999999259,-0.41246300000011615,-0.475496000000021
2023-06-17 19:00:00,2737.297344,2736.756074,2736.881425,-0.5412700000001678,-0.4159190000000308,-0.4785945000000993
2023-06-17 19:15:00,2737.299093,2736.760563,2736.886629,-0.5385300000002644,-0.41246399999999994,-0.4754970000001322
2023-06-17 19:30:00,2737.299093,2736.759655,2736.888054,-0.5394380000002457,-0.41103900000007343,-0.47523850000015955
2023-06-17 19:45:00,2737.296174,2736.759573,2736.888063,-0.5366010000002461,-0.40811100000018996,-0.47235600000021805
2023-06-17 20:00:00,2737.299673,2736.763304,2736.885461,-0.5363689999999224,-0.41421200000013414,-0.47529050000002826
2023-06-17 20:30:00,2737.303761,2736.764735,2736.888653,-0.5390259999999216,-0.4151080000001457,-0.47706700000003366
2023-06-17 20:45:00,2737.296764,2736.761995,2736.887791,-0.534769000000324,-0.40897300000006,-0.471871000000192
2023-06-17 21:15:00,2737.299093,2736.76472,2736.88691,-0.5343729999999596,-0.4121829999999136,-0.4732779999999366
2023-06-17 21:30:00,2737.298513,2736.764899,2736.889829,-0.5336140000003979,-0.40868399999999383,-0.4711490000001959
2023-06-17 21:45:00,2737.299093,2736.759239,2736.88866,-0.5398540000001049,-0.4104330000000118,-0.47514350000005834
2023-06-17 22:00:00,2737.297923,2736.760809,2736.884887,-0.5371140000002015,-0.41303599999992,-0.47507500000006075
2023-06-17 22:15:00,2737.303761,2736.763729,2736.89041,-0.5400320000003376,-0.4133510000001479,-0.47669150000024274
2023-06-17 22:30:00,2737.302592,2736.764571,2736.892443,-0.5380209999998442,-0.41014899999981935,-0.4740849999998318
2023-06-17 22:45:00,2737.304341,2736.762739,2736.89216,-0.5416020000002391,-0.412181000000146,-0.47689150000019254
2023-06-17 23:45:00,2737.306091,2736.76822,2736.895615,-0.5378709999999955,-0.41047600000001694,-0.47417350000000624
2023-06-18 00:00:00,2737.30726,2736.764833,2736.89158,-0.5424269999998614,-0.4156800000000658,-0.4790534999999636
2023-06-18 00:15:00,2737.304921,2736.766655,2736.893603,-0.5382660000000214,-0.41131799999993746,-0.47479199999997945
2023-06-18 01:15:00,2737.299673,2736.764905,2736.88925,-0.5347679999999855,-0.4104229999998097,-0.4725954999998976
2023-06-18 02:30:00,2737.301422,2736.765895,2736.889805,-0.5355270000000019,-0.41161700000020573,-0.4735720000001038
2023-06-18 03:30:00,2737.304341,2736.762493,2736.891838,-0.5418479999998453,-0.41250300000001516,-0.47717549999993025
2023-06-18 03:45:00,2737.30784,2736.764243,2736.888382,-0.5435969999998633,-0.41945799999984956,-0.48152749999985645
2023-06-18 04:00:00,2737.304341,2736.764146,2736.886632,-0.5401950000000397,-0.4177089999998316,-0.47895199999993565
2023-06-18 04:15:00,2737.302592,2736.765896,2736.890131,-0.53669600000012,-0.41246099999989383,-0.4745785000000069
2023-06-18 04:30:00,2737.302592,2736.765234,2736.890983,-0.5373580000000402,-0.41160900000022593,-0.47448350000013306
2023-06-18 04:45:00,2737.304921,2736.764064,2736.889813,-0.54085699999996,-0.4151080000001457,-0.4779825000000528
2023-06-18 05:00:00,2737.30842,2736.763916,2736.892738,-0.5445039999999608,-0.41568199999983335,-0.4800929999998971
2023-06-18 05:15:00,2737.303172,2736.764906,2736.890988,-0.5382660000000214,-0.4121839999997974,-0.4752249999999094
2023-06-18 05:45:00,2737.30842,2736.766656,2736.892451,-0.5417640000000574,-0.4159689999996772,-0.4788664999998673
2023-06-18 06:15:00,2737.304921,2736.768309,2736.893304,-0.5366119999998773,-0.411616999999751,-0.47411449999981414
2023-06-18 06:45:00,2737.303761,2736.763748,2736.890403,-0.5400130000002719,-0.4133580000002439,-0.4766855000002579
2023-06-18 07:00:00,2737.303172,2736.767647,2736.891552,-0.5355249999997795,-0.4116199999998571,-0.4735724999998183
2023-06-18 07:30:00,2737.302012,2736.766487,2736.88605,-0.5355250000002343,-0.4159620000000359,-0.4757435000001351
2023-06-18 07:45:00,2737.303761,2736.767477,2736.889827,-0.5362840000002507,-0.4139340000001539,-0.4751090000002023
2023-06-18 08:00:00,2737.300842,2736.762906,2736.887769,-0.5379360000001725,-0.41307300000016767,-0.4755045000001701
2023-06-18 08:30:00,2737.30726,2736.761982,2736.884313,-0.545278000000053,-0.42294700000002194,-0.48411250000003747
2023-06-18 09:15:00,2737.304341,2736.760167,2736.887804,-0.5441740000001118,-0.4165370000000621,-0.480355500000087
2023-06-18 09:30:00,2737.297344,2736.758088,2736.886063,-0.539256000000023,-0.41128100000014456,-0.4752685000000838
2023-06-18 09:45:00,2737.299093,2736.760829,2736.888655,-0.5382640000002539,-0.4104379999998855,-0.4743510000000697
2023-06-18 10:30:00,2737.295594,2736.755676,2736.884312,-0.5399179999999433,-0.41128200000002835,-0.4755999999999858
2023-06-18 10:45:00,2737.298513,2736.759259,2736.888075,-0.5392540000002555,-0.41043800000034025,-0.47484600000029786
2023-06-18 11:30:00,2737.296764,2736.760249,2736.885185,-0.5365150000002359,-0.4115790000000743,-0.4740470000001551
2023-06-18 11:45:00,2737.293265,2736.758417,2736.886898,-0.5348479999997835,-0.4063669999995909,-0.4706074999996872
2023-06-18 12:15:00,2737.295014,2736.756667,2736.886889,-0.5383469999997033,-0.40812499999992724,-0.47323599999981525
2023-06-18 12:30:00,2737.299673,2736.760566,2736.886308,-0.5391070000000582,-0.4133649999998852,-0.4762359999999717
2023-06-18 12:45:00,2737.297923,2736.761228,2736.888059,-0.5366950000002362,-0.40986400000019785,-0.473279500000217
2023-06-18 13:00:00,2737.296174,2736.757647,2736.882853,-0.5385270000001583,-0.4133209999999963,-0.4759240000000773
2023-06-18 13:15:00,2737.299093,2736.762316,2736.886626,-0.5367770000002565,-0.41246700000010605,-0.4746220000001813
2023-06-18 13:30:00,2737.299093,2736.759576,2736.887766,-0.5395170000001599,-0.4113270000002558,-0.47542200000020785
2023-06-18 13:45:00,2737.296184,2736.757826,2736.886016,-0.5383579999997892,-0.41016799999988507,-0.4742629999998371
2023-06-18 14:00:00,2737.299103,2736.757179,2736.888936,-0.5419239999996535,-0.4101670000000013,-0.47604549999982737
2023-06-18 14:30:00,2737.299103,2736.758169,2736.887186,-0.5409339999996519,-0.41191699999990306,-0.47642549999977746
2023-06-18 15:00:00,2737.298513,2736.758815,2736.885744,-0.539698000000044,-0.4127690000000257,-0.47623350000003484
2023-06-18 15:45:00,2737.300263,2736.760893,2736.884891,-0.5393699999999626,-0.4153719999999339,-0.47737099999994825
2023-06-18 16:45:00,2737.297933,2736.758234,2736.883128,-0.5396989999999278,-0.4148049999998875,-0.47725199999990764
2023-06-18 17:45:00,2737.299103,2736.765545,2736.886618,-0.5335579999996298,-0.41248499999983324,-0.47302149999973153
2023-06-18 18:00:00,2737.297933,2736.763714,2736.883129,-0.5342189999996663,-0.4148040000000037,-0.474511499999835
2023-06-18 18:15:00,2737.297933,2736.761882,2736.88488,-0.5360510000000431,-0.4130529999997634,-0.4745519999999033
2023-06-18 18:30:00,2737.299683,2736.760974,2736.885732,-0.5387090000003809,-0.4139509999999973,-0.4763300000001891
2023-06-18 18:45:00,2737.301432,2736.762724,2736.887482,-0.5387080000000424,-0.4139500000001135,-0.47632900000007794
2023-06-18 19:00:00,2737.299683,2736.760974,2736.883131,-0.5387090000003809,-0.4165520000001379,-0.4776305000002594
2023-06-18 19:30:00,2737.298513,2736.761882,2736.881108,-0.5366310000003978,-0.41740500000014435,-0.47701800000027106
2023-06-18 19:45:00,2737.300263,2736.760891,2736.887166,-0.5393720000001849,-0.4130970000001071,-0.476234500000146
2023-06-18 20:00:00,2737.300263,2736.762724,2736.886314,-0.5375389999999243,-0.4139490000002297,-0.475744000000077
2023-06-18 20:30:00,2737.302012,2736.761733,2736.884,-0.5402790000002824,-0.41801200000008976,-0.4791455000001861
2023-06-18 20:45:00,2737.302602,2736.760573,2736.88459,-0.5420290000001842,-0.41801200000008976,-0.48002050000013696
2023-06-18 21:00:00,2737.297354,2736.763379,2736.88284,-0.5339749999998276,-0.41451399999959904,-0.4742444999997133
2023-06-18 21:15:00,2737.303761,2736.761733,2736.889796,-0.5420280000003004,-0.4139650000001893,-0.47799650000024485
2023-06-18 21:30:00,2737.300842,2736.757822,2736.886024,-0.5430200000000696,-0.41481800000019575,-0.47891900000013266
2023-06-18 21:45:00,2737.299093,2736.758813,2736.883704,-0.5402800000001662,-0.41538900000023204,-0.4778345000001991
2023-06-18 22:00:00,2737.299093,2736.758812,2736.886307,-0.54028100000005,-0.4127859999998691,-0.47653349999995953
2023-06-18 22:15:00,2737.300842,2736.759654,2736.886307,-0.5411880000001474,-0.4145349999998871,-0.47786150000001726
2023-06-18 22:30:00,2737.301422,2736.758484,2736.882535,-0.5429380000000492,-0.41888699999981327,-0.48091249999993124
2023-06-18 22:45:00,2737.299673,2736.760234,2736.889489,-0.5394390000001295,-0.4101839999998447,-0.47481149999998706
2023-06-18 23:00:00,2737.301422,2736.762215,2736.884285,-0.5392069999998057,-0.4171369999999115,-0.4781719999998586
2023-06-18 23:15:00,2737.301422,2736.757822,2736.888921,-0.5435999999999694,-0.41250099999979284,-0.47805049999988114
2023-06-18 23:30:00,2737.301422,2736.760562,2736.886318,-0.5408600000000661,-0.4151040000001558,-0.47798200000011093
2023-06-19 00:15:00,2737.301422,2736.761322,2736.891241,-0.5401000000001659,-0.4101810000001933,-0.4751405000001796
2023-06-19 00:45:00,2737.301422,2736.763302,2736.890344,-0.5381200000001627,-0.41107800000008865,-0.47459900000012567
2023-06-19 01:00:00,2737.297923,2736.759571,2736.886888,-0.5383520000000317,-0.41103500000008353,-0.4746935000000576
2023-06-19 01:15:00,2737.297923,2736.760561,2736.889491,-0.5373620000000301,-0.4084320000001753,-0.4728970000001027
2023-06-19 01:30:00,2737.304341,2736.761403,2736.889238,-0.5429380000000492,-0.41510299999981726,-0.47902049999993324
2023-06-19 01:45:00,2737.304341,2736.764144,2736.892693,-0.5401969999998073,-0.41164800000024115,-0.47592250000002423
2023-06-19 02:00:00,2737.299093,2736.761731,2736.88806,-0.5373620000000301,-0.4110329999998612,-0.47419749999994565
2023-06-19 02:15:00,2737.302592,2736.758993,2736.885457,-0.5435990000000857,-0.4171350000001439,-0.4803670000001148
2023-06-19 03:30:00,2737.302592,2736.759573,2736.890091,-0.5430190000001858,-0.41250099999979284,-0.4777599999999893
2023-06-19 04:45:00,2737.304341,2736.758992,2736.887487,-0.5453489999999874,-0.41685400000005757,-0.4811015000000225
2023-06-19 05:00:00,2737.302592,2736.761732,2736.89009,-0.5408600000000661,-0.4125020000001314,-0.4766810000000987
2023-06-19 05:45:00,2737.301422,2736.762312,2736.88774,-0.5391100000001643,-0.41368199999988065,-0.47639600000002247
2023-06-19 06:00:00,2737.303172,2736.760562,2736.88949,-0.5426099999999678,-0.41368199999988065,-0.47814599999992424
2023-06-19 06:30:00,2737.302592,2736.764473,2736.88834,-0.5381189999998242,-0.41425200000003315,-0.47618549999992865
2023-06-19 07:30:00,2737.302012,2736.761154,2736.885727,-0.5408580000002985,-0.4162850000002436,-0.47857150000027104
2023-06-19 07:45:00,2737.305511,2736.760246,2736.88775,-0.5452650000001995,-0.41776100000015504,-0.48151300000017727
2023-06-19 08:15:00,2737.304341,2736.758086,2736.885737,-0.5462550000002011,-0.41860399999995934,-0.4824295000000802
2023-06-19 08:30:00,2737.302592,2736.759076,2736.88658,-0.5435160000001815,-0.41601200000013705,-0.4797640000001593
2023-06-19 08:45:00,2737.304341,2736.762903,2736.887773,-0.5414380000001984,-0.4165680000000975,-0.47900300000014795
2023-06-19 09:00:00,2737.300842,2736.760164,2736.890366,-0.5406780000002982,-0.41047600000001694,-0.47557700000015757
2023-06-19 10:30:00,2737.299093,2736.756336,2736.88342,-0.5427570000001651,-0.41567299999996976,-0.47921500000006745
2023-06-19 10:45:00,2737.300842,2736.753924,2736.88918,-0.5469180000000051,-0.41166199999997843,-0.4792899999999918
2023-06-19 11:00:00,2737.297923,2736.755494,2736.884842,-0.5424290000000838,-0.41308100000014747,-0.4777550000001156
2023-06-19 11:15:00,2737.297344,2736.756664,2736.886012,-0.5406800000000658,-0.4113320000001295,-0.47600600000009763
2023-06-19 11:30:00,2737.299093,2736.755674,2736.89093,-0.5434190000000854,-0.4081630000000587,-0.475791000000072
2023-06-19 11:45:00,2737.294425,2736.751004,2736.881917,-0.5434209999998529,-0.41250799999988885,-0.4779644999998709
2023-06-19 12:15:00,2737.299093,2736.756336,2736.888292,-0.5427570000001651,-0.4108009999999922,-0.47677900000007867
2023-06-19 12:30:00,2737.292095,2736.753826,2736.883077,-0.5382689999996728,-0.4090179999998327,-0.47364349999975275
2023-06-19 12:45:00,2737.300263,2736.757506,2736.889495,-0.5427570000001651,-0.4107680000001892,-0.47676250000017717
2023-06-19 13:00:00,2737.295014,2736.754915,2736.88686,-0.5400989999998274,-0.40815399999974034,-0.47412649999978385
2023-06-19 13:15:00,2737.296764,2736.755905,2736.88511,-0.5408590000001823,-0.41165399999999863,-0.47625650000009045
2023-06-19 13:30:00,2737.295014,2736.757655,2736.885997,-0.537358999999924,-0.4090169999999489,-0.47318799999993644
2023-06-19 13:45:00,2737.295014,2736.754914,2736.885143,-0.5400999999997111,-0.4098709999998391,-0.47498549999977513
2023-06-19 14:15:00,2737.296174,2736.753154,2736.885415,-0.5430200000000696,-0.41075899999987087,-0.4768894999999702
2023-06-19 14:30:00,2737.296174,2736.754324,2736.884562,-0.5418500000000677,-0.4116119999998773,-0.4767309999999725
2023-06-19 15:00:00,2737.295014,2736.751994,2736.881654,-0.5430199999996148,-0.4133600000000115,-0.47818999999981315
2023-06-19 15:15:00,2737.296174,2736.752164,2736.882812,-0.5440100000000712,-0.4133620000002338,-0.4786860000001525
2023-06-19 15:30:00,2737.299673,2736.756654,2736.886883,-0.5430190000001858,-0.412789999999859,-0.4779045000000224
2023-06-19 15:45:00,2737.299673,2736.758486,2736.887735,-0.5411869999998089,-0.4119380000001911,-0.4765625
2023-06-19 16:00:00,2737.297923,2736.754904,2736.885987,-0.5430190000001858,-0.41193599999996877,-0.47747750000007727
2023-06-19 16:15:00,2737.299093,2736.756074,2736.884554,-0.5430190000001858,-0.414538999999877,-0.4787790000000314
2023-06-19 16:30:00,2737.296174,2736.756736,2736.884237,-0.5394380000002457,-0.41193699999985256,-0.4756875000000491
2023-06-19 16:45:00,2737.301422,2736.757822,2736.88859,-0.5435999999999694,-0.4128319999999803,-0.4782159999999749
2023-06-19 17:15:00,2737.294425,2736.75556,2736.891763,-0.538864999999987,-0.4026619999999639,-0.47076349999997547
2023-06-19 17:30:00,2737.299093,2736.756073,2736.89033,-0.5430200000000696,-0.40876299999990806,-0.4758914999999888
2023-06-19 17:45:00,2737.297923,2736.753153,2736.886557,-0.5447699999999713,-0.411366000000271,-0.4780680000001212
2023-06-19 18:00:00,2737.297344,2736.751583,2736.885977,-0.5457609999998567,-0.4113670000001548,-0.47856400000000576
2023-06-19 18:30:00,2737.299093,2736.753333,2736.887729,-0.5457599999999729,-0.4113640000000487,-0.4785620000000108
2023-06-19 18:45:00,2737.297344,2736.755083,2736.889479,-0.5422610000000532,-0.40786500000012893,-0.47506300000009105
2023-06-19 19:00:00,2737.296174,2736.749422,2736.886559,-0.5467520000001969,-0.4096150000000307,-0.4781835000001138
2023-06-19 19:30:00,2737.299673,2736.752162,2736.888591,-0.5475109999997585,-0.41108200000007855,-0.4792964999999185
2023-06-19 19:45:00,2737.299673,2736.754902,2736.88599,-0.5447709999998551,-0.41368299999976443,-0.4792269999998098
2023-06-19 20:00:00,2737.298513,2736.75308,2736.88483,-0.5454330000002301,-0.4136830000002192,-0.47955800000022464
2023-06-19 20:45:00,2737.298513,2736.752172,2736.884831,-0.5463410000002114,-0.4136820000003354,-0.4800115000002734
2023-06-19 21:00:00,2737.300842,2736.752752,2736.885694,-0.5480900000002293,-0.4151480000000447,-0.481619000000137
2023-06-19 21:45:00,2737.299673,2736.755491,2736.884846,-0.5441820000000916,-0.41482700000005934,-0.4795045000000755
2023-06-19 22:00:00,2737.299093,2736.752817,2736.889154,-0.5462760000000344,-0.4099390000001222,-0.4781075000000783
2023-06-19 22:15:00,2737.300842,2736.751761,2736.884848,-0.5490810000001147,-0.4159939999999551,-0.4825375000000349
2023-06-19 22:30:00,2737.297923,2736.752423,2736.890906,-0.5455000000001746,-0.4070169999999962,-0.4762585000000854
2023-06-19 23:00:00,2737.299683,2736.753407,2736.88629,-0.5462760000000344,-0.41339300000026924,-0.4798345000001518
2023-06-19 23:15:00,2737.297933,2736.753407,2736.885438,-0.5445259999996779,-0.41249500000003536,-0.4785104999998566
2023-06-19 23:30:00,2737.297933,2736.752416,2736.888323,-0.545517000000018,-0.40960999999970227,-0.47756349999986014
2023-06-19 23:45:00,2737.297933,2736.755157,2736.88572,-0.5427759999997761,-0.4122129999996105,-0.4774944999996933
2023-06-20 00:00:00,2737.297933,2736.754071,2736.883689,-0.5438619999999901,-0.41424400000005335,-0.4790530000000217
2023-06-20 00:15:00,2737.301432,2736.754829,2736.88979,-0.546603000000232,-0.41164200000002893,-0.47912250000013046
2023-06-20 00:30:00,2737.301432,2736.754166,2736.888042,-0.547266000000036,-0.4133900000001631,-0.48032800000009956
2023-06-20 00:45:00,2737.297933,2736.753408,2736.887145,-0.5445249999997941,-0.41078799999968396,-0.477656499999739
2023-06-20 01:00:00,2737.296184,2736.750668,2736.889177,-0.5455159999996795,-0.40700699999979406,-0.47626149999973677
2023-06-20 01:15:00,2737.297933,2736.755158,2736.885722,-0.5427749999998923,-0.4122109999998429,-0.4774929999998676
2023-06-20 01:30:00,2737.299683,2736.756908,2736.886619,-0.5427750000003471,-0.4130640000003041,-0.47791950000032557
2023-06-20 01:45:00,2737.300842,2736.756318,2736.887451,-0.5445239999999103,-0.4133910000000469,-0.4789574999999786
2023-06-20 02:00:00,2737.299683,2736.752417,2736.890645,-0.547266000000036,-0.40903800000023693,-0.47815200000013647
2023-06-20 02:30:00,2737.299683,2736.756148,2736.887471,-0.5435350000002472,-0.41221200000018143,-0.47787350000021434
2023-06-20 03:15:00,2737.299683,2736.756908,2736.888041,-0.5427750000003471,-0.41164200000002893,-0.477208500000188
2023-06-20 03:30:00,2737.301432,2736.749677,2736.886291,-0.5517550000004121,-0.41514100000040344,-0.4834480000004078
2023-06-20 04:15:00,2737.299683,2736.756148,2736.884868,-0.5435350000002472,-0.41481500000008964,-0.47917500000016844
2023-06-20 05:00:00,2737.297933,2736.755241,2736.884541,-0.5426919999999882,-0.4133919999999307,-0.47804199999995944
2023-06-20 05:15:00,2737.299683,2736.755159,2736.883118,-0.544524000000365,-0.4165649999999914,-0.48054450000017823
2023-06-20 05:30:00,2737.299683,2736.754585,2736.882265,-0.5450980000000527,-0.41741799999999785,-0.4812580000000253
2023-06-20 05:45:00,2737.297933,2736.752752,2736.885721,-0.5451809999999568,-0.4122119999997267,-0.47869649999984176
2023-06-20 06:15:00,2737.298513,2736.747852,2736.885121,-0.5506610000002183,-0.41339200000038545,-0.4820265000003019
2023-06-20 06:30:00,2737.298513,2736.753081,2736.882801,-0.5454320000003463,-0.415711999999985,-0.48057200000016564
2023-06-20 06:45:00,2737.296764,2736.75034,2736.884551,-0.5464240000001155,-0.4122130000000652,-0.47931850000009035
2023-06-20 07:00:00,2737.304931,2736.75227,2736.888323,-0.552661000000171,-0.41660799999999654,-0.4846345000000838
2023-06-20 07:30:00,2737.300263,2736.75209,2736.887153,-0.5481730000001335,-0.41310999999996056,-0.480641500000047
2023-06-20 08:00:00,2737.300263,2736.748693,2736.888903,-0.5515700000000834,-0.4113600000000588,-0.4814650000000711
2023-06-20 08:15:00,2737.299093,2736.750264,2736.888016,-0.5488290000002962,-0.41107700000020486,-0.47995300000025054
2023-06-20 08:30:00,2737.296184,2736.749185,2736.883401,-0.5469989999996869,-0.412782999999763,-0.47989099999972495
2023-06-20 08:45:00,2737.299683,2736.753014,2736.886003,-0.5466690000002927,-0.41368000000011307,-0.4801745000002029
2023-06-20 09:00:00,2737.296184,2736.748524,2736.888605,-0.5476599999997234,-0.40757899999971414,-0.47761949999971876
2023-06-20 09:15:00,2737.299093,2736.749684,2736.884559,-0.5494090000001961,-0.4145340000000033,-0.4819715000000997
2023-06-20 09:30:00,2737.297344,2736.745775,2736.885411,-0.5515690000001996,-0.41193299999986266,-0.4817510000000311
2023-06-20 10:00:00,2737.299093,2736.745113,2736.888014,-0.5539800000001378,-0.41107899999997244,-0.4825295000000551
2023-06-20 10:15:00,2737.302012,2736.754174,2736.886299,-0.5478379999999561,-0.4157130000003235,-0.4817755000001398
2023-06-20 10:30:00,2737.293845,2736.748515,2736.883379,-0.5453299999999217,-0.41046600000026956,-0.47789800000009564
2023-06-20 10:45:00,2737.297344,2736.749506,2736.885982,-0.5478379999999561,-0.4113620000002811,-0.4796000000001186
2023-06-20 11:00:00,2737.293845,2736.751254,2736.885129,-0.5425910000003569,-0.4087160000003678,-0.47565350000036233
2023-06-20 11:30:00,2737.300263,2736.752424,2736.888004,-0.5478390000002946,-0.41225900000017646,-0.48004900000023554
2023-06-20 11:45:00,2737.296764,2736.748844,2736.889754,-0.5479199999999764,-0.4070100000003549,-0.4774650000001657
2023-06-20 12:00:00,2737.296764,2736.748926,2736.885402,-0.5478379999999561,-0.4113620000002811,-0.4796000000001186
2023-06-20 12:15:00,2737.295014,2736.748084,2736.884549,-0.5469299999999748,-0.410464999999931,-0.4786974999999529
2023-06-20 12:45:00,2737.296764,2736.747094,2736.88715,-0.549670000000333,-0.4096140000001469,-0.47964200000023993
2023-06-20 13:00:00,2737.295014,2736.74775,2736.8854,-0.5472639999998137,-0.40961399999969217,-0.4784389999997529
2023-06-20 13:15:00,2737.296184,2736.75166,2736.88657,-0.5445239999999103,-0.40961399999969217,-0.47706899999980124
2023-06-20 13:30:00,2737.294435,2736.74991,2736.88482,-0.5445249999997941,-0.40961499999957596,-0.477069999999685
2023-06-20 15:30:00,2737.300842,2736.753743,2736.89005,-0.5470989999998892,-0.4107920000001286,-0.4789455000000089
2023-06-20 15:45:00,2737.296174,2736.747935,2736.885697,-0.5482390000001942,-0.4104769999999007,-0.47935800000004747
2023-06-20 16:15:00,2737.294425,2736.745343,2736.887115,-0.5490819999999985,-0.40731000000005224,-0.4781960000000254
2023-06-20 16:30:00,2737.296174,2736.748083,2736.889153,-0.5480910000001131,-0.4070209999999861,-0.4775560000000496
2023-06-20 17:00:00,2737.297923,2736.747093,2736.886263,-0.5508300000001327,-0.41166000000021086,-0.4812450000001718
2023-06-20 17:15:00,2737.296764,2736.748755,2736.884539,-0.5480090000000928,-0.4122250000000349,-0.48011700000006385
2023-06-20 17:30:00,2737.299673,2736.748925,2736.888865,-0.5507480000001124,-0.4108080000000882,-0.4807780000001003
2023-06-20 17:45:00,2737.297923,2736.748083,2736.884514,-0.5498400000001311,-0.41340900000022884,-0.48162450000018
2023-06-20 18:15:00,2737.299093,2736.747175,2736.883949,-0.5519180000001143,-0.4151440000000548,-0.48353100000008453
2023-06-20 18:45:00,2737.299093,2736.749253,2736.886552,-0.5498400000001311,-0.4125410000001466,-0.48119050000013885
2023-06-20 19:15:00,2737.299683,2736.750504,2736.888892,-0.5491790000000947,-0.4107910000002448,-0.47998500000016975
2023-06-20 19:30:00,2737.299683,2736.748754,2736.885392,-0.5509289999999964,-0.41429100000004837,-0.4826100000000224
2023-06-20 19:45:00,2737.297933,2736.746774,2736.88279,-0.5511589999996431,-0.41514299999971627,-0.4831509999996797
2023-06-20 20:15:00,2737.297933,2736.748918,2736.885393,-0.549015000000054,-0.41253999999980806,-0.480777499999931
2023-06-20 20:30:00,2737.299683,2736.747927,2736.887143,-0.5517560000002959,-0.4125400000002628,-0.48214800000027935
2023-06-20 20:45:00,2737.300263,2736.752237,2736.88512,-0.5480259999999362,-0.415143000000171,-0.4815845000000536
2023-06-20 21:00:00,2737.298513,2736.747748,2736.885973,-0.5507650000004105,-0.4125400000002628,-0.48165250000033666
2023-06-20 21:15:00,2737.300263,2736.747091,2736.888006,-0.5531719999999041,-0.41225699999995413,-0.4827144999999291
2023-06-20 21:45:00,2737.300263,2736.753412,2736.887153,-0.5468510000000606,-0.41310999999996056,-0.4799805000000106
2023-06-20 22:00:00,2737.299093,2736.746429,2736.885984,-0.5526640000002772,-0.4131090000000768,-0.48288650000017697
2023-06-20 22:15:00,2737.302592,2736.751253,2736.885132,-0.5513390000000982,-0.4174600000001192,-0.4843995000001087
2023-06-20 22:30:00,2737.300842,2736.748513,2736.89119,-0.5523290000000998,-0.40965200000027835,-0.48099050000018906
2023-06-20 23:00:00,2737.300842,2736.748513,2736.888587,-0.5523290000000998,-0.41225500000018656,-0.48229200000014316
2023-06-20 23:15:00,2737.302012,2736.752423,2736.889757,-0.5495890000001964,-0.41225500000018656,-0.4809220000001915
2023-06-20 23:30:00,2737.300263,2736.750339,2736.887154,-0.549923999999919,-0.4131090000000768,-0.4815164999999979
2023-06-22 00:00:00,2737.299093,,,,,
2023-06-22 00:15:00,2737.299093,2736.747321,2736.885461,-0.5517720000002555,-0.41363200000023426,-0.4827020000002449
2023-06-22 00:30:00,2737.301422,2736.750822,2736.887211,-0.5506000000000313,-0.4142109999997956,-0.48240549999991345
2023-06-22 00:45:00,2737.302592,2736.747173,2736.888064,-0.5554189999998016,-0.41452799999979106,-0.48497349999979633
2023-06-22 01:45:00,2737.299093,2736.745423,2736.885451,-0.5536700000002384,-0.41364199999998164,-0.48365600000011
2023-06-22 02:45:00,2737.304341,2736.752653,2736.890667,-0.5516880000000128,-0.41367399999990084,-0.48268099999995684
2023-06-22 03:15:00,2737.302592,2736.748164,2736.886314,-0.5544279999999162,-0.4162780000001476,-0.4853530000000319
2023-06-22 03:45:00,2737.300842,2736.74925,2736.887211,-0.5515920000002552,-0.4136309999998957,-0.48261150000007547
2023-06-22 04:00:00,2737.302012,2736.751083,2736.888381,-0.5509289999999964,-0.4136309999998957,-0.4822799999999461
2023-06-22 04:15:00,2737.300263,2736.749252,2736.889234,-0.5510110000000168,-0.4110289999998713,-0.48101999999994405
2023-06-22 04:30:00,2737.300842,2736.749914,2736.888064,-0.5509280000001127,-0.4127779999998893,-0.481853000000001
2023-06-22 05:00:00,2737.299673,2736.746004,2736.886894,-0.5536689999998998,-0.4127789999997731,-0.48322399999983645
2023-06-22 05:15:00,2737.297923,2736.751485,2736.886041,-0.5464380000003075,-0.41188199999987773,-0.4791600000000926
2023-06-22 06:30:00,2737.299683,2736.748092,2736.886904,-0.5515910000003714,-0.4127790000002278,-0.4821850000002996
2023-06-22 07:00:00,2737.299683,2736.747764,2736.889506,-0.551918999999998,-0.4101770000002034,-0.48104800000010073
2023-06-22 07:15:00,2737.299683,2736.74958,2736.886051,-0.5501030000000355,-0.41363200000023426,-0.4818675000001349
2023-06-22 07:45:00,2737.297933,2736.745023,2736.8843,-0.5529099999998834,-0.4136329999996633,-0.48327149999977337
2023-06-22 08:45:00,2737.297933,2736.746014,2736.886336,-0.551918999999998,-0.4115969999998015,-0.48175799999989977
2023-06-22 09:00:00,2737.300263,2736.74841,2736.887769,-0.5518529999999373,-0.4124940000001516,-0.48217350000004444
2023-06-22 09:45:00,2737.300263,2736.745998,2736.885166,-0.5542650000002141,-0.4150970000000598,-0.4846810000001369
2023-06-22 10:15:00,2737.296764,2736.74666,2736.884314,-0.5501040000003741,-0.41245000000026266,-0.48127700000031837
2023-06-22 10:45:00,2737.299683,2736.749745,2736.888939,-0.5499380000001111,-0.4107440000002498,-0.48034100000018043
2023-06-22 11:00:00,2737.297933,2736.747004,2736.885484,-0.5509289999999964,-0.4124489999999241,-0.4816889999999603
2023-06-22 11:15:00,2737.292685,2736.745254,2736.882549,-0.5474309999999605,-0.41013599999996586,-0.47878349999996317
2023-06-22 11:45:00,2737.297933,2736.747005,2736.889503,-0.5509279999996579,-0.408429999999953,-0.47967899999980546
2023-06-22 12:00:00,2737.296184,2736.744264,2736.8869,-0.5519199999998818,-0.4092839999998432,-0.48060199999986253
2023-06-22 12:15:00,2737.294435,2736.743506,2736.88515,-0.5509289999999964,-0.409284999999727,-0.4801069999998617
2023-06-22 12:45:00,2737.297344,2736.746415,2736.888913,-0.5509289999999964,-0.40843100000029153,-0.479680000000144
2023-06-22 13:00:00,2737.299093,2736.749073,2736.88981,-0.5500200000001314,-0.40928299999995943,-0.4796515000000454
2023-06-22 13:30:00,2737.297923,2736.750063,2736.890663,-0.5478600000001279,-0.4072599999999511,-0.4775600000000395
2023-06-22 13:45:00,2737.299093,2736.748493,2736.892403,-0.5506000000000313,-0.40669000000025335,-0.4786450000001423
2023-06-22 14:00:00,2737.299093,2736.747651,2736.888948,-0.5514419999999518,-0.4101450000002842,-0.480793500000118
2023-06-22 14:30:00,2737.295594,2736.745573,2736.88631,-0.5500210000000152,-0.40928400000029797,-0.4796525000001566
2023-06-22 15:00:00,2737.290926,2736.742652,2736.88339,-0.5482740000002195,-0.40753600000016377,-0.47790500000019165
2023-06-22 15:15:00,2737.295594,2736.743822,2736.88456,-0.5517720000002555,-0.41103400000019974,-0.4814030000002276
2023-06-22 15:45:00,2737.297344,2736.743422,2736.88863,-0.5539220000000569,-0.40871400000014546,-0.48131800000010116
2023-06-22 16:00:00,2737.300263,2736.747332,2736.887198,-0.5529310000001715,-0.41306500000018787,-0.4829980000001797
2023-06-22 16:15:00,2737.295014,2736.746573,2736.885448,-0.5484409999999116,-0.40956599999981336,-0.47900349999986247
2023-06-22 16:45:00,2737.297923,2736.75503,2736.88921,-0.5428930000002765,-0.4087130000002617,-0.4758030000002691
2023-06-22 17:15:00,2737.294425,2736.750473,2736.884005,-0.5439519999999902,-0.4104200000001583,-0.4771860000000743
2023-06-22 17:30:00,2737.297923,2736.744992,2736.884858,-0.5529310000001715,-0.41306500000018787,-0.4829980000001797
2023-06-22 18:00:00,2737.296174,2736.749482,2736.886609,-0.5466919999998936,-0.40956499999992957,-0.4781284999999116
2023-06-22 18:15:00,2737.296764,2736.745582,2736.882846,-0.5511820000001535,-0.4139180000001943,-0.4825500000001739
2023-06-22 19:00:00,2737.295594,2736.745402,2736.880823,-0.5501920000001519,-0.41477100000020073,-0.4824815000001763
2023-06-22 19:15:00,2737.298513,2736.750139,2736.884596,-0.548373999999967,-0.4139170000003105,-0.4811455000001388
2023-06-22 19:30:00,2737.299093,2736.749816,2736.883709,-0.5492770000000746,-0.4153839999999036,-0.4823304999999891
2023-06-22 19:45:00,2737.296764,2736.748656,2736.8872,-0.5481079999999565,-0.4095640000000458,-0.47883600000000115
2023-06-22 20:00:00,2737.296764,2736.745581,2736.88545,-0.5511830000000373,-0.41131399999994755,-0.4812484999999924
2023-06-22 20:15:00,2737.300263,2736.746407,2736.884598,-0.5538559999999961,-0.41566499999998996,-0.48476049999999304
2023-06-22 21:30:00,2737.297344,2736.747977,2736.884282,-0.5493670000000748,-0.41306200000008175,-0.48121450000007826
2023-06-22 21:45:00,2737.299093,2736.750718,2736.888065,-0.5483750000003056,-0.4110279999999875,-0.47970150000014655
2023-06-22 22:00:00,2737.297344,2736.751893,2736.889488,-0.5454509999999573,-0.40785600000026534,-0.4766535000001113
2023-06-22 22:30:00,2737.299093,2736.749153,2736.886314,-0.5499399999998786,-0.4127790000002278,-0.48135950000005323
2023-06-22 22:45:00,2737.299673,2736.750723,2736.888634,-0.548949999999877,-0.41103900000007343,-0.47999449999997523
2023-06-22 23:00:00,2737.301422,2736.752473,2736.885472,-0.5489489999999932,-0.4159500000000662,-0.48244950000002973
2023-06-22 23:30:00,2737.299673,2736.751811,2736.887213,-0.5478619999998955,-0.41246000000001004,-0.48016099999995276
2023-06-22 23:45:00,2737.297923,2736.747984,2736.886033,-0.5499389999999948,-0.41188999999985754,-0.4809144999999262
2023-06-23 00:00:00,2737.299673,2736.749732,2736.888636,-0.5499409999997624,-0.4110369999998511,-0.48048899999980677
2023-06-23 00:15:00,2737.301422,2736.746993,2736.887784,-0.5544289999998,-0.41363799999999173,-0.48403349999989587
2023-06-23 00:45:00,2737.300842,2736.748312,2736.888637,-0.5525299999999334,-0.4122050000000854,-0.4823675000000094
2023-06-23 01:00:00,2737.299093,2736.749815,2736.886887,-0.5492779999999584,-0.4122059999999692,-0.4807419999999638
2023-06-23 01:45:00,2737.302592,2736.754485,2736.890987,-0.5481070000000727,-0.4116049999997813,-0.479855999999927
2023-06-23 02:15:00,2737.300842,2736.748311,2736.886036,-0.5525310000002719,-0.41480600000022605,-0.48366850000024897
2023-06-23 02:30:00,2737.300842,2736.746992,2736.885466,-0.5538500000002387,-0.4153759999999238,-0.48461300000008123
2023-06-23 02:45:00,2737.302592,2736.750903,2736.888956,-0.5516889999998966,-0.41363600000022416,-0.4826625000000604
2023-06-23 03:30:00,2737.302592,2736.749912,2736.889818,-0.552679999999782,-0.4127739999998994,-0.4827269999998407
2023-06-23 03:45:00,2737.300842,2736.749153,2736.888068,-0.5516889999998966,-0.4127739999998994,-0.482231499999898
2023-06-23 04:15:00,2737.302592,2736.748491,2736.888921,-0.5541010000001734,-0.41367099999979473,-0.48388599999998405
2023-06-23 04:30:00,2737.300842,2736.749481,2736.889774,-0.55136100000027,-0.4110679999998865,-0.48121450000007826
2023-06-23 05:45:00,2737.306091,2736.749914,2736.89067,-0.5561769999999342,-0.41542100000015125,-0.4857990000000427
2023-06-23 06:00:00,2737.304341,2736.750904,2736.889818,-0.5534370000000308,-0.4145229999999174,-0.4839799999999741
2023-06-23 06:45:00,2737.300842,2736.745243,2736.886034,-0.5555990000002566,-0.4148079999999936,-0.48520350000012513
2023-06-23 07:15:00,2737.302592,2736.746993,2736.886033,-0.5555989999998019,-0.4165589999997792,-0.48607899999979054
2023-06-23 07:45:00,2737.299093,2736.749154,2736.888918,-0.5499389999999948,-0.4101749999999811,-0.48005699999998797
2023-06-23 08:00:00,2737.299683,2736.747994,2736.886906,-0.5516890000003514,-0.4127770000000055,-0.48223300000017844
2023-06-23 08:15:00,2737.297933,2736.743422,2736.885155,-0.5545109999998203,-0.4127779999998893,-0.4836444999998548
2023-06-23 08:30:00,2737.299683,2736.746162,2736.887758,-0.5535210000002735,-0.4119250000003376,-0.48272300000030555
2023-06-23 08:45:00,2737.299683,2736.745172,2736.886904,-0.5545110000002751,-0.4127790000002278,-0.48364500000025146
2023-06-23 09:15:00,2737.299093,2736.744582,2736.888916,-0.5545110000002751,-0.4101770000002034,-0.48234400000023925
2023-06-23 09:30:00,2737.299673,2736.746332,2736.890666,-0.5533409999998185,-0.4090070000002015,-0.48117400000001
2023-06-23 10:00:00,2737.299093,2736.747984,2736.886312,-0.5511089999999967,-0.4127809999999954,-0.48194499999999607
2023-06-23 10:15:00,2737.300842,2736.747323,2736.883709,-0.5535190000000512,-0.4171329999999216,-0.4853259999999864
2023-06-23 10:30:00,2737.300842,2736.746332,2736.888632,-0.5545099999999366,-0.4122099999999591,-0.48335999999994783
2023-06-23 11:30:00,2737.299673,2736.746994,2736.888062,-0.5526789999998982,-0.4116109999999935,-0.48214499999994587
2023-06-23 12:00:00,2737.299093,2736.750905,2736.893256,-0.5481880000002093,-0.4058370000002469,-0.4770125000002281
2023-06-23 12:15:00,2737.300842,2736.749155,2736.88806,-0.551687000000129,-0.4127819999998792,-0.4822345000000041
2023-06-23 12:30:00,2737.300263,2736.745649,2736.885449,-0.5546140000001287,-0.41481400000020585,-0.4847140000001673
2023-06-23 12:45:00,2737.295594,2736.743063,2736.882529,-0.5525310000002719,-0.41306500000018787,-0.4827980000002299
2023-06-23 13:00:00,2737.293845,2736.742237,2736.880779,-0.5516080000002148,-0.41306600000007165,-0.48233700000014323
2023-06-23 13:15:00,2737.298513,2736.748723,2736.88805,-0.54979000000003,-0.41046300000016345,-0.4801265000000967
2023-06-23 13:30:00,2737.295014,2736.744063,2736.8828,-0.5509509999997135,-0.412213999999949,-0.48158249999983127
2023-06-23 13:45:00,2737.295014,2736.742313,2736.881095,-0.5527009999996153,-0.41391899999962334,-0.4833099999996193
2023-06-23 14:00:00,2737.298513,2736.744823,2736.887153,-0.5536900000001879,-0.4113600000000588,-0.4825250000001233
2023-06-23 14:45:00,2737.291516,2736.738583,2736.883653,-0.5529329999999391,-0.4078629999999066,-0.48039799999992283
2023-06-23 15:00:00,2737.300263,2736.745917,2736.889756,-0.5543459999998959,-0.41050700000005236,-0.4824264999999741
2023-06-23 15:15:00,2737.295594,2736.745737,2736.884233,-0.5498569999999745,-0.4113609999999426,-0.48060899999995854
2023-06-23 15:30:00,2737.295014,2736.740333,2736.881948,-0.5546809999996185,-0.4130659999996169,-0.4838734999996177
2023-06-23 15:45:00,2737.295594,2736.744643,2736.879925,-0.5509510000001683,-0.41566899999997986,-0.48331000000007407
2023-06-23 16:00:00,2737.297344,2736.741903,2736.880778,-0.5554409999999734,-0.4165659999998752,-0.4860034999999243
2023-06-23 16:30:00,2737.296764,2736.741323,2736.88455,-0.5554409999999734,-0.412213999999949,-0.4838274999999612
2023-06-23 16:45:00,2737.297344,2736.740912,2736.885983,-0.5564319999998588,-0.4113609999999426,-0.4838964999999007
2023-06-23 17:15:00,2737.298513,2736.744494,2736.883698,-0.554019000000153,-0.41481500000008964,-0.48441700000012133
2023-06-23 17:30:00,2737.299673,2736.743822,2736.885424,-0.5558510000000751,-0.41424899999992704,-0.4850500000000011
2023-06-23 18:00:00,2737.300263,2736.742662,2736.885117,-0.5576009999999769,-0.4151460000002771,-0.486373500000127
2023-06-23 18:30:00,2737.298513,2736.740249,2736.884264,-0.5582640000002357,-0.4142490000003818,-0.48625650000030873
2023-06-23 18:45:00,2737.298513,2736.739921,2736.886302,-0.5585920000003171,-0.41221100000029764,-0.48540150000030735
2023-06-23 19:00:00,2737.301422,2736.740419,2736.884006,-0.5610029999998005,-0.4174159999997755,-0.489209499999788
2023-06-23 19:30:00,2737.300263,2736.742082,2736.886303,-0.5581809999998768,-0.4139599999998609,-0.48607049999986884
2023-06-23 20:00:00,2737.302012,2736.738351,2736.888908,-0.5636610000001383,-0.4131040000002031,-0.4883825000001707
2023-06-23 20:30:00,2737.299093,2736.73718,2736.885136,-0.5619130000000041,-0.4139570000002095,-0.4879350000001068
2023-06-23 20:45:00,2737.302592,2736.740901,2736.886852,-0.5616909999998825,-0.4157399999999143,-0.4887154999998984
2023-06-23 21:00:00,2737.300842,2736.742651,2736.885999,-0.5581910000000789,-0.41484300000001895,-0.48651700000004894
2023-06-23 21:15:00,2737.300842,2736.741743,2736.885138,-0.5590990000000602,-0.4157040000000052,-0.4874015000000327
2023-06-23 21:30:00,2737.302592,2736.743493,2736.886888,-0.5590990000000602,-0.4157040000000052,-0.4874015000000327
2023-06-23 21:45:00,2737.301432,2736.744083,2736.888331,-0.5573490000001584,-0.413101000000097,-0.4852250000001277
2023-06-23 22:00:00,2737.297933,2736.742333,2736.886012,-0.5555999999996857,-0.41192099999989296,-0.4837604999997893
2023-06-23 22:15:00,2737.301432,2736.744411,2736.888615,-0.557021000000077,-0.41281700000035926,-0.48491900000021815
2023-06-23 22:30:00,2737.303182,2736.743421,2736.887762,-0.5597609999999804,-0.41542000000026746,-0.48759050000012394
2023-06-23 22:45:00,2737.301432,2736.74167,2736.886013,-0.559762000000319,-0.4154190000003837,-0.4875905000003513
2023-06-23 23:15:00,2737.298513,2736.739592,2736.887446,-0.5589210000002822,-0.41106700000000274,-0.4849940000001425
2023-06-23 23:30:00,2737.302012,2736.741342,2736.889196,-0.5606700000003002,-0.4128160000000207,-0.48674300000016046
2023-06-24 00:15:00,2737.302012,2736.738519,2736.888344,-0.5634930000001077,-0.41366800000014337,-0.48858050000012554
2023-06-24 00:30:00,2737.304931,2736.74342,2736.889514,-0.5615110000003369,-0.41541700000016135,-0.48846400000024914
2023-06-24 00:45:00,2737.303182,2736.74243,2736.887764,-0.5607520000003205,-0.41541800000004514,-0.48808500000018284
2023-06-24 01:00:00,2737.302592,2736.739761,2736.886892,-0.5628310000001875,-0.4157000000000153,-0.4892655000001014
2023-06-24 01:15:00,2737.304341,2736.74166,2736.885152,-0.5626809999998841,-0.41918900000018766,-0.49093500000003587
2023-06-24 01:30:00,2737.302592,2736.73892,2736.883401,-0.5636720000002242,-0.41919099999995524,-0.4914315000000897
2023-06-24 02:15:00,2737.302592,2736.742502,2736.887744,-0.5600899999999456,-0.41484799999989264,-0.4874689999999191
2023-06-24 02:30:00,2737.304341,2736.743261,2736.891244,-0.5610799999999472,-0.4130970000001071,-0.4870885000000271
2023-06-24 02:45:00,2737.306091,2736.742421,2736.888641,-0.5636700000000019,-0.41744999999991705,-0.4905599999999595
2023-06-24 03:15:00,2737.304341,2736.742503,2736.889494,-0.5618380000000798,-0.41484700000000885,-0.4883425000000443
2023-06-24 03:30:00,2737.306091,2736.739763,2736.887753,-0.5663279999998849,-0.4183379999999488,-0.49233299999991686
2023-06-24 03:45:00,2737.30784,2736.741513,2736.889503,-0.5663270000000011,-0.418337000000065,-0.4923320000000331
2023-06-24 04:00:00,2737.304931,2736.743422,2736.886023,-0.5615090000001146,-0.4189080000001013,-0.49020850000010796
2023-06-24 04:15:00,2737.30784,2736.746332,2736.893276,-0.5615079999997761,-0.4145640000001549,-0.4880359999999655
2023-06-24 04:30:00,2737.30784,2736.741841,2736.891526,-0.5659989999999198,-0.4163140000000567,-0.4911564999999882
2023-06-24 05:15:00,2737.304931,2736.739692,2736.890934,-0.5652390000000196,-0.41399700000010853,-0.48961800000006406
2023-06-24 05:30:00,2737.304931,2736.741345,2736.889184,-0.563586000000214,-0.4157470000000103,-0.48966650000011214
2023-06-24 05:45:00,2737.304341,2736.742505,2736.890344,-0.5618359999998574,-0.41399700000010853,-0.487916499999983
2023-06-24 06:00:00,2737.306091,2736.741515,2736.889492,-0.5645759999997608,-0.41659900000013295,-0.4905874999999469
2023-06-24 06:15:00,2737.306091,2736.739102,2736.887181,-0.5669889999999214,-0.4189099999998689,-0.4929494999998951
2023-06-24 06:30:00,2737.30668,2736.742433,2736.886909,-0.5642470000002504,-0.41977100000030987,-0.49200900000028014
2023-06-24 06:45:00,2737.30843,2736.744265,2736.890363,-0.5641650000002301,-0.4180670000000646,-0.4911160000001473
2023-06-24 07:00:00,2737.304931,2736.742515,2736.890362,-0.5624160000002121,-0.4145690000000286,-0.48849250000012034
2023-06-24 07:15:00,2737.30901,2736.743095,2736.888339,-0.5659150000001318,-0.4206709999998566,-0.4932929999999942
2023-06-24 07:30:00,2737.303761,2736.741674,2736.884274,-0.5620870000002469,-0.4194870000001174,-0.49078700000018216
2023-06-24 07:45:00,2737.304341,2736.741926,2736.888308,-0.5624149999998735,-0.41603299999997034,-0.48922399999992194
2023-06-24 08:00:00,2737.302592,2736.737764,2736.886558,-0.5648280000000341,-0.41603399999985413,-0.4904309999999441
2023-06-24 08:15:00,2737.304341,2736.739514,2736.887456,-0.5648270000001503,-0.416885000000093,-0.49085600000012164
2023-06-24 08:30:00,2737.304341,2736.738524,2736.890911,-0.5658170000001519,-0.41343000000006214,-0.489623500000107
2023-06-24 08:45:00,2737.304341,2736.736774,2736.888307,-0.5675670000000537,-0.41603399999985413,-0.4918004999999539
2023-06-24 09:00:00,2737.300842,2736.737764,2736.885704,-0.5630780000001323,-0.4151380000002973,-0.4891080000002148
2023-06-24 09:15:00,2737.300842,2736.737765,2736.886557,-0.5630770000002485,-0.4142850000002909,-0.4886810000002697
2023-06-24 09:45:00,2737.299093,2736.738428,2736.883953,-0.5606649999999718,-0.4151400000000649,-0.48790250000001834
2023-06-24 10:00:00,2737.299093,2736.737766,2736.886555,-0.561326999999892,-0.4125380000000405,-0.48693249999996624
2023-06-24 10:15:00,2737.300842,2736.741332,2736.887453,-0.5595100000000457,-0.41338900000027934,-0.4864495000001625
2023-06-24 10:30:00,2737.299683,2736.738422,2736.887997,-0.561261000000286,-0.4116860000003726,-0.4864735000003293
2023-06-24 11:00:00,2737.297933,2736.735682,2736.882791,-0.5622509999998329,-0.4151419999998325,-0.48869649999983267
2023-06-24 11:15:00,2737.296184,2736.733931,2736.881937,-0.5622529999996004,-0.4142469999997047,-0.4882499999996526
2023-06-24 12:00:00,2737.296184,2736.732115,2736.88279,-0.5640690000000177,-0.4133939999996983,-0.488731499999858
2023-06-24 12:15:00,2737.296184,2736.736016,2736.885392,-0.560167999999976,-0.41079199999967386,-0.48547999999982494
2023-06-24 12:30:00,2737.292685,2736.732182,2736.881039,-0.5605029999996987,-0.41164600000001883,-0.48607449999985874
2023-06-24 13:00:00,2737.297344,2736.735025,2736.886551,-0.5623190000001159,-0.4107930000000124,-0.48655600000006416
2023-06-24 13:15:00,2737.294435,2736.733865,2736.884538,-0.5605699999996432,-0.40989700000000084,-0.485233499999822
2023-06-24 13:30:00,2737.294435,2736.734854,2736.881935,-0.5595809999999801,-0.41249999999990905,-0.4860404999999446
2023-06-24 14:00:00,2737.297344,2736.740571,2736.887448,-0.5567730000002484,-0.40989600000011706,-0.48333450000018274
2023-06-24 14:15:00,2737.295594,2736.737831,2736.889154,-0.55776300000025,-0.4064400000002024,-0.4821015000002262
2023-06-24 14:30:00,2737.296184,2736.73393,2736.883641,-0.562253999999939,-0.4125429999999142,-0.48739849999992657
2023-06-24 15:00:00,2737.294435,2736.735681,2736.887994,-0.5587539999996807,-0.40644099999963146,-0.48259749999965607
2023-06-24 15:15:00,2737.293265,2736.738241,2736.882471,-0.5550239999997757,-0.4107939999998962,-0.48290899999983594
2023-06-24 15:30:00,2737.296184,2736.738421,2736.885389,-0.5577629999997953,-0.41079499999978,-0.48427899999978763
2023-06-24 15:45:00,2737.299683,2736.74017,2736.887139,-0.5595130000001518,-0.4125440000002527,-0.48602850000020226
2023-06-24 16:00:00,2737.297344,2736.740242,2736.88655,-0.5571020000002136,-0.4107939999998962,-0.4839480000000549
2023-06-24 16:45:00,2737.294435,2736.737593,2736.884537,-0.5568419999999605,-0.40989799999988463,-0.4833699999999226
2023-06-24 17:45:00,2737.296184,2736.742812,2736.883352,-0.5533719999998539,-0.4128319999999803,-0.4831019999999171
2023-06-24 18:45:00,2737.299683,2736.736669,2736.885391,-0.5630140000002939,-0.4142920000003869,-0.4886530000003404
2023-06-24 19:00:00,2737.299683,2736.738419,2736.889743,-0.5612640000003921,-0.40994000000000597,-0.48560200000019904
2023-06-24 19:30:00,2737.295014,2736.732759,2736.886825,-0.5622549999998228,-0.40818899999976566,-0.4852219999997942
2023-06-24 19:45:00,2737.296764,2736.737249,2736.888575,-0.5595150000003741,-0.4081890000002204,-0.48385200000029727
2023-06-24 20:15:00,2737.296764,2736.734842,2736.886254,-0.5619220000003224,-0.41051000000015847,-0.48621600000024046
2023-06-24 21:00:00,2737.298513,2736.7371,2736.888004,-0.561413000000357,-0.4105090000002747,-0.48596100000031583
2023-06-24 21:30:00,2737.298513,2736.736264,2736.886834,-0.5622490000000653,-0.4116790000002766,-0.4869640000001709
2023-06-24 21:45:00,2737.298513,2736.739004,2736.885983,-0.5595090000001619,-0.4125300000000607,-0.4860195000001113
2023-06-24 22:00:00,2737.298513,2736.734514,2736.887689,-0.563998999999967,-0.4108240000000478,-0.48741150000000744
2023-06-24 22:15:00,2737.300263,2736.736264,2736.888586,-0.563998999999967,-0.41167700000005425,-0.48783800000001065
2023-06-24 23:15:00,2737.300263,2736.736592,2736.886836,-0.5636709999998857,-0.413426999999956,-0.48854899999992085
2023-06-25 00:15:00,2737.296764,2736.737254,2736.885086,-0.5595100000000457,-0.4116780000003928,-0.48559400000021924
2023-06-25 00:45:00,2737.299683,2736.737434,2736.888007,-0.5622490000000653,-0.41167600000017046,-0.48696250000011787
2023-06-25 01:30:00,2737.304931,2736.740174,2736.89061,-0.5647570000000997,-0.4143210000002,-0.4895390000001498
2023-06-25 02:00:00,2737.301432,2736.73535,2736.888007,-0.5660820000002786,-0.41342500000018845,-0.48975350000023354
2023-06-25 02:15:00,2737.303182,2736.73809,2736.88886,-0.565092000000277,-0.4143220000000838,-0.4897070000001804
2023-06-25 03:30:00,2737.304931,2736.739184,2736.887724,-0.5657470000001013,-0.41720699999996214,-0.4914770000000317
2023-06-25 03:45:00,2737.303182,2736.735684,2736.885404,-0.5674979999998868,-0.41777799999999843,-0.4926379999999426
2023-06-25 04:00:00,2737.30668,2736.736443,2736.889757,-0.5702370000003611,-0.4169230000002244,-0.4935800000002928
2023-06-25 05:45:00,2737.303761,2736.738096,2736.888868,-0.5656650000000809,-0.4148930000001201,-0.4902790000001005
2023-06-25 06:00:00,2737.305511,2736.739846,2736.888585,-0.5656650000000809,-0.4169259999998758,-0.49129549999997835
2023-06-25 06:15:00,2737.303761,2736.738096,2736.886265,-0.5656650000000809,-0.4174960000000283,-0.4915805000000546
2023-06-25 06:30:00,2737.300852,2736.734198,2736.885958,-0.566653999999744,-0.41489400000000387,-0.4907739999998739
2023-06-25 06:45:00,2737.304351,2736.735946,2736.887708,-0.568405000000439,-0.41664300000002186,-0.49252400000023044
2023-06-25 08:15:00,2737.303182,2736.732367,2736.88566,-0.5708150000000387,-0.41752200000019,-0.49416850000011436
2023-06-25 08:30:00,2737.300852,2736.733537,2736.886829,-0.5673149999997804,-0.4140229999998155,-0.49066899999979796
2023-06-25 09:15:00,2737.301432,2736.734117,2736.888261,-0.5673150000002352,-0.4131710000001476,-0.4902430000001914
2023-06-25 10:00:00,2737.299683,2736.732367,2736.883343,-0.567316000000119,-0.4163400000002184,-0.4918280000001687
2023-06-25 10:15:00,2737.298513,2736.728457,2736.883026,-0.5700560000000223,-0.415487000000212,-0.49277150000011716
2023-06-25 10:30:00,2737.297933,2736.729955,2736.886798,-0.5679780000000392,-0.41113499999983105,-0.4895564999999351
2023-06-25 10:45:00,2737.300263,2736.726707,2736.883591,-0.5735560000002806,-0.4166720000002897,-0.49511400000028516
2023-06-25 11:45:00,2737.299683,2736.732366,2736.888547,-0.5673170000000027,-0.4111360000001696,-0.48922650000008616
2023-06-25 12:00:00,2737.297354,2736.733536,2736.886827,-0.5638179999996282,-0.41052700000000186,-0.48717249999981505
2023-06-25 12:15:00,2737.294435,2736.730616,2736.883342,-0.5638189999999668,-0.4110929999997097,-0.48745599999983824
2023-06-25 12:30:00,2737.294435,2736.728866,2736.881592,-0.5655689999998685,-0.4128429999996115,-0.48920599999974
2023-06-25 12:45:00,2737.292685,2736.727117,2736.882157,-0.5655679999999847,-0.41052799999988565,-0.4880479999999352
2023-06-25 13:00:00,2737.296184,2736.727875,2736.883907,-0.5683089999997719,-0.41227699999990364,-0.4902929999998378
2023-06-25 13:30:00,2737.295604,2736.733438,2736.887678,-0.5621659999997064,-0.40792599999986123,-0.4850459999997838
2023-06-25 13:45:00,2737.292105,2736.729856,2736.885056,-0.5622490000000653,-0.4070489999999154,-0.48464899999999034
2023-06-25 14:00:00,2737.296764,2736.731016,2736.885363,-0.565747999999985,-0.41140100000029634,-0.4885745000001407
2023-06-25 14:15:00,2737.295604,2736.729857,2736.885626,-0.5657470000001013,-0.4099780000001374,-0.4878625000001193
2023-06-25 14:30:00,2737.296764,2736.733757,2736.882478,-0.5630070000001979,-0.4142860000001747,-0.4886465000001863
2023-06-25 14:45:00,2737.297354,2736.731607,2736.884773,-0.5657469999996465,-0.41258099999959086,-0.4891639999996187
2023-06-25 15:00:00,2737.296764,2736.728933,2736.882478,-0.5678310000002966,-0.4142860000001747,-0.49105850000023565
2023-06-25 15:30:00,2737.296764,2736.733423,2736.887659,-0.5633410000000367,-0.40910500000018146,-0.4862230000001091
2023-06-25 15:45:00,2737.296764,2736.731591,2736.886504,-0.5651729999999588,-0.41026000000010754,-0.4877165000000332
2023-06-25 16:00:00,2737.293845,2736.72535,2736.882151,-0.5684949999999844,-0.4116940000003524,-0.4900945000001684
2023-06-25 16:30:00,2737.295594,2736.732581,2736.885934,-0.5630129999999554,-0.40966000000025815,-0.48633650000010675
2023-06-25 16:45:00,2737.298513,2736.732761,2736.886821,-0.5657519999999749,-0.41169200000013007,-0.4887220000000525
2023-06-25 17:00:00,2737.296764,2736.731011,2736.885071,-0.5657530000003135,-0.41169300000001385,-0.48872300000016367
2023-06-25 17:15:00,2737.298513,2736.73923,2736.884219,-0.5592830000000504,-0.4142940000001545,-0.48678850000010243
2023-06-25 17:30:00,2737.295014,2736.731935,2736.885072,-0.5630790000000161,-0.40994199999977354,-0.4865104999998948
2023-06-25 18:00:00,2737.296184,2736.733765,2736.886242,-0.5624189999998634,-0.40994199999977354,-0.4861804999998185
2023-06-25 18:15:00,2737.299683,2736.736341,2736.887992,-0.5633420000003753,-0.4116910000002463,-0.48751650000031077
2023-06-25 18:30:00,2737.296184,2736.734755,2736.887094,-0.5614289999998618,-0.4090899999996509,-0.48525949999975637
2023-06-25 19:30:00,2737.297933,2736.735843,2736.888845,-0.5620899999998983,-0.4090879999998833,-0.4855889999998908
2023-06-25 20:00:00,2737.296764,2736.733749,2736.884219,-0.5630150000001777,-0.4125450000001365,-0.4877800000001571
2023-06-25 20:45:00,2737.299683,2736.736489,2736.886822,-0.5631940000002942,-0.41286100000024817,-0.4880275000002712
2023-06-25 21:00:00,2737.296764,2736.736823,2736.885074,-0.5599409999999807,-0.4116900000003625,-0.4858155000001716
2023-06-25 21:15:00,2737.296764,2736.736495,2736.885936,-0.5602690000000621,-0.4108280000000377,-0.4855485000000499
2023-06-25 21:45:00,2737.298513,2736.738901,2736.885083,-0.5596120000000155,-0.41343000000006214,-0.48652100000003884
2023-06-25 22:30:00,2737.297354,2736.738917,2736.888252,-0.5584369999996852,-0.4091019999996206,-0.4837694999996529
2023-06-25 22:45:00,2737.299103,2736.741657,2736.886526,-0.5574459999997998,-0.4125770000000557,-0.48501149999992776
2023-06-25 23:15:00,2737.296764,2736.737336,2736.883335,-0.5594280000000253,-0.41342900000017835,-0.48642850000010185
2023-06-25 23:30:00,2737.298513,2736.740076,2736.882482,-0.55843700000014,-0.41603100000020277,-0.48723400000017136
2023-06-25 23:45:00,2737.299103,2736.738254,2736.888253,-0.560848999999962,-0.4108499999997548,-0.4858494999998584
2023-06-26 00:00:00,2737.299103,2736.739244,2736.884778,-0.5598589999999604,-0.41432499999973516,-0.48709199999984776
2023-06-26 00:15:00,2737.299103,2736.741657,2736.887381,-0.5574459999997998,-0.41172199999982695,-0.4845839999998134
2023-06-26 00:30:00,2737.299103,2736.743473,2736.886528,-0.5556299999998373,-0.4125749999998334,-0.48410249999983535
2023-06-26 00:45:00,2737.300263,2736.744633,2736.885084,-0.5556300000002921,-0.4151790000000801,-0.4854045000001861
2023-06-26 02:30:00,2737.302012,2736.741826,2736.887687,-0.560186000000158,-0.4143250000001899,-0.4872555000001739
2023-06-26 03:45:00,2737.299683,2736.743652,2736.887107,-0.5560310000000754,-0.4125760000001719,-0.4843035000001237
2023-06-26 04:00:00,2737.298513,2736.740649,2736.883906,-0.5578640000003361,-0.41460700000016004,-0.48623550000024807
2023-06-26 04:15:00,2737.299683,2736.739079,2736.89028,-0.5606040000002395,-0.4094030000001112,-0.48500350000017534
2023-06-26 05:00:00,2737.297933,2736.740071,2736.885076,-0.557861999999659,-0.4128569999998035,-0.48535949999973127
2023-06-26 05:30:00,2737.299683,2736.741819,2736.887106,-0.5578640000003361,-0.4125770000000557,-0.4852205000001959
2023-06-26 05:45:00,2737.300263,2736.742817,2736.887686,-0.5574460000002546,-0.4125770000000557,-0.48501150000015514
2023-06-26 06:00:00,2737.300263,2736.740077,2736.889412,-0.560186000000158,-0.41085100000009334,-0.48551850000012564
2023-06-26 06:30:00,2737.299103,2736.741657,2736.886526,-0.5574459999997998,-0.4125770000000557,-0.48501149999992776
2023-06-26 06:45:00,2737.303761,2736.741827,2736.890289,-0.5619340000002921,-0.41347200000018347,-0.4877030000002378
2023-06-26 07:00:00,2737.300263,2736.741067,2736.888539,-0.5591960000001563,-0.4117240000000493,-0.4854600000001028
2023-06-26 07:45:00,2737.298513,2736.737336,2736.888539,-0.5611770000000433,-0.4099740000001475,-0.4855755000000954
2023-06-26 08:00:00,2737.299103,2736.737926,2736.886526,-0.5611770000000433,-0.4125770000000557,-0.4868770000000495
2023-06-26 08:15:00,2737.300852,2736.740667,2736.890854,-0.5601849999998194,-0.40999799999963216,-0.4850914999997258
2023-06-26 08:30:00,2737.299103,2736.738254,2736.888558,-0.560848999999962,-0.41054499999972904,-0.4856969999998455
2023-06-26 09:45:00,2737.300263,2736.735504,2736.885934,-0.5647589999998672,-0.4143290000001798,-0.4895440000000235
2023-06-26 10:15:00,2737.295604,2736.733251,2736.884774,-0.5623529999998027,-0.4108299999998053,-0.486591499999804
2023-06-26 10:30:00,2737.295014,2736.734411,2736.884184,-0.5606029999999009,-0.4108299999998053,-0.4857164999998531
2023-06-26 11:00:00,2737.299683,2736.733934,2736.89113,-0.5657490000003236,-0.4085530000002109,-0.48715100000026723
2023-06-26 11:15:00,2737.295014,2736.73459,2736.887957,-0.5604239999997844,-0.4070569999998952,-0.4837404999998398
2023-06-26 11:30:00,2737.296184,2736.73284,2736.885924,-0.5633439999996881,-0.4102599999996528,-0.48680199999967044
2023-06-26 11:45:00,2737.297933,2736.735581,2736.887957,-0.5623519999999189,-0.4099759999999151,-0.486163999999917
2023-06-26 12:00:00,2737.292095,2736.732661,2736.885607,-0.5594339999997828,-0.4064879999996265,-0.48296099999970465
2023-06-26 12:15:00,2737.298513,2736.738321,2736.892025,-0.5601920000003702,-0.40648800000008123,-0.4833400000002257
2023-06-26 13:00:00,2737.297933,2736.743042,2736.88763,-0.5548909999997704,-0.4103029999996579,-0.48259699999971417
2023-06-26 13:15:00,2737.299683,2736.741143,2736.885343,-0.5585399999999936,-0.4143400000002657,-0.48644000000012966
2023-06-26 13:30:00,2737.299683,2736.743222,2736.887093,-0.5564610000001267,-0.41259000000036394,-0.4845255000002453
2023-06-26 13:45:00,2737.297933,2736.73789,2736.891113,-0.5600429999999506,-0.40681999999969776,-0.48343149999982415
2023-06-26 14:00:00,2737.297344,2736.741395,2736.888818,-0.5559490000000551,-0.40852600000016537,-0.48223750000011023
2023-06-26 14:30:00,2737.293845,2736.736145,2736.885318,-0.5577000000002954,-0.40852700000004916,-0.4831135000001723
2023-06-26 14:45:00,2737.296184,2736.736735,2736.885055,-0.5594489999998586,-0.4111289999996188,-0.48528899999973873
2023-06-26 15:00:00,2737.293265,2736.734493,2736.886205,-0.5587719999998626,-0.4070600000000013,-0.48291599999993196
2023-06-26 15:15:00,2737.295594,2736.734313,2736.885037,-0.5612810000002355,-0.4105570000001535,-0.4859190000001945
2023-06-26 15:45:00,2737.296764,2736.732743,2736.883604,-0.5640210000001389,-0.4131600000000617,-0.4885905000001003
2023-06-26 16:00:00,2737.295014,2736.731752,2736.880431,-0.5632619999996678,-0.4145829999997659,-0.4889224999997168
2023-06-26 16:15:00,2737.295014,2736.732414,2736.888809,-0.5625999999997475,-0.40620499999977255,-0.48440249999976004
2023-06-26 16:45:00,2737.296764,2736.733323,2736.882751,-0.563441000000239,-0.41401300000006813,-0.48872700000015357
2023-06-26 17:15:00,2737.293265,2736.729823,2736.881855,-0.563441999999668,-0.4114099999997052,-0.4874259999996866
2023-06-26 17:30:00,2737.296764,2736.730582,2736.884458,-0.5661820000000262,-0.4123060000001715,-0.4892440000000988
2023-06-26 19:00:00,2737.297344,2736.734744,2736.881584,-0.5626000000002023,-0.4157599999998638,-0.48918000000003303
2023-06-26 19:15:00,2737.297344,2736.735072,2736.884469,-0.5622720000001209,-0.41287499999998545,-0.4875735000000532
2023-06-26 19:30:00,2737.298513,2736.741723,2736.887107,-0.5567900000000918,-0.41140600000017,-0.4840980000001309
2023-06-26 19:45:00,2737.295014,2736.737233,2736.885357,-0.5577809999999772,-0.4096569999996973,-0.48371899999983725
2023-06-26 20:00:00,2737.296764,2736.735154,2736.883607,-0.5616100000002007,-0.4131569999999556,-0.48738350000007813
2023-06-26 20:15:00,2737.299093,2736.738654,2736.890245,-0.5604389999998602,-0.4088480000000345,-0.4846434999999474
2023-06-26 20:30:00,2737.297933,2736.736242,2736.885348,-0.5616909999998825,-0.4125850000000355,-0.487137999999959
2023-06-26 20:45:00,2737.296764,2736.737232,2736.889384,-0.5595320000002175,-0.4073800000001029,-0.4834560000001602
2023-06-26 21:15:00,2737.297344,2736.737566,2736.88244,-0.5597780000002786,-0.414904000000206,-0.4873410000002423
2023-06-26 21:30:00,2737.299683,2736.739638,2736.888518,-0.5600450000001729,-0.4111649999999827,-0.4856050000000778
2023-06-26 21:45:00,2737.303182,2736.74106,2736.888519,-0.5621220000002722,-0.41466300000001866,-0.48839250000014545
2023-06-26 22:00:00,2737.296764,2736.73913,2736.884181,-0.5576340000002347,-0.41258300000026793,-0.4851085000002513
2023-06-26 22:15:00,2737.296184,2736.74205,2736.887101,-0.5541339999999764,-0.40908300000000963,-0.481608499999993
2023-06-26 22:30:00,2737.299683,2736.742378,2736.888521,-0.5573050000002695,-0.4111620000003313,-0.4842335000003004
2023-06-26 22:45:00,2737.296764,2736.741208,2736.886786,-0.5555560000002515,-0.4099780000001374,-0.48276700000019446
2023-06-26 23:00:00,2737.299683,2736.74479,2736.89027,-0.5548929999999928,-0.40941300000031333,-0.48215300000015304
2023-06-26 23:15:00,2737.297933,2736.742049,2736.887669,-0.5558839999998781,-0.4102639999996427,-0.4830739999997604
2023-06-26 23:30:00,2737.297933,2736.741223,2736.889375,-0.5567099999998391,-0.40855799999962983,-0.48263399999973444
2023-06-26 23:45:00,2737.302592,2736.743143,2736.888829,-0.5594489999998586,-0.4137630000000172,-0.4866059999999379
2023-06-27 00:30:00,2737.297344,2736.744133,2736.887651,-0.5532109999999193,-0.40969300000006115,-0.4814519999999902
2023-06-27 00:45:00,2737.300263,2736.743225,2736.887968,-0.5570379999999204,-0.41229500000008557,-0.484666500000003
2023-06-27 01:00:00,2737.300263,2736.740484,2736.887968,-0.5597790000001623,-0.41229500000008557,-0.48603700000012395
2023-06-27 01:30:00,2737.300263,2736.742383,2736.886219,-0.5578800000002957,-0.41404400000010355,-0.4859620000001996
2023-06-27 02:00:00,2737.299683,2736.740812,2736.887959,-0.5588710000001811,-0.4117240000000493,-0.4852975000001152
2023-06-27 02:15:00,2737.299683,2736.742377,2736.889709,-0.5573060000001533,-0.4099740000001475,-0.4836400000001504
2023-06-27 02:30:00,2737.300842,2736.743537,2736.889972,-0.5573050000002695,-0.41087000000015905,-0.4840875000002143
2023-06-27 02:45:00,2737.299683,2736.744209,2736.886219,-0.5554740000002312,-0.41346400000020367,-0.4844690000002174
2023-06-27 03:00:00,2737.296184,2736.73972,2736.885356,-0.556463999999778,-0.4108280000000377,-0.48364599999990787
2023-06-27 03:15:00,2737.299683,2736.741802,2736.883616,-0.5578810000001795,-0.4160670000001119,-0.4869740000001457
2023-06-27 03:30:00,2737.299683,2736.743552,2736.885366,-0.5561310000002777,-0.4143170000002101,-0.4852240000002439
2023-06-27 03:45:00,2737.301432,2736.741469,2736.884469,-0.5599630000001525,-0.41696300000012343,-0.488463000000138
2023-06-27 04:00:00,2737.301432,2736.743219,2736.886784,-0.5582130000002508,-0.4146480000003976,-0.4864305000003242
2023-06-27 04:15:00,2737.297933,2736.739637,2736.883615,-0.5582959999997001,-0.41431799999963914,-0.48630699999966964
2023-06-27 04:45:00,2737.297933,2736.734156,2736.886208,-0.5637769999998454,-0.41172499999993306,-0.48775099999988925
2023-06-27 05:00:00,2737.297933,2736.742378,2736.888523,-0.555554999999913,-0.40940999999975247,-0.4824824999998327
2023-06-27 05:15:00,2737.297933,2736.739719,2736.887061,-0.5582139999996798,-0.41087199999992663,-0.4845429999998032
2023-06-27 05:30:00,2737.296184,2736.739063,2736.886208,-0.5571209999998246,-0.4099759999999151,-0.4835484999998698
2023-06-27 06:00:00,2737.299683,2736.743553,2736.887105,-0.5561300000003939,-0.41257800000039424,-0.4843540000003941
2023-06-27 06:30:00,2737.298513,2736.745123,2736.886786,-0.5533900000000358,-0.4117270000001554,-0.4825585000000956
2023-06-27 07:15:00,2737.302012,2736.743144,2736.890568,-0.558868000000075,-0.41144400000030146,-0.4851560000001882
2023-06-27 07:45:00,2737.298513,2736.741476,2736.883613,-0.5570370000000366,-0.4149000000002161,-0.48596850000012637
2023-06-27 08:00:00,2737.299093,2736.741394,2736.886796,-0.5576989999999569,-0.4122970000003079,-0.4849980000001324
2023-06-27 08:15:00,2737.297344,2736.740306,2736.887647,-0.5570379999999204,-0.40969700000005105,-0.48336749999998574
2023-06-27 08:30:00,2737.298513,2736.742466,2736.886214,-0.556047000000035,-0.41229900000007547,-0.48417300000005525
2023-06-27 08:45:00,2737.300263,2736.743226,2736.888817,-0.5570370000000366,-0.41144600000006903,-0.48424150000005284
2023-06-27 09:15:00,2737.300263,2736.744135,2736.891137,-0.5561280000001716,-0.40912600000001476,-0.4826270000000932
2023-06-27 09:30:00,2737.297933,2736.743554,2736.890557,-0.5543789999996989,-0.40737599999965823,-0.48087749999967855
2023-06-27 09:45:00,2737.297933,2736.739064,2736.888806,-0.5588689999999588,-0.40912699999989854,-0.48399799999992865
2023-06-27 10:00:00,2737.296184,2736.737233,2736.887952,-0.5589509999999791,-0.4082319999997708,-0.48359149999987494
2023-06-27 10:15:00,2737.297933,2736.740814,2736.890555,-0.557119000000057,-0.40737799999988056,-0.48224849999996877
2023-06-27 10:30:00,2737.296184,2736.739638,2736.886212,-0.5565459999997984,-0.4099719999999252,-0.48325899999986177
2023-06-27 10:45:00,2737.295014,2736.736899,2736.88535,-0.5581149999998161,-0.4096639999997933,-0.4838894999998047
2023-06-27 11:00:00,2737.294435,2736.73515,2736.886201,-0.559284999999818,-0.4082339999999931,-0.48375949999990553
2023-06-27 11:15:00,2737.297344,2736.73806,2736.885655,-0.5592839999999342,-0.41168900000002395,-0.48548649999997906
2023-06-27 11:30:00,2737.294435,2736.73241,2736.883598,-0.5620249999997213,-0.4108369999999013,-0.4864309999998113
2023-06-27 12:00:00,2737.295594,2736.735484,2736.887039,-0.5601100000003498,-0.40855499999997846,-0.48433250000016415
2023-06-27 12:30:00,2737.297344,2736.7373,2736.890527,-0.5600440000002891,-0.4068170000000464,-0.48343050000016774
2023-06-27 12:45:00,2737.295594,2736.73456,2736.886184,-0.5610340000002907,-0.4094100000002072,-0.48522200000024895
2023-06-27 13:00:00,2737.292685,2736.73439,2736.88847,-0.5582949999998164,-0.404215000000022,-0.48125499999991916
2023-06-27 13:15:00,2737.296174,2736.737234,2736.89313,-0.5589399999998932,-0.4030440000001363,-0.48099200000001474
2023-06-27 13:30:00,2737.294425,2736.736474,2736.88964,-0.5579510000002301,-0.4047850000001745,-0.4813680000002023
2023-06-27 14:00:00,2737.296764,2736.736802,2736.882752,-0.5599620000002687,-0.41401200000018434,-0.48698700000022654
2023-06-27 14:15:00,2737.299683,2736.741806,2736.890551,-0.5578770000001896,-0.409132000000227,-0.4835045000002083
2023-06-27 14:45:00,2737.297344,2736.741143,2736.893411,-0.5562009999998736,-0.40393300000005183,-0.4800669999999627
2023-06-27 15:00:00,2737.297344,2736.741805,2736.889102,-0.5555389999999534,-0.4082419999999729,-0.48189049999996314
2023-06-27 15:15:00,2737.300842,2736.747121,2736.893461,-0.5537210000002233,-0.40738099999998667,-0.480551000000105
2023-06-27 15:30:00,2737.296764,2736.740629,2736.887913,-0.5561350000002676,-0.40885100000014063,-0.4824930000002041
2023-06-27 15:45:00,2737.299673,2736.741789,2736.890823,-0.5578839999998308,-0.4088499999998021,-0.48336699999981647
2023-06-27 16:00:00,2737.299673,2736.742779,2736.886183,-0.5568939999998292,-0.41348999999991065,-0.48519199999986995
2023-06-27 16:15:00,2737.295014,2736.740635,2736.890233,-0.5543789999996989,-0.40478099999972983,-0.47957999999971435
2023-06-27 16:30:00,2737.299673,2736.742713,2736.893991,-0.55695999999989,-0.4056820000000698,-0.4813209999999799
2023-06-27 16:45:00,2737.300263,2736.742975,2736.891696,-0.5572879999999714,-0.40856699999994817,-0.48292749999995976
2023-06-27 17:00:00,2737.298513,2736.742133,2736.890844,-0.5563799999999901,-0.40766900000016904,-0.48202450000007957
2023-06-27 17:30:00,2737.298513,2736.744873,2736.890845,-0.5536400000000867,-0.40766800000028525,-0.480654000000186
2023-06-27 17:45:00,2737.299673,2736.743293,2736.893428,-0.5563799999999901,-0.4062450000001263,-0.4813125000000582
2023-06-27 18:00:00,2737.295014,2736.740055,2736.887063,-0.5549589999995987,-0.4079509999996844,-0.4814549999996416
2023-06-27 18:15:00,2737.297923,2736.743955,2736.890256,-0.5539680000001681,-0.4076669999999467,-0.4808175000000574
2023-06-27 18:30:00,2737.299673,2736.746033,2736.893429,-0.5536400000000867,-0.4062439999997878,-0.47994199999993725
2023-06-27 19:30:00,2737.296764,2736.740382,2736.886494,-0.5563820000002124,-0.41027000000030966,-0.48332600000026105
2023-06-27 19:45:00,2737.300263,2736.743882,2736.89345,-0.5563809999998739,-0.4068130000000565,-0.4815969999999652
2023-06-27 20:00:00,2737.298513,2736.742132,2736.889099,-0.5563810000003286,-0.4094140000001971,-0.4828975000002629
2023-06-27 20:15:00,2737.300263,2736.745633,2736.892599,-0.5546300000000883,-0.40766400000029535,-0.48114700000019184
2023-06-27 20:30:00,2737.300263,2736.743965,2736.891131,-0.5562979999999698,-0.409132000000227,-0.48271500000009837
2023-06-27 21:15:00,2737.301422,2736.746279,2736.889977,-0.5551430000000437,-0.41144500000018525,-0.48329400000011447
2023-06-27 21:30:00,2737.299673,2736.744529,2736.888227,-0.5551439999999275,-0.41144600000006903,-0.48329499999999825
2023-06-27 22:15:00,2737.299683,2736.744211,2736.887955,-0.5554720000000088,-0.4117280000000392,-0.483600000000024
2023-06-27 22:45:00,2737.299683,2736.745961,2736.889705,-0.5537220000001071,-0.4099780000001374,-0.48185000000012224
2023-06-27 23:45:00,2737.297933,2736.744546,2736.888809,-0.5533869999999297,-0.40912399999979243,-0.48125549999986106
2023-08-12 00:00:00,2737.296764,2736.684859,2736.871667,-0.6119050000002062,-0.42509700000027806,-0.5185010000002421
2023-08-12 00:15:00,2737.298513,2736.684531,2736.869961,-0.6139820000003056,-0.4285520000003089,-0.5212670000003072
2023-08-12 00:30:00,2737.295014,2736.68585,2736.870813,-0.6091639999999643,-0.42420099999981176,-0.516682499999888
2023-08-12 00:45:00,2737.295014,2736.68859,2736.872563,-0.6064239999996062,-0.42245099999991,-0.5144374999997581
2023-08-12 01:00:00,2737.295014,2736.685849,2736.873416,-0.6091649999998481,-0.42159799999990355,-0.5153814999998758
2023-08-12 01:15:00,2737.296764,2736.688261,2736.875166,-0.6085030000003826,-0.4215980000003583,-0.5150505000003704
2023-08-12 01:45:00,2737.296764,2736.686607,2736.875168,-0.610157000000072,-0.421596000000136,-0.515876500000104
2023-08-12 02:15:00,2737.297933,2736.68844,2736.874588,-0.6094929999999295,-0.4233449999996992,-0.5164189999998143
2023-08-12 02:45:00,2737.296184,2736.694912,2736.871983,-0.6012719999998808,-0.42420099999981176,-0.5127364999998463
2023-08-12 03:15:00,2737.296184,2736.69141,2736.870233,-0.6047739999999067,-0.42595099999971353,-0.5153624999998101
2023-08-12 03:30:00,2737.296184,2736.690419,2736.872836,-0.605764999999792,-0.4233479999998053,-0.5145564999997987
2023-08-12 03:45:00,2737.297933,2736.687679,2736.874587,-0.6102539999997134,-0.42334600000003775,-0.5167999999998756
2023-08-12 04:00:00,2737.296184,2736.69141,2736.870233,-0.6047739999999067,-0.42595099999971353,-0.5153624999998101
2023-08-12 04:15:00,2737.294435,2736.69217,2736.873734,-0.6022649999999885,-0.4207010000000082,-0.5114829999999984
2023-08-12 04:30:00,2737.296184,2736.69042,2736.871984,-0.6057639999999083,-0.42419999999992797,-0.5149819999999181
2023-08-12 05:00:00,2737.297933,2736.68943,2736.872554,-0.6085029999999279,-0.42537899999979345,-0.5169409999998607
2023-08-12 05:15:00,2737.297933,2736.694576,2736.873734,-0.60335699999996,-0.4241990000000442,-0.5137780000000021
2023-08-12 05:30:00,2737.297933,2736.69491,2736.871131,-0.6030229999996664,-0.4268019999999524,-0.5149124999998094
2023-08-12 06:15:00,2737.295014,2736.691,2736.873417,-0.6040140000000065,-0.42159700000001976,-0.5128055000000131
2023-08-12 06:30:00,2737.296764,2736.69374,2736.872564,-0.6030240000000049,-0.4242000000003827,-0.5136120000001938
2023-08-12 06:45:00,2737.295014,2736.692832,2736.873417,-0.6021819999996296,-0.42159700000001976,-0.5118894999998247
2023-08-12 07:15:00,2737.296764,2736.692749,2736.873997,-0.604015000000345,-0.42276700000002165,-0.5133910000001833
2023-08-12 07:45:00,2737.298513,2736.697323,2736.87778,-0.6011900000003152,-0.42073300000038216,-0.5109615000003487
2023-08-12 08:00:00,2737.297933,2736.696661,2736.87895,-0.6012719999998808,-0.41898300000002564,-0.5101274999999532
2023-08-12 08:15:00,2737.300263,2736.696333,2736.87953,-0.6039300000002186,-0.4207329999999274,-0.512331500000073
2023-08-12 08:30:00,2737.295014,2736.693822,2736.873426,-0.601191999999628,-0.4215879999997014,-0.5113899999996647
2023-08-12 08:45:00,2737.297354,2736.696163,2736.871413,-0.6011909999997442,-0.42594099999996615,-0.5135659999998552
2023-08-12 09:15:00,2737.295604,2736.693421,2736.87487,-0.6021829999999682,-0.4207339999998112,-0.5114584999998897
2023-08-12 09:45:00,2737.295014,2736.696564,2736.873427,-0.5984499999999571,-0.42158699999981764,-0.5100184999998874
2023-08-12 10:00:00,2737.296764,2736.696564,2736.871676,-0.6002000000003136,-0.4250879999999597,-0.5126440000001367
2023-08-12 10:15:00,2737.292105,2736.694414,2736.870516,-0.5976909999999407,-0.42158900000003996,-0.5096399999999903
2023-08-12 10:30:00,2737.292105,2736.688931,2736.872267,-0.6031739999998535,-0.41983799999979965,-0.5115059999998266
2023-08-12 10:45:00,2737.295014,2736.690091,2736.87603,-0.6049229999998715,-0.41898399999990943,-0.5119534999998905
2023-08-12 11:30:00,2737.295014,2736.689429,2736.87545,-0.6055849999997918,-0.4195639999998093,-0.5125744999998005
2023-08-12 11:45:00,2737.292095,2736.68925,2736.87428,-0.6028449999998884,-0.4178149999997913,-0.5103299999998399
2023-08-12 12:15:00,2737.293265,2736.686591,2736.870815,-0.6066739999996571,-0.42244999999957145,-0.5145619999996143
2023-08-12 12:30:00,2737.291516,2736.68651,2736.867358,-0.6050059999997757,-0.42415799999980663,-0.5145819999997912
2023-08-12 12:45:00,2737.295014,2736.685519,2736.869962,-0.609494999999697,-0.42505199999959586,-0.5172734999996464
2023-08-12 13:00:00,2737.295014,2736.688259,2736.871712,-0.6067549999997937,-0.4233019999996941,-0.5150284999997439
2023-08-12 13:45:00,2737.295014,2736.685519,2736.869109,-0.609494999999697,-0.4259049999996023,-0.5176999999996497
2023-08-12 14:15:00,2737.294435,2736.68768,2736.871132,-0.6067549999997937,-0.4233029999995779,-0.5150289999996858
2023-08-12 14:45:00,2737.294435,2736.685864,2736.870279,-0.6085709999997562,-0.4241559999995843,-0.5163634999996702
2023-08-12 15:15:00,2737.292685,2736.682363,2736.867631,-0.6103219999999965,-0.4250539999998182,-0.5176879999999073
2023-08-12 15:30:00,2737.294435,2736.683781,2736.869099,-0.610653999999613,-0.42533599999978833,-0.5179949999997007
2023-08-12 16:00:00,2737.295594,2736.680367,2736.870259,-0.6152270000002318,-0.4253350000003593,-0.5202810000002955
2023-08-12 16:15:00,2737.295594,2736.681357,2736.871112,-0.6142370000002302,-0.42448200000035285,-0.5193595000002915
2023-08-12 16:30:00,2737.292095,2736.678617,2736.869372,-0.613477999999759,-0.422722999999678,-0.5181004999997185
2023-08-12 16:45:00,2737.293845,2736.676785,2736.870225,-0.6170600000000377,-0.4236200000000281,-0.5203400000000329
2023-08-12 17:30:00,2737.292095,2736.675794,2736.872862,-0.6163009999995666,-0.4192329999996218,-0.5177669999995942
2023-08-12 18:30:00,2737.290346,2736.677775,2736.868519,-0.6125710000001163,-0.4218270000001212,-0.5171990000001188
2023-08-12 18:45:00,2737.290936,2736.675625,2736.868529,-0.6153110000000197,-0.42240700000002107,-0.5188590000000204
2023-08-12 19:00:00,2737.290936,2736.677457,2736.869952,-0.6134790000000976,-0.42098399999986214,-0.5172314999999799
2023-08-12 20:45:00,2737.293265,2736.678453,2736.868212,-0.6148119999998016,-0.4250529999999344,-0.519932499999868
2023-08-12 21:00:00,2737.293845,2736.679859,2736.868792,-0.6139860000002955,-0.4250529999999344,-0.5195195000001149
2023-08-12 21:15:00,2737.293845,2736.676293,2736.869645,-0.6175520000001598,-0.42419999999992797,-0.5208760000000439
2023-08-12 21:30:00,2737.293265,2736.680187,2736.868221,-0.6130779999998595,-0.42504399999961606,-0.5190609999997378
2023-08-12 21:45:00,2737.295604,2736.680777,2736.871414,-0.6148269999998774,-0.42418999999972584,-0.5195084999998016
2023-08-12 23:00:00,2737.296764,2736.68278,2736.872574,-0.6139840000000731,-0.4241900000001806,-0.5190870000001269
2023-08-12 23:15:00,2737.297354,2736.68436,2736.874018,-0.6129939999996168,-0.4233359999998356,-0.5181649999997262
2023-08-12 23:30:00,2737.295604,2736.684359,2736.874871,-0.6112450000000536,-0.4207329999999274,-0.5159889999999905
2023-08-13 00:00:00,2737.293855,2736.681948,2736.872267,-0.6119069999999738,-0.4215879999997014,-0.5167474999998376
2023-08-13 01:00:00,2737.295604,2736.684971,2736.873453,-0.6106329999997797,-0.4221509999997579,-0.5163919999997688
2023-08-13 01:15:00,2737.296764,2736.68727,2736.872576,-0.609494000000268,-0.42418799999995827,-0.5168410000001131
2023-08-13 01:45:00,2737.296764,2736.686509,2736.873428,-0.610255000000052,-0.42333600000029037,-0.5167955000001712
2023-08-13 02:00:00,2737.295014,2736.6875,2736.871722,-0.60751399999981,-0.4232919999999467,-0.5154029999998784
2023-08-13 02:45:00,2737.296764,2736.691232,2736.874598,-0.6055320000000393,-0.4221660000002885,-0.5138490000001639
2023-08-13 03:00:00,2737.298513,2736.690339,2736.873745,-0.6081739999999627,-0.4247680000003129,-0.5164710000001378
2023-08-13 03:15:00,2737.295014,2736.685847,2736.871995,-0.6091669999996157,-0.42301899999984016,-0.5160929999997279
2023-08-13 03:30:00,2737.296764,2736.687499,2736.872566,-0.6092650000000503,-0.4241980000001604,-0.5167315000001054
2023-08-13 04:00:00,2737.296764,2736.685518,2736.876021,-0.6112460000003921,-0.42074300000012954,-0.5159945000002608
2023-08-13 04:15:00,2737.296764,2736.684527,2736.875168,-0.6122370000002775,-0.421596000000136,-0.5169165000002067
2023-08-13 04:30:00,2737.297933,2736.684871,2736.874306,-0.6130619999998999,-0.42362699999966935,-0.5183444999997846
2023-08-13 04:45:00,2737.293265,2736.68552,2736.869961,-0.6077449999997953,-0.4233039999999164,-0.5155244999998558
2023-08-13 05:00:00,2737.296764,2736.687167,2736.874315,-0.6095970000001216,-0.4224490000001424,-0.516023000000132
2023-08-13 05:15:00,2737.297933,2736.689661,2736.873735,-0.6082719999999426,-0.42419799999970564,-0.5162349999998241
2023-08-13 05:30:00,2737.296764,2736.68826,2736.871713,-0.6085040000002664,-0.4250510000001668,-0.5167775000002166
2023-08-13 05:45:00,2737.297933,2736.688439,2736.875485,-0.6094939999998132,-0.42244799999980387,-0.5159709999998086
2023-08-13 06:15:00,2737.298513,2736.691,2736.876065,-0.607513000000381,-0.4224480000002586,-0.5149805000003198
2023-08-13 06:30:00,2737.300263,2736.688357,2736.875495,-0.61190600000009,-0.4247680000003129,-0.5183370000002014
2023-08-13 06:45:00,2737.299683,2736.689348,2736.873745,-0.6103350000003047,-0.4259380000003148,-0.5181365000003098
2023-08-13 07:00:00,2737.293845,2736.686428,2736.872575,-0.6074170000001686,-0.4212700000002769,-0.5143435000002228
2023-08-13 07:15:00,2737.298513,2736.687269,2736.875178,-0.6112440000001698,-0.4233350000004066,-0.5172895000002882
2023-08-13 07:45:00,2737.295014,2736.679905,2736.874851,-0.6151089999998476,-0.4201629999997749,-0.5176359999998112
2023-08-13 08:15:00,2737.295604,2736.687279,2736.874871,-0.6083249999996951,-0.4207329999999274,-0.5145289999998113
2023-08-13 08:30:00,2737.295604,2736.685067,2736.874018,-0.6105370000000221,-0.42158599999993385,-0.516061499999978
2023-08-13 09:00:00,2737.295604,2736.689693,2736.873452,-0.6059110000001056,-0.42215200000009645,-0.514031500000101
2023-08-13 09:15:00,2737.295604,2736.682558,2736.869099,-0.6130459999999402,-0.42650499999990643,-0.5197754999999233
2023-08-13 09:30:00,2737.293855,2736.686951,2736.871415,-0.6069039999997585,-0.42243999999982407,-0.5146719999997913
2023-08-13 10:00:00,2737.295604,2736.687941,2736.876057,-0.6076629999997749,-0.4195469999999659,-0.5136049999998704
2023-08-13 10:15:00,2737.295604,2736.692762,2736.872599,-0.6028419999997823,-0.4230050000001029,-0.5129234999999426
2023-08-13 10:45:00,2737.293855,2736.68827,2736.870849,-0.6055849999997918,-0.42300599999998667,-0.5142954999998892
2023-08-13 11:30:00,2737.292105,2736.68553,2736.871702,-0.6065749999997934,-0.42040300000007846,-0.5134889999999359
2023-08-13 11:45:00,2737.293855,2736.68728,2736.874305,-0.6065749999997934,-0.41955000000007203,-0.5130624999999327
2023-08-13 12:00:00,2737.292685,2736.687101,2736.871429,-0.605583999999908,-0.4212560000000849,-0.5134199999999964
2023-08-13 12:15:00,2737.294435,2736.684032,2736.868826,-0.6104029999996783,-0.4256089999998949,-0.5180059999997866
2023-08-13 13:00:00,2737.295014,2736.686691,2736.872009,-0.6083229999999276,-0.42300499999964813,-0.5156639999997878
2023-08-13 14:15:00,2737.293855,2736.680958,2736.869996,-0.6128969999999754,-0.4238589999999931,-0.5183779999999842
2023-08-13 14:30:00,2737.293855,2736.684459,2736.87435,-0.6093959999998333,-0.4195049999998446,-0.5144504999998389
2023-08-13 15:00:00,2737.295604,2736.683551,2736.875203,-0.6120529999998325,-0.42040099999985614,-0.5162269999998443
2023-08-13 16:00:00,2737.295014,2736.681709,2736.874326,-0.6133049999998548,-0.42068799999969997,-0.5169964999997774
2023-08-13 16:15:00,2737.296764,2736.686282,2736.873473,-0.6104820000000473,-0.4232910000000629,-0.5168865000000551
2023-08-13 16:30:00,2737.293265,2736.678208,2736.869972,-0.6150569999999789,-0.4232929999998305,-0.5191749999999047
2023-08-13 16:45:00,2737.292095,2736.683691,2736.871721,-0.6084039999996094,-0.4203739999998106,-0.51438899999971
2023-08-13 17:15:00,2737.296764,2736.682121,2736.873744,-0.614643000000342,-0.4230200000001787,-0.5188315000002603
2023-08-13 17:30:00,2737.296764,2736.681793,2736.872891,-0.6149709999999686,-0.42387300000018513,-0.5194220000000769
2023-08-13 18:00:00,2737.295594,2736.679631,2736.873471,-0.6159630000001926,-0.42212300000028335,-0.519043000000238
2023-08-13 18:15:00,2737.298513,2736.678968,2736.872906,-0.6195450000000164,-0.4256070000001273,-0.5225760000000719
2023-08-13 18:45:00,2737.297354,2736.703468,2736.894323,-0.5938859999996566,-0.40303099999982805,-0.49845849999974234
2023-08-13 19:00:00,2737.293265,2736.717477,2736.898929,-0.5757879999996476,-0.39433599999983926,-0.4850619999997434
2023-08-13 19:15:00,2737.295014,2736.722035,2736.897189,-0.5729790000000321,-0.39782500000001164,-0.48540200000002187
2023-08-13 19:30:00,2737.295604,2736.72644,2736.895176,-0.5691640000000007,-0.40042799999991985,-0.48479599999996026
2023-08-13 19:45:00,2737.295604,2736.725598,2736.892571,-0.5700059999999212,-0.4030330000000504,-0.4865194999999858
2023-08-13 20:15:00,2737.297354,2736.719126,2736.890822,-0.5782279999998536,-0.40653199999997014,-0.4923799999999119
2023-08-13 20:30:00,2737.297933,2736.722677,2736.883592,-0.5752559999996265,-0.41434099999969476,-0.49479849999966063
2023-08-13 20:45:00,2737.296184,2736.722759,2736.877816,-0.5734249999995882,-0.4183679999996457,-0.49589649999961694
2023-08-13 21:00:00,2737.297933,2736.723519,2736.883021,-0.574413999999706,-0.41491199999973105,-0.4946629999997185
2023-08-13 21:15:00,2737.295014,2736.724181,2736.881842,-0.5708329999997659,-0.4131720000000314,-0.49200249999989865
2023-08-13 21:45:00,2737.295604,2736.719618,2736.882432,-0.5759859999998298,-0.4131720000000314,-0.4945789999999306
2023-08-13 22:00:00,2737.297354,2736.721368,2736.885036,-0.5759859999998298,-0.41231799999968644,-0.4941519999997581
2023-08-13 22:15:00,2737.299103,2736.720377,2736.886216,-0.5787259999997332,-0.41288699999995515,-0.49580649999984416
2023-08-13 22:30:00,2737.297354,2736.721368,2736.884466,-0.5759859999998298,-0.41288799999983894,-0.49443699999983437
2023-08-13 22:45:00,2737.296184,2736.716467,2736.883296,-0.5797169999996186,-0.41288799999983894,-0.49630249999972875
2023-08-13 23:00:00,2737.294435,2736.717457,2736.882443,-0.576977999999599,-0.4119919999998274,-0.4944849999997132
2023-08-13 23:45:00,2737.295604,2736.714053,2736.882716,-0.581550999999763,-0.41288799999983894,-0.497219499999801
2023-08-14 00:15:00,2737.299103,2736.715804,2736.88276,-0.5832989999998972,-0.4163429999998698,-0.4998209999998835
2023-08-14 00:30:00,2737.297354,2736.715044,2736.883613,-0.5823099999997794,-0.41374099999984537,-0.4980254999998124
2023-08-14 01:00:00,2737.295014,2736.709732,2736.885626,-0.5852820000000065,-0.4093880000000354,-0.49733500000002095
2023-08-14 01:30:00,2737.297354,2736.707729,2736.881863,-0.5896249999996144,-0.41549099999974715,-0.5025579999996808
2023-08-14 03:00:00,2737.297354,2736.70583,2736.880444,-0.5915239999999358,-0.4169099999999162,-0.504216999999926
2023-08-14 03:30:00,2737.296184,2736.704987,2736.883296,-0.5911969999997382,-0.41288799999983894,-0.5020424999997886
2023-08-14 03:45:00,2737.296184,2736.703667,2736.885046,-0.5925169999995887,-0.41113799999993716,-0.501827499999763
2023-08-14 04:30:00,2737.295014,2736.703488,2736.883876,-0.5915259999997033,-0.41113799999993716,-0.5013319999998203
2023-08-14 05:15:00,2737.297933,2736.701917,2736.883627,-0.5960159999999632,-0.41430599999966944,-0.5051609999998163
2023-08-14 05:30:00,2737.296764,2736.702497,2736.882457,-0.5942669999999453,-0.414307000000008,-0.5042869999999766
2023-08-14 05:45:00,2737.296764,2736.698006,2736.880706,-0.5987580000000889,-0.4160580000002483,-0.5074080000001686
2023-08-14 06:15:00,2737.295604,2736.699006,2736.884183,-0.5965980000000854,-0.4114209999997911,-0.5040094999999383
2023-08-14 06:30:00,2737.297933,2736.700412,2736.88216,-0.5975209999996878,-0.4157729999997173,-0.5066469999997025
2023-08-14 06:45:00,2737.297933,2736.699422,2736.885045,-0.5985109999996894,-0.41288799999983894,-0.5056994999997642
2023-08-14 07:00:00,2737.297933,2736.701737,2736.88159,-0.5961959999999635,-0.4163429999998698,-0.5062694999999167
2023-08-14 07:15:00,2737.299683,2736.701508,2736.880736,-0.598175000000083,-0.41894700000011653,-0.5085610000000997
2023-08-14 07:30:00,2737.297933,2736.698766,2736.878985,-0.5991669999998521,-0.4189480000000003,-0.5090574999999262
2023-08-14 07:45:00,2737.298513,2736.700336,2736.879565,-0.5981770000003053,-0.4189480000000003,-0.5085625000001528
2023-08-14 08:00:00,2737.296764,2736.697924,2736.876963,-0.5988400000001093,-0.41980100000000675,-0.509320500000058
2023-08-14 08:15:00,2737.298513,2736.696934,2736.88217,-0.6015790000001289,-0.41634300000032454,-0.5089610000002267
2023-08-14 09:00:00,2737.299103,2736.699356,2736.880442,-0.599746999999752,-0.41866099999970174,-0.5092039999997269
2023-08-14 09:15:00,2737.297354,2736.700577,2736.87609,-0.5967769999997472,-0.42126399999960995,-0.5090204999996786
2023-08-14 09:30:00,2737.300852,2736.699438,2736.874667,-0.6014139999997496,-0.42618499999980486,-0.5137994999997773
2023-08-14 09:45:00,2737.297933,2736.70124,2736.869143,-0.5966929999999593,-0.4287899999999354,-0.5127414999999473
2023-08-14 10:00:00,2737.297933,2736.700249,2736.86829,-0.5976839999998447,-0.4296429999999418,-0.5136634999998932
2023-08-14 10:15:00,2737.295014,2736.699906,2736.864517,-0.595107999999982,-0.43049699999983204,-0.512802499999907
2023-08-14 10:45:00,2737.298513,2736.700665,2736.865697,-0.5978480000003401,-0.43281600000000253,-0.5153320000001713
2023-08-14 11:15:00,2737.298513,2736.697263,2736.861343,-0.6012500000001637,-0.43717000000015105,-0.5192100000001574
2023-08-14 11:45:00,2737.296764,2736.700003,2736.869723,-0.5967610000002423,-0.42704100000037215,-0.5119010000003072
2023-08-14 12:30:00,2737.298513,2736.698254,2736.873198,-0.6002590000002783,-0.4253150000004098,-0.512787000000344
2023-08-14 12:45:00,2737.298513,2736.697263,2736.875802,-0.6012500000001637,-0.42271100000016304,-0.5119805000001634
2023-08-14 13:00:00,2737.299683,2736.697279,2736.888238,-0.602404000000206,-0.41144500000018525,-0.5069245000001956
2023-08-14 13:15:00,2737.299683,2736.696289,2736.90821,-0.6033940000002076,-0.39147300000013274,-0.49743350000017017
2023-08-14 13:30:00,2737.299683,2736.696617,2736.887385,-0.6030660000001262,-0.4122980000001917,-0.507682000000159
2023-08-14 13:45:00,2737.297354,2736.69769,2736.887658,-0.5996639999998479,-0.4096959999997125,-0.5046799999997802
2023-08-14 14:00:00,2737.299103,2736.69944,2736.892581,-0.5996629999999641,-0.406521999999768,-0.503092499999866
2023-08-14 14:15:00,2737.302012,2736.697778,2736.896345,-0.6042339999999058,-0.405666999999994,-0.5049504999999499
2023-08-14 14:30:00,2737.296764,2736.697017,2736.87725,-0.5997470000002068,-0.4195140000001629,-0.5096305000001848
2023-08-14 15:00:00,2737.298513,2736.697925,2736.871756,-0.6005880000002435,-0.4267570000001797,-0.5136725000002116
2023-08-14 15:15:00,2737.296184,2736.696355,2736.886795,-0.5998289999997723,-0.4093889999999192,-0.5046089999998458
2023-08-14 15:30:00,2737.296184,2736.698008,2736.884191,-0.5981759999999667,-0.4119929999997112,-0.505084499999839
2023-08-14 16:30:00,2737.295604,2736.697361,2736.883611,-0.5982429999999113,-0.4119929999997112,-0.5051179999998112
2023-08-14 16:45:00,2737.294435,2736.693452,2736.882441,-0.6009829999998146,-0.41199399999959496,-0.5064884999997048
2023-08-14 17:00:00,2737.294435,2736.694442,2736.880691,-0.599992999999813,-0.4137439999999515,-0.5068684999998823
2023-08-14 17:15:00,2737.293855,2736.697362,2736.884182,-0.5964930000000095,-0.40967300000011164,-0.5030830000000606
2023-08-14 17:30:00,2737.293855,2736.694622,2736.881579,-0.5992329999999129,-0.41227600000001985,-0.5057544999999664
2023-08-14 17:45:00,2737.295604,2736.696372,2736.883328,-0.5992320000000291,-0.41227600000001985,-0.5057540000000245
2023-08-14 18:15:00,2737.294435,2736.695202,2736.883338,-0.5992329999999129,-0.4110969999996996,-0.5051649999998062
2023-08-14 18:45:00,2737.296764,2736.693107,2736.879,-0.603657000000112,-0.41776400000026115,-0.5107105000001866
2023-08-14 19:00:00,2737.295014,2736.702403,2736.878713,-0.5926110000000335,-0.41630099999974846,-0.504455999999891
2023-08-14 19:15:00,2737.296764,2736.703393,2736.874358,-0.5933710000003884,-0.4224060000001373,-0.5078885000002629
2023-08-14 19:30:00,2737.293265,2736.696177,2736.864234,-0.5970879999999852,-0.429030999999668,-0.5130594999998266
2023-08-14 19:45:00,2737.296764,2736.701412,2736.863946,-0.5953520000002754,-0.43281800000022486,-0.5140850000002501
2023-08-14 20:00:00,2737.296764,2736.700571,2736.876962,-0.5961930000003122,-0.4198020000003453,-0.5079975000003287
2023-08-14 20:15:00,2737.295014,2736.696839,2736.876396,-0.5981749999996282,-0.4186179999996966,-0.5083964999996624
2023-08-14 20:30:00,2737.295014,2736.699663,2736.873793,-0.5953509999999369,-0.42122099999960483,-0.5082859999997709
2023-08-14 20:45:00,2737.295604,2736.703983,2736.869176,-0.5916210000000319,-0.4264279999997598,-0.5090244999998959
2023-08-14 21:00:00,2737.297354,2736.699442,2736.864824,-0.5979119999997238,-0.43252999999958774,-0.5152209999996558
2023-08-14 21:15:00,2737.299683,2736.70035,2736.870611,-0.5993330000001151,-0.4290720000003603,-0.5142025000002377
2023-08-14 21:45:00,2737.297933,2736.699426,2736.870041,-0.5985069999996995,-0.4278919999997015,-0.5131994999997005
2023-08-14 22:00:00,2737.296764,2736.700006,2736.867446,-0.5967580000001362,-0.42931799999996656,-0.5130380000000514
2023-08-14 22:15:00,2737.298513,2736.697266,2736.878687,-0.6012470000000576,-0.4198260000002847,-0.5105365000001711
2023-08-14 22:45:00,2737.298513,2736.696275,2736.870024,-0.6022380000003977,-0.4284890000003543,-0.515363500000376
2023-08-14 23:15:00,2737.298513,2736.69819,2736.871473,-0.6003230000001167,-0.4270400000000336,-0.5136815000000752
2023-08-14 23:45:00,2737.301432,2736.701176,2736.884781,-0.6002560000001722,-0.41665100000000166,-0.5084535000000869
2023-08-15 00:15:00,2737.297933,2736.694868,2736.88128,-0.6030649999997877,-0.41665299999976924,-0.5098589999997785
2023-08-15 00:30:00,2737.297933,2736.694868,2736.883883,-0.6030649999997877,-0.41404999999986103,-0.5085574999998244
2023-08-15 01:45:00,2737.296764,2736.695448,2736.881008,-0.6013160000002244,-0.41575600000032864,-0.5085360000002765
2023-08-15 02:45:00,2737.296184,2736.693117,2736.880428,-0.60306700000001,-0.4157559999998739,-0.509411499999942
2023-08-15 03:00:00,2737.299683,2736.693877,2736.88303,-0.6058060000000296,-0.416653000000224,-0.5112295000001268
2023-08-15 03:15:00,2737.299683,2736.692045,2736.880998,-0.6076380000004065,-0.4186850000000959,-0.5131615000002512
2023-08-15 03:30:00,2737.296184,2736.693035,2736.879248,-0.6031490000000304,-0.41693599999962316,-0.5100424999998268
2023-08-15 04:30:00,2737.300852,2736.696946,2736.879565,-0.6039059999998244,-0.42128699999966557,-0.512596499999745
2023-08-15 04:45:00,2737.297933,2736.696439,2736.875791,-0.6014940000000024,-0.4221419999998943,-0.5118179999999484
2023-08-15 05:15:00,2737.299103,2736.701422,2736.875235,-0.5976809999997386,-0.4238679999998567,-0.5107744999997976
2023-08-15 05:30:00,2737.299683,2736.700252,2736.871463,-0.5994310000000951,-0.42822000000023763,-0.5138255000001664
2023-08-15 05:45:00,2737.301432,2736.695628,2736.86886,-0.605804000000262,-0.4325720000001638,-0.5191880000002129
2023-08-15 06:00:00,2737.301432,2736.693796,2736.865403,-0.6076360000001841,-0.436029000000417,-0.5218325000003006
2023-08-15 06:30:00,2737.297933,2736.691136,2736.863083,-0.606796999999915,-0.434849999999642,-0.5208234999997785
2023-08-15 06:45:00,2737.298513,2736.689966,2736.861913,-0.6085470000002715,-0.43659999999999854,-0.522573500000135
2023-08-15 07:00:00,2737.298513,2736.691716,2736.864515,-0.6067970000003697,-0.4339979999999741,-0.5203975000001719
2023-08-15 07:15:00,2737.299673,2736.688319,2736.892556,-0.6113540000001194,-0.40711700000019846,-0.5092355000001589
2023-08-15 07:30:00,2737.298513,2736.687226,2736.879539,-0.6112870000001749,-0.41897400000016205,-0.5151305000001685
2023-08-15 07:45:00,2737.300263,2736.691783,2736.878686,-0.6084799999998722,-0.42157700000007026,-0.5150284999999712
2023-08-15 08:00:00,2737.299103,2736.689967,2736.88188,-0.609136000000035,-0.41722299999992174,-0.5131794999999784
2023-08-15 08:15:00,2737.299103,2736.690957,2736.882733,-0.6081460000000334,-0.4163699999999153,-0.5122579999999743
2023-08-15 08:30:00,2737.299103,2736.691717,2736.881027,-0.6073859999996785,-0.41807599999992817,-0.5127309999998033
2023-08-15 09:00:00,2737.296184,2736.690629,2736.883313,-0.6055549999996401,-0.41287099999999555,-0.5092129999998178
2023-08-15 09:30:00,2737.295604,2736.688216,2736.879563,-0.6073879999999008,-0.41604099999995015,-0.5117144999999255
2023-08-15 10:30:00,2737.297354,2736.687226,2736.881881,-0.6101279999998042,-0.41547300000001997,-0.5128004999999121
2023-08-15 11:00:00,2737.298513,2736.691128,2736.88304,-0.6073850000002494,-0.41547300000001997,-0.5114290000001347
2023-08-15 11:15:00,2737.298513,2736.688387,2736.883041,-0.6101260000000366,-0.4154720000001362,-0.5127990000000864
2023-08-15 11:30:00,2737.295604,2736.6864,2736.881879,-0.6092039999998633,-0.41372499999988577,-0.5114644999998745
2023-08-15 11:45:00,2737.296764,2736.689377,2736.880436,-0.607387000000017,-0.4163280000002487,-0.5118575000001329
2023-08-15 12:30:00,2737.295014,2736.687561,2736.881289,-0.607452999999623,-0.41372499999988577,-0.5105889999997544
2023-08-15 12:45:00,2737.298513,2736.688979,2736.884791,-0.609534000000167,-0.4137220000002344,-0.5116280000002007
2023-08-15 13:00:00,2737.298513,2736.685395,2736.883039,-0.6131180000002132,-0.4154740000003585,-0.5142960000002859
2023-08-15 13:15:00,2737.296184,2736.685806,2736.880427,-0.6103779999998551,-0.4157569999997577,-0.5130674999998064
2023-08-15 13:30:00,2737.297354,2736.686976,2736.881597,-0.6103779999998551,-0.4157569999997577,-0.5130674999998064
2023-08-15 13:45:00,2737.299103,2736.685226,2736.878994,-0.6138769999997749,-0.4201089999996839,-0.5169929999997294
2023-08-15 14:15:00,2737.295604,2736.684154,2736.880744,-0.611449999999877,-0.41485999999986234,-0.5131549999998697
2023-08-15 14:30:00,2737.295604,2736.687556,2736.882191,-0.6080480000000534,-0.413412999999764,-0.5107304999999087
2023-08-15 14:45:00,2737.295604,2736.685807,2736.879589,-0.6097970000000714,-0.4160149999997884,-0.5129059999999299
2023-08-15 15:00:00,2737.295014,2736.68515,2736.878999,-0.609864000000016,-0.4160149999997884,-0.5129394999999022
2023-08-15 15:15:00,2737.295014,2736.681321,2736.877249,-0.6136929999997847,-0.4177649999996902,-0.5157289999997374
2023-08-15 15:30:00,2737.294435,2736.685233,2736.881587,-0.609201999999641,-0.41284799999993993,-0.5110249999997905
2023-08-15 15:45:00,2737.292685,2736.680659,2736.87638,-0.612025999999787,-0.41630499999973836,-0.5141654999997627
2023-08-15 16:00:00,2737.296184,2736.685151,2736.878132,-0.6110329999996793,-0.41805199999998877,-0.514542499999834
2023-08-15 16:15:00,2737.294435,2736.683728,2736.879838,-0.6107069999998203,-0.4145969999999579,-0.5126519999998891
2023-08-15 16:30:00,2737.297933,2736.689061,2736.883337,-0.608871999999792,-0.4145959999996194,-0.5117339999997057
2023-08-15 16:45:00,2737.294435,2736.688734,2736.882484,-0.6057009999999536,-0.41195099999958984,-0.5088259999997717
2023-08-15 17:00:00,2737.296184,2736.686984,2736.879882,-0.6091999999998734,-0.41630199999963224,-0.5127509999997528
2023-08-15 17:15:00,2737.297354,2736.690053,2736.879302,-0.6073010000000068,-0.41805199999998877,-0.5126764999999978
2023-08-15 17:30:00,2737.297354,2736.689062,2736.881052,-0.6082919999998921,-0.41630199999963224,-0.5122969999997622
2023-08-15 17:45:00,2737.293855,2736.687312,2736.880725,-0.6065429999998742,-0.41312999999991007,-0.5098364999998921
2023-08-15 18:00:00,2737.295604,2736.684571,2736.879872,-0.611033000000134,-0.4157319999999345,-0.5133825000000343
2023-08-15 18:15:00,2737.297354,2736.686322,2736.880724,-0.6110319999997955,-0.4166299999997136,-0.5138309999997546
2023-08-15 18:30:00,2737.297354,2736.687311,2736.880153,-0.6100429999996777,-0.4172009999997499,-0.5136219999997138
2023-08-15 19:00:00,2737.295604,2736.689063,2736.881905,-0.6065410000001066,-0.41369899999972404,-0.5101199999999153
2023-08-15 19:15:00,2737.297354,2736.686978,2736.882475,-0.6103759999996328,-0.41487899999992806,-0.5126274999997804
2023-08-15 19:30:00,2737.292105,2736.683395,2736.880724,-0.6087099999999737,-0.4113809999998921,-0.5100454999999329
2023-08-15 20:00:00,2737.295604,2736.684571,2736.882757,-0.611033000000134,-0.41284700000005614,-0.5119400000000951
2023-08-15 20:15:00,2737.295604,2736.687311,2736.884508,-0.6082929999997759,-0.41109599999981583,-0.5096944999997959
2023-08-15 20:45:00,2737.296184,2736.689725,2736.880734,-0.6064589999996315,-0.41544999999996435,-0.5109544999997979
2023-08-15 21:15:00,2737.296184,2736.689724,2736.879881,-0.60645999999997,-0.4163029999999708,-0.5113814999999704
2023-08-15 21:30:00,2737.297933,2736.686983,2736.882484,-0.6109499999997752,-0.4154489999996258,-0.5131994999997005
2023-08-15 22:00:00,2737.296764,2736.688554,2736.883917,-0.6082100000003265,-0.41284700000005614,-0.5105285000001913
2023-08-15 22:15:00,2737.296764,2736.685813,2736.881314,-0.6109510000001137,-0.41544999999996435,-0.513200500000039
2023-08-16 00:30:00,2737.299683,2736.694216,2736.885657,-0.6054670000003171,-0.41402600000037637,-0.5097465000003467
2023-08-16 00:45:00,2737.299683,2736.695206,2736.883054,-0.6044770000003155,-0.4166290000002846,-0.5105530000003
2023-08-16 01:00:00,2737.299103,2736.691884,2736.885077,-0.6072189999999864,-0.4140259999999216,-0.510622499999954
2023-08-16 03:15:00,2737.297354,2736.691801,2736.888533,-0.6055529999998726,-0.408820999999989,-0.5071869999999308
2023-08-16 03:45:00,2737.300852,2736.69695,2736.88943,-0.6039019999998345,-0.4114219999996749,-0.5076619999997547
2023-08-16 04:30:00,2737.299103,2736.695198,2736.882474,-0.6039049999999406,-0.41662899999982983,-0.5102669999998852
2023-08-16 05:00:00,2737.299103,2736.693448,2736.883327,-0.6056549999998424,-0.4157759999998234,-0.5107154999998329
2023-08-16 05:15:00,2737.300852,2736.696041,2736.884224,-0.6048109999996996,-0.41662799999994604,-0.5107194999998228
2023-08-16 06:30:00,2737.299103,2736.69429,2736.881904,-0.6048129999999219,-0.41719899999998233,-0.5110059999999521
2023-08-16 07:00:00,2737.299103,2736.693633,2736.88536,-0.6054699999999684,-0.41374299999961295,-0.5096064999997907
2023-08-16 08:30:00,2737.299683,2736.686849,2736.883337,-0.6128340000000208,-0.4163459999999759,-0.5145899999999983
2023-08-16 08:45:00,2737.299683,2736.693454,2736.884234,-0.6062289999999848,-0.41544900000008056,-0.5108390000000327
2023-08-16 09:00:00,2737.299103,2736.691883,2736.8793,-0.6072199999998702,-0.41980299999977433,-0.5135114999998223
2023-08-16 10:15:00,2737.293855,2736.686216,2736.880153,-0.6076389999998355,-0.41370199999983015,-0.5106704999998328
2023-08-16 10:30:00,2737.295604,2736.6883,2736.88361,-0.6073040000001129,-0.4119940000000497,-0.5096490000000813
2023-08-16 10:45:00,2737.295604,2736.688957,2736.881006,-0.6066470000000663,-0.4145979999998417,-0.510622499999954
2023-08-16 11:00:00,2737.293855,2736.687207,2736.878973,-0.6066479999999501,-0.41488200000003417,-0.5107649999999921
2023-08-16 11:30:00,2737.296764,2736.689129,2736.881885,-0.6076350000003004,-0.4148790000003828,-0.5112570000003416
2023-08-16 11:45:00,2737.293265,2736.687526,2736.875781,-0.6057389999996303,-0.41748399999960384,-0.5116114999996171
2023-08-16 12:15:00,2737.296764,2736.691028,2736.884488,-0.605735999999979,-0.41227600000001985,-0.5090059999999994
2023-08-16 12:30:00,2737.293265,2736.685545,2736.879281,-0.6077199999999721,-0.4139839999998003,-0.5108519999998862
2023-08-16 13:15:00,2737.296764,2736.684555,2736.881883,-0.6122090000003482,-0.4148810000001504,-0.5135450000002493
2023-08-16 13:30:00,2737.297933,2736.686715,2736.881874,-0.611218000000008,-0.4160589999996773,-0.5136384999998427
2023-08-16 13:45:00,2737.295604,2736.687722,2736.880441,-0.6078819999997904,-0.4151630000001205,-0.5115224999999555
2023-08-16 14:45:00,2737.292685,2736.681398,2736.881874,-0.6112869999997201,-0.4108109999997396,-0.5110489999997299
2023-08-16 15:00:00,2737.297354,2736.682108,2736.882191,-0.6152459999998428,-0.41516299999966577,-0.5152044999997543
2023-08-16 15:15:00,2737.293855,2736.683016,2736.879588,-0.6108389999999417,-0.41426700000010896,-0.5125530000000253
2023-08-16 15:30:00,2737.296764,2736.684079,2736.882166,-0.6126850000000559,-0.41459800000029645,-0.5136415000001762
2023-08-16 15:45:00,2737.295014,2736.683997,2736.883916,-0.6110169999997197,-0.4110979999995834,-0.5110574999996516
2023-08-16 16:00:00,2737.296764,2736.680266,2736.881313,-0.6164980000003197,-0.4154510000003029,-0.5159745000003113
2023-08-16 16:45:00,2737.296184,2736.684177,2736.885658,-0.6120069999997213,-0.4105259999996633,-0.5112664999996923
2023-08-16 17:00:00,2737.293855,2736.685347,2736.885077,-0.6085079999998015,-0.4087779999999839,-0.5086429999998927
2023-08-16 17:15:00,2737.295604,2736.689145,2736.882484,-0.6064590000000862,-0.41311999999970794,-0.5097894999998971
2023-08-16 17:30:00,2737.293855,2736.688221,2736.883337,-0.6056340000000091,-0.4105179999996835,-0.5080759999998463
2023-08-16 17:45:00,2737.293855,2736.690202,2736.881587,-0.6036529999996674,-0.41226800000004005,-0.5079604999998537
2023-08-16 18:00:00,2737.293855,2736.689211,2736.878131,-0.6046440000000075,-0.4157239999999547,-0.5101839999999811
2023-08-16 18:15:00,2737.297354,2736.692711,2736.885087,-0.604642999999669,-0.4122669999997015,-0.5084549999996852
2023-08-16 18:30:00,2737.294435,2736.688801,2736.883917,-0.6056340000000091,-0.4105179999996835,-0.5080759999998463
2023-08-16 18:45:00,2737.296184,2736.689129,2736.880744,-0.6070549999999457,-0.4154399999997622,-0.511247499999854
2023-08-16 19:00:00,2737.295014,2736.692614,2736.879564,-0.6023999999997613,-0.41544999999996435,-0.5089249999998628
2023-08-16 19:15:00,2737.297354,2736.689473,2736.881007,-0.6078809999999066,-0.4163469999998597,-0.5121139999998832
2023-08-16 19:30:00,2737.296764,2736.692301,2736.884487,-0.6044630000001234,-0.4122770000003584,-0.5083700000002409
2023-08-16 19:45:00,2737.296764,2736.693291,2736.879574,-0.6034730000001218,-0.41719000000011874,-0.5103315000001203
2023-08-16 20:00:00,2737.295014,2736.691773,2736.873187,-0.6032409999997981,-0.42182699999966644,-0.5125339999997323
2023-08-16 20:15:00,2737.295014,2736.691541,2736.867129,-0.6034729999996671,-0.4278849999996055,-0.5156789999996363
2023-08-16 20:30:00,2737.296764,2736.695272,2736.881314,-0.6014920000002348,-0.41544999999996435,-0.5084710000000996
2023-08-16 20:45:00,2737.296764,2736.693374,2736.880461,-0.6033900000002177,-0.4163029999999708,-0.5098465000000942
2023-08-16 21:00:00,2737.297354,2736.692214,2736.884795,-0.6051399999996647,-0.4125589999998738,-0.5088494999997693
2023-08-16 21:30:00,2737.299103,2736.690232,2736.883941,-0.6088709999999082,-0.415161999999782,-0.5120164999998451
2023-08-16 21:45:00,2737.295604,2736.68683,2736.882192,-0.6087739999998121,-0.4134119999998802,-0.5110929999998461
2023-08-16 22:00:00,2737.297354,2736.68957,2736.886545,-0.6077839999998105,-0.410808999999972,-0.5092964999998912
2023-08-16 22:45:00,2737.297354,2736.693963,2736.88711,-0.6033909999996467,-0.4102439999996932,-0.50681749999967
2023-08-16 23:00:00,2737.296764,2736.692383,2736.887704,-0.6043810000001031,-0.409059999999954,-0.5067205000000286
2023-08-16 23:15:00,2737.298513,2736.697865,2736.887417,-0.600648000000092,-0.4110960000002706,-0.5058720000001813
2023-08-16 23:30:00,2737.296764,2736.693291,2736.88827,-0.6034730000001218,-0.40849400000024616,-0.505983500000184
2023-08-17 01:30:00,2737.297933,2736.690632,2736.883337,-0.6073010000000068,-0.4145959999996194,-0.5109484999998131
2023-08-17 02:15:00,2737.297933,2736.685017,2736.88594,-0.6129160000000411,-0.4119929999997112,-0.5124544999998761
2023-08-17 02:45:00,2737.297933,2736.692299,2736.887407,-0.6056340000000091,-0.4105259999996633,-0.5080799999998362
2023-08-17 03:00:00,2737.296184,2736.69154,2736.885657,-0.6046440000000075,-0.41052700000000186,-0.5075855000000047
2023-08-17 03:30:00,2737.297933,2736.690549,2736.885087,-0.6073839999999109,-0.4128459999997176,-0.5101149999998142
2023-08-17 03:45:00,2737.297354,2736.691719,2736.886827,-0.6056349999998929,-0.41052700000000186,-0.5080809999999474
2023-08-17 04:30:00,2737.299683,2736.692381,2736.884804,-0.6073020000003453,-0.4148790000003828,-0.511090500000364
2023-08-17 05:30:00,2737.299683,2736.695122,2736.885984,-0.6045610000001034,-0.4136990000001788,-0.5091300000001411
2023-08-17 07:30:00,2737.296764,2736.691211,2736.883917,-0.6055530000003273,-0.41284700000005614,-0.5092000000001917
2023-08-17 08:30:00,2737.296764,2736.691391,2736.885955,-0.605373000000327,-0.410808999999972,-0.5080910000001495
2023-08-17 08:45:00,2737.297354,2736.687638,2736.88536,-0.6097159999999349,-0.41199399999959496,-0.5108549999997649
2023-08-17 09:45:00,2737.297354,2736.68848,2736.887397,-0.6088740000000143,-0.40995699999984936,-0.5094154999999319
2023-08-17 10:30:00,2737.292105,2736.68498,2736.880442,-0.6071249999999964,-0.4116629999998622,-0.5093939999999293
2023-08-17 11:00:00,2737.293855,2736.683148,2736.883898,-0.6107069999998203,-0.40995699999984936,-0.5103319999998348
2023-08-17 12:00:00,2737.295604,2736.682158,2736.879589,-0.6134459999998398,-0.4160149999997884,-0.5147304999998141
2023-08-17 12:30:00,2737.292105,2736.684899,2736.881904,-0.6072060000001329,-0.4102010000001428,-0.5087035000001379
2023-08-17 12:45:00,2737.292105,2736.681397,2736.881008,-0.6107080000001588,-0.41109700000015437,-0.5109025000001566
2023-08-17 13:00:00,2737.292105,2736.680407,2736.88186,-0.6116980000001604,-0.4102450000000317,-0.5109715000000961
2023-08-17 13:15:00,2737.295014,2736.682477,2736.882168,-0.6125369999999748,-0.4128459999997176,-0.5126914999998462
2023-08-17 14:00:00,2737.293265,2736.68431,2736.880749,-0.6089549999996962,-0.41251599999986865,-0.5107354999997824
2023-08-17 14:15:00,2737.293265,2736.68332,2736.878145,-0.6099449999996978,-0.41511999999966065,-0.5125324999996792
2023-08-17 14:30:00,2737.293265,2736.682476,2736.881315,-0.6107889999998406,-0.41194999999970605,-0.5113694999997733
2023-08-17 15:15:00,2737.294435,2736.684311,2736.883338,-0.6101239999998143,-0.4110969999996996,-0.5106104999997569
2023-08-17 15:30:00,2737.297354,2736.685414,2736.884234,-0.6119399999997768,-0.41311999999970794,-0.5125299999997424
2023-08-17 15:45:00,2737.295604,2736.686404,2736.882485,-0.6091999999998734,-0.41311899999982415,-0.5111594999998488
2023-08-17 16:00:00,2737.292685,2736.683149,2736.879563,-0.6095359999999346,-0.41312199999993027,-0.5113289999999324
2023-08-17 16:15:00,2737.295604,2736.683329,2736.882483,-0.6122749999999542,-0.4131210000000465,-0.5126980000000003
2023-08-17 16:30:00,2737.295604,2736.679747,2736.880733,-0.615856999999778,-0.41487099999994825,-0.5153639999998632
2023-08-17 16:45:00,2737.292105,2736.684319,2736.883053,-0.6077860000000328,-0.4090519999999742,-0.5084190000000035
2023-08-17 17:00:00,2737.293265,2736.683647,2736.881611,-0.6096179999999549,-0.41165399999999863,-0.5106359999999768
2023-08-17 17:30:00,2737.295014,2736.685481,2736.884213,-0.6095329999998285,-0.4108009999999922,-0.5101669999999103
2023-08-17 17:45:00,2737.295014,2736.681898,2736.883317,-0.6131159999999909,-0.41169700000000375,-0.5124064999999973
2023-08-17 18:30:00,2737.293855,2736.677007,2736.880451,-0.6168480000001182,-0.4134039999999004,-0.5151260000000093
2023-08-17 18:45:00,2737.294435,2736.678762,2736.885087,-0.6156729999997879,-0.40934799999968163,-0.5125104999997347
2023-08-17 19:00:00,2737.297354,2736.679039,2736.880768,-0.6183149999997113,-0.4165859999998247,-0.517450499999768
2023-08-17 19:15:00,2737.294435,2736.676879,2736.879598,-0.6175559999996949,-0.4148369999998067,-0.5161964999997508
2023-08-17 19:30:00,2737.296184,2736.679619,2736.877858,-0.6165649999998095,-0.4183259999999791,-0.5174454999998943
2023-08-17 19:45:00,2737.294435,2736.681666,2736.870331,-0.6127689999998438,-0.4241039999997156,-0.5184364999997797
2023-08-17 20:00:00,2737.295014,2736.68705,2736.864808,-0.6079639999998108,-0.4302059999999983,-0.5190849999999045
2023-08-17 20:15:00,2737.293855,2736.686731,2736.857023,-0.6071240000001126,-0.43683199999986755,-0.5219779999999901
2023-08-17 20:30:00,2737.297933,2736.688401,2736.879316,-0.6095319999999447,-0.41861699999981283,-0.5140744999998788
2023-08-17 20:45:00,2737.296764,2736.687297,2736.870618,-0.6094670000002225,-0.4261460000002444,-0.5178065000002334
2023-08-17 21:00:00,2737.296184,2736.691208,2736.874961,-0.604975999999624,-0.42122299999982715,-0.5130994999997256
2023-08-17 21:15:00,2737.296184,2736.685658,2736.872359,-0.6105259999999362,-0.42382499999985157,-0.5171754999998939
2023-08-17 21:30:00,2737.295604,2736.688482,2736.868323,-0.6071219999998902,-0.4272809999997662,-0.5172014999998282
2023-08-17 21:45:00,2737.297354,2736.687492,2736.869186,-0.6098619999997936,-0.4281679999999142,-0.5190149999998539
2023-08-17 22:15:00,2737.295604,2736.690561,2736.877883,-0.6050430000000233,-0.4177209999998013,-0.5113819999999123
2023-08-17 22:30:00,2737.296184,2736.692131,2736.874109,-0.6040530000000217,-0.4220749999999498,-0.5130639999999858
2023-08-17 23:15:00,2737.296184,2736.689062,2736.880169,-0.6071219999998902,-0.4160149999997884,-0.5115684999998393
2023-08-17 23:30:00,2737.297354,2736.688482,2736.878736,-0.608871999999792,-0.4186179999996966,-0.5137449999997443
2023-08-17 23:45:00,2737.299103,2736.689241,2736.884795,-0.6098619999997936,-0.41430799999989176,-0.5120849999998427
2023-08-18 00:00:00,2737.295604,2736.690232,2736.883941,-0.6053719999999885,-0.4116629999998622,-0.5085174999999253
2023-08-18 00:45:00,2737.295014,2736.687809,2736.883351,-0.6072049999997944,-0.4116629999998622,-0.5094339999998283
2023-08-18 01:00:00,2737.298513,2736.689559,2736.885667,-0.6089540000002671,-0.41284600000017235,-0.5109000000002197
2023-08-18 01:30:00,2737.298513,2736.690549,2736.883064,-0.6079640000002655,-0.41544900000008056,-0.511706500000173
2023-08-18 01:45:00,2737.296764,2736.695121,2736.884814,-0.6016429999999673,-0.4119500000001608,-0.506796500000064
2023-08-18 02:00:00,2737.299683,2736.691719,2736.881631,-0.6079640000002655,-0.41805199999998877,-0.5130080000001271
2023-08-18 02:15:00,2737.299683,2736.691391,2736.886837,-0.6082920000003469,-0.41284600000017235,-0.5105690000002596
2023-08-18 02:30:00,2737.297933,2736.691539,2736.883346,-0.6063939999999093,-0.4145869999997558,-0.5104904999998325
2023-08-18 02:45:00,2737.297933,2736.692298,2736.885984,-0.6056349999998929,-0.41194899999982226,-0.5087919999998576
2023-08-18 03:15:00,2737.300852,2736.691718,2736.883664,-0.6091339999998127,-0.4171879999998964,-0.5131609999998545
2023-08-18 03:30:00,2737.302602,2736.696537,2736.888587,-0.6060650000003989,-0.41401500000029046,-0.5100400000003447
2023-08-18 03:45:00,2737.297354,2736.692047,2736.884234,-0.6053069999998115,-0.41311999999970794,-0.5092134999997597
2023-08-18 04:00:00,2737.299683,2736.692627,2736.887416,-0.6070560000002843,-0.41226700000015626,-0.5096615000002203
2023-08-18 05:00:00,2737.301432,2736.690548,2736.886519,-0.6108840000001692,-0.4149130000000696,-0.5128985000001194
2023-08-18 06:30:00,2737.302012,2736.689557,2736.884813,-0.6124549999999545,-0.41719899999998233,-0.5148269999999684
2023-08-18 07:30:00,2737.300852,2736.688397,2736.883941,-0.6124549999999545,-0.41691099999979997,-0.5146829999998772
2023-08-18 09:15:00,2737.295604,2736.688479,2736.882191,-0.6071249999999964,-0.413412999999764,-0.5102689999998802
2023-08-18 11:00:00,2737.296184,2736.682156,2736.880168,-0.614027999999962,-0.4160159999996722,-0.5150219999998171
2023-08-18 11:45:00,2737.295604,2736.681494,2736.886545,-0.6141099999999824,-0.4090590000000702,-0.5115845000000263
2023-08-18 12:00:00,2737.292105,2736.677992,2736.880441,-0.6141130000000885,-0.41166400000020076,-0.5128885000001446
2023-08-18 12:30:00,2737.295604,2736.675832,2736.881294,-0.6197720000000118,-0.4143100000001141,-0.5170410000000629
2023-08-18 13:15:00,2737.292105,2736.676823,2736.881007,-0.6152820000002066,-0.41109800000003816,-0.5131900000001224
2023-08-18 13:30:00,2737.294435,2736.677836,2736.881631,-0.616598999999951,-0.41280399999959627,-0.5147014999997737
2023-08-18 14:00:00,2737.294435,2736.67876,2736.885086,-0.6156750000000102,-0.40934900000002017,-0.5125120000000152
2023-08-18 14:30:00,2737.292685,2736.674268,2736.883907,-0.6184169999996811,-0.4087779999999839,-0.5135974999998325
2023-08-18 14:45:00,2737.290936,2736.675259,2736.882167,-0.6156769999997778,-0.40876899999966554,-0.5122229999997217
2023-08-18 15:15:00,2737.295604,2736.674263,2736.881587,-0.6213410000000295,-0.41401700000005803,-0.5176790000000437
2023-08-18 15:45:00,2737.293265,2736.676331,2736.882464,-0.6169339999996737,-0.4108009999999922,-0.5138674999998329
2023-08-18 16:15:00,2737.292095,2736.671841,2736.880714,-0.6202539999999317,-0.4113809999998921,-0.5158174999999119
2023-08-18 16:30:00,2737.292095,2736.672831,2736.881567,-0.6192639999999301,-0.41052799999988565,-0.5148959999999079
2023-08-18 16:45:00,2737.295014,2736.676414,2736.881884,-0.6185999999997875,-0.41312999999991007,-0.5158649999998488
2023-08-18 17:00:00,2737.292095,2736.674417,2736.881279,-0.6176779999996143,-0.41081599999961327,-0.5142469999996138
2023-08-18 17:30:00,2737.293265,2736.670733,2736.882449,-0.6225319999998646,-0.41081599999961327,-0.516673999999739
2023-08-18 17:45:00,2737.295014,2736.678099,2736.881596,-0.616914999999608,-0.4134179999996377,-0.5151664999996228
2023-08-18 18:00:00,2737.295014,2736.675357,2736.878994,-0.6196569999997337,-0.4160199999996621,-0.5178384999996979
2023-08-18 18:15:00,2737.293845,2736.678215,2736.87953,-0.6156300000002375,-0.4143149999999878,-0.5149725000001126
2023-08-18 18:30:00,2737.293265,2736.680971,2736.88245,-0.6122939999995651,-0.4108149999997295,-0.5115544999996473
2023-08-18 18:45:00,2737.294435,2736.685112,2736.88419,-0.6093229999996765,-0.410244999999577,-0.5097839999996268
2023-08-18 19:00:00,2737.295014,2736.678328,2736.880417,-0.6166859999998451,-0.4145969999999579,-0.5156414999999015
2023-08-18 20:00:00,2737.296764,2736.676741,2736.881031,-0.6200229999999465,-0.415733000000273,-0.5178780000001098
2023-08-18 20:15:00,2737.295014,2736.679153,2736.881884,-0.615860999999768,-0.41312999999991007,-0.514495499999839
2023-08-18 20:45:00,2737.296764,2736.678491,2736.883634,-0.6182730000000447,-0.4131300000003648,-0.5157015000002048
2023-08-18 21:15:00,2737.295604,2736.677993,2736.883054,-0.6176110000001245,-0.4125500000000102,-0.5150805000000673
2023-08-18 21:30:00,2737.293855,2736.683809,2736.883337,-0.6100459999997838,-0.4105179999996835,-0.5102819999997337
2023-08-18 21:45:00,2737.294435,2736.679563,2736.882167,-0.6148719999996501,-0.4122679999995853,-0.5135699999996177
2023-08-18 22:00:00,2737.294435,2736.680738,2736.880744,-0.6136969999997746,-0.41369099999974424,-0.5136939999997594
2023-08-18 23:00:00,2737.295604,2736.684315,2736.882484,-0.6112889999999425,-0.41311999999970794,-0.5122044999998252
2023-08-19 00:45:00,2737.295014,2736.693517,2736.879564,-0.6014969999996538,-0.41544999999996435,-0.5084734999998091
2023-08-19 01:00:00,2737.302012,2736.699609,2736.88709,-0.6024030000003222,-0.4149219999999332,-0.5086625000001277
2023-08-19 01:45:00,2737.296184,2736.698038,2736.883917,-0.5981459999998151,-0.4122669999997015,-0.5052064999997583
2023-08-19 02:30:00,2737.297933,2736.703421,2736.885657,-0.5945119999996678,-0.41227600000001985,-0.5033939999998438
2023-08-19 03:00:00,2737.299683,2736.707913,2736.88944,-0.5917699999999968,-0.41024300000026415,-0.5010065000001305
2023-08-19 03:15:00,2737.296184,2736.707151,2736.888261,-0.5890329999997448,-0.4079229999997551,-0.49847799999974995
2023-08-19 04:00:00,2737.298513,2736.70126,2736.889123,-0.5972530000003644,-0.4093900000002577,-0.5033215000003111
2023-08-19 04:15:00,2737.298513,2736.70499,2736.883916,-0.5935230000000047,-0.4145969999999579,-0.5040599999999813
2023-08-19 04:30:00,2737.296764,2736.705057,2736.884769,-0.5917070000000422,-0.41199500000038825,-0.5018510000002152
2023-08-19 05:00:00,2737.295014,2736.702249,2736.882166,-0.5927649999998721,-0.41284799999993993,-0.502806499999906
2023-08-19 06:00:00,2737.299683,2736.702429,2736.885088,-0.5972540000002482,-0.41459500000019034,-0.5059245000002193
2023-08-19 06:15:00,2737.296764,2736.701258,2736.88652,-0.595506000000114,-0.41024400000014793,-0.502875000000131
2023-08-19 07:15:00,2737.298513,2736.701586,2736.88477,-0.5969270000000506,-0.4137430000000677,-0.5053350000000592
2023-08-19 08:15:00,2737.297354,2736.704076,2736.88825,-0.5932779999998274,-0.4091039999998429,-0.5011909999998352
2023-08-19 08:30:00,2737.297933,2736.701915,2736.88708,-0.5960179999997308,-0.4108529999998609,-0.5034354999997959
2023-08-19 09:30:00,2737.293855,2736.700494,2736.88361,-0.5933609999997316,-0.4102450000000317,-0.5018029999998816
2023-08-19 09:45:00,2737.293855,2736.701253,2736.884507,-0.5926019999997152,-0.40934799999968163,-0.5009749999996984
2023-08-19 10:00:00,2737.293855,2736.702244,2736.882757,-0.5916109999998298,-0.41109800000003816,-0.501354499999934
2023-08-19 11:00:00,2737.295014,2736.701654,2736.881601,-0.5933599999998478,-0.413412999999764,-0.5033864999998059
2023-08-19 11:15:00,2737.292105,2736.695935,2736.880441,-0.5961699999998018,-0.41166400000020076,-0.5039170000000013
2023-08-19 12:15:00,2737.296764,2736.693364,2736.881314,-0.6033999999999651,-0.41544999999996435,-0.5094249999999647
2023-08-19 12:30:00,2737.294435,2736.694355,2736.880734,-0.6000799999997071,-0.41370099999994636,-0.5068904999998267
2023-08-19 12:45:00,2737.294435,2736.692605,2736.878994,-0.6018299999996088,-0.415440999999646,-0.5086354999996274
2023-08-19 13:15:00,2737.294435,2736.689865,2736.883907,-0.604569999999967,-0.41052799999988565,-0.5075489999999263
2023-08-19 13:45:00,2737.295604,2736.691943,2736.883327,-0.6036610000001019,-0.41227699999990364,-0.5079690000000028
2023-08-19 14:15:00,2737.297354,2736.689859,2736.88593,-0.6074949999997443,-0.4114239999998972,-0.5094594999998208
2023-08-19 14:30:00,2737.293855,2736.687118,2736.880724,-0.6067370000000665,-0.41313099999979386,-0.5099339999999302
2023-08-19 15:00:00,2737.293265,2736.689203,2736.882464,-0.6040619999998853,-0.4108009999999922,-0.5074314999999388
2023-08-19 15:30:00,2737.295014,2736.68562,2736.88417,-0.609393999999611,-0.4108439999999973,-0.5101189999998041
2023-08-19 15:45:00,2737.293265,2736.686611,2736.886772,-0.6066539999997076,-0.4064929999999549,-0.5065734999998313
2023-08-19 16:00:00,2737.292095,2736.68288,2736.883317,-0.6092149999999492,-0.4087779999999839,-0.5089964999999665
2023-08-19 16:15:00,2737.292095,2736.686282,2736.88592,-0.6058129999996709,-0.4061749999996209,-0.5059939999996459
2023-08-19 16:45:00,2737.296764,2736.687372,2736.887671,-0.6093920000002981,-0.40909300000021176,-0.509242500000255
2023-08-19 19:30:00,2737.293855,2736.684313,2736.887364,-0.609541999999692,-0.4064909999997326,-0.5080164999997123
2023-08-19 19:45:00,2737.295604,2736.682561,2736.8865,-0.6130429999998341,-0.4091039999998429,-0.5110734999998385
2023-08-19 20:45:00,2737.296764,2736.683131,2736.887944,-0.6136330000003909,-0.4088200000001052,-0.511226500000248
2023-08-19 21:00:00,2737.296764,2736.68313,2736.888226,-0.6136340000002747,-0.40853800000013507,-0.5110860000002049
2023-08-19 21:15:00,2737.296764,2736.68039,2736.885622,-0.6163740000001781,-0.4111420000003818,-0.5137580000002799
2023-08-19 21:30:00,2737.293855,2736.67923,2736.886212,-0.6146249999997053,-0.4076430000000073,-0.5111339999998563
2023-08-19 21:45:00,2737.299103,2736.681307,2736.887964,-0.6177959999999985,-0.41113899999982095,-0.5144674999999097
2023-08-19 22:00:00,2737.297354,2736.683139,2736.888816,-0.6142149999996036,-0.4085379999996803,-0.511376499999642
2023-08-19 22:15:00,2737.297354,2736.68489,2736.891419,-0.612463999999818,-0.4059349999997721,-0.5091994999997951
2023-08-19 22:30:00,2737.296184,2736.682811,2736.887081,-0.6133729999996831,-0.40910299999995914,-0.5112379999998211
2023-08-19 23:45:00,2737.296764,2736.687122,2736.88591,-0.6096420000003491,-0.41085400000019945,-0.5102480000002743
2023-08-20 00:00:00,2737.298513,2736.683719,2736.887661,-0.6147940000000744,-0.4108519999999771,-0.5128230000000258
2023-08-20 00:30:00,2737.302012,2736.685468,2736.889411,-0.6165439999999762,-0.4126009999999951,-0.5145724999999857
2023-08-20 00:45:00,2737.300263,2736.686459,2736.886808,-0.6138040000000728,-0.41345499999988533,-0.5136294999999791
2023-08-20 01:00:00,2737.301432,2736.683898,2736.888831,-0.6175339999999778,-0.4126009999999951,-0.5150674999999865
2023-08-20 01:30:00,2737.301432,2736.68555,2736.887081,-0.615882000000056,-0.41435100000035163,-0.5151165000002038
2023-08-20 02:30:00,2737.298513,2736.680977,2736.888513,-0.6175360000002001,-0.41000000000030923,-0.5137680000002547
2023-08-20 02:45:00,2737.298513,2736.686129,2736.893721,-0.61238400000002,-0.4047920000002705,-0.5085880000001453
2023-08-20 03:00:00,2737.297933,2736.689117,2736.891435,-0.6088159999999334,-0.4064979999998286,-0.507656999999881
2023-08-20 03:45:00,2737.297933,2736.687628,2736.88883,-0.6103049999996983,-0.40910299999995914,-0.5097039999998287
2023-08-20 04:15:00,2737.298513,2736.686458,2736.889079,-0.6120550000000549,-0.4094340000001466,-0.5107445000001007
2023-08-20 04:30:00,2737.297933,2736.68829,2736.887646,-0.6096429999997781,-0.4102869999996983,-0.5099649999997382
2023-08-20 04:45:00,2737.301432,2736.689049,2736.893184,-0.6123830000001362,-0.40824800000018513,-0.5103155000001607
2023-08-20 05:00:00,2737.299683,2736.687299,2736.886227,-0.61238400000002,-0.41345600000022387,-0.512920000000122
2023-08-20 05:15:00,2737.297933,2736.680067,2736.88708,-0.6178660000000491,-0.4108529999998609,-0.514359499999955
2023-08-20 05:30:00,2737.299683,2736.685549,2736.888832,-0.6141340000003765,-0.41085100000009334,-0.5124925000002349
2023-08-20 06:15:00,2737.299683,2736.682145,2736.886228,-0.6175379999999677,-0.4134550000003401,-0.5154965000001539
2023-08-20 06:30:00,2737.296764,2736.684707,2736.88591,-0.6120570000002772,-0.41085400000019945,-0.5114555000002383
2023-08-20 06:45:00,2737.300263,2736.685533,2736.890264,-0.614730000000236,-0.4099989999999707,-0.5123645000001034
2023-08-20 07:00:00,2737.298513,2736.688274,2736.892867,-0.6102390000000923,-0.4056460000001607,-0.5079425000001265
2023-08-20 07:30:00,2737.297354,2736.687956,2736.891137,-0.6093979999996009,-0.40621699999974226,-0.5078074999996716
2023-08-20 07:45:00,2737.297354,2736.684373,2736.886784,-0.6129809999997633,-0.410570000000007,-0.5117754999998851
2023-08-20 08:15:00,2737.297354,2736.686206,2736.89024,-0.6111479999999574,-0.4071139999996376,-0.5091309999997975
2023-08-20 08:30:00,2737.297354,2736.685215,2736.889387,-0.6121389999998428,-0.40796699999964403,-0.5100529999997434
2023-08-20 08:45:00,2737.296184,2736.686786,2736.886794,-0.6093979999996009,-0.40938999999980297,-0.5093939999997019
2023-08-20 09:00:00,2737.297933,2736.684046,2736.885614,-0.613886999999977,-0.41231900000002497,-0.513103000000001
2023-08-20 09:30:00,2737.299683,2736.683055,2736.890819,-0.6166280000002189,-0.4088639999999941,-0.5127460000001065
2023-08-20 10:00:00,2737.299683,2736.680649,2736.887646,-0.6190340000002834,-0.41203700000005483,-0.5155355000001691
2023-08-20 10:15:00,2737.299683,2736.683389,2736.889967,-0.61629400000038,-0.40971600000011676,-0.5130050000002484
2023-08-20 10:30:00,2737.294435,2736.684462,2736.885896,-0.6099729999996271,-0.40853900000001886,-0.509255999999823
2023-08-20 11:30:00,2737.294435,2736.676814,2736.884146,-0.6176209999998719,-0.41028899999992063,-0.5139549999998962
2023-08-20 11:45:00,2737.294435,2736.677805,2736.883294,-0.6166299999999865,-0.41114099999958853,-0.5138854999997875
2023-08-20 12:00:00,2737.293855,2736.676486,2736.884464,-0.6173690000000533,-0.40939099999968676,-0.51337999999987
2023-08-20 12:15:00,2737.293855,2736.679885,2736.885887,-0.6139699999998811,-0.40796799999998257,-0.5109689999999318
2023-08-20 12:30:00,2737.290356,2736.675393,2736.885034,-0.6149629999999888,-0.40532200000006924,-0.510142500000029
2023-08-20 12:45:00,2737.292105,2736.678134,2736.882431,-0.6139710000002196,-0.40967399999999543,-0.5118225000001075
2023-08-20 13:00:00,2737.290936,2736.673398,2736.87951,-0.6175379999999677,-0.4114259999996648,-0.5144819999998163
2023-08-20 13:15:00,2737.288607,2736.671827,2736.881534,-0.6167799999998351,-0.4070729999998548,-0.511926499999845
2023-08-20 13:30:00,2737.290356,2736.673644,2736.879828,-0.6167120000000068,-0.41052799999988565,-0.5136199999999462
2023-08-20 14:15:00,2737.295014,2736.67748,2736.887047,-0.6175339999999778,-0.40796699999964403,-0.5127504999998109
2023-08-20 14:30:00,2737.296764,2736.68197,2736.888514,-0.6147940000000744,-0.4082499999999527,-0.5115220000000136
2023-08-20 14:45:00,2737.295014,2736.678471,2736.884444,-0.6165429999996377,-0.410570000000007,-0.5135564999998223
2023-08-20 15:00:00,2737.289766,2736.675729,2736.881558,-0.6140369999998256,-0.4082079999998314,-0.5111224999998285
2023-08-20 15:30:00,2737.293265,2736.673748,2736.884161,-0.6195169999996324,-0.4091039999998429,-0.5143104999997377
2023-08-20 16:30:00,2737.291516,2736.675402,2736.885014,-0.616113999999925,-0.4065019999998185,-0.5113079999998718
2023-08-20 17:00:00,2737.291516,2736.670829,2736.882411,-0.6206869999996343,-0.4091049999997267,-0.5148959999996805
2023-08-20 17:15:00,2737.291516,2736.67357,2736.88558,-0.6179459999998471,-0.4059359999996559,-0.5119409999997515
2023-08-20 17:30:00,2737.293265,2736.677482,2736.887617,-0.6157829999997375,-0.4056479999999283,-0.5107154999998329
2023-08-20 17:45:00,2737.295014,2736.677154,2736.884726,-0.6178599999998369,-0.41028800000003685,-0.5140739999999369
2023-08-20 18:15:00,2737.294435,2736.67474,2736.887934,-0.6196949999998651,-0.4065009999999347,-0.5130979999998999
2023-08-20 19:30:00,2737.295014,2736.674742,2736.884162,-0.6202719999996589,-0.4108519999999771,-0.515561999999818
2023-08-20 20:00:00,2737.295604,2736.67358,2736.883284,-0.622023999999783,-0.41231999999990876,-0.5171719999998459
2023-08-20 20:30:00,2737.293855,2736.674408,2736.885034,-0.6194470000000365,-0.408820999999989,-0.5141340000000127
2023-08-20 20:45:00,2737.294435,2736.677728,2736.885614,-0.6167069999996784,-0.408820999999989,-0.5127639999998337
2023-08-20 21:00:00,2737.296184,2736.677153,2736.885897,-0.6190309999997226,-0.4102869999996983,-0.5146589999997104
2023-08-20 21:15:00,2737.296184,2736.675321,2736.8885,-0.6208629999996447,-0.4076839999997901,-0.5142734999997174
2023-08-20 21:30:00,2737.298513,2736.674993,2736.884727,-0.6235200000000987,-0.4137860000000728,-0.5186530000000857
2023-08-20 21:45:00,2737.296764,2736.673159,2736.886477,-0.6236050000002251,-0.41028700000015306,-0.5169460000001891
2023-08-20 22:15:00,2737.296764,2736.677733,2736.88908,-0.6190310000001773,-0.40768400000024485,-0.5133575000002111
2023-08-20 23:15:00,2737.296764,2736.675982,2736.88733,-0.6207819999999629,-0.4094340000001466,-0.5151080000000547
2023-08-20 23:45:00,2737.299103,2736.675581,2736.88792,-0.6235219999998662,-0.41118299999970986,-0.517352499999788
2023-08-21 00:00:00,2737.297354,2736.678322,2736.887066,-0.6190319999996063,-0.41028800000003685,-0.5146599999998216
2023-08-21 00:45:00,2737.296184,2736.679311,2736.88616,-0.6168729999999414,-0.4100239999997939,-0.5134484999998676
2023-08-21 01:15:00,2737.297354,2736.67675,2736.886476,-0.6206039999997301,-0.4108779999996841,-0.5157409999997071
2023-08-21 01:30:00,2737.299103,2736.679492,2736.888226,-0.6196109999996224,-0.4108769999998003,-0.5152439999997114
2023-08-21 01:45:00,2737.299103,2736.682232,2736.887042,-0.6168709999997191,-0.41206099999999424,-0.5144659999998566
2023-08-21 03:00:00,2737.297354,2736.682894,2736.889645,-0.6144599999997808,-0.4077089999996133,-0.5110844999996971
2023-08-21 03:15:00,2737.297354,2736.685634,2736.890498,-0.6117199999998775,-0.40685599999960687,-0.5092879999997422
2023-08-21 03:45:00,2737.297354,2736.680481,2736.887042,-0.6168729999999414,-0.41031199999997625,-0.5135924999999588
2023-08-21 04:00:00,2737.299103,2736.682231,2736.888792,-0.6168720000000576,-0.4103109999996377,-0.5135914999998477
2023-08-21 04:15:00,2737.299103,2736.682893,2736.887919,-0.6162099999996826,-0.4111840000000484,-0.5136969999998655
2023-08-21 04:30:00,2737.297354,2736.685635,2736.888772,-0.6117189999999937,-0.408582000000024,-0.5101505000000088
2023-08-21 05:00:00,2737.299103,2736.683884,2736.887895,-0.6152189999997972,-0.4112079999999878,-0.5132134999998925
2023-08-21 06:15:00,2737.294435,2736.683539,2736.887577,-0.6108959999996841,-0.4068579999998292,-0.5088769999997567
2023-08-21 06:45:00,2737.294435,2736.685619,2736.887909,-0.6088159999999334,-0.4065259999997579,-0.5076709999998457
2023-08-21 07:00:00,2737.296184,2736.68661,2736.889327,-0.6095739999996113,-0.4068569999999454,-0.5082154999997783
2023-08-21 07:15:00,2737.296184,2736.688442,2736.888764,-0.6077419999996891,-0.4074200000000019,-0.5075809999998455
2023-08-21 07:30:00,2737.297933,2736.687451,2736.891366,-0.6104820000000473,-0.40656699999999546,-0.5085245000000214
2023-08-21 07:45:00,2737.296184,2736.691182,2736.890513,-0.6050019999997858,-0.4056709999999839,-0.5053364999998848
2023-08-21 08:00:00,2737.295014,2736.686281,2736.886739,-0.6087330000000293,-0.4082749999997759,-0.5085039999999026
2023-08-21 08:15:00,2737.296764,2736.68836,2736.891376,-0.6084040000000641,-0.40538800000013,-0.506896000000097
2023-08-21 09:00:00,2737.296764,2736.683869,2736.888773,-0.6128950000002078,-0.4079910000000382,-0.510443000000123
2023-08-21 09:15:00,2737.296764,2736.68486,2736.889626,-0.6119040000003224,-0.40713800000003175,-0.5095210000001771
2023-08-21 10:15:00,2737.295014,2736.685702,2736.886169,-0.6093119999995906,-0.4088449999999284,-0.5090784999997595
2023-08-21 11:15:00,2737.295014,2736.684861,2736.88617,-0.6101529999996274,-0.40884399999958987,-0.5094984999996086
2023-08-21 11:30:00,2737.296764,2736.684532,2736.888772,-0.612231999999949,-0.4079920000003767,-0.5101120000001629
2023-08-21 11:45:00,2737.296184,2736.683952,2736.888193,-0.612231999999949,-0.4079910000000382,-0.5101114999999936
2023-08-21 12:00:00,2737.295014,2736.681792,2736.885271,-0.6132219999999506,-0.40974299999970754,-0.5114824999998291
2023-08-21 12:30:00,2737.294435,2736.680369,2736.886443,-0.6140659999996387,-0.407991999999922,-0.5110289999997804
2023-08-21 13:15:00,2737.294435,2736.682121,2736.88616,-0.6123139999999694,-0.4082749999997759,-0.5102944999998726
2023-08-21 13:30:00,2737.297933,2736.682881,2736.890513,-0.6150519999996504,-0.4074200000000019,-0.5112359999998262
2023-08-21 13:45:00,2737.290936,2736.67961,2736.882659,-0.6113259999997354,-0.4082769999999982,-0.5098014999998668
2023-08-21 14:00:00,2737.292685,2736.675813,2736.884409,-0.6168720000000576,-0.40827600000011444,-0.512574000000086
2023-08-21 14:15:00,2737.295604,2736.680551,2736.889933,-0.615052999999989,-0.4056709999999839,-0.5103619999999864
2023-08-21 14:30:00,2737.293855,2736.679723,2736.888183,-0.6141319999996995,-0.4056719999998677,-0.5099019999997836
2023-08-21 14:45:00,2737.295604,2736.679395,2736.884727,-0.6162089999997988,-0.4108769999998003,-0.5135429999997996
2023-08-21 15:00:00,2737.297354,2736.678405,2736.885317,-0.6189489999997022,-0.4120369999996001,-0.5154929999996511
2023-08-21 15:15:00,2737.293855,2736.679396,2736.887043,-0.6144589999998971,-0.40681199999971795,-0.5106354999998075
2023-08-21 15:45:00,2737.295014,2736.678724,2736.886477,-0.6162899999999354,-0.40853699999979654,-0.512413499999866
2023-08-21 16:45:00,2737.294435,2736.676312,2736.888476,-0.6181229999997413,-0.4059589999997115,-0.5120409999997264
2023-08-21 17:15:00,2737.292685,2736.672477,2736.886726,-0.6202079999998205,-0.4059589999997115,-0.513083499999766
2023-08-21 17:30:00,2737.294435,2736.675219,2736.887296,-0.6192159999995965,-0.40713899999991554,-0.513177499999756
2023-08-21 17:45:00,2737.294435,2736.674228,2736.885873,-0.6202069999999367,-0.40856199999961973,-0.5143844999997782
2023-08-21 18:00:00,2737.292685,2736.673238,2736.889046,-0.6194470000000365,-0.403639000000112,-0.5115430000000742
2023-08-21 18:45:00,2737.294435,2736.671486,2736.888174,-0.6229489999996076,-0.40626099999963117,-0.5146049999996194
2023-08-21 19:15:00,2737.296184,2736.675978,2736.890796,-0.6202059999995981,-0.40538799999967523,-0.5127969999996367
2023-08-21 20:00:00,2737.296764,2736.672066,2736.887876,-0.6246980000000804,-0.4088880000003883,-0.5167930000002343
2023-08-21 20:15:00,2737.296764,2736.670316,2736.886453,-0.6264479999999821,-0.41031100000009246,-0.5183795000000373
2023-08-21 20:30:00,2737.296764,2736.67065,2736.884726,-0.6261140000001433,-0.41203800000039337,-0.5190760000002683
2023-08-21 20:45:00,2737.292105,2736.673072,2736.883566,-0.6190329999999449,-0.40853900000001886,-0.5137859999999819
2023-08-21 21:00:00,2737.297354,2736.674823,2736.886145,-0.6225309999999808,-0.4112089999998716,-0.5168699999999262
2023-08-21 21:15:00,2737.296184,2736.675485,2736.886159,-0.620698999999604,-0.4100249999996777,-0.5153619999996408
2023-08-21 21:30:00,2737.294435,2736.675814,2736.883556,-0.6186209999996208,-0.4108789999995679,-0.5147499999995944
2023-08-21 21:45:00,2737.294435,2736.674062,2736.884409,-0.6203729999997449,-0.4100260000000162,-0.5151994999998806
2023-08-21 22:00:00,2737.296184,2736.674823,2736.887012,-0.621360999999979,-0.40917199999967124,-0.5152664999998251
2023-08-21 22:30:00,2737.297933,2736.679315,2736.893116,-0.6186179999999695,-0.40481699999963894,-0.5117174999998042
2023-08-21 22:45:00,2737.297354,2736.676654,2736.88733,-0.6206999999999425,-0.4100239999997939,-0.5153619999998682
2023-08-21 23:00:00,2737.294435,2736.673653,2736.889329,-0.6207819999999629,-0.4051059999997051,-0.512943999999834
2023-08-21 23:15:00,2737.299103,2736.679395,2736.890499,-0.6197079999997186,-0.40860399999974106,-0.5141559999997298
2023-08-22 00:15:00,2737.296764,2736.674478,2736.890196,-0.6222860000002584,-0.406568000000334,-0.5144270000002962
2023-08-22 00:30:00,2737.296184,2736.67631,2736.891366,-0.6198739999999816,-0.4048179999999775,-0.5123459999999795
2023-08-22 01:00:00,2737.297354,2736.677644,2736.890498,-0.6197099999999409,-0.40685599999960687,-0.5132829999997739
2023-08-22 01:15:00,2737.297354,2736.677643,2736.888749,-0.6197109999998247,-0.40860499999962485,-0.5141579999997248
2023-08-22 01:30:00,2737.297354,2736.676802,2736.883566,-0.6205519999998614,-0.4137879999998404,-0.5171699999998509
2023-08-22 01:45:00,2737.296184,2736.675483,2736.884122,-0.6207009999998263,-0.412061999999878,-0.5163814999998522
2023-08-22 02:00:00,2737.297354,2736.676653,2736.885293,-0.6207009999998263,-0.41206099999999424,-0.5163809999999103
2023-08-22 03:00:00,2737.296184,2736.679213,2736.884123,-0.6169709999999213,-0.41206099999999424,-0.5145159999999578
2023-08-22 03:45:00,2737.297354,2736.681144,2736.887042,-0.6162099999996826,-0.41031199999997625,-0.5132609999998294
2023-08-22 05:30:00,2737.300852,2736.683884,2736.888773,-0.6169679999998152,-0.4120789999997214,-0.5145234999997683
2023-08-22 06:00:00,2737.297354,2736.681143,2736.890498,-0.6162110000000212,-0.40685599999960687,-0.511533499999814
2023-08-22 06:15:00,2737.297354,2736.682134,2736.888748,-0.615219999999681,-0.4086059999999634,-0.5119129999998222
2023-08-22 06:45:00,2737.299103,2736.683885,2736.887895,-0.6152179999999134,-0.4112079999999878,-0.5132129999999506
2023-08-22 07:00:00,2737.297933,2736.682714,2736.886725,-0.6152189999997972,-0.4112079999999878,-0.5132134999998925
2023-08-22 07:30:00,2737.297933,2736.68387,2736.891932,-0.6140629999999874,-0.40600099999983286,-0.5100319999999101
2023-08-22 08:00:00,2737.295014,2736.677879,2736.890195,-0.617134999999962,-0.40481899999986126,-0.5109769999999116
2023-08-22 08:15:00,2737.296184,2736.682119,2736.891367,-0.614064999999755,-0.40481699999963894,-0.5094409999996969
2023-08-22 08:30:00,2737.294435,2736.68179,2736.889615,-0.6126449999997021,-0.40481999999974505,-0.5087324999997236
2023-08-22 08:45:00,2737.297933,2736.680369,2736.888763,-0.6175639999996747,-0.40916999999990367,-0.5133669999997892
2023-08-22 10:00:00,2737.294435,2736.678619,2736.88441,-0.6158159999999953,-0.4100249999996777,-0.5129204999998365
2023-08-22 10:15:00,2737.297933,2736.678388,2736.889329,-0.6195450000000164,-0.40860399999974106,-0.5140744999998788
2023-08-22 10:30:00,2737.292685,2736.677628,2736.887578,-0.6150569999999789,-0.4051070000000436,-0.5100820000000112
2023-08-22 10:45:00,2737.296184,2736.67581,2736.884975,-0.6203739999996287,-0.4112089999998716,-0.5157914999997502
2023-08-22 11:00:00,2737.295604,2736.681539,2736.887896,-0.614064999999755,-0.4077079999997295,-0.5108864999997422
2023-08-22 11:15:00,2737.292105,2736.677973,2736.883542,-0.6141320000001542,-0.40856299999995827,-0.5113475000000562
2023-08-22 11:45:00,2737.290936,2736.671983,2736.883225,-0.6189529999996921,-0.4077109999998356,-0.5133319999997639
2023-08-22 12:00:00,2737.293855,2736.673153,2736.884395,-0.6207019999997101,-0.4094599999998536,-0.5150809999997819
2023-08-22 12:15:00,2737.290356,2736.67307,2736.88267,-0.6172860000001492,-0.4076860000000124,-0.5124860000000808
2023-08-22 12:30:00,2737.291516,2736.675878,2736.885579,-0.6156379999997625,-0.40593699999999444,-0.5107874999998785
2023-08-22 12:45:00,2737.295014,2736.677963,2736.89048,-0.6170509999997194,-0.404533999999785,-0.5107924999997522
2023-08-22 13:00:00,2737.295014,2736.673389,2736.88615,-0.6216249999997672,-0.4088639999999941,-0.5152444999998806
2023-08-22 13:15:00,2737.289766,2736.672296,2736.8844,-0.6174699999996847,-0.40536599999995815,-0.5114179999998214
2023-08-22 13:30:00,2737.294435,2736.675216,2736.887321,-0.6192189999997026,-0.4071139999996376,-0.5131664999996701
2023-08-22 13:45:00,2737.289766,2736.672296,2736.881227,-0.6174699999996847,-0.40853900000001886,-0.5130044999998518
2023-08-22 14:15:00,2737.292685,2736.670659,2736.88557,-0.6220260000000053,-0.40711499999997613,-0.5145704999999907
2023-08-22 14:45:00,2737.292685,2736.66683,2736.88614,-0.625854999999774,-0.40654499999982363,-0.5161999999997988
2023-08-22 15:00:00,2737.292105,2736.672492,2736.884707,-0.6196129999998448,-0.40739799999983006,-0.5135054999998374
2023-08-22 15:30:00,2737.295604,2736.67066,2736.883854,-0.6249439999996866,-0.41174999999975626,-0.5183469999997214
2023-08-22 15:45:00,2737.293855,2736.666168,2736.882105,-0.6276869999996961,-0.41174999999975626,-0.5197184999997262
2023-08-22 16:15:00,2737.291516,2736.669309,2736.884683,-0.6222069999998894,-0.40683299999955125,-0.5145199999997203
2023-08-22 16:30:00,2737.296184,2736.67124,2736.887604,-0.6249439999996866,-0.40857999999980166,-0.5167619999997441
2023-08-22 16:45:00,2737.295014,2736.670978,2736.888184,-0.6240359999997054,-0.4068299999998999,-0.5154329999998026
2023-08-22 17:15:00,2737.292685,2736.665907,2736.885853,-0.6267779999998311,-0.40683199999966746,-0.5168049999997493
2023-08-22 17:30:00,2737.296184,2736.673139,2736.887039,-0.62304499999982,-0.4091449999996257,-0.5160949999997229
2023-08-22 17:45:00,2737.292685,2736.6703,2736.884103,-0.6223849999996673,-0.408582000000024,-0.5154834999998457
2023-08-22 18:00:00,2737.294435,2736.67106,2736.885,-0.6233749999996689,-0.40943499999957567,-0.5164049999996223
2023-08-22 18:45:00,2737.295604,2736.674971,2736.888774,-0.620632999999998,-0.4068299999998999,-0.5137314999999489
2023-08-22 19:15:00,2737.294435,2736.67007,2736.886751,-0.6243649999996705,-0.4076839999997901,-0.5160244999997303
2023-08-22 19:45:00,2737.296184,2736.67281,2736.889642,-0.6233739999997852,-0.4065419999997175,-0.5149579999997513
2023-08-22 20:00:00,2737.295014,2736.670732,2736.888472,-0.6242819999997664,-0.4065419999997175,-0.515411999999742
2023-08-22 20:15:00,2737.296764,2736.669741,2736.887618,-0.6270230000000083,-0.40914599999996426,-0.5180844999999863
2023-08-22 20:30:00,2737.292105,2736.669898,2736.88731,-0.6222069999998894,-0.40479499999992186,-0.5135009999999056
2023-08-22 20:45:00,2737.295604,2736.670079,2736.885887,-0.6255249999999251,-0.40971700000000055,-0.5176209999999628
2023-08-22 21:00:00,2737.294435,2736.670659,2736.886468,-0.6237759999999071,-0.40796699999964403,-0.5158714999997756
2023-08-22 21:15:00,2737.296184,2736.673399,2736.889071,-0.6227850000000217,-0.4071129999997538,-0.5149489999998877
2023-08-22 21:30:00,2737.294435,2736.673466,2736.887321,-0.6209689999996044,-0.4071139999996376,-0.514041499999621
2023-08-22 22:00:00,2737.297933,2736.671484,2736.889924,-0.6264489999998659,-0.40800899999976536,-0.5172289999998156
2023-08-22 22:15:00,2737.299683,2736.675976,2736.890821,-0.623707000000195,-0.40886200000022654,-0.5162845000002108
2023-08-22 22:30:00,2737.299683,2736.672475,2736.884717,-0.627208000000337,-0.41496600000027684,-0.5210870000003069
2023-08-22 23:00:00,2737.295014,2736.671304,2736.889607,-0.6237099999998463,-0.40540699999974095,-0.5145584999997936
2023-08-22 23:45:00,2737.297933,2736.670657,2736.888744,-0.6272759999997106,-0.4091889999999694,-0.51823249999984
2023-08-23 00:00:00,2737.297933,2736.673463,2736.888174,-0.6244699999997465,-0.40975899999966714,-0.5171144999997068
2023-08-23 00:45:00,2737.296764,2736.676785,2736.888754,-0.6199790000000576,-0.4080100000001039,-0.5139945000000807
2023-08-23 01:15:00,2737.296764,2736.677447,2736.886151,-0.6193170000001373,-0.4106130000000121,-0.5149650000000747
2023-08-23 01:45:00,2737.296184,2736.675214,2736.889924,-0.620969999999943,-0.4062599999997474,-0.5136149999998452
2023-08-23 02:00:00,2737.294435,2736.673462,2736.885571,-0.6209729999995943,-0.4088639999999941,-0.5149184999997942
2023-08-23 02:45:00,2737.299103,2736.675229,2736.889061,-0.623873999999887,-0.4100419999999758,-0.5169579999999314
2023-08-23 03:00:00,2737.299103,2736.675557,2736.889914,-0.6235459999998056,-0.4091889999999694,-0.5163674999998875
2023-08-23 03:15:00,2737.294435,2736.674386,2736.888744,-0.6200489999996535,-0.4056909999999334,-0.5128699999997934
2023-08-23 03:45:00,2737.295604,2736.677969,2736.889061,-0.6176350000000639,-0.40654300000005605,-0.51208900000006
2023-08-23 04:00:00,2737.293855,2736.678959,2736.887311,-0.6148960000000443,-0.40654399999993984,-0.5107199999999921
2023-08-23 05:45:00,2737.295604,2736.676218,2736.888163,-0.6193859999998494,-0.4074409999998352,-0.5134134999998423
2023-08-23 06:00:00,2737.295604,2736.675555,2736.889062,-0.6200490000001082,-0.4065419999997175,-0.5132954999999129
2023-08-23 06:15:00,2737.297354,2736.678296,2736.891664,-0.6190579999997681,-0.4056899999995949,-0.5123739999996815
2023-08-23 06:30:00,2737.296184,2736.677126,2736.889924,-0.6190579999997681,-0.4062599999997474,-0.5126589999997577
2023-08-23 06:45:00,2737.296184,2736.676135,2736.89338,-0.6200489999996535,-0.40280399999983274,-0.5114264999997431
2023-08-23 07:00:00,2737.297933,2736.677952,2736.892527,-0.6199809999998251,-0.40540599999985716,-0.5126934999998412
2023-08-23 07:15:00,2737.296184,2736.675212,2736.890778,-0.6209719999997105,-0.40540599999985716,-0.5131889999997838
2023-08-23 07:45:00,2737.296184,2736.676203,2736.889028,-0.6199809999998251,-0.40715599999975893,-0.513568499999792
2023-08-23 08:15:00,2737.294435,2736.678943,2736.888174,-0.6154919999999038,-0.40626099999963117,-0.5108764999997675
2023-08-23 09:00:00,2737.297933,2736.680694,2736.893097,-0.6172389999996994,-0.40483599999970465,-0.511037499999702
2023-08-23 09:15:00,2737.296184,2736.679704,2736.890494,-0.6164799999996831,-0.4056899999995949,-0.511084999999639
2023-08-23 09:30:00,2737.297933,2736.677626,2736.889924,-0.6203069999996842,-0.40800899999976536,-0.5141579999997248
2023-08-23 09:45:00,2737.296184,2736.680366,2736.892527,-0.6158179999997628,-0.40365699999983917,-0.509737499999801
2023-08-23 10:00:00,2737.296184,2736.676964,2736.889071,-0.6192199999995864,-0.4071129999997538,-0.5131664999996701
2023-08-23 10:15:00,2737.297354,2736.679124,2736.897154,-0.6182300000000396,-0.40020000000004075,-0.5092150000000402
2023-08-23 10:30:00,2737.295604,2736.676382,2736.891094,-0.6192219999998088,-0.4045099999998456,-0.5118659999998272
2023-08-23 11:30:00,2737.298513,2736.678139,2736.892825,-0.6203740000000835,-0.40568800000028205,-0.5130310000001828
2023-08-23 11:45:00,2737.295014,2736.672806,2736.889036,-0.6222079999997732,-0.40597799999977724,-0.5140929999997752
2023-08-23 12:00:00,2737.298513,2736.677298,2736.889934,-0.6212150000001202,-0.4085790000003726,-0.5148970000002464
2023-08-23 12:30:00,2737.296184,2736.676391,2736.892811,-0.619792999999845,-0.4033729999996467,-0.5115829999997459
2023-08-23 12:45:00,2737.296184,2736.673797,2736.888456,-0.6223869999998897,-0.407727999999679,-0.5150574999997843
2023-08-23 13:00:00,2737.294435,2736.670066,2736.891059,-0.6243689999996604,-0.4033759999997528,-0.5138724999997066
2023-08-23 14:00:00,2737.296184,2736.676719,2736.891958,-0.6194649999997637,-0.40422599999965314,-0.5118454999997084
2023-08-23 14:15:00,2737.296184,2736.668183,2736.890206,-0.6280009999995855,-0.40597799999977724,-0.5169894999996814
2023-08-23 14:30:00,2737.297933,2736.675729,2736.895413,-0.6222039999997833,-0.4025199999996403,-0.5123619999997118
2023-08-23 15:00:00,2737.295604,2736.672987,2736.891376,-0.6226169999999911,-0.40422799999987546,-0.5134224999999333
2023-08-23 15:15:00,2737.293855,2736.672161,2736.889344,-0.621693999999934,-0.4045109999997294,-0.5131024999998317
2023-08-23 15:30:00,2737.295604,2736.675729,2736.893698,-0.6198749999998654,-0.4019060000000536,-0.5108904999999595
2023-08-23 16:00:00,2737.295014,2736.665957,2736.888754,-0.6290569999996478,-0.4062599999997474,-0.5176584999996976
2023-08-23 16:15:00,2737.293265,2736.672331,2736.888471,-0.6209339999995791,-0.4047939999995833,-0.5128639999995812
2023-08-23 16:30:00,2737.296184,2736.67515,2736.893098,-0.6210339999997814,-0.4030859999998029,-0.5120599999997921
2023-08-23 16:45:00,2737.294435,2736.674307,2736.887891,-0.6201279999995677,-0.40654399999993984,-0.5133359999997538
2023-08-23 17:00:00,2737.294435,2736.677808,2736.890504,-0.6166269999998804,-0.4039309999998295,-0.5102789999998549
2023-08-23 17:30:00,2737.296184,2736.673316,2736.891069,-0.6228679999999258,-0.40511500000002343,-0.5139914999999746
2023-08-23 18:15:00,2737.296184,2736.671485,2736.887901,-0.6246989999999641,-0.4082829999997557,-0.5164909999998599
2023-08-23 18:45:00,2737.293855,2736.67416,2736.888218,-0.6196949999998651,-0.4056369999998424,-0.5126659999998537
2023-08-23 19:30:00,2737.294435,2736.67614,2736.887038,-0.6182949999997618,-0.4073969999999463,-0.512845999999854
2023-08-23 20:45:00,2737.295014,2736.674314,2736.886151,-0.6206999999999425,-0.4088629999996556,-0.514781499999799
2023-08-23 21:00:00,2737.295604,2736.675731,2736.888491,-0.6198730000000978,-0.4071129999997538,-0.5134929999999258
2023-08-23 21:15:00,2737.296764,2736.676891,2736.889651,-0.6198730000000978,-0.40711300000020856,-0.5134930000001532
2023-08-23 22:00:00,2737.295604,2736.679462,2736.889344,-0.6161419999998543,-0.4062599999997474,-0.5112009999998008
2023-08-23 23:00:00,2737.296764,2736.680622,2736.893108,-0.616142000000309,-0.4036559999999554,-0.5098990000001322
2023-08-23 23:15:00,2737.293855,2736.680452,2736.885888,-0.6134029999998347,-0.4079670000000988,-0.5106849999999667
2023-08-23 23:45:00,2737.297354,2736.682964,2736.892275,-0.6143899999997302,-0.4050789999996596,-0.5097344999996949
2023-08-24 00:00:00,2737.296764,2736.682374,2736.892255,-0.614390000000185,-0.4045089999999618,-0.5094495000000734
2023-08-24 01:00:00,2737.297933,2736.676112,2736.891674,-0.6218209999997271,-0.4062589999998636,-0.5140399999997953
2023-08-24 01:15:00,2737.299683,2736.680669,2736.893425,-0.6190140000003339,-0.4062579999999798,-0.5126360000001569
2023-08-24 01:30:00,2737.297933,2736.687864,2736.891391,-0.6100689999998394,-0.4065419999997175,-0.5083054999997785
2023-08-24 02:00:00,2737.297354,2736.683553,2736.89082,-0.6138009999999667,-0.4065339999997377,-0.5101674999998522
2023-08-24 02:30:00,2737.297354,2736.684544,2736.889968,-0.6128099999996266,-0.40738599999986036,-0.5100979999997435
2023-08-24 04:30:00,2737.295604,2736.686114,2736.892239,-0.6094899999998233,-0.40336500000012165,-0.5064274999999725
2023-08-24 04:45:00,2737.296764,2736.687274,2736.892835,-0.6094900000002781,-0.40392900000006193,-0.50670950000017
2023-08-24 05:15:00,2737.293855,2736.687946,2736.891386,-0.6059089999998832,-0.4024690000001101,-0.5041889999999967
2023-08-24 07:00:00,2737.295604,2736.689266,2736.889636,-0.6063380000000507,-0.40596800000002986,-0.5061530000000403
2023-08-24 08:00:00,2737.294435,2736.687105,2736.890494,-0.6073299999998198,-0.4039409999995769,-0.5056354999996984
2023-08-24 08:15:00,2737.294435,2736.687865,2736.892244,-0.6065699999999197,-0.4021909999996751,-0.5043804999997974
2023-08-24 08:30:00,2737.299683,2736.689681,2736.891391,-0.6100020000003497,-0.40829200000007404,-0.5091470000002118
2023-08-24 08:45:00,2737.294435,2736.687931,2736.893097,-0.6065039999998589,-0.4013379999996687,-0.5039209999997638
2023-08-24 09:15:00,2737.296184,2736.685191,2736.88907,-0.6109929999997803,-0.4071139999996376,-0.509053499999709
2023-08-24 10:45:00,2737.296764,2736.688512,2736.892255,-0.6082519999999931,-0.4045089999999618,-0.5063804999999775
2023-08-24 12:30:00,2737.295014,2736.684884,2736.88965,-0.6101300000000265,-0.4053639999997358,-0.5077469999998812
2023-08-24 13:00:00,2737.297933,2736.686942,2736.890822,-0.6109910000000127,-0.40711099999998623,-0.5090509999999995
2023-08-24 13:15:00,2737.292685,2736.687932,2736.891675,-0.6047530000000734,-0.40101000000004206,-0.5028815000000577
2023-08-24 13:45:00,2737.295604,2736.689102,2736.892562,-0.6065020000000914,-0.40304199999991397,-0.5047720000000027
2023-08-24 14:30:00,2737.297354,2736.691778,2736.895165,-0.6055759999999282,-0.40218899999990754,-0.5038824999999179
2023-08-24 15:30:00,2737.295014,2736.688447,2736.889943,-0.6065669999998136,-0.40507099999967977,-0.5058189999997467
2023-08-24 15:45:00,2737.295014,2736.687277,2736.892547,-0.6077369999998155,-0.4024669999998878,-0.5051019999998516
2023-08-24 16:00:00,2737.295014,2736.690017,2736.893401,-0.6049969999999121,-0.40161299999999756,-0.5033049999999548
2023-08-24 17:30:00,2737.293265,2736.689109,2736.89198,-0.6041559999998753,-0.4012849999999162,-0.5027204999998958
2023-08-24 17:45:00,2737.293845,2736.690018,2736.891128,-0.6038270000003649,-0.4027169999999387,-0.5032720000001518
2023-08-24 19:00:00,2737.295014,2736.685526,2736.892834,-0.609487999999601,-0.4021799999995892,-0.5058339999995951
2023-08-24 19:15:00,2737.293265,2736.682786,2736.889378,-0.6104789999999412,-0.4038869999999406,-0.5071829999999409
2023-08-24 19:45:00,2737.293855,2736.687286,2736.89257,-0.6065690000000359,-0.4012849999999162,-0.503926999999976
2023-08-24 21:30:00,2737.296184,2736.685951,2736.892571,-0.6102329999998801,-0.40361299999995026,-0.5069229999999152
2023-08-24 22:00:00,2737.294435,2736.686942,2736.887365,-0.6074929999999767,-0.4070699999997487,-0.5072814999998627
2023-08-24 22:30:00,2737.293265,2736.685772,2736.891401,-0.6074929999999767,-0.4018639999999323,-0.5046784999999545
2023-08-25 03:00:00,2737.294435,2736.690672,2736.890538,-0.603762999999617,-0.403896999999688,-0.5038299999996525
2023-08-25 03:15:00,2737.297354,2736.691844,2736.891708,-0.6055099999998674,-0.40564599999970596,-0.5055779999997867
2023-08-25 07:15:00,2737.297354,2736.69401,2736.889671,-0.6033439999996517,-0.4076829999999063,-0.505513499999779
2023-08-25 07:30:00,2737.296764,2736.689688,2736.889081,-0.6070760000002338,-0.40768300000036106,-0.5073795000002974
2023-08-25 08:15:00,2737.299103,2736.690278,2736.892274,-0.608824999999797,-0.4068290000000161,-0.5078269999999065
2023-08-25 08:45:00,2737.297354,2736.69036,2736.891421,-0.6069939999997587,-0.40593300000000454,-0.5064634999998816
2023-08-25 09:00:00,2737.297354,2736.68937,2736.889669,-0.6079839999997603,-0.4076849999996739,-0.5078344999997171
2023-08-25 09:15:00,2737.295604,2736.688528,2736.890522,-0.607075999999779,-0.4050819999997657,-0.5060789999997723
2023-08-25 09:30:00,2737.295604,2736.68762,2736.890523,-0.6079839999997603,-0.4050809999998819,-0.5065324999998211
2023-08-25 09:45:00,2737.296184,2736.68919,2736.889353,-0.6069939999997587,-0.40683099999978367,-0.5069124999997712
2023-08-25 10:15:00,2737.296184,2736.688529,2736.891104,-0.6076549999997951,-0.4050799999999981,-0.5063674999998966
2023-08-25 10:30:00,2737.294435,2736.686777,2736.888787,-0.6076579999999012,-0.4056479999999283,-0.5066529999999148
2023-08-25 11:45:00,2737.292105,2736.682287,2736.88792,-0.6098179999999047,-0.40418499999987034,-0.5070014999998875
2023-08-25 12:00:00,2737.295604,2736.685787,2736.88967,-0.6098170000000209,-0.40593399999988833,-0.5078754999999546
2023-08-25 13:00:00,2737.293265,2736.681616,2736.88965,-0.611648999999943,-0.40361499999971784,-0.5076319999998304
2023-08-25 13:15:00,2737.295014,2736.684022,2736.893108,-0.6109919999998965,-0.40190599999959886,-0.5064489999997477
2023-08-25 13:30:00,2737.293265,2736.678705,2736.888753,-0.6145599999999831,-0.4045119999996132,-0.5095359999997982
2023-08-25 13:45:00,2737.292685,2736.679875,2736.890493,-0.6128100000000813,-0.40219200000001365,-0.5075010000000475
2023-08-25 14:00:00,2737.296184,2736.681625,2736.89139,-0.6145589999996446,-0.40479400000003807,-0.5096764999998413
2023-08-25 15:15:00,2737.293855,2736.681954,2736.89082,-0.6119009999997616,-0.40303499999981796,-0.5074679999997898
2023-08-25 15:30:00,2737.292685,2736.678705,2736.890503,-0.6139800000000832,-0.4021819999998115,-0.5080809999999474
2023-08-25 15:45:00,2737.292685,2736.678043,2736.88965,-0.6146420000000035,-0.40303499999981796,-0.5088384999999107
2023-08-25 16:00:00,2737.295604,2736.679875,2736.889636,-0.6157290000001012,-0.40596800000002986,-0.5108485000000655
2023-08-25 16:30:00,2737.296184,2736.677136,2736.890494,-0.6190480000000207,-0.4056899999995949,-0.5123689999998078
2023-08-25 16:45:00,2737.294435,2736.675155,2736.887038,-0.6192799999998897,-0.4073969999999463,-0.513338499999918
2023-08-25 17:00:00,2737.293265,2736.680687,2736.883557,-0.6125779999997576,-0.4097079999996822,-0.5111429999997199
2023-08-25 17:15:00,2737.292685,2736.677895,2736.885297,-0.6147900000000845,-0.4073880000000827,-0.5110890000000836
2023-08-25 17:30:00,2737.292685,2736.686349,2736.884727,-0.6063359999998283,-0.40795799999978044,-0.5071469999998044
2023-08-25 17:45:00,2737.292685,2736.682387,2736.886195,-0.6102980000000571,-0.4064899999998488,-0.5083939999999529
2023-08-25 18:00:00,2737.292685,2736.682616,2736.882694,-0.6100689999998394,-0.4099909999999909,-0.5100299999999152
2023-08-25 18:15:00,2737.291516,2736.683196,2736.867085,-0.6083199999998214,-0.4244309999999132,-0.5163754999998673
2023-08-25 18:30:00,2737.293265,2736.679466,2736.887047,-0.6137989999997444,-0.40621799999962604,-0.5100084999996852
2023-08-25 18:45:00,2737.293265,2736.679532,2736.887899,-0.6137329999996837,-0.40536599999995815,-0.5095494999998209
2023-08-25 19:00:00,2737.293265,2736.683366,2736.894857,-0.6098989999995865,-0.39840800000001764,-0.5041534999998021
2023-08-25 19:45:00,2737.292105,2736.681298,2736.887919,-0.6108070000000225,-0.4041860000002089,-0.5074965000001157
2023-08-25 20:00:00,2737.292685,2736.684038,2736.891391,-0.608647000000019,-0.40129399999977977,-0.5049704999998994
2023-08-25 20:15:00,2737.295014,2736.68835,2736.891118,-0.6066639999999097,-0.4038959999998042,-0.505279999999857
2023-08-25 20:30:00,2737.295014,2736.686466,2736.896324,-0.6085479999997006,-0.3986899999999878,-0.5036189999998442
2023-08-25 20:45:00,2737.295014,2736.690034,2736.891971,-0.6049799999996139,-0.40304299999979776,-0.5040114999997058
2023-08-25 21:15:00,2737.291516,2736.685542,2736.885015,-0.6059739999996054,-0.4065009999999347,-0.5062374999997701
2023-08-25 21:30:00,2737.295014,2736.686533,2736.881558,-0.608480999999756,-0.4134559999997691,-0.5109684999997626
2023-08-25 22:00:00,2737.296764,2736.686368,2736.882412,-0.610396000000037,-0.4143520000002354,-0.5123740000001362
2023-08-25 22:15:00,2737.296764,2736.690925,2736.884161,-0.6058390000002873,-0.41260300000021743,-0.5092210000002524
2023-08-25 22:30:00,2737.295014,2736.688118,2736.875499,-0.6068959999997787,-0.41951499999959196,-0.5132054999996853
2023-08-25 22:45:00,2737.295014,2736.689934,2736.889367,-0.6050799999998162,-0.40564699999958975,-0.505363499999703
2023-08-25 23:15:00,2737.295604,2736.689102,2736.883002,-0.6065020000000914,-0.4126019999998789,-0.5095519999999851
2023-08-25 23:45:00,2737.295604,2736.690852,2736.879544,-0.6047519999997348,-0.41606000000001586,-0.5104059999998753
2023-08-26 00:00:00,2737.296764,2736.692013,2736.881559,-0.6047510000003058,-0.41520500000024185,-0.5099780000002738
2023-08-26 00:30:00,2737.296764,2736.690262,2736.883308,-0.6065020000000914,-0.41345600000022387,-0.5099790000001576
2023-08-26 00:45:00,2737.298513,2736.687192,2736.885911,-0.6113210000003164,-0.41260200000033365,-0.511961500000325
2023-08-26 01:15:00,2737.296764,2736.690261,2736.880706,-0.6065029999999751,-0.4160580000002483,-0.5112805000001117
2023-08-26 02:00:00,2737.293265,2736.691847,2736.886764,-0.6014179999997395,-0.4065009999999347,-0.5039594999998371
2023-08-26 02:15:00,2737.296184,2736.693018,2736.888787,-0.6031659999998737,-0.4073969999999463,-0.50528149999991
2023-08-26 02:45:00,2737.297933,2736.693777,2736.889685,-0.6041559999998753,-0.4082479999997304,-0.5062019999998029
2023-08-26 03:00:00,2737.296184,2736.693017,2736.887081,-0.6031669999997575,-0.40910299999995914,-0.5061349999998583
2023-08-26 03:15:00,2737.299683,2736.694767,2736.887647,-0.6049160000002303,-0.41203600000017104,-0.5084760000002007
2023-08-26 03:30:00,2737.297933,2736.689947,2736.875484,-0.6079859999999826,-0.42244899999968766,-0.5152174999998351
2023-08-26 03:45:00,2737.299683,2736.692026,2736.877234,-0.6076570000000174,-0.4224490000001424,-0.5150530000000799
2023-08-26 04:00:00,2737.296184,2736.694766,2736.884147,-0.6014179999997395,-0.4120369999996001,-0.5067274999996698
2023-08-26 04:15:00,2737.294435,2736.693016,2736.881544,-0.6014189999996233,-0.41289099999994505,-0.5071549999997842
2023-08-26 04:45:00,2737.296184,2736.691265,2736.876337,-0.6049189999998816,-0.41984699999966324,-0.5123829999997724
2023-08-26 05:15:00,2737.297933,2736.690274,2736.882728,-0.607658999999785,-0.4152049999997871,-0.5114319999997861
2023-08-26 05:30:00,2737.295014,2736.692672,2736.874601,-0.6023419999996804,-0.42041299999982584,-0.5113774999997531
2023-08-26 06:00:00,2737.300263,2736.694422,2736.891118,-0.6058410000000549,-0.40914500000008047,-0.5074930000000677
2023-08-26 06:30:00,2737.298513,2736.68993,2736.878102,-0.6085830000001806,-0.42041100000005827,-0.5144970000001194
2023-08-26 06:45:00,2737.297354,2736.696413,2736.878975,-0.6009409999996933,-0.4183789999997316,-0.5096599999997125
2023-08-26 07:00:00,2737.297354,2736.698065,2736.877225,-0.5992889999997715,-0.4201289999996334,-0.5097089999997024
2023-08-26 07:45:00,2737.297354,2736.690886,2736.892843,-0.6064679999999498,-0.4045109999997294,-0.5054894999998396
2023-08-26 08:00:00,2737.296184,2736.691512,2736.909018,-0.6046719999999368,-0.38716599999997925,-0.49591899999995803
2023-08-26 08:15:00,2737.294435,2736.694334,2736.905561,-0.6001009999999951,-0.3888739999997597,-0.4944874999998774
2023-08-26 08:30:00,2737.297354,2736.695504,2736.912791,-0.6018500000000131,-0.3845629999996163,-0.4932064999998147
2023-08-26 08:45:00,2737.294435,2736.686893,2736.894846,-0.6075419999997393,-0.3995889999996507,-0.503565499999695
2023-08-26 09:00:00,2737.296184,2736.693344,2736.894276,-0.6028400000000147,-0.4019079999998212,-0.5023739999999179
2023-08-26 09:15:00,2737.294435,2736.68877,2736.892526,-0.6056649999995898,-0.401908999999705,-0.5037869999996474
2023-08-26 10:00:00,2737.297354,2736.689939,2736.893696,-0.6074149999999463,-0.40365799999972296,-0.5055364999998346
2023-08-26 12:30:00,2737.295014,2736.688509,2736.89197,-0.6065049999997427,-0.40304399999968155,-0.5047744999997121
2023-08-26 12:45:00,2737.296184,2736.684793,2736.89314,-0.6113909999999123,-0.40304399999968155,-0.5072174999997969
2023-08-26 13:00:00,2737.294435,2736.687601,2736.890537,-0.6068339999997079,-0.40389799999957177,-0.5053659999996398
2023-08-26 13:15:00,2737.293265,2736.686431,2736.891117,-0.6068339999997079,-0.40214799999967,-0.5044909999996889
2023-08-26 13:30:00,2737.293265,2736.68544,2736.894574,-0.6078249999995933,-0.39869099999987156,-0.5032579999997324
2023-08-26 13:45:00,2737.293855,2736.686358,2736.894594,-0.6074969999999666,-0.39926100000002407,-0.5033789999999954
2023-08-26 14:45:00,2737.293265,2736.682469,2736.893722,-0.6107959999999366,-0.3995429999999942,-0.5051694999999654
2023-08-26 15:00:00,2737.292685,2736.683804,2736.902369,-0.6088810000001104,-0.39031599999998434,-0.49959850000004735
2023-08-26 15:15:00,2737.290936,2736.679409,2736.891391,-0.6115270000000237,-0.3995449999997618,-0.5055359999998927
2023-08-26 15:30:00,2737.295604,2736.688705,2736.900082,-0.6068989999998848,-0.39552199999980076,-0.5012104999998428
2023-08-26 15:45:00,2737.295014,2736.685954,2736.894287,-0.6090599999997721,-0.4007269999997334,-0.5048934999997527
2023-08-26 16:00:00,2737.293265,2736.686945,2736.885624,-0.6063199999998687,-0.407640999999785,-0.5069804999998269
2023-08-26 16:15:00,2737.293265,2736.687853,2736.882739,-0.6054119999998875,-0.4105259999996633,-0.5079689999997754
2023-08-26 16:30:00,2737.294435,2736.688115,2736.901233,-0.6063199999998687,-0.3932019999997465,-0.4997609999998076
2023-08-26 16:45:00,2737.295014,2736.689686,2736.902666,-0.6053279999996448,-0.39234799999985626,-0.49883799999975054
2023-08-26 17:00:00,2737.291516,2736.680621,2736.882693,-0.6108949999998003,-0.4088229999997566,-0.5098589999997785
2023-08-26 17:15:00,2737.291516,2736.687936,2736.877498,-0.6035799999999654,-0.4140179999999418,-0.5087989999999536
2023-08-26 17:30:00,2737.293855,2736.685785,2736.88849,-0.6080699999997705,-0.40536500000007436,-0.5067174999999224
2023-08-26 17:45:00,2737.293265,2736.685195,2736.894858,-0.6080699999997705,-0.3984069999996791,-0.5032384999997248
2023-08-26 18:15:00,2737.293265,2736.684205,2736.876075,-0.6090599999997721,-0.417189999999664,-0.5131249999997181
2023-08-26 18:30:00,2737.292105,2736.685786,2736.873163,-0.606318999999985,-0.4189419999997881,-0.5126304999998865
2023-08-26 19:00:00,2737.293855,2736.684795,2736.879258,-0.6090599999997721,-0.4145969999999579,-0.511828499999865
2023-08-26 19:15:00,2737.293855,2736.680303,2736.87056,-0.6135519999997996,-0.4232950000000528,-0.5184234999999262
2023-08-26 20:15:00,2737.293265,2736.682633,2736.872895,-0.6106319999998959,-0.4203699999998207,-0.5155009999998583
2023-08-26 20:30:00,2737.295014,2736.685375,2736.887662,-0.6096389999997882,-0.40735199999971883,-0.5084954999997535
2023-08-26 20:45:00,2737.293265,2736.684779,2736.880705,-0.6084859999996297,-0.41255999999975757,-0.5105229999996936
2023-08-26 21:00:00,2737.293855,2736.683618,2736.886785,-0.61023699999987,-0.4070699999997487,-0.5086534999998094
2023-08-26 21:30:00,2737.292685,2736.685188,2736.876952,-0.6074969999999666,-0.4157329999998183,-0.5116149999998925
2023-08-26 21:45:00,2737.292685,2736.681457,2736.872598,-0.6112279999997554,-0.4200869999999668,-0.5156574999998611
2023-08-26 22:00:00,2737.294435,2736.682299,2736.89025,-0.6121359999997367,-0.40418499999987034,-0.5081604999998035
2023-08-26 22:15:00,2737.296184,2736.685041,2736.887648,-0.611142999999629,-0.40853599999991275,-0.5098394999997709
2023-08-26 22:30:00,2737.296184,2736.680549,2736.885897,-0.6156349999996564,-0.4102869999996983,-0.5129609999996774
2023-08-26 23:15:00,2737.298513,2736.686611,2736.885625,-0.6119020000001001,-0.4128880000002937,-0.5123950000001969
2023-08-26 23:45:00,2737.296764,2736.687601,2736.883873,-0.6091630000000805,-0.41289099999994505,-0.5110270000000128
2023-08-27 00:15:00,2737.297933,2736.68504,2736.892,-0.6128929999999855,-0.40593300000000454,-0.509412999999995
2023-08-27 00:30:00,2737.296184,2736.684196,2736.89257,-0.6119879999996556,-0.40361399999983405,-0.5078009999997448
2023-08-27 01:00:00,2737.293855,2736.6872,2736.894593,-0.6066550000000461,-0.39926199999990786,-0.502958499999977
2023-08-27 01:30:00,2737.293855,2736.687349,2736.892844,-0.6065060000000813,-0.40101099999992584,-0.5037585000000036
2023-08-27 02:00:00,2737.295604,2736.690848,2736.896345,-0.6047559999997247,-0.39925899999980174,-0.5020074999997632
2023-08-27 03:00:00,2737.295014,2736.68818,2736.891971,-0.6068339999997079,-0.40304299999979776,-0.5049384999997528
2023-08-27 03:45:00,2737.298513,2736.695412,2736.895472,-0.6031010000001515,-0.4030410000000302,-0.5030710000000909
2023-08-27 04:00:00,2737.296184,2736.693841,2736.897494,-0.602343000000019,-0.3986899999999878,-0.5005165000000034
2023-08-27 04:15:00,2737.296184,2736.69209,2736.895745,-0.6040939999998045,-0.40043900000000576,-0.5022664999999051
2023-08-27 04:30:00,2737.294435,2736.694832,2736.894892,-0.5996029999996608,-0.3995429999999942,-0.4995729999998275
2023-08-27 04:45:00,2737.299683,2736.696582,2736.895789,-0.6031010000001515,-0.4038940000000366,-0.5034975000000941
2023-08-27 05:45:00,2737.296184,2736.697572,2736.89631,-0.5986119999997754,-0.39987399999972695,-0.4992429999997512
2023-08-27 06:00:00,2737.297933,2736.698563,2736.893706,-0.599369999999908,-0.4042269999999917,-0.5017984999999499
2023-08-27 06:30:00,2737.295014,2736.698234,2736.894287,-0.5967799999998533,-0.4007269999997334,-0.49875349999979335
2023-08-27 07:00:00,2737.298513,2736.699986,2736.896324,-0.5985270000001037,-0.4021890000003623,-0.500358000000233
2023-08-27 07:15:00,2737.296764,2736.697244,2736.89689,-0.5995200000002114,-0.3998740000001817,-0.49969700000019657
2023-08-27 09:15:00,2737.296184,2736.695823,2736.895744,-0.6003609999997934,-0.40043999999988955,-0.5004004999998415
2023-08-27 10:30:00,2737.295014,2736.688842,2736.892823,-0.6061719999997877,-0.4021909999996751,-0.5041814999997314
2023-08-27 11:00:00,2737.292685,2736.692092,2736.893142,-0.6005930000001172,-0.3995429999999942,-0.5000680000000557
2023-08-27 11:30:00,2737.295604,2736.689694,2736.894312,-0.605909999999767,-0.4012920000000122,-0.5036009999998896
2023-08-27 11:45:00,2737.293855,2736.689366,2736.892273,-0.6044889999998304,-0.40158199999996214,-0.5030354999998963
2023-08-27 12:00:00,2737.297354,2736.692108,2736.894024,-0.6052459999996245,-0.4033299999996416,-0.504287999999633
2023-08-27 12:15:00,2737.295604,2736.690357,2736.890854,-0.605246999999963,-0.4047499999996944,-0.5049984999998287
2023-08-27 12:30:00,2737.293855,2736.688525,2736.892274,-0.6053299999998671,-0.40158100000007835,-0.5034554999999727
2023-08-27 12:45:00,2737.296764,2736.691436,2736.893434,-0.6053280000000996,-0.40333000000009633,-0.504329000000098
2023-08-27 13:45:00,2737.293855,2736.692109,2736.89142,-0.6017459999998209,-0.40243499999996857,-0.5020904999998947
2023-08-27 14:15:00,2737.291516,2736.685061,2736.89083,-0.6064549999996416,-0.4006859999999506,-0.5035704999997961
2023-08-27 14:30:00,2737.294435,2736.693598,2736.894321,-0.6008369999999559,-0.40011399999957575,-0.5004754999997658
2023-08-27 14:45:00,2737.292685,2736.694254,2736.895174,-0.5984309999998914,-0.39751099999966755,-0.49797099999977945
2023-08-27 15:15:00,2737.299103,2736.693592,2736.896062,-0.6055109999997512,-0.4030410000000302,-0.5042759999998907
2023-08-27 15:30:00,2737.293855,2736.688274,2736.893413,-0.6055809999998019,-0.4004420000001119,-0.5030114999999569
2023-08-27 16:15:00,2737.295014,2736.693598,2736.894297,-0.601415999999972,-0.400716999999986,-0.501066499999979
2023-08-27 16:30:00,2737.292095,2736.690097,2736.893399,-0.6019979999996394,-0.39869599999974525,-0.5003469999996923
2023-08-27 16:45:00,2737.290346,2736.686513,2736.892833,-0.6038330000001224,-0.3975130000003446,-0.5006730000002335
2023-08-27 17:00:00,2737.293845,2736.687274,2736.891127,-0.6065710000002582,-0.40271800000027724,-0.5046445000002677
2023-08-27 17:15:00,2737.293845,2736.685522,2736.89198,-0.6083229999999276,-0.4018650000002708,-0.5050940000000992
2023-08-27 17:30:00,2737.295014,2736.686612,2736.894614,-0.6084019999998418,-0.40039999999999054,-0.5044009999999162
2023-08-27 17:45:00,2737.296764,2736.687603,2736.892011,-0.6091610000003129,-0.40475300000025527,-0.5069570000002841
2023-08-27 18:15:00,2737.295014,2736.684861,2736.892864,-0.6101529999996274,-0.4021499999998923,-0.5061514999997598
2023-08-27 18:30:00,2737.293265,2736.683111,2736.891113,-0.6101539999999659,-0.4021519999996599,-0.5061529999998129
2023-08-27 19:00:00,2737.293845,2736.686431,2736.891693,-0.6074140000000625,-0.40215200000011464,-0.5047830000000886
2023-08-27 19:15:00,2737.292095,2736.687275,2736.893732,-0.6048199999995632,-0.3983629999997902,-0.5015914999996767
2023-08-27 20:00:00,2737.292105,2736.690687,2736.89082,-0.6014180000001943,-0.4012849999999162,-0.5013515000000552
2023-08-27 20:45:00,2737.294435,2736.688855,2736.890538,-0.6055799999999181,-0.403896999999688,-0.504738499999803
2023-08-27 21:00:00,2737.292685,2736.690671,2736.893141,-0.6020140000000538,-0.399543999999878,-0.5007789999999659
2023-08-27 22:00:00,2737.294435,2736.692503,2736.893424,-0.6019319999995787,-0.40101099999992584,-0.5014714999997523
2023-08-27 22:15:00,2737.295014,2736.685769,2736.895427,-0.6092449999996461,-0.3995869999998831,-0.5044159999997646
2023-08-27 23:00:00,2737.295014,2736.688844,2736.890504,-0.6061700000000201,-0.4045099999998456,-0.5053399999999328
2023-08-28 00:00:00,2737.293265,2736.689501,2736.893107,-0.6037639999999556,-0.4001579999999194,-0.5019609999999375
2023-08-28 00:15:00,2737.297933,2736.69242,2736.896028,-0.6055129999999735,-0.4019049999997151,-0.5037089999998443
2023-08-28 00:30:00,2737.295014,2736.69125,2736.892254,-0.6037639999999556,-0.40275999999994383,-0.5032619999999497
2023-08-28 01:15:00,2737.297933,2736.69417,2736.895175,-0.603762999999617,-0.4027579999997215,-0.5032604999996693
2023-08-28 01:45:00,2737.296184,2736.69516,2736.894892,-0.6010239999995974,-0.4012920000000122,-0.5011579999998048
2023-08-28 02:15:00,2737.295604,2736.696332,2736.894311,-0.5992719999999281,-0.401292999999896,-0.500282499999912
2023-08-28 02:30:00,2737.293855,2736.692831,2736.895164,-0.6010240000000522,-0.39869099999987156,-0.4998574999999619
2023-08-28 02:45:00,2737.297354,2736.691511,2736.892561,-0.6058429999998225,-0.40479299999969953,-0.505317999999761
2023-08-28 03:15:00,2737.293855,2736.695242,2736.892561,-0.598613000000114,-0.40129399999977977,-0.49995349999994687
2023-08-28 04:30:00,2737.295604,2736.69283,2736.891708,-0.602773999999954,-0.4038959999998042,-0.5033349999998791
2023-08-28 04:45:00,2737.296184,2736.692419,2736.893141,-0.6037649999998393,-0.40304299999979776,-0.5034039999998186
2023-08-28 06:00:00,2737.298513,2736.695165,2736.895755,-0.6033480000000964,-0.40275800000017625,-0.5030530000001363
2023-08-28 06:15:00,2737.295014,2736.688843,2736.894005,-0.6061709999999039,-0.4010089999997035,-0.5035899999998037
2023-08-28 06:30:00,2737.296764,2736.692425,2736.896608,-0.6043389999999818,-0.40015600000015183,-0.5022475000000668
2023-08-28 07:00:00,2737.295014,2736.693415,2736.893435,-0.6015989999996236,-0.401578999999856,-0.5015889999997398
2023-08-28 07:15:00,2737.293855,2736.688524,2736.89748,-0.6053309999997509,-0.3963749999998072,-0.5008529999997791
2023-08-28 08:00:00,2737.297354,2736.693097,2736.898333,-0.6042569999999614,-0.3990209999997205,-0.501638999999841
2023-08-28 08:30:00,2737.296184,2736.691928,2736.894559,-0.6042559999996229,-0.40162499999996726,-0.5029404999997951
2023-08-28 09:30:00,2737.293855,2736.690357,2736.893979,-0.603497999999945,-0.39987599999994927,-0.5016869999999471
2023-08-28 09:45:00,2737.293855,2736.686773,2736.893126,-0.6070819999999912,-0.4007289999999557,-0.5039054999999735
2023-08-28 11:15:00,2737.292105,2736.688606,2736.890523,-0.6034989999998288,-0.40158199999996214,-0.5025404999998955
2023-08-28 12:00:00,2737.290936,2736.687436,2736.891103,-0.6034999999997126,-0.39983299999994415,-0.5016664999998284
2023-08-28 12:30:00,2737.294435,2736.726733,2736.911075,-0.5677019999998265,-0.3833599999998114,-0.47553099999981896
2023-08-28 12:45:00,2737.295604,2736.735219,2736.912247,-0.5603849999997692,-0.3833569999997053,-0.47187099999973725
2023-08-28 13:00:00,2737.299103,2736.745274,2736.922659,-0.5538289999999506,-0.37644399999999223,-0.4651364999999714
2023-08-28 13:15:00,2737.297354,2736.743442,2736.920908,-0.5539119999998547,-0.3764459999997598,-0.4651789999998073
2023-08-28 13:30:00,2737.299103,2736.747025,2736.909642,-0.5520779999997103,-0.3894609999997556,-0.47076949999973294
2023-08-28 13:45:00,2737.296764,2736.745266,2736.917433,-0.5514980000002652,-0.3793310000000929,-0.46541450000017903
2023-08-28 14:00:00,2737.296764,2736.744276,2736.90645,-0.5524880000002668,-0.39031400000021677,-0.47140100000024177
2023-08-28 14:15:00,2737.295014,2736.742524,2736.903847,-0.5524900000000343,-0.39116699999976845,-0.4718284999999014
2023-08-28 14:30:00,2737.296184,2736.743613,2736.907337,-0.5525709999997162,-0.38884699999971417,-0.47070899999971516
2023-08-28 14:45:00,2737.294435,2736.743613,2736.904734,-0.5508219999996982,-0.3897009999996044,-0.4702614999996513
2023-08-28 15:00:00,2737.292685,2736.747426,2736.902985,-0.5452589999999873,-0.3896999999997206,-0.46747949999985394
2023-08-28 15:15:00,2737.292685,2736.747427,2736.905587,-0.5452580000001035,-0.3870979999996962,-0.46617799999989984
2023-08-28 15:45:00,2737.292685,2736.742786,2736.90819,-0.5498990000000958,-0.384494999999788,-0.4671969999999419
2023-08-28 16:00:00,2737.292685,2736.746435,2736.915147,-0.5462499999998727,-0.37753799999973126,-0.46189399999980196
2023-08-28 16:30:00,2737.294435,2736.742622,2736.91775,-0.5518129999995836,-0.3766849999997248,-0.4642489999996542
2023-08-28 16:45:00,2737.290936,2736.740111,2736.902983,-0.5508249999998043,-0.38795299999992494,-0.4693889999998646
2023-08-28 17:00:00,2737.296184,2736.73988,2736.906484,-0.5563039999997272,-0.3896999999997206,-0.4730019999997239
2023-08-28 17:15:00,2737.292685,2736.737305,2736.904733,-0.5553799999997864,-0.38795200000004115,-0.47166599999991377
2023-08-28 17:30:00,2737.295604,2736.735734,2736.908507,-0.5598700000000463,-0.3870969999998124,-0.47348349999992934
2023-08-28 18:00:00,2737.289766,2736.72616,2736.899209,-0.5636059999997087,-0.39055699999971694,-0.47708149999971283
2023-08-28 18:15:00,2737.292685,2736.729841,2736.909938,-0.562844000000041,-0.38274700000010853,-0.47279550000007475
2023-08-28 18:30:00,2737.296184,2736.732582,2736.920351,-0.5636019999997188,-0.3758329999996022,-0.4697174999996605
2023-08-28 18:45:00,2737.294435,2736.729989,2736.912541,-0.5644459999998617,-0.38189399999964735,-0.4731699999997545
2023-08-28 19:00:00,2737.293855,2736.728084,2736.903869,-0.5657710000000407,-0.38998599999968064,-0.47787849999986065
2023-08-28 19:15:00,2737.295604,2736.73017,2736.905903,-0.5654340000000957,-0.38970100000005914,-0.4775675000000774
2023-08-28 19:30:00,2737.293855,2736.725678,2736.904152,-0.5681770000001052,-0.3897029999998267,-0.47893999999996595
2023-08-28 20:00:00,2737.295604,2736.732993,2736.905901,-0.5626109999998334,-0.3897029999998267,-0.4761569999998301
2023-08-28 20:15:00,2737.294435,2736.726258,2736.904161,-0.5681769999996504,-0.390273999999863,-0.4792254999997567
2023-08-28 20:30:00,2737.296184,2736.722528,2736.907334,-0.5736560000000281,-0.3888499999998203,-0.4812529999999242
2023-08-28 21:15:00,2737.293855,2736.722356,2736.906184,-0.571498999999676,-0.3876709999999548,-0.4795849999998154
2023-08-28 21:30:00,2737.299103,2736.723118,2736.907368,-0.575984999999946,-0.39173499999969863,-0.4838599999998223
2023-08-28 21:45:00,2737.295604,2736.718626,2736.910824,-0.5769780000000537,-0.38477999999986423,-0.480878999999959
2023-08-28 22:00:00,2737.294435,2736.717456,2736.909654,-0.5769789999999375,-0.384780999999748,-0.48087999999984277
2023-08-28 22:15:00,2737.294435,2736.714714,2736.904447,-0.5797209999996085,-0.38998799999990297,-0.4848544999997557
2023-08-28 23:30:00,2737.296184,2736.714052,2736.906197,-0.5821320000000014,-0.3899870000000192,-0.4860595000000103
2023-08-28 23:45:00,2737.294435,2736.712965,2736.905344,-0.5814699999996265,-0.3890910000000076,-0.48528049999981704
2023-08-29 00:15:00,2737.299103,2736.712303,2736.909969,-0.5868000000000393,-0.38913400000001275,-0.487967000000026
2023-08-29 00:30:00,2737.299683,2736.715705,2736.908819,-0.5839780000001156,-0.390863999999965,-0.4874210000000403
2023-08-29 00:45:00,2737.296184,2736.70758,2736.905626,-0.5886040000000321,-0.3905579999996007,-0.4895809999998164
2023-08-29 01:30:00,2737.295014,2736.70915,2736.90706,-0.585863999999674,-0.38795399999980873,-0.48690899999974135
2023-08-29 02:00:00,2737.297933,2736.711313,2736.906196,-0.586620000000039,-0.39173699999992095,-0.48917849999998
2023-08-29 02:30:00,2737.299683,2736.707498,2736.907947,-0.5921849999999722,-0.39173600000003717,-0.4919605000000047
2023-08-29 02:45:00,2737.294435,2736.703998,2736.904446,-0.590436999999838,-0.38998899999978676,-0.4902129999998124
2023-08-29 03:00:00,2737.297354,2736.70758,2736.907365,-0.589774000000034,-0.38998899999978676,-0.4898814999999104
2023-08-29 03:15:00,2737.297933,2736.705748,2736.905343,-0.5921849999999722,-0.3925899999999274,-0.4923874999999498
2023-08-29 03:30:00,2737.297933,2736.703008,2736.907945,-0.5949249999998756,-0.38998799999990297,-0.4924564999998893
2023-08-29 04:00:00,2737.301432,2736.707401,2736.911422,-0.5940310000000864,-0.3900100000000748,-0.4920205000000806
2023-08-29 04:15:00,2737.297933,2736.70565,2736.909672,-0.5922829999999522,-0.3882610000000568,-0.4902720000000045
2023-08-29 05:00:00,2737.298513,2736.700087,2736.905308,-0.5984260000000177,-0.39320500000030734,-0.4958155000001625
2023-08-29 05:15:00,2737.301432,2736.704759,2736.904772,-0.5966730000000098,-0.3966600000003382,-0.496666500000174
2023-08-29 05:45:00,2737.299683,2736.704839,2736.907375,-0.5948440000001938,-0.392308000000412,-0.4935760000003029
2023-08-29 06:00:00,2737.298513,2736.702679,2736.907058,-0.5958340000001954,-0.39145500000040556,-0.49364450000030047
2023-08-29 06:15:00,2737.300263,2736.70443,2736.907955,-0.5958330000003116,-0.39230799999995725,-0.4940705000001344
2023-08-29 06:45:00,2737.300263,2736.698107,2736.903603,-0.6021559999999226,-0.39665999999988344,-0.49940799999990304
2023-08-29 07:15:00,2737.297354,2736.69439,2736.904451,-0.6029639999997016,-0.39290299999993294,-0.4979334999998173
2023-08-29 07:30:00,2737.297354,2736.689766,2736.903598,-0.6075879999998506,-0.3937559999999394,-0.500671999999895
2023-08-29 07:45:00,2737.300852,2736.698123,2736.907053,-0.6027289999997265,-0.3937989999999445,-0.4982639999998355
2023-08-29 08:30:00,2737.299683,2736.68949,2736.905031,-0.6101929999999811,-0.3946520000004057,-0.5024225000001934
2023-08-29 09:00:00,2737.296184,2736.696029,2736.903281,-0.6001549999996314,-0.39290299999993294,-0.4965289999997822
2023-08-29 09:15:00,2737.296184,2736.697019,2736.906737,-0.5991649999996298,-0.3894470000000183,-0.49430599999982405
2023-08-29 10:15:00,2737.296184,2736.692461,2736.905884,-0.603722999999718,-0.39030000000002474,-0.4970114999998714
2023-08-29 11:00:00,2737.290936,2736.692528,2736.90153,-0.5984079999998357,-0.38940599999978076,-0.49390699999980825
2023-08-29 11:15:00,2737.292105,2736.691882,2736.901847,-0.6002229999999145,-0.3902579999999034,-0.49524049999990893
2023-08-29 11:30:00,2737.293855,2736.695613,2736.900097,-0.5982420000000275,-0.39375799999970695,-0.4959999999998672
2023-08-29 12:15:00,2737.293855,2736.687309,2736.9027,-0.6065459999999803,-0.39115499999979875,-0.4988504999998895
2023-08-29 12:30:00,2737.292105,2736.689717,2736.902724,-0.6023879999997916,-0.38938099999995757,-0.4958844999998746
2023-08-29 12:45:00,2737.292105,2736.69528,2736.904148,-0.5968250000000808,-0.38795699999991484,-0.4923909999999978
2023-08-29 13:15:00,2737.293265,2736.69644,2736.905308,-0.596824999999626,-0.38795699999991484,-0.49239099999977043
2023-08-29 13:30:00,2737.295014,2736.697683,2736.904454,-0.5973309999999401,-0.39055999999982305,-0.4939454999998816
2023-08-29 13:45:00,2737.292685,2736.699511,2736.905624,-0.59317400000009,-0.3870609999999033,-0.49011749999999665
2023-08-29 14:15:00,2737.293265,2736.692859,2736.901827,-0.6004059999995661,-0.3914379999996527,-0.4959219999996094
2023-08-29 14:30:00,2737.293265,2736.693768,2736.90443,-0.5994969999997011,-0.38883499999974447,-0.49416599999972277
2023-08-29 14:45:00,2737.294435,2736.696688,2736.905342,-0.5977469999997993,-0.3890929999997752,-0.49341999999978725
2023-08-29 15:00:00,2737.292685,2736.697678,2736.904445,-0.5950069999998959,-0.38823999999976877,-0.49162349999983235
2023-08-29 15:15:00,2737.292685,2736.69735,2736.907048,-0.5953349999999773,-0.38563699999986056,-0.49048599999991893
2023-08-29 15:30:00,2737.293855,2736.69677,2736.903012,-0.5970849999998791,-0.390842999999677,-0.493963999999778
2023-08-29 15:45:00,2737.292105,2736.69403,2736.905615,-0.5980749999998807,-0.386489999999867,-0.49228249999987383
2023-08-29 16:00:00,2737.293855,2736.692212,2736.905616,-0.6016429999999673,-0.388238999999885,-0.49494099999992613
2023-08-29 16:15:00,2737.290356,2736.693203,2736.903011,-0.5971530000001621,-0.38734500000009575,-0.49224900000012894
2023-08-29 16:45:00,2737.293855,2736.694954,2736.904763,-0.5989009999998416,-0.3890919999998914,-0.4939964999998665
2023-08-29 17:00:00,2737.292105,2736.697695,2736.902158,-0.5944100000001526,-0.38994700000012017,-0.4921785000001364
2023-08-29 18:00:00,2737.295014,2736.696115,2736.903318,-0.5988989999996193,-0.3916959999996834,-0.49529749999965134
2023-08-29 18:15:00,2737.293265,2736.694363,2736.902134,-0.5989019999997254,-0.39113099999985934,-0.49501649999979236
2023-08-29 18:30:00,2737.295014,2736.696777,2736.903884,-0.598236999999699,-0.39112999999997555,-0.4946834999998373
2023-08-29 19:15:00,2737.295014,2736.694943,2736.90734,-0.6000709999998435,-0.38767399999960617,-0.4938724999997248
2023-08-29 19:45:00,2737.295604,2736.692213,2736.905615,-0.6033910000001015,-0.38998899999978676,-0.4966899999999441
2023-08-29 20:30:00,2737.297933,2736.69038,2736.905342,-0.6075529999998253,-0.3925909999998112,-0.5000719999998182
2023-08-29 20:45:00,2737.296184,2736.692197,2736.903592,-0.603986999999961,-0.39259199999969496,-0.49828949999982797
2023-08-29 21:00:00,2737.295014,2736.692777,2736.901852,-0.6022369999996044,-0.39316199999984747,-0.49769949999972596
2023-08-29 21:15:00,2737.296764,2736.694609,2736.906204,-0.6021550000000389,-0.3905600000002778,-0.4963575000001583
2023-08-29 21:30:00,2737.295014,2736.692859,2736.901852,-0.6021549999995841,-0.39316199999984747,-0.4976584999997158
2023-08-29 21:45:00,2737.300263,2736.693618,2736.907058,-0.6066450000002988,-0.39320500000030734,-0.49992500000030304
2023-08-29 22:00:00,2737.298513,2736.690035,2736.905327,-0.6084780000001047,-0.3931860000002416,-0.5008320000001731
2023-08-29 22:15:00,2737.296764,2736.689044,2736.90618,-0.6077199999999721,-0.3905840000002172,-0.49915200000009463
2023-08-29 22:45:00,2737.299103,2736.690706,2736.904167,-0.6083969999999681,-0.39493599999968865,-0.5016664999998284
2023-08-29 23:00:00,2737.297354,2736.689716,2736.90502,-0.6076379999999517,-0.39233399999966423,-0.499985999999808
2023-08-29 23:30:00,2737.297354,2736.692791,2736.902417,-0.604562999999871,-0.3949370000000272,-0.49974999999994907
2023-08-30 01:00:00,2737.302012,2736.690793,2736.90793,-0.6112189999998918,-0.3940820000002532,-0.5026505000000725
2023-08-30 03:30:00,2737.297933,2736.697675,2736.904747,-0.6002579999999398,-0.3931859999997869,-0.49672199999986333
2023-08-30 03:45:00,2737.297933,2736.696685,2736.905342,-0.6012479999999414,-0.3925909999998112,-0.4969194999998763
2023-08-30 04:00:00,2737.301432,2736.696356,2736.907945,-0.6050760000002811,-0.3934870000002775,-0.49928150000027927
2023-08-30 04:15:00,2737.299683,2736.695694,2736.907092,-0.6039890000001833,-0.3925910000002659,-0.4982900000002246
2023-08-30 04:45:00,2737.299683,2736.696684,2736.906195,-0.6029990000001817,-0.39348800000016126,-0.4982435000001715
2023-08-30 05:45:00,2737.297933,2736.694605,2736.903592,-0.6033279999996921,-0.39434099999971295,-0.49883449999970253
2023-08-30 08:15:00,2737.298513,2736.692855,2736.900103,-0.6056580000004033,-0.39841000000023996,-0.5020340000003216
2023-08-30 08:45:00,2737.295604,2736.690705,2736.901545,-0.6048989999999321,-0.3940589999997428,-0.49947899999983747
2023-08-30 09:00:00,2737.296764,2736.691865,2736.904455,-0.6048990000003869,-0.3923090000002958,-0.49860400000034133
2023-08-30 09:15:00,2737.298513,2736.690033,2736.905308,-0.608480000000327,-0.39320500000030734,-0.5008425000003172
2023-08-30 10:45:00,2737.294435,2736.690444,2736.902125,-0.6039909999999509,-0.3923099999997248,-0.49815049999983785
2023-08-30 11:30:00,2737.297354,2736.691219,2736.904762,-0.6061349999999948,-0.39259199999969496,-0.49936349999984486
2023-08-30 11:45:00,2737.297354,2736.691548,2736.908218,-0.6058060000000296,-0.3891359999997803,-0.49747099999990496
2023-08-30 12:00:00,2737.295604,2736.69046,2736.90041,-0.6051440000001094,-0.3951939999997194,-0.5001689999999144
2023-08-30 12:15:00,2737.296764,2736.692611,2736.902988,-0.604153000000224,-0.39377600000034363,-0.4989645000002838
2023-08-30 12:30:00,2737.295014,2736.689788,2736.902135,-0.605225999999675,-0.39287899999999354,-0.49905249999983425
2023-08-30 13:00:00,2737.296184,2736.691621,2736.901555,-0.604562999999871,-0.3946289999998953,-0.49959599999988313
2023-08-30 13:30:00,2737.292685,2736.687458,2736.900374,-0.6052270000000135,-0.39231100000006336,-0.49876900000003843
2023-08-30 13:45:00,2737.292685,2736.68812,2736.901227,-0.6045650000000933,-0.3914580000000569,-0.4980115000000751
2023-08-30 14:00:00,2737.290936,2736.687278,2736.899477,-0.6036579999999958,-0.3914589999999407,-0.49755849999996826
2023-08-30 14:15:00,2737.292105,2736.686467,2736.902116,-0.605637999999999,-0.38998899999978676,-0.4978134999998929
2023-08-30 14:30:00,2737.295604,2736.686067,2736.903865,-0.6095369999998184,-0.39173899999968853,-0.5006379999997534
2023-08-30 14:45:00,2737.295604,2736.688809,2736.903013,-0.6067949999996927,-0.3925909999998112,-0.4996929999997519
2023-08-30 15:00:00,2737.293855,2736.684317,2736.901263,-0.6095379999997022,-0.39259199999969496,-0.5010649999996986
2023-08-30 15:15:00,2737.296764,2736.687376,2736.905025,-0.6093880000003082,-0.3917390000001433,-0.5005635000002258
2023-08-30 15:30:00,2737.293265,2736.682127,2736.897172,-0.6111379999997553,-0.39609299999983705,-0.5036154999997962
2023-08-30 15:45:00,2737.295594,2736.685298,2736.901238,-0.6102960000002895,-0.3943560000002435,-0.5023260000002665
2023-08-30 16:00:00,2737.295014,2736.685627,2736.902418,-0.6093869999999697,-0.39259599999968486,-0.5009914999998273
2023-08-30 16:15:00,2737.296184,2736.685806,2736.902735,-0.6103779999998551,-0.3934489999996913,-0.5019134999997732
2023-08-30 16:30:00,2737.293265,2736.682886,2736.90152,-0.6103789999997389,-0.39174499999990076,-0.5010619999998198
2023-08-30 17:00:00,2737.293265,2736.683877,2736.90209,-0.6093879999998535,-0.39117499999974825,-0.5002814999998009
2023-08-30 17:15:00,2737.294435,2736.683231,2736.899804,-0.611203999999816,-0.3946309999996629,-0.5029174999997394
2023-08-30 17:30:00,2737.296184,2736.684981,2736.906181,-0.6112029999999322,-0.3900029999999788,-0.5006029999999555
2023-08-30 17:45:00,2737.294435,2736.685643,2736.905865,-0.608791999999994,-0.3885699999996177,-0.49868099999980586
2023-08-30 18:00:00,2737.294435,2736.682902,2736.905011,-0.6115329999997812,-0.3894239999999627,-0.5004784999998719
2023-08-30 18:15:00,2737.295594,2736.684062,2736.906171,-0.6115320000003521,-0.3894230000000789,-0.5004775000002155
2023-08-30 18:30:00,2737.294435,2736.681069,2736.902407,-0.6133659999995871,-0.3920279999997547,-0.5026969999996709
2023-08-30 18:45:00,2737.294435,2736.681912,2736.907615,-0.6125229999997828,-0.38681999999971595,-0.49967149999974936
2023-08-30 19:00:00,2737.295594,2736.683072,2736.906172,-0.6125220000003537,-0.3894220000001951,-0.5009720000002744
2023-08-30 20:15:00,2737.297933,2736.68399,2736.903587,-0.6139429999998356,-0.3943460000000414,-0.5041444999999385
2023-08-30 20:30:00,2737.296184,2736.688547,2736.90444,-0.6076369999996132,-0.39174400000001697,-0.4996904999998151
2023-08-30 20:45:00,2737.296184,2736.686797,2736.901837,-0.6093869999999697,-0.3943469999999252,-0.5018669999999474
2023-08-30 21:00:00,2737.296764,2736.688367,2736.902417,-0.6083969999999681,-0.3943470000003799,-0.501372000000174
2023-08-30 21:15:00,2737.296764,2736.687377,2736.905874,-0.6093869999999697,-0.39089000000012675,-0.5001385000000482
2023-08-30 21:30:00,2737.296764,2736.684636,2736.905022,-0.6121280000002116,-0.3917420000002494,-0.5019350000002305
2023-08-30 22:15:00,2737.298513,2736.686386,2736.904169,-0.6121270000003278,-0.3943440000002738,-0.5032355000003008
2023-08-30 23:45:00,2737.295014,2736.687375,2736.905875,-0.6076389999998355,-0.38913899999988644,-0.49838899999986097
2023-08-31 00:15:00,2737.296764,2736.688216,2736.904456,-0.6085480000001553,-0.39230799999995725,-0.5004280000000563
2023-08-31 00:45:00,2737.296764,2736.692275,2736.906196,-0.6044890000002852,-0.3905680000002576,-0.4975285000002714
2023-08-31 01:00:00,2737.298513,2736.691284,2736.906772,-0.6072290000001885,-0.3917410000003656,-0.49948500000027707
2023-08-31 01:15:00,2737.299683,2736.693116,2736.906192,-0.6065670000002683,-0.3934910000002674,-0.5000290000002678
2023-08-31 01:45:00,2737.297933,2736.693116,2736.906182,-0.6048169999999118,-0.39175099999965823,-0.498283999999785
2023-08-31 02:15:00,2737.301432,2736.693035,2736.907932,-0.6083970000004228,-0.39350000000013097,-0.5009485000002769
2023-08-31 02:30:00,2737.297933,2736.695016,2736.904442,-0.6029169999997066,-0.39349099999981263,-0.4982039999997596
2023-08-31 03:15:00,2737.299683,2736.692273,2736.906752,-0.6074100000000726,-0.392931000000317,-0.5001705000001948
2023-08-31 05:30:00,2737.297933,2736.694024,2736.903588,-0.6039089999999305,-0.39434499999970285,-0.4991269999998167
2023-08-31 05:45:00,2737.299683,2736.694686,2736.906191,-0.6049970000003668,-0.39349200000015117,-0.499244500000259
2023-08-31 06:15:00,2737.301432,2736.696846,2736.905328,-0.6045860000003813,-0.3961040000003777,-0.5003450000003795
2023-08-31 07:00:00,2737.299683,2736.695856,2736.902726,-0.6038270000003649,-0.39695700000038414,-0.5003920000003745
2023-08-31 07:15:00,2737.301432,2736.698596,2736.904476,-0.6028360000000248,-0.3969560000000456,-0.4998960000000352
2023-08-31 07:30:00,2737.300263,2736.693696,2736.905908,-0.6065670000002683,-0.394354999999905,-0.5004610000000866
2023-08-31 08:00:00,2737.295014,2736.691944,2736.904158,-0.6030699999996614,-0.3908559999999852,-0.4969629999998233
2023-08-31 08:45:00,2737.296764,2736.691185,2736.902408,-0.6055790000000343,-0.3943560000002435,-0.4999675000001389
2023-08-31 09:00:00,2737.299683,2736.692934,2736.902418,-0.6067490000000362,-0.39726500000006126,-0.5020070000000487
2023-08-31 09:45:00,2737.296764,2736.692937,2736.904456,-0.6038270000003649,-0.39230799999995725,-0.4980675000001611
2023-08-31 10:30:00,2737.296184,2736.691186,2736.900956,-0.6049979999997959,-0.3952279999998609,-0.5001129999998284
2023-08-31 10:45:00,2737.293265,2736.693928,2736.898353,-0.5993369999996503,-0.39491199999974924,-0.49712449999969976
2023-08-31 11:45:00,2737.291516,2736.694919,2736.901512,-0.5965969999997469,-0.39000399999986257,-0.49330049999980474
2023-08-31 12:15:00,2737.293265,2736.687604,2736.898919,-0.6056609999995999,-0.39434599999958664,-0.5000034999995933
2023-08-31 12:30:00,2737.295014,2736.689354,2736.900659,-0.6056599999997161,-0.394354999999905,-0.5000074999998105
2023-08-31 13:00:00,2737.294435,2736.687784,2736.901838,-0.6066509999996015,-0.39259699999956865,-0.49962399999958507
2023-08-31 13:15:00,2737.294435,2736.685706,2736.902691,-0.6087289999995846,-0.39174400000001697,-0.5002364999998008
2023-08-31 13:30:00,2737.294435,2736.686696,2736.905002,-0.607738999999583,-0.3894329999998263,-0.49858599999970465
2023-08-31 14:00:00,2737.297344,2736.68779,2736.903568,-0.6095540000001165,-0.3937759999998889,-0.5016650000000027
2023-08-31 14:15:00,2737.297344,2736.682638,2736.904422,-0.6147059999998419,-0.39292199999999866,-0.5038139999999203
2023-08-31 15:00:00,2737.295594,2736.681466,2736.901819,-0.6141280000001643,-0.3937750000000051,-0.5039515000000847
2023-08-31 15:30:00,2737.296764,2736.682305,2736.900956,-0.6144590000003518,-0.39580800000021554,-0.5051335000002837
2023-08-31 15:45:00,2737.293845,2736.679301,2736.902389,-0.6145440000000235,-0.39145600000028935,-0.5030000000001564
2023-08-31 16:15:00,2737.295014,2736.671229,2736.898354,-0.6237849999997707,-0.39665999999988344,-0.510222499999827
2023-08-31 16:30:00,2737.293265,2736.685423,2736.899206,-0.6078419999998914,-0.3940589999997428,-0.5009504999998171
2023-08-31 16:45:00,2737.296764,2736.686288,2736.900104,-0.6104760000002898,-0.3966600000003382,-0.503568000000314
2023-08-31 17:15:00,2737.290936,2736.677567,2736.896305,-0.6133689999996932,-0.3946309999996629,-0.503999999999678
2023-08-31 17:30:00,2737.295594,2736.680345,2736.900966,-0.6152489999999489,-0.3946280000000115,-0.5049384999999802
2023-08-31 17:45:00,2737.295594,2736.679354,2736.903569,-0.616240000000289,-0.3920250000001033,-0.5041325000001962
2023-08-31 18:30:00,2737.295014,2736.681284,2736.902706,-0.6137300000000323,-0.39230799999995725,-0.5030189999999948
2023-08-31 18:45:00,2737.291516,2736.684486,2736.898353,-0.6070299999996678,-0.39316299999973126,-0.5000964999996995
2023-08-31 19:15:00,2737.296184,2736.687406,2736.903876,-0.608777999999802,-0.39230799999995725,-0.5005429999998796
2023-08-31 19:45:00,2737.293265,2736.691845,2736.901839,-0.6014199999999619,-0.39142599999968297,-0.4964229999998224
2023-08-31 20:00:00,2737.296184,2736.687308,2736.902127,-0.6088759999997819,-0.39405699999997523,-0.5014664999998786
2023-08-31 20:15:00,2737.296764,2736.687888,2736.90356,-0.6088760000002367,-0.3932039999999688,-0.5010400000001027
2023-08-31 20:45:00,2737.295014,2736.686138,2736.900955,-0.6088759999997819,-0.3940589999997428,-0.5014674999997624
2023-08-31 21:00:00,2737.295594,2736.682988,2736.90414,-0.6126060000001416,-0.391454000000067,-0.5020300000001043
2023-08-31 21:30:00,2737.299093,2736.684819,2736.903569,-0.6142740000000231,-0.3955240000000231,-0.5048990000000231
2023-08-31 21:45:00,2737.299093,2736.6903,2736.906172,-0.6087929999998778,-0.3929210000001149,-0.5008569999999963
2023-08-31 22:00:00,2737.299093,2736.692118,2736.905319,-0.6069750000001477,-0.3937740000001213,-0.5003745000001345
2023-08-31 22:15:00,2737.297344,2736.692446,2736.902717,-0.6048980000000483,-0.39462700000012774,-0.49976250000008804
2023-08-31 22:45:00,2737.297344,2736.695186,2736.904422,-0.602158000000145,-0.39292199999999866,-0.4975400000000718
2023-08-31 23:00:00,2737.294435,2736.693036,2736.905012,-0.6013989999996738,-0.38942299999962415,-0.495410999999649
2023-08-31 23:15:00,2737.297933,2736.692045,2736.906192,-0.6058880000000499,-0.39174099999991085,-0.4988144999999804
2023-08-31 23:45:00,2737.299683,2736.694785,2736.906762,-0.6048980000000483,-0.3929210000001149,-0.4989095000000816
2023-09-01 00:00:00,2737.299683,2736.692045,2736.904159,-0.6076380000004065,-0.3955240000000231,-0.5015810000002148
2023-09-01 00:30:00,2737.297933,2736.692373,2736.906752,-0.6055599999999686,-0.3911809999999605,-0.4983704999999645
2023-09-01 01:15:00,2737.299683,2736.694867,2736.90415,-0.604816000000028,-0.3955330000003414,-0.5001745000001847
2023-09-01 02:45:00,2737.301432,2736.698368,2736.907079,-0.6030640000003586,-0.3943530000001374,-0.498708500000248
2023-09-01 03:00:00,2737.297933,2736.694204,2736.905329,-0.6037289999999302,-0.39260399999966467,-0.49816649999979745
2023-09-01 05:30:00,2737.296764,2736.690955,2736.902419,-0.6058090000001357,-0.3943450000001576,-0.5000770000001467
2023-09-01 06:00:00,2737.301432,2736.692705,2736.905021,-0.6087270000002718,-0.39641100000017104,-0.5025690000002214
2023-09-01 07:00:00,2737.299683,2736.700348,2736.904446,-0.5993350000003375,-0.39523700000017925,-0.49728600000025835
2023-09-01 07:15:00,2737.295014,2736.699244,2736.901526,-0.5957699999999022,-0.3934879999997065,-0.49462899999980436
2023-09-01 07:30:00,2737.298513,2736.700994,2736.900673,-0.597519000000375,-0.39784000000008746,-0.4976795000002312
2023-09-01 07:45:00,2737.300263,2736.700004,2736.905026,-0.6002590000002783,-0.39523700000017925,-0.4977480000002288
2023-09-01 08:00:00,2737.298513,2736.700004,2736.905879,-0.5985090000003765,-0.39263400000027104,-0.4955715000003238
2023-09-01 08:15:00,2737.297354,2736.698844,2736.904719,-0.5985099999998056,-0.3926349999997001,-0.49557249999975284
2023-09-01 09:00:00,2737.297354,2736.697094,2736.905572,-0.6002599999997074,-0.39178199999969365,-0.4960209999997005
2023-09-01 09:45:00,2737.295604,2736.697279,2736.904149,-0.5983249999999316,-0.3914549999999508,-0.4948899999999412
2023-09-01 10:00:00,2737.294435,2736.694358,2736.900376,-0.600076999999601,-0.3940589999997428,-0.4970679999996719
2023-09-01 10:30:00,2737.294435,2736.694359,2736.899523,-0.6000759999997172,-0.39491199999974924,-0.4974939999997332
2023-09-01 10:45:00,2737.294435,2736.693369,2736.90473,-0.6010659999997188,-0.3897049999995943,-0.49538549999965653
2023-09-01 11:00:00,2737.297354,2736.692706,2736.903295,-0.6046479999999974,-0.3940589999997428,-0.4993534999998701
2023-09-01 11:15:00,2737.292685,2736.689786,2736.903831,-0.6028989999999794,-0.3888539999998102,-0.4958764999998948
2023-09-01 12:15:00,2737.295604,2736.689207,2736.90415,-0.6063970000000154,-0.391454000000067,-0.4989255000000412
2023-09-01 12:45:00,2737.293855,2736.686467,2736.905001,-0.6073879999999008,-0.3888539999998102,-0.4981209999998555
2023-09-01 13:15:00,2737.293855,2736.682565,2736.905003,-0.6112899999998263,-0.3888520000000426,-0.5000709999999344
2023-09-01 13:30:00,2737.295604,2736.6829,2736.902399,-0.6127040000001216,-0.3932049999998526,-0.5029544999999871
2023-09-01 14:30:00,2737.289186,2736.679646,2736.898343,-0.6095399999999245,-0.3908430000001317,-0.5001915000000281
2023-09-01 14:45:00,2737.292105,2736.686297,2736.902969,-0.6058079999997972,-0.3891359999997803,-0.49747199999978875
2023-09-01 15:15:00,2737.292105,2736.685307,2736.905285,-0.6067979999997988,-0.3868200000001707,-0.49680899999998474
2023-09-01 15:45:00,2737.293265,2736.685626,2736.902092,-0.6076389999998355,-0.3911729999999807,-0.4994059999999081
2023-09-01 16:15:00,2737.292095,2736.680145,2736.902379,-0.6119499999999789,-0.3897159999996802,-0.5008329999998296
2023-09-01 16:30:00,2737.293845,2736.684635,2736.903276,-0.6092100000000755,-0.3905690000001414,-0.49988950000010846
2023-09-01 16:45:00,2737.295014,2736.680145,2736.901522,-0.6148689999999988,-0.3934919999996964,-0.5041804999998476
2023-09-01 17:00:00,2737.295594,2736.677984,2736.902954,-0.6176100000002407,-0.3926400000000285,-0.5051250000001346
2023-09-01 17:15:00,2737.293845,2736.675242,2736.903842,-0.6186030000003484,-0.3900029999999788,-0.5043030000001636
2023-09-01 17:30:00,2737.295014,2736.677405,2736.903262,-0.6176089999999022,-0.39175199999999677,-0.5046804999999495
2023-09-01 18:00:00,2737.293845,2736.676233,2736.900352,-0.6176120000000083,-0.39349300000003495,-0.5055525000000216
2023-09-01 18:15:00,2737.296764,2736.678975,2736.902102,-0.6177890000003572,-0.39466200000015306,-0.5062255000002551
2023-09-01 19:45:00,2737.295014,2736.681135,2736.904129,-0.6138789999999972,-0.3908849999997983,-0.5023819999998977
2023-09-01 20:00:00,2737.293855,2736.683475,2736.907322,-0.6103800000000774,-0.3865329999998721,-0.49845649999997477
2023-09-01 20:15:00,2737.297354,2736.68465,2736.905616,-0.6127039999996668,-0.39173799999980474,-0.5022209999997358
2023-09-01 20:30:00,2737.297354,2736.682566,2736.909925,-0.6147879999998622,-0.38742899999988367,-0.501108499999873
2023-09-01 21:00:00,2737.296184,2736.68173,2736.90298,-0.6144540000000234,-0.3932039999999688,-0.5038289999999961
2023-09-01 21:30:00,2737.298513,2736.683136,2736.905592,-0.6153770000000804,-0.3929210000001149,-0.5041490000000977
2023-09-01 21:45:00,2737.296764,2736.686204,2736.906162,-0.6105600000000777,-0.3906019999999444,-0.500581000000011
2023-09-01 22:00:00,2737.296764,2736.684885,2736.908765,-0.6118790000000445,-0.3879990000000362,-0.4999390000000403
2023-09-01 22:15:00,2737.295014,2736.684967,2736.903842,-0.6100469999996676,-0.39117199999964214,-0.5006094999996549
2023-09-01 22:30:00,2737.298513,2736.689459,2736.908195,-0.6090540000000146,-0.39031800000020667,-0.49968600000011065
2023-09-01 22:45:00,2737.297354,2736.688625,2736.904432,-0.6087290000000394,-0.39292199999999866,-0.500825500000019
2023-09-02 00:00:00,2737.297354,2736.692208,2736.906469,-0.605145999999877,-0.3908849999997983,-0.49801549999983763
2023-09-02 01:00:00,2737.302602,2736.693957,2736.911389,-0.6086450000002515,-0.39121300000033443,-0.49992900000029294
2023-09-02 01:15:00,2737.297354,2736.693197,2736.909637,-0.6041569999997591,-0.3877169999996113,-0.4959369999996852
2023-09-02 01:30:00,2737.297933,2736.691037,2736.905299,-0.6068959999997787,-0.3926339999998163,-0.4997649999997975
2023-09-02 01:45:00,2737.297354,2736.691447,2736.910491,-0.6059069999996609,-0.38686299999972107,-0.496384999999691
2023-09-02 02:15:00,2737.297354,2736.690456,2736.907888,-0.606898000000001,-0.3894659999996293,-0.49818199999981516
2023-09-02 04:00:00,2737.299103,2736.694947,2736.909074,-0.6041559999998753,-0.39002899999968577,-0.49709249999978056
2023-09-02 04:30:00,2737.299103,2736.693196,2736.907035,-0.6059069999996609,-0.3920679999996537,-0.4989874999996573
2023-09-02 05:00:00,2737.302602,2736.692205,2736.908786,-0.6103970000003756,-0.39381600000024264,-0.5021065000003091
2023-09-02 05:30:00,2737.300852,2736.690455,2736.907034,-0.6103969999999208,-0.3938180000000102,-0.5021074999999655
2023-09-02 06:00:00,2737.299103,2736.695937,2736.909638,-0.6031659999998737,-0.3894649999997455,-0.4963154999998096
2023-09-02 07:00:00,2737.299683,2736.690044,2736.911071,-0.609639000000243,-0.3886120000001938,-0.4991255000002184
2023-09-02 07:45:00,2737.301432,2736.688294,2736.909322,-0.6131380000001627,-0.3921100000002298,-0.5026240000001962
2023-09-02 08:00:00,2737.299683,2736.688295,2736.907903,-0.611388000000261,-0.3917800000003808,-0.5015840000003209
2023-09-02 08:15:00,2737.297933,2736.683804,2736.906153,-0.6141290000000481,-0.3917799999999261,-0.5029544999999871
2023-09-02 08:30:00,2737.300263,2736.684384,2736.906733,-0.6158789999999499,-0.3935300000002826,-0.5047045000001162
2023-09-02 08:45:00,2737.296764,2736.687125,2736.904129,-0.609639000000243,-0.39263500000015483,-0.5011370000001989
2023-09-02 09:00:00,2737.298513,2736.689932,2736.904983,-0.6085809999999583,-0.3935300000002826,-0.5010555000001204
2023-09-02 09:30:00,2737.298513,2736.689269,2736.90413,-0.6092440000002171,-0.39438300000028903,-0.501813500000253
2023-09-02 09:45:00,2737.296764,2736.688279,2736.907586,-0.6084850000002007,-0.3891780000003564,-0.49883150000027854
2023-09-02 10:00:00,2737.296764,2736.682037,2736.905836,-0.6147270000001299,-0.3909280000002582,-0.502827500000194
2023-09-02 10:15:00,2737.293855,2736.68362,2736.903822,-0.6102350000001024,-0.39003299999967567,-0.5001339999998891
2023-09-02 10:30:00,2737.293265,2736.682038,2736.903232,-0.6112269999998716,-0.39003299999967567,-0.5006299999997736
2023-09-02 10:45:00,2737.293855,2736.680878,2736.903797,-0.6129769999997734,-0.3900579999999536,-0.5015174999998635
2023-09-02 11:00:00,2737.293855,2736.682629,2736.905548,-0.6112259999999878,-0.3883069999997133,-0.49976649999985057
2023-09-02 11:15:00,2737.293855,2736.681869,2736.901195,-0.611985999999888,-0.392659999999978,-0.502322999999933
2023-09-02 12:00:00,2737.293855,2736.688193,2736.903227,-0.6056619999999384,-0.3906280000001061,-0.49814500000002226
2023-09-02 12:15:00,2737.295014,2736.688511,2736.901784,-0.6065029999999751,-0.3932299999996758,-0.49986649999982546
2023-09-02 12:30:00,2737.296764,2736.690262,2736.904106,-0.6065020000000914,-0.39265800000021045,-0.4995800000001509
2023-09-02 12:45:00,2737.297933,2736.696586,2736.902697,-0.6013469999998051,-0.3952359999998407,-0.4982914999998229
2023-09-02 13:00:00,2737.296184,2736.690672,2736.899196,-0.605511999999635,-0.3969879999999648,-0.5012499999997999
2023-09-02 13:15:00,2737.297933,2736.692855,2736.906153,-0.6050780000000486,-0.3917799999999261,-0.49842899999998735
2023-09-02 13:30:00,2737.292685,2736.692096,2736.9018,-0.6005889999996725,-0.3908849999997983,-0.4957369999997354
2023-09-02 14:00:00,2737.294435,2736.690279,2736.904403,-0.6041559999998753,-0.3900319999997919,-0.4970939999998336
2023-09-02 14:15:00,2737.292685,2736.687538,2736.90355,-0.6051469999997607,-0.38913499999989654,-0.49714099999982864
2023-09-02 14:30:00,2737.292685,2736.683048,2736.900615,-0.6096370000000206,-0.392069999999876,-0.5008534999999483
2023-09-02 14:45:00,2737.296184,2736.684798,2736.902366,-0.6113860000000386,-0.3938180000000102,-0.5026020000000244
2023-09-02 15:00:00,2737.293855,2736.685126,2736.901784,-0.6087290000000394,-0.3920709999997598,-0.5003999999998996
2023-09-02 15:15:00,2737.293855,2736.684798,2736.904106,-0.6090570000001208,-0.38974899999993795,-0.49940300000002935
2023-09-02 15:30:00,2737.295604,2736.682058,2736.903253,-0.6135460000000421,-0.39235099999996237,-0.5029485000000022
2023-09-02 15:45:00,2737.292105,2736.681298,2736.899752,-0.6108070000000225,-0.3923530000001847,-0.5015800000001036
2023-09-02 16:00:00,2737.293265,2736.682376,2736.903516,-0.6108889999995881,-0.38974899999993795,-0.500318999999763
2023-09-02 16:15:00,2737.293265,2736.679636,2736.903515,-0.6136289999999462,-0.38974999999982174,-0.501689499999884
2023-09-02 16:45:00,2737.293265,2736.685117,2736.904413,-0.608147999999801,-0.38885199999958786,-0.4984999999996944
2023-09-02 17:00:00,2737.296184,2736.683546,2736.906436,-0.6126379999996061,-0.3897479999995994,-0.5011929999996028
2023-09-02 17:45:00,2737.296184,2736.68173,2736.907289,-0.6144540000000234,-0.388894999999593,-0.5016744999998082
2023-09-02 18:15:00,2737.294435,2736.685461,2736.904404,-0.6089739999997619,-0.3900309999999081,-0.499502499999835
2023-09-02 19:00:00,2737.297933,2736.681396,2736.907859,-0.6165369999998802,-0.3900739999999132,-0.5033054999998967
2023-09-02 19:15:00,2737.295604,2736.686296,2736.909029,-0.6093080000000555,-0.38657499999999345,-0.49794150000002446
2023-09-02 19:30:00,2737.297354,2736.685306,2736.906426,-0.6120479999999588,-0.39092799999980343,-0.5014879999998811
2023-09-02 20:00:00,2737.294435,2736.682386,2736.902652,-0.6120489999998426,-0.39178299999957744,-0.50191599999971
2023-09-02 20:30:00,2737.295014,2736.679634,2736.908722,-0.6153799999997318,-0.3862919999996848,-0.5008359999997083
2023-09-02 20:45:00,2737.296764,2736.685116,2736.905266,-0.6116480000000593,-0.39149799999995594,-0.5015730000000076
2023-09-02 21:00:00,2737.296764,2736.681713,2736.907869,-0.6150510000002214,-0.38889500000004773,-0.5019730000001346
2023-09-02 21:15:00,2737.295604,2736.682057,2736.906709,-0.6135469999999259,-0.38889500000004773,-0.5012209999999868
2023-09-02 22:30:00,2737.297354,2736.684134,2736.905286,-0.6132199999997283,-0.3920679999996537,-0.502643999999691
2023-09-02 22:45:00,2737.297354,2736.681066,2736.908742,-0.6162879999997131,-0.38861199999973906,-0.5024499999997261
2023-09-02 23:15:00,2737.297354,2736.683143,2736.910492,-0.6142109999996137,-0.3868619999998373,-0.5005364999997255
2023-09-02 23:30:00,2737.300852,2736.688297,2736.907889,-0.612554999999702,-0.39296299999978146,-0.5027589999997417
2023-09-03 00:00:00,2737.296764,2736.681383,2736.910472,-0.6153810000000703,-0.3862920000001395,-0.5008365000001049
2023-09-03 00:30:00,2737.297354,2736.682963,2736.908459,-0.614390999999614,-0.388894999999593,-0.5016429999996035
2023-09-03 00:45:00,2737.297354,2736.683722,2736.911062,-0.6136319999995976,-0.3862919999996848,-0.4999619999996412
2023-09-03 01:15:00,2737.299103,2736.681972,2736.909312,-0.6171309999999721,-0.38979099999960454,-0.5034609999997883
2023-09-03 02:30:00,2737.298513,2736.693185,2736.907016,-0.6053280000000996,-0.39149700000007215,-0.49841250000008586
2023-09-03 02:45:00,2737.296764,2736.694176,2736.905266,-0.6025880000001962,-0.39149799999995594,-0.49704300000007606
2023-09-03 03:15:00,2737.296764,2736.691435,2736.907868,-0.6053289999999834,-0.38889600000038627,-0.4971125000001848
2023-09-03 03:30:00,2737.295014,2736.689685,2736.903516,-0.6053289999999834,-0.39149799999995594,-0.49841349999996964
2023-09-03 04:45:00,2737.301432,2736.695346,2736.907332,-0.6060860000002322,-0.39409999999998035,-0.5000930000001063
2023-09-03 05:15:00,2737.301432,2736.690772,2736.908185,-0.61066000000028,-0.39324700000042867,-0.5019535000003543
2023-09-03 05:30:00,2737.297933,2736.689022,2736.904686,-0.6089109999998072,-0.3932469999999739,-0.5010789999998906
2023-09-03 05:45:00,2737.299683,2736.688032,2736.906435,-0.6116510000001654,-0.39324800000031246,-0.5024495000002389
2023-09-03 06:30:00,2737.297933,2736.689679,2736.904685,-0.6082539999997607,-0.3932479999998577,-0.5007509999998092
2023-09-03 08:00:00,2737.296764,2736.690593,2736.907869,-0.6061710000003586,-0.38889500000004773,-0.4975330000002032
2023-09-03 08:15:00,2737.297933,2736.691764,2736.906437,-0.6061689999996815,-0.3914959999997336,-0.4988324999997076
2023-09-03 08:45:00,2737.295014,2736.693083,2736.903515,-0.6019309999996949,-0.3914989999998397,-0.4967149999997673
2023-09-03 09:15:00,2737.296184,2736.690856,2736.903832,-0.6053279999996448,-0.39235199999984616,-0.4988399999997455
2023-09-03 09:30:00,2737.296764,2736.689686,2736.902662,-0.6070780000000013,-0.3941020000002027,-0.500590000000102
2023-09-03 10:00:00,2737.297933,2736.689024,2736.903833,-0.6089090000000397,-0.39409999999998035,-0.50150450000001
2023-09-03 10:15:00,2737.296184,2736.694171,2736.905583,-0.6020129999997152,-0.39060099999960585,-0.49630699999966055
2023-09-03 10:30:00,2737.294435,2736.686282,2736.905257,-0.6081529999996746,-0.38917799999990166,-0.49866549999978815
2023-09-03 11:00:00,2737.296184,2736.686939,2736.902653,-0.6092449999996461,-0.39353099999971164,-0.5013879999996789
2023-09-03 11:15:00,2737.295604,2736.687283,2736.902073,-0.6083209999997052,-0.39353099999971164,-0.5009259999997084
2023-09-03 11:30:00,2737.293855,2736.685533,2736.901785,-0.6083220000000438,-0.392069999999876,-0.5001959999999599
2023-09-03 12:00:00,2737.295014,2736.685523,2736.900629,-0.6094909999997071,-0.39438499999960186,-0.5019379999996545
2023-09-03 12:15:00,2737.295014,2736.687273,2736.901195,-0.6077409999998054,-0.393818999999894,-0.5007799999998497
2023-09-03 12:30:00,2737.295014,2736.685703,2736.903229,-0.6093109999997068,-0.39178499999979977,-0.5005479999997533
2023-09-03 12:45:00,2737.296764,2736.685703,2736.905831,-0.6110610000000634,-0.39093300000013187,-0.5009970000000976
2023-09-03 13:00:00,2737.293265,2736.684102,2736.903789,-0.6091629999996258,-0.3894759999998314,-0.4993194999997286
2023-09-03 13:15:00,2737.296764,2736.684862,2736.907289,-0.6119020000001001,-0.3894749999999476,-0.5006885000000239
2023-09-03 13:30:00,2737.294435,2736.687684,2736.902366,-0.6067509999998038,-0.39206899999999223,-0.499409999999898
2023-09-03 14:00:00,2737.293845,2736.690596,2736.906129,-0.6032490000002326,-0.38771600000018225,-0.49548250000020744
2023-09-03 14:30:00,2737.292095,2736.693167,2736.904096,-0.5989279999998871,-0.38799899999958143,-0.49346349999973427
2023-09-03 15:30:00,2737.295014,2736.694338,2736.906685,-0.6006760000000213,-0.3883289999998851,-0.4945024999999532
2023-09-03 16:00:00,2737.291516,2736.691746,2736.901478,-0.5997699999998076,-0.39003799999954936,-0.4949039999996785
2023-09-03 16:15:00,2737.294435,2736.691926,2736.905252,-0.6025089999998272,-0.38918299999977535,-0.4958459999998013
2023-09-03 16:30:00,2737.294435,2736.689848,2736.903219,-0.6045869999998104,-0.3912159999999858,-0.4979014999998981
2023-09-03 16:45:00,2737.293265,2736.689766,2736.908425,-0.6034989999998288,-0.38483999999971275,-0.4941694999997708
2023-09-03 17:00:00,2737.291516,2736.686264,2736.904072,-0.6052519999998367,-0.3874439999999595,-0.4963479999998981
2023-09-03 17:30:00,2737.295014,2736.689005,2736.904969,-0.6060089999996308,-0.39004499999964537,-0.49802699999963806
2023-09-03 17:45:00,2737.296174,2736.687424,2736.906129,-0.6087499999998727,-0.3900450000001001,-0.4993974999999864
2023-09-03 18:30:00,2737.297923,2736.691916,2736.903527,-0.6060069999998632,-0.3943960000001425,-0.5002015000000029
2023-09-03 18:45:00,2737.294425,2736.682867,2736.901775,-0.6115580000000591,-0.39265000000023065,-0.5021040000001449
2023-09-03 19:00:00,2737.293265,2736.680717,2736.898012,-0.612547999999606,-0.3952529999996841,-0.503900499999645
2023-09-03 19:30:00,2737.295014,2736.681707,2736.902648,-0.6133069999996223,-0.39236599999958344,-0.5028364999996029
2023-09-03 20:00:00,2737.292675,2736.678293,2736.902628,-0.6143820000002052,-0.39004700000032244,-0.5022145000002638
2023-09-03 20:30:00,2737.295014,2736.676984,2736.902365,-0.618029999999635,-0.3926489999998921,-0.5053394999997636
2023-09-03 21:15:00,2737.295014,2736.675233,2736.903218,-0.6197809999998753,-0.3917959999998857,-0.5057884999998805
2023-09-03 22:30:00,2737.296174,2736.680043,2736.904379,-0.6161310000002231,-0.3917950000000019,-0.5039630000001125
2023-09-03 22:45:00,2737.294425,2736.675551,2736.902628,-0.6188740000002326,-0.3917970000002242,-0.5053355000002284
2023-09-03 23:00:00,2737.294425,2736.677301,2736.905233,-0.6171239999998761,-0.3891920000000937,-0.5031579999999849
2023-09-03 23:45:00,2737.295594,2736.676392,2736.90437,-0.619202000000314,-0.3912239999999656,-0.5052130000001398
2023-09-04 00:00:00,2737.297344,2736.679134,2736.903517,-0.6182100000000901,-0.3938269999998738,-0.5060184999999819
2023-09-04 00:45:00,2737.299093,2736.680041,2736.906119,-0.6190520000000106,-0.3929739999998674,-0.506012999999939
2023-09-04 01:00:00,2737.296764,2736.681211,2736.905539,-0.6155530000000908,-0.39122500000030414,-0.5033890000001975
2023-09-04 01:15:00,2737.298513,2736.67847,2736.906402,-0.6200430000003507,-0.39211100000011356,-0.5060770000002321
2023-09-04 01:30:00,2737.293265,2736.680451,2736.904653,-0.6128139999996165,-0.38861199999973906,-0.5007129999996778
2023-09-04 01:45:00,2737.296764,2736.682201,2736.903799,-0.6145630000000892,-0.3929650000000038,-0.5037640000000465
2023-09-04 02:15:00,2737.296764,2736.687349,2736.907855,-0.6094150000003538,-0.38890900000023976,-0.49916200000029676
2023-09-04 02:30:00,2737.297923,2736.683027,2736.906412,-0.6148960000000443,-0.3915110000002642,-0.5032035000001542
2023-09-04 02:45:00,2737.297923,2736.685768,2736.907265,-0.6121550000002571,-0.39065800000025774,-0.5014065000002574
2023-09-04 03:15:00,2737.296764,2736.681866,2736.906967,-0.6148980000002666,-0.3897970000002715,-0.5023475000002691
2023-09-04 04:00:00,2737.296174,2736.684016,2736.902921,-0.6121579999999085,-0.39325300000018615,-0.5027055000000473
2023-09-04 04:30:00,2737.297923,2736.684941,2736.908127,-0.6129820000001018,-0.389795999999933,-0.5013890000000174
2023-09-04 05:15:00,2737.297344,2736.690668,2736.907547,-0.6066759999998794,-0.3897970000002715,-0.49823650000007547
2023-09-04 05:30:00,2737.297344,2736.688918,2736.904661,-0.608426000000236,-0.39268300000003364,-0.5005545000001348
2023-09-04 05:45:00,2737.299093,2736.687861,2736.905514,-0.6112320000002001,-0.3935790000000452,-0.5024055000001226
2023-09-04 06:15:00,2737.300842,2736.690603,2736.909867,-0.6102390000000923,-0.3909750000002532,-0.5006070000001728
2023-09-04 06:30:00,2737.299093,2736.68337,2736.908117,-0.615722999999889,-0.390976000000137,-0.503349500000013
2023-09-04 06:45:00,2737.300842,2736.68512,2736.906694,-0.6157220000000052,-0.3941480000003139,-0.5049350000001596
2023-09-04 07:45:00,2737.299673,2736.687517,2736.909878,-0.6121560000001409,-0.3897950000000492,-0.500975500000095
2023-09-04 08:00:00,2737.296174,2736.683027,2736.905524,-0.6131470000000263,-0.39065000000027794,-0.5018985000001521
2023-09-04 08:45:00,2737.296174,2736.68121,2736.903774,-0.6149639999998726,-0.3924000000001797,-0.5036820000000262
2023-09-04 09:15:00,2737.296174,2736.679459,2736.907265,-0.6167150000001129,-0.38890900000023976,-0.5028120000001763
2023-09-04 09:45:00,2737.296174,2736.678469,2736.904661,-0.6177050000001145,-0.39151300000003175,-0.5046090000000731
2023-09-04 10:00:00,2737.294425,2736.680449,2736.906367,-0.6139760000000933,-0.3880580000000009,-0.5010170000000471
2023-09-04 10:15:00,2737.293265,2736.677309,2736.903501,-0.6159559999996418,-0.38976400000001377,-0.5028599999998278
2023-09-04 10:30:00,2737.291516,2736.673808,2736.901751,-0.6177079999997659,-0.38976499999989755,-0.5037364999998317
2023-09-04 11:00:00,2737.294425,2736.68045,2736.900318,-0.6139750000002095,-0.39410700000007637,-0.504041000000143
2023-09-04 11:15:00,2737.290926,2736.6787,2736.902024,-0.6122260000001916,-0.38890200000014374,-0.5005640000001677
2023-09-04 11:45:00,2737.292675,2736.67771,2736.901171,-0.6149650000002111,-0.39150400000016816,-0.5032345000001897
2023-09-04 12:00:00,2737.293845,2736.677048,2736.903194,-0.6167970000001333,-0.39065100000016173,-0.5037240000001475
2023-09-04 12:15:00,2737.293845,2736.674308,2736.900591,-0.6195370000000366,-0.39325400000006994,-0.5063955000000533
2023-09-04 12:30:00,2737.293845,2736.675298,2736.903764,-0.618547000000035,-0.3900810000000092,-0.5043140000000221
2023-09-04 12:45:00,2737.295594,2736.675879,2736.902058,-0.6197150000002694,-0.3935360000000401,-0.5066255000001547
2023-09-04 13:00:00,2737.292685,2736.674129,2736.902014,-0.6185559999998986,-0.39067100000011123,-0.5046135000000049
2023-09-04 13:15:00,2737.294435,2736.673138,2736.902911,-0.6212969999996858,-0.3915239999996629,-0.5064104999996744
2023-09-04 13:30:00,2737.292685,2736.671387,2736.900308,-0.6212980000000243,-0.39237699999966935,-0.5068374999998468
2023-09-04 13:45:00,2737.295604,2736.674308,2736.902048,-0.621295999999802,-0.3935559999999896,-0.5074259999998958
2023-09-04 14:30:00,2737.295014,2736.683692,2736.905813,-0.6113219999997455,-0.3892009999999573,-0.5002614999998514
2023-09-04 14:45:00,2737.295014,2736.685345,2736.900606,-0.6096689999999398,-0.3944079999996575,-0.5020384999997987
2023-09-04 15:30:00,2737.295014,2736.686336,2736.901458,-0.6086779999995997,-0.3935559999999896,-0.5011169999997946
2023-09-04 16:00:00,2737.292105,2736.685176,2736.900299,-0.6069290000000365,-0.3918060000000878,-0.49936750000006214
2023-09-04 16:30:00,2737.293265,2736.686336,2736.901459,-0.6069289999995817,-0.39180599999963306,-0.4993674999996074
2023-09-04 17:00:00,2737.296764,2736.684355,2736.903209,-0.612409000000298,-0.3935550000001058,-0.5029820000002019
2023-09-04 17:30:00,2737.293265,2736.679037,2736.904062,-0.6142279999999118,-0.38920299999972485,-0.5017154999998183
2023-09-04 17:45:00,2737.293265,2736.676297,2736.904914,-0.6169679999998152,-0.3883509999996022,-0.5026594999997087
2023-09-04 18:00:00,2737.295014,2736.678047,2736.906664,-0.6169669999999314,-0.3883499999997184,-0.5026584999998249
2023-09-04 18:45:00,2737.293855,2736.675138,2736.903755,-0.6187169999998332,-0.39010000000007494,-0.5044084999999541
2023-09-04 19:15:00,2737.295604,2736.675963,2736.903467,-0.6196409999997741,-0.39213699999982055,-0.5058889999997973
2023-09-04 19:30:00,2737.297354,2736.674147,2736.902902,-0.6232069999996384,-0.39445200000000114,-0.5088294999998197
2023-09-04 20:30:00,2737.296184,2736.677713,2736.906368,-0.6184709999997722,-0.3898159999998825,-0.5041434999998273
2023-09-04 20:45:00,2737.296184,2736.683195,2736.905515,-0.6129889999997431,-0.3906689999998889,-0.501828999999816
2023-09-04 21:00:00,2737.299683,2736.683195,2736.902912,-0.6164880000001176,-0.3967710000001716,-0.5066295000001446
2023-09-04 22:30:00,2737.297344,2736.680863,2736.903195,-0.6164810000000216,-0.3941490000001977,-0.5053150000001096
2023-09-04 22:45:00,2737.297344,2736.686345,2736.905797,-0.6109989999999925,-0.3915470000001733,-0.5012730000000829
2023-09-04 23:30:00,2737.297344,2736.682614,2736.904944,-0.614730000000236,-0.3924000000001797,-0.5035650000002079
2023-09-05 00:00:00,2737.296184,2736.688922,2736.904091,-0.6072619999999915,-0.39209299999993164,-0.4996774999999616
2023-09-05 01:00:00,2737.299673,2736.690492,2736.906377,-0.6091809999998077,-0.39329600000019127,-0.5012384999999995
2023-09-05 01:45:00,2737.297923,2736.686923,2736.903775,-0.6109999999998763,-0.39414799999985917,-0.5025739999998677
2023-09-05 02:00:00,2737.296174,2736.685009,2736.904627,-0.6111650000002555,-0.3915470000001733,-0.5013560000002144
2023-09-05 02:30:00,2737.297923,2736.685999,2736.90723,-0.6119240000002719,-0.39069300000028306,-0.5013085000002775
2023-09-05 03:00:00,2737.301422,2736.68676,2736.908128,-0.614661999999953,-0.39329399999996895,-0.503977999999961
2023-09-05 03:15:00,2737.300263,2736.683848,2736.905217,-0.6164149999999609,-0.39504600000009304,-0.505730500000027
2023-09-05 03:45:00,2737.300263,2736.68834,2736.909571,-0.6119229999999334,-0.39069199999994453,-0.501307499999939
2023-09-05 04:00:00,2737.300263,2736.687349,2736.906967,-0.6129140000002735,-0.39329600000019127,-0.5031050000002324
2023-09-05 04:15:00,2737.296764,2736.684839,2736.905208,-0.6119250000001557,-0.3915560000000369,-0.5017405000000963
2023-09-05 04:30:00,2737.300263,2736.687432,2736.908709,-0.6128309999999146,-0.3915540000002693,-0.502192500000092
2023-09-05 04:45:00,2737.300263,2736.686693,2736.910459,-0.6135699999999815,-0.3898039999999128,-0.5016869999999471
2023-09-05 05:00:00,2737.300263,2736.686775,2736.911311,-0.6134879999999612,-0.3889520000002449,-0.501220000000103
2023-09-05 05:15:00,2737.300263,2736.685024,2736.908143,-0.6152390000002015,-0.39211999999997715,-0.5036795000000893
2023-09-05 05:30:00,2737.299093,2736.681032,2736.910429,-0.6180610000001252,-0.3886640000000625,-0.5033625000000939
2023-09-05 06:00:00,2737.297344,2736.681114,2736.906973,-0.6162300000000869,-0.39037099999995917,-0.503300500000023
2023-09-05 06:15:00,2737.299093,2736.680123,2736.906403,-0.6189699999999903,-0.39269000000012966,-0.50583000000006
2023-09-05 06:30:00,2737.297923,2736.684434,2736.910439,-0.6134890000002997,-0.3874839999998585,-0.5004865000000791
2023-09-05 06:45:00,2737.300842,2736.681694,2736.907836,-0.619148000000223,-0.39300600000024133,-0.5060770000002321
2023-09-05 07:15:00,2737.296764,2736.680945,2736.906674,-0.6158190000001014,-0.39009000000032756,-0.5029545000002145
2023-09-05 07:45:00,2737.297933,2736.678964,2736.906104,-0.6189689999996517,-0.3918289999996887,-0.5053989999996702
2023-09-05 08:00:00,2737.300263,2736.680534,2736.904934,-0.6197290000000066,-0.395328999999947,-0.5075289999999768
2023-09-05 08:45:00,2737.300263,2736.68136,2736.909289,-0.6189030000000457,-0.39097399999991467,-0.5049384999999802
2023-09-05 09:15:00,2737.299093,2736.679529,2736.904949,-0.6195640000000822,-0.39414399999986927,-0.5068539999999757
2023-09-05 09:45:00,2737.297344,2736.681361,2736.908406,-0.6159830000001421,-0.38893800000005285,-0.5024605000000975
2023-09-05 10:00:00,2737.292685,2736.673877,2736.905495,-0.6188079999997171,-0.38718999999991865,-0.5029989999998179
2023-09-05 10:15:00,2737.297933,2736.680202,2736.906392,-0.6177309999998215,-0.39154099999996106,-0.5046359999998913
2023-09-05 10:45:00,2737.292685,2736.678452,2736.904642,-0.6142329999997855,-0.3880429999999251,-0.5011379999998553
2023-09-05 11:30:00,2737.294435,2736.675629,2736.907245,-0.6188059999999496,-0.38718999999991865,-0.5029979999999341
2023-09-05 12:00:00,2737.292095,2736.673289,2736.904052,-0.6188059999999496,-0.3880429999999251,-0.5034244999999373
2023-09-05 12:15:00,2737.293845,2736.675039,2736.903199,-0.6188059999999496,-0.39064600000028804,-0.5047260000001188
2023-09-05 12:30:00,2737.290346,2736.670549,2736.898847,-0.6197970000002897,-0.3914990000002945,-0.5056480000002921
2023-09-05 13:30:00,2737.290346,2736.674281,2736.900265,-0.6160650000001624,-0.3900810000000092,-0.5030730000000858
2023-09-05 13:45:00,2737.293265,2736.677203,2736.900582,-0.6160619999996015,-0.3926829999995789,-0.5043724999995902
2023-09-05 14:00:00,2737.293265,2736.678953,2736.902331,-0.6143119999996998,-0.39093400000001566,-0.5026229999998577
2023-09-05 15:00:00,2737.292095,2736.686089,2736.902015,-0.6060059999999794,-0.3900799999996707,-0.49804299999982504
2023-09-05 15:15:00,2737.290346,2736.690482,2736.900264,-0.5998640000002524,-0.39008200000034776,-0.4949730000003001
2023-09-05 15:30:00,2737.290346,2736.686752,2736.900834,-0.6035940000001574,-0.38951200000019526,-0.4965530000001763
2023-09-05 15:45:00,2737.291516,2736.69099,2736.901153,-0.6005259999997179,-0.39036299999997937,-0.49544449999984863
2023-09-05 16:00:00,2737.295014,2736.69274,2736.903755,-0.6022739999998521,-0.3912589999999909,-0.4967664999999215
2023-09-05 16:15:00,2737.293265,2736.68825,2736.904038,-0.6050149999996393,-0.38922699999966426,-0.49712099999965176
2023-09-05 16:30:00,2737.292095,2736.689821,2736.899411,-0.6022739999998521,-0.39268399999991743,-0.49747899999988476
2023-09-05 17:00:00,2737.293845,2736.690662,2736.901162,-0.6031830000001719,-0.39268300000003364,-0.49793300000010277
2023-09-05 17:30:00,2737.293845,2736.687922,2736.902014,-0.6059230000000753,-0.39183100000036575,-0.4988770000002205
2023-09-05 17:45:00,2737.295594,2736.690663,2736.901448,-0.6049310000003061,-0.3941460000000916,-0.49953850000019884
2023-09-05 18:00:00,2737.295594,2736.690007,2736.904619,-0.6055870000000141,-0.3909750000002532,-0.49828100000013364
2023-09-05 18:15:00,2737.294435,2736.688847,2736.907246,-0.6055879999998979,-0.3871889999995801,-0.496388499999739
2023-09-05 18:45:00,2737.294435,2736.686106,2736.904643,-0.608328999999685,-0.3897919999999431,-0.49906049999981406
2023-09-05 19:00:00,2737.292685,2736.683364,2736.905496,-0.609320999999909,-0.38718900000003487,-0.4982549999999719
2023-09-05 19:15:00,2737.296184,2736.684272,2736.907246,-0.6119119999998475,-0.3889379999995981,-0.5004249999997228
2023-09-05 19:30:00,2737.296184,2736.678792,2736.902892,-0.6173919999996542,-0.3932919999997466,-0.5053419999997004
2023-09-05 19:45:00,2737.296764,2736.679372,2736.903472,-0.617392000000109,-0.39329200000020137,-0.5053420000001552
2023-09-05 20:15:00,2737.295014,2736.676712,2736.905178,-0.6183019999998578,-0.389835999999832,-0.5040689999998449
2023-09-05 20:45:00,2737.295014,2736.674551,2736.904325,-0.6204629999997451,-0.3906889999998384,-0.5055759999997917
2023-09-05 21:00:00,2737.297354,2736.677286,2736.902312,-0.6200679999997192,-0.3950419999996484,-0.5075549999996838
2023-09-05 21:15:00,2737.297354,2736.679037,2736.904345,-0.6183169999999336,-0.3930089999998927,-0.5056629999999132
2023-09-05 21:30:00,2737.297354,2736.676377,2736.899139,-0.620977000000039,-0.3982149999997091,-0.509595999999874
2023-09-05 21:45:00,2737.297933,2736.676957,2736.902322,-0.6209759999997004,-0.3956109999999171,-0.5082934999998088
2023-09-05 22:00:00,2737.297933,2736.676957,2736.899719,-0.6209759999997004,-0.3982139999998253,-0.5095949999997629
2023-09-05 22:30:00,2737.296184,2736.6846,2736.903175,-0.6115839999997661,-0.3930089999998927,-0.5022964999998294
2023-09-05 23:30:00,2737.299103,2736.698222,2736.906948,-0.6008809999998448,-0.3921550000000025,-0.49651799999992363
2023-09-06 00:00:00,2737.299683,2736.702532,2736.906631,-0.5971510000003946,-0.39305200000035256,-0.49510150000037356
2023-09-06 00:15:00,2737.299103,2736.703704,2736.906095,-0.5953989999998157,-0.3930080000000089,-0.4942034999999123
2023-09-06 00:30:00,2737.297933,2736.704366,2736.905778,-0.5935669999998936,-0.3921550000000025,-0.49286099999994804
2023-09-06 00:45:00,2737.297354,2736.704694,2736.907801,-0.5926599999997961,-0.38955299999997806,-0.4911064999998871
2023-09-06 01:00:00,2737.299103,2736.699971,2736.90955,-0.5991319999998268,-0.38955299999997806,-0.49434249999990243
2023-09-06 01:30:00,2737.299103,2736.698221,2736.904915,-0.6008819999997286,-0.3941879999997582,-0.4975349999997434
2023-09-06 01:45:00,2737.297933,2736.698801,2736.900572,-0.5991319999998268,-0.3973609999998189,-0.49824649999982284
2023-09-06 03:45:00,2737.300852,2736.702712,2736.906665,-0.5981400000000576,-0.3941869999998744,-0.496163499999966
2023-09-06 04:00:00,2737.300852,2736.706442,2736.904062,-0.5944099999996979,-0.3967899999997826,-0.49559999999974025
2023-09-06 04:15:00,2737.302602,2736.705452,2736.905242,-0.597150000000056,-0.39736000000038985,-0.49725500000022294
2023-09-06 06:00:00,2737.298513,2736.692476,2736.900299,-0.6060370000000148,-0.39821400000028007,-0.5021255000001474
2023-09-06 06:15:00,2737.303182,2736.695397,2736.904072,-0.607785000000149,-0.3991100000002916,-0.5034475000002203
2023-09-06 06:30:00,2737.302012,2736.691485,2736.904608,-0.6105270000002747,-0.39740400000027876,-0.5039655000002767
2023-09-06 07:15:00,2737.300852,2736.690326,2736.90378,-0.6105259999999362,-0.39707199999975273,-0.5037989999998445
2023-09-06 07:30:00,2737.299103,2736.691167,2736.901459,-0.6079359999998815,-0.3976439999996728,-0.5027899999997771
2023-09-06 08:00:00,2737.303761,2736.692327,2736.907825,-0.6114339999999174,-0.3959360000003471,-0.5036850000001323
2023-09-06 08:15:00,2737.302602,2736.693908,2736.905812,-0.6086940000000141,-0.39679000000023734,-0.5027420000001257
2023-09-06 08:30:00,2737.300852,2736.695085,2736.906382,-0.6057670000000144,-0.3944699999997283,-0.5001184999998713
2023-09-06 08:45:00,2737.300852,2736.693334,2736.900606,-0.6075179999997999,-0.40024599999969723,-0.5038819999997486
2023-09-06 09:00:00,2737.302602,2736.692158,2736.90203,-0.6104440000003706,-0.40057200000001103,-0.5055080000001908
2023-09-06 09:15:00,2737.297933,2736.690988,2736.900289,-0.6069449999999961,-0.3976439999996728,-0.5022944999998344
2023-09-06 09:30:00,2737.299103,2736.689752,2736.902883,-0.6093509999996058,-0.3962199999996301,-0.502785499999618
2023-09-06 09:45:00,2737.302602,2736.691503,2736.904632,-0.6110990000001948,-0.3979699999999866,-0.5045345000000907
2023-09-06 11:15:00,2737.290356,2736.684928,2736.901131,-0.6054279999998471,-0.3892249999998967,-0.4973264999998719
2023-09-06 12:00:00,2737.295604,2736.679363,2736.902028,-0.616240999999718,-0.3935759999999391,-0.5049084999998286
2023-09-06 12:15:00,2737.295604,2736.678538,2736.901458,-0.6170659999997952,-0.3941460000000916,-0.5056059999999434
2023-09-06 12:30:00,2737.296764,2736.678707,2736.902619,-0.6180570000001353,-0.3941450000002078,-0.5061010000001716
2023-09-06 12:45:00,2737.296764,2736.679042,2736.900585,-0.6177219999999579,-0.39617900000030204,-0.50695050000013
2023-09-06 13:00:00,2737.297933,2736.685427,2736.905213,-0.6125059999999394,-0.39271999999982654,-0.502612999999883
2023-09-06 13:15:00,2737.296764,2736.684257,2736.900586,-0.6125070000002779,-0.3961779999999635,-0.5043425000001207
2023-09-06 14:00:00,2737.292685,2736.68285,2736.900006,-0.6098349999997481,-0.39267900000004374,-0.5012569999998959
2023-09-06 14:15:00,2737.294435,2736.684602,2736.898256,-0.6098329999999805,-0.3961789999998473,-0.5030059999999139
2023-09-06 14:30:00,2737.296764,2736.687989,2736.901439,-0.6087750000001506,-0.39532499999995707,-0.5020500000000538
2023-09-06 14:45:00,2737.295014,2736.686173,2736.899689,-0.6088409999997566,-0.39532499999995707,-0.5020829999998568
2023-09-06 15:00:00,2737.294435,2736.688334,2736.903462,-0.6061009999998532,-0.39097299999957613,-0.4985369999997147
2023-09-06 15:15:00,2737.294435,2736.684603,2736.905777,-0.609831999999642,-0.3886579999998503,-0.49924499999974614
2023-09-06 15:30:00,2737.296184,2736.684275,2736.904924,-0.6119089999997414,-0.3912599999998747,-0.501584499999808
2023-09-06 15:45:00,2737.295604,2736.684604,2736.906948,-0.6109999999998763,-0.3886560000000827,-0.4998279999999795
2023-09-06 16:00:00,2737.296184,2736.683285,2736.902322,-0.612898999999743,-0.3938619999998991,-0.503380499999821
2023-09-06 16:15:00,2737.293855,2736.681862,2736.899139,-0.611992999999984,-0.39471599999978935,-0.5033544999998867
2023-09-06 16:30:00,2737.295604,2736.683613,2736.904344,-0.6119909999997617,-0.3912599999998747,-0.5016254999998182
2023-09-06 16:45:00,2737.293855,2736.677289,2736.902312,-0.6165659999996933,-0.39154299999972864,-0.504054499999711
2023-09-06 17:00:00,2737.293855,2736.67828,2736.903165,-0.6155749999998079,-0.3906899999997222,-0.5031324999997651
2023-09-06 17:15:00,2737.292105,2736.680112,2736.902595,-0.611992999999984,-0.38950999999997293,-0.5007514999999785
2023-09-06 17:45:00,2737.293855,2736.67346,2736.899992,-0.6203949999999168,-0.3938629999997829,-0.5071289999998498
2023-09-06 18:00:00,2737.296764,2736.676371,2736.905504,-0.6203930000001492,-0.39126000000032946,-0.5058265000002393
2023-09-06 18:15:00,2737.296764,2736.673891,2736.903472,-0.6228730000002543,-0.39329200000020137,-0.5080825000002278
2023-09-06 18:30:00,2737.298513,2736.676305,2736.906075,-0.6222080000002279,-0.39243800000031115,-0.5073230000002695
2023-09-06 18:45:00,2737.295014,2736.67637,2736.905178,-0.6186439999996765,-0.389835999999832,-0.5042399999997542
2023-09-06 19:30:00,2737.296764,2736.674553,2736.902902,-0.622211000000334,-0.3938620000003539,-0.508036500000344
2023-09-06 19:45:00,2737.295604,2736.672731,2736.904345,-0.6228729999997995,-0.3912589999999909,-0.5070659999998952
2023-09-06 20:30:00,2737.297933,2736.67521,2736.905213,-0.6227229999999508,-0.39271999999982654,-0.5077214999998887
2023-09-06 20:45:00,2737.297933,2736.678131,2736.907816,-0.6198019999997086,-0.39011699999991833,-0.5049594999998135
2023-09-06 21:00:00,2737.296764,2736.675127,2736.908395,-0.6216370000001916,-0.3883690000002389,-0.5050030000002153
2023-09-06 21:15:00,2737.296764,2736.673377,2736.901439,-0.6233870000000934,-0.39532499999995707,-0.5093560000000252
2023-09-06 21:30:00,2737.298513,2736.677867,2736.906646,-0.6206460000003062,-0.39186700000027486,-0.5062565000002905
2023-09-06 21:45:00,2737.298513,2736.677867,2736.90319,-0.6206460000003062,-0.3953230000001895,-0.5079845000002479
2023-09-06 22:45:00,2737.301432,2736.679038,2736.904359,-0.6223939999999857,-0.39707300000009127,-0.5097335000000385
2023-09-06 23:15:00,2737.299683,2736.674546,2736.905211,-0.6251369999999952,-0.3944720000004054,-0.5098045000002003
2023-09-06 23:30:00,2737.297933,2736.675208,2736.903461,-0.6227249999997184,-0.39447199999995064,-0.5085984999998345
2023-09-06 23:45:00,2737.299683,2736.676958,2736.903174,-0.6227250000001732,-0.396509000000151,-0.5096170000001621
2023-09-07 00:15:00,2737.299683,2736.680028,2736.907528,-0.6196549999999661,-0.3921550000000025,-0.5059049999999843
2023-09-07 00:30:00,2737.297933,2736.676957,2736.905777,-0.6209759999997004,-0.39215599999988626,-0.5065659999997933
2023-09-07 00:45:00,2737.300852,2736.680869,2736.906947,-0.6199830000000475,-0.39390499999990425,-0.5069439999999759
2023-09-07 01:00:00,2737.297354,2736.678127,2736.904344,-0.6192269999996824,-0.3930099999997765,-0.5061184999997295
2023-09-07 01:15:00,2737.299103,2736.680108,2736.905197,-0.6189949999998134,-0.39390599999978804,-0.5064504999998007
2023-09-07 01:30:00,2737.297354,2736.679117,2736.905197,-0.6182369999996808,-0.39215699999977005,-0.5051969999997254
2023-09-07 02:45:00,2737.298513,2736.679106,2736.904324,-0.6194070000001375,-0.3941890000000967,-0.5067980000001171
2023-09-07 03:00:00,2737.298513,2736.675703,2736.906927,-0.6228100000002996,-0.3915860000001885,-0.5071980000002441
2023-09-07 03:15:00,2737.300263,2736.678444,2736.906074,-0.6218189999999595,-0.3941890000000967,-0.5080040000000281
2023-09-07 03:30:00,2737.299103,2736.676293,2736.902311,-0.6228099999998449,-0.3967920000000049,-0.5098009999999249
2023-09-07 03:45:00,2737.299103,2736.679034,2736.904914,-0.6200690000000577,-0.39418899999964196,-0.5071289999998498
2023-09-07 05:00:00,2737.300852,2736.679033,2736.907517,-0.6218189999999595,-0.39333499999975174,-0.5075769999998556
2023-09-07 05:45:00,2737.297354,2736.674543,2736.904017,-0.6228109999997287,-0.39333699999997407,-0.5080739999998514
2023-09-07 06:15:00,2737.299103,2736.676375,2736.90605,-0.6227279999998245,-0.3930529999997816,-0.5078904999998031
2023-09-07 06:30:00,2737.299683,2736.678705,2736.908381,-0.6209780000003775,-0.39130199999999604,-0.5061400000001868
2023-09-07 07:15:00,2737.297933,2736.674214,2736.906629,-0.6237189999997099,-0.3913039999997636,-0.5075114999997368
2023-09-07 08:45:00,2737.297933,2736.673552,2736.906064,-0.6243809999996301,-0.39186900000004243,-0.5081249999998363
2023-09-07 09:00:00,2737.300263,2736.672383,2736.904894,-0.6278800000000047,-0.39536900000030073,-0.5116245000001527
2023-09-07 09:15:00,2737.300263,2736.674133,2736.904041,-0.6261300000001029,-0.39622200000030716,-0.511176000000205
2023-09-07 10:15:00,2737.300263,2736.669641,2736.905791,-0.6306220000001304,-0.39447199999995064,-0.5125470000000405
2023-09-07 11:00:00,2737.295014,2736.665152,2736.902291,-0.6298619999997754,-0.39272299999993265,-0.511292499999854
2023-09-07 11:30:00,2737.295604,2736.663335,2736.901131,-0.6322689999997237,-0.39447299999983443,-0.5133709999997791
2023-09-07 12:00:00,2737.296764,2736.664162,2736.90835,-0.6326020000001336,-0.3884140000000116,-0.5105080000000726
2023-09-07 12:15:00,2737.295014,2736.663171,2736.902292,-0.6318429999996624,-0.3927219999995941,-0.5122824999996283
2023-09-07 13:00:00,2737.296184,2736.668221,2736.907483,-0.6279629999999088,-0.3887009999998554,-0.5083319999998821
2023-09-07 13:30:00,2737.292685,2736.668222,2736.904315,-0.6244630000001052,-0.3883699999996679,-0.5064164999998866
2023-09-07 13:45:00,2737.294435,2736.672468,2736.90663,-0.6219669999995858,-0.38780499999984386,-0.5048859999997148
2023-09-07 14:15:00,2737.293855,2736.673967,2736.90662,-0.6198879999997189,-0.38723499999969135,-0.5035614999997051
2023-09-07 14:30:00,2737.299683,2736.674218,2736.9072,-0.6254650000000765,-0.39248300000008385,-0.5089740000000802
2023-09-07 14:45:00,2737.294435,2736.674367,2736.904027,-0.6200679999997192,-0.39040799999975206,-0.5052379999997356
2023-09-07 15:00:00,2737.294435,2736.671626,2736.902848,-0.6228089999999611,-0.39158699999961755,-0.5071979999997893
2023-09-07 15:30:00,2737.293855,2736.673787,2736.899663,-0.6200679999997192,-0.3941919999997481,-0.5071299999997336
2023-09-07 15:45:00,2737.292105,2736.673788,2736.901415,-0.6183169999999336,-0.39069000000017695,-0.5045035000000553
2023-09-07 16:00:00,2737.293855,2736.673786,2736.899675,-0.6200690000000577,-0.3941799999997784,-0.507124499999918
2023-09-07 16:15:00,2737.296764,2736.679438,2736.905178,-0.6173260000000482,-0.3915860000001885,-0.5044560000001184
2023-09-07 16:30:00,2737.293265,2736.672802,2736.902575,-0.6204629999997451,-0.3906899999997222,-0.5055764999997336
2023-09-07 17:00:00,2737.292105,2736.674384,2736.901425,-0.6177210000000741,-0.3906799999999748,-0.5042005000000245
2023-09-07 17:15:00,2737.293855,2736.673459,2736.902268,-0.6203959999998006,-0.3915870000000723,-0.5059914999999364
2023-09-07 17:30:00,2737.293855,2736.673393,2736.903165,-0.6204619999998613,-0.3906899999997222,-0.5055759999997917
2023-09-07 17:45:00,2737.292105,2736.669892,2736.897924,-0.6222130000001016,-0.3941810000001169,-0.5081970000001093
2023-09-07 18:15:00,2737.297354,2736.673787,2736.901414,-0.6235669999996389,-0.3959399999998823,-0.5097534999997606
2023-09-07 18:30:00,2737.297933,2736.674369,2736.904028,-0.6235639999999876,-0.39390499999990425,-0.5087344999999459
2023-09-07 18:45:00,2737.296184,2736.673376,2736.901423,-0.6228079999996226,-0.3947610000000168,-0.5087844999998197
2023-09-07 19:15:00,2737.296184,2736.676201,2736.902277,-0.6199829999995927,-0.3939069999996718,-0.5069449999996323
2023-09-07 19:45:00,2737.295014,2736.671298,2736.900254,-0.6237159999996038,-0.39475999999967826,-0.509237999999641
2023-09-07 20:00:00,2737.296764,2736.67678,2736.902857,-0.619984000000386,-0.3939070000001266,-0.5069455000002563
2023-09-07 20:30:00,2737.300263,2736.6762,2736.905747,-0.6240630000002056,-0.3945160000002943,-0.50928950000025
2023-09-07 21:15:00,2737.299103,2736.67679,2736.907192,-0.6223129999998491,-0.391910999999709,-0.5071119999997791
2023-09-07 21:30:00,2737.299103,2736.679596,2736.904587,-0.619506999999885,-0.39451599999983955,-0.5070114999998623
2023-09-07 21:45:00,2737.299103,2736.681346,2736.903734,-0.6177569999999832,-0.395368999999846,-0.5065629999999146
2023-09-07 22:15:00,2737.300852,2736.68343,2736.906338,-0.6174219999998058,-0.394514000000072,-0.5059679999999389
2023-09-07 23:15:00,2737.300852,2736.685837,2736.905484,-0.6150149999998575,-0.3953679999999622,-0.5051914999999099
2023-09-07 23:45:00,2737.299103,2736.684085,2736.901131,-0.6150179999999636,-0.3979719999997542,-0.5064949999998589
2023-09-08 01:30:00,2737.300852,2736.681344,2736.906337,-0.6195079999997688,-0.39451499999995576,-0.5070114999998623
2023-09-08 02:45:00,2737.300263,2736.677946,2736.903144,-0.6223170000002938,-0.3971190000002025,-0.5097180000002481
2023-09-08 05:00:00,2737.299103,2736.678936,2736.904587,-0.6201670000000377,-0.39451599999983955,-0.5073414999999386
2023-09-08 05:15:00,2737.300852,2736.679696,2736.902881,-0.6211559999997007,-0.3979709999998704,-0.5095634999997856
2023-09-08 05:45:00,2737.297933,2736.679516,2736.904314,-0.6184169999996811,-0.3936189999999442,-0.5060179999998127
2023-09-08 06:00:00,2737.303182,2736.681266,2736.903744,-0.6219160000000556,-0.39943799999991825,-0.510676999999987
2023-09-08 06:30:00,2737.299683,2736.674691,2736.900244,-0.6249920000000202,-0.3994390000002568,-0.5122155000001385
2023-09-08 07:00:00,2737.301432,2736.681349,2736.901994,-0.6200830000002497,-0.399438000000373,-0.5097605000003114
2023-09-08 07:15:00,2737.301432,2736.6831,2736.903743,-0.6183320000000094,-0.397689000000355,-0.5080105000001822
2023-09-08 07:30:00,2737.302012,2736.684671,2736.905177,-0.617341000000124,-0.39683500000001004,-0.507088000000067
2023-09-08 07:45:00,2737.300263,2736.682919,2736.903427,-0.6173440000002302,-0.39683599999989383,-0.507090000000062
2023-09-08 08:00:00,2737.300263,2736.683763,2736.899971,-0.6165000000000873,-0.4002920000002632,-0.5083960000001753
2023-09-08 08:15:00,2737.298513,2736.681929,2736.902574,-0.61658400000033,-0.3959389999999985,-0.5062615000001642
2023-09-08 09:00:00,2737.298513,2736.681349,2736.901107,-0.6171640000002299,-0.39740600000004633,-0.5072850000001381
2023-09-08 09:45:00,2737.300263,2736.681022,2736.904606,-0.6192409999998745,-0.39565700000002835,-0.5074489999999514
2023-09-08 10:00:00,2737.297354,2736.672958,2736.9008,-0.624395999999706,-0.3965539999999237,-0.5104749999998148
2023-09-08 10:15:00,2737.295604,2736.670218,2736.899947,-0.6253859999997076,-0.39565700000002835,-0.510521499999868
2023-09-08 10:30:00,2737.292685,2736.669048,2736.896172,-0.6236369999996896,-0.39651299999968614,-0.5100749999996879
2023-09-08 10:45:00,2737.292685,2736.668058,2736.895607,-0.6246269999996912,-0.39707799999996496,-0.5108524999998281
2023-09-08 11:15:00,2737.297354,2736.67372,2736.903447,-0.6236340000000382,-0.3939069999996718,-0.508770499999855
2023-09-08 11:45:00,2737.295604,2736.670137,2736.899094,-0.6254669999998441,-0.3965100000000348,-0.5109884999999394
2023-09-08 12:15:00,2737.295014,2736.669219,2736.897651,-0.6257949999999255,-0.39736299999958646,-0.511578999999756
2023-09-08 12:30:00,2737.293265,2736.67295,2736.898504,-0.620314999999664,-0.3947610000000168,-0.5075379999998404
2023-09-08 12:45:00,2737.295014,2736.675029,2736.898504,-0.619984999999815,-0.3965100000000348,-0.5082474999999249
2023-09-08 13:00:00,2737.295014,2736.677442,2736.901107,-0.6175719999996545,-0.3939069999996718,-0.5057394999996632
2023-09-08 13:30:00,2737.295014,2736.675691,2736.900824,-0.6193229999998948,-0.3941899999999805,-0.5067564999999377
2023-09-08 14:00:00,2737.297354,2736.677951,2736.903164,-0.6194029999996928,-0.3941899999999805,-0.5067964999998367
2023-09-08 14:15:00,2737.292685,2736.670206,2736.901097,-0.6224790000001121,-0.3915879999999561,-0.5070335000000341
2023-09-08 14:30:00,2737.294435,2736.674696,2736.900815,-0.619738999999754,-0.393619999999828,-0.506679499999791
2023-09-08 15:15:00,2737.292105,2736.673291,2736.902838,-0.6188139999999294,-0.389267000000018,-0.5040404999999737
2023-09-08 15:30:00,2737.295014,2736.67346,2736.905747,-0.6215539999998327,-0.389267000000018,-0.5054104999999254
2023-09-08 15:45:00,2737.295014,2736.674451,2736.903998,-0.6205629999999474,-0.391016000000036,-0.5057894999999917
2023-09-08 16:15:00,2737.292105,2736.670551,2736.900234,-0.6215539999998327,-0.39187099999981,-0.5067124999998214
2023-09-08 16:45:00,2737.295014,2736.67262,2736.900541,-0.6223939999999857,-0.39447299999983443,-0.50843349999991
2023-09-08 17:00:00,2737.292105,2736.669708,2736.895881,-0.6223970000000918,-0.39622400000007474,-0.5093105000000833
2023-09-08 17:30:00,2737.293855,2736.67146,2736.900234,-0.6223949999998695,-0.3936209999997118,-0.5080079999997906
2023-09-08 17:45:00,2737.292105,2736.664228,2736.901087,-0.6278769999998985,-0.3910179999998036,-0.5094474999998511
2023-09-08 18:00:00,2737.293855,2736.668718,2736.902837,-0.6251369999999952,-0.3910179999998036,-0.5080774999998994
2023-09-08 18:30:00,2737.293855,2736.663237,2736.899381,-0.6306179999996857,-0.3944739999997182,-0.512545999999702
2023-09-08 19:30:00,2737.296184,2736.671132,2736.903417,-0.6250519999998687,-0.39276699999982156,-0.5089094999998451
2023-09-08 20:15:00,2737.296764,2736.674518,2736.901677,-0.6222460000003593,-0.3950870000003306,-0.508666500000345
2023-09-08 20:45:00,2737.295014,2736.673944,2736.899074,-0.6210699999996905,-0.3959399999998823,-0.5085049999997864
2023-09-08 21:00:00,2737.298513,2736.672954,2736.898504,-0.6255590000000666,-0.4000090000004093,-0.5127840000002379
2023-09-08 21:15:00,2737.298513,2736.672291,2736.898504,-0.6262220000003254,-0.4000090000004093,-0.5131155000003673
2023-09-08 21:30:00,2737.299103,2736.671129,2736.90255,-0.6279739999999947,-0.3965530000000399,-0.5122635000000173
2023-09-08 21:45:00,2737.299103,2736.675293,2736.901697,-0.6238100000000486,-0.39740600000004633,-0.5106080000000475
2023-09-08 22:00:00,2737.299103,2736.673543,2736.899947,-0.6255599999999504,-0.3991559999999481,-0.5123579999999492
2023-09-08 22:15:00,2737.300852,2736.675293,2736.9043,-0.6255590000000666,-0.39655199999970137,-0.511055499999884
2023-09-08 22:45:00,2737.300852,2736.676463,2736.901697,-0.6243890000000647,-0.3991550000000643,-0.5117720000000645
2023-09-08 23:00:00,2737.300852,2736.675703,2736.903403,-0.6251489999999649,-0.39744900000005146,-0.5112990000000082
2023-09-08 23:15:00,2737.297354,2736.675374,2736.899946,-0.6219799999998941,-0.3974079999998139,-0.509693999999854
2023-09-08 23:45:00,2737.299683,2736.681765,2736.902277,-0.6179180000003726,-0.39740600000004633,-0.5076620000002094
2023-09-09 00:15:00,2737.301432,2736.683581,2736.901378,-0.617851000000428,-0.400054000000182,-0.508952500000305
2023-09-09 00:45:00,2737.301432,2736.68533,2736.90313,-0.61610200000041,-0.3983020000000579,-0.507202000000234
2023-09-09 01:15:00,2737.299683,2736.68358,2736.898776,-0.6161030000002938,-0.4009070000001884,-0.5085050000002411
2023-09-09 02:15:00,2737.300852,2736.683923,2736.903422,-0.6169289999998,-0.39742999999998574,-0.5071794999998929
2023-09-09 03:00:00,2737.302602,2736.678112,2736.901671,-0.6244900000001508,-0.4009310000001278,-0.5127105000001393
2023-09-09 03:30:00,2737.300852,2736.680852,2736.89649,-0.6199999999998909,-0.4043619999997645,-0.5121809999998277
2023-09-09 04:00:00,2737.300852,2736.677121,2736.899093,-0.6237309999996796,-0.4017589999998563,-0.512744999999768
2023-09-09 04:45:00,2737.299103,2736.67943,2736.900798,-0.6196729999996933,-0.39830499999970925,-0.5089889999997013
2023-09-09 05:15:00,2737.302602,2736.68019,2736.904299,-0.6224120000001676,-0.3983030000003964,-0.510357500000282
2023-09-09 07:15:00,2737.297933,2736.680836,2736.897923,-0.6170969999998306,-0.40000999999983833,-0.5085534999998345
2023-09-09 07:30:00,2737.297933,2736.681827,2736.896173,-0.6161059999999452,-0.4017599999997401,-0.5089329999998427
2023-09-09 08:00:00,2737.301432,2736.682588,2736.89996,-0.618844000000081,-0.4014720000000125,-0.5101580000000467
2023-09-09 08:15:00,2737.299683,2736.680837,2736.900813,-0.6188460000003033,-0.39886999999998807,-0.5088580000001457
2023-09-09 09:30:00,2737.297933,2736.674531,2736.899935,-0.6234019999997145,-0.3979979999999159,-0.5106999999998152
2023-09-09 09:45:00,2737.298513,2736.675177,2736.901368,-0.6233360000001085,-0.39714500000036423,-0.5102405000002364
2023-09-09 10:00:00,2737.301432,2736.675357,2736.901685,-0.6260750000001281,-0.39974700000038865,-0.5129110000002584
2023-09-09 10:15:00,2737.297933,2736.673607,2736.899936,-0.6243259999996553,-0.39799700000003213,-0.5111614999998437
2023-09-09 10:30:00,2737.294435,2736.669049,2736.897332,-0.6253859999997076,-0.39710299999978815,-0.5112444999997479
2023-09-09 11:45:00,2737.292685,2736.6708,2736.902538,-0.6218850000000202,-0.39014700000006997,-0.5060160000000451
2023-09-09 12:00:00,2737.290936,2736.6673,2736.898186,-0.6236359999998058,-0.39274999999997817,-0.508192999999892
2023-09-09 12:15:00,2737.294435,2736.668968,2736.903104,-0.6254669999998441,-0.39133099999980914,-0.5083989999998266
2023-09-09 12:45:00,2737.293855,2736.665648,2736.899921,-0.6282069999997475,-0.39393399999971734,-0.5110704999997324
2023-09-09 13:00:00,2737.292105,2736.663569,2736.900774,-0.6285360000001674,-0.39133099999980914,-0.5099334999999883
2023-09-09 13:15:00,2737.295014,2736.667471,2736.901958,-0.627542999999605,-0.3930559999998877,-0.5102994999997463
2023-09-09 13:30:00,2737.295014,2736.663887,2736.902529,-0.6311269999996512,-0.3924849999998514,-0.5118059999997513
2023-09-09 13:45:00,2737.293265,2736.664813,2736.899073,-0.6284519999999247,-0.3941919999997481,-0.5113219999998364
2023-09-09 14:00:00,2737.295014,2736.664813,2736.89647,-0.6302009999999427,-0.39854399999967427,-0.5143724999998085
2023-09-09 14:15:00,2737.294435,2736.662907,2736.898493,-0.6315279999998893,-0.39594199999964985,-0.5137349999997696
2023-09-09 14:30:00,2737.294435,2736.662827,2736.89996,-0.6316079999996873,-0.394474999999602,-0.5130414999996447
2023-09-09 14:45:00,2737.296184,2736.66565,2736.89821,-0.6305339999998978,-0.3979739999999765,-0.5142539999999372
2023-09-09 15:00:00,2737.295604,2736.664988,2736.900234,-0.6306159999999181,-0.39536999999972977,-0.512992999999824
2023-09-09 15:15:00,2737.295604,2736.667729,2736.89938,-0.627875000000131,-0.39622400000007474,-0.5120495000001029
2023-09-09 15:30:00,2737.290356,2736.661487,2736.895881,-0.6288690000001225,-0.39447500000005675,-0.5116720000000896
2023-09-09 16:00:00,2737.293855,2736.662396,2736.898484,-0.6314589999997224,-0.3953710000000683,-0.5134149999998954
2023-09-09 16:15:00,2737.295014,2736.665307,2736.900209,-0.6297069999995983,-0.3948049999999057,-0.512255999999752
2023-09-09 16:30:00,2737.295014,2736.663227,2736.896753,-0.6317869999998038,-0.39826099999982034,-0.5150239999998121
2023-09-09 16:45:00,2737.293265,2736.661806,2736.897606,-0.6314589999997224,-0.3956589999997959,-0.5135589999997592
2023-09-09 17:15:00,2737.295014,2736.663228,2736.899356,-0.63178599999992,-0.39565799999991214,-0.5137219999999161
2023-09-09 17:30:00,2737.293265,2736.661478,2736.898459,-0.6317869999998038,-0.3948059999997895,-0.5132964999997967
2023-09-09 19:30:00,2737.292105,2736.669383,2736.898197,-0.622722000000067,-0.39390800000001036,-0.5083150000000387
2023-09-09 19:45:00,2737.295604,2736.673293,2736.900234,-0.6223110000000815,-0.39536999999972977,-0.5088404999999057
2023-09-09 20:00:00,2737.293855,2736.674283,2736.902837,-0.619572000000062,-0.3910179999998036,-0.5052949999999328
2023-09-09 20:15:00,2737.295604,2736.677023,2736.901087,-0.6185809999997218,-0.39451699999972334,-0.5065489999997226
2023-09-09 20:30:00,2737.296184,2736.67668,2736.901667,-0.6195039999997789,-0.39451699999972334,-0.5070104999997511
2023-09-09 21:00:00,2737.294435,2736.679755,2736.90252,-0.6146799999996801,-0.3919149999996989,-0.5032974999996895
2023-09-09 21:30:00,2737.296184,2736.681588,2736.901667,-0.6145959999998922,-0.39451699999972334,-0.5045564999998078
2023-09-09 21:45:00,2737.296184,2736.681171,2736.89821,-0.6150129999996352,-0.3979739999999765,-0.5064934999998059
2023-09-09 22:00:00,2737.297933,2736.683911,2736.900815,-0.6140219999997498,-0.39711799999986397,-0.5055699999998069
2023-09-09 22:15:00,2737.293855,2736.683331,2736.900235,-0.6105239999997139,-0.393619999999828,-0.5020719999997709
2023-09-09 22:45:00,2737.296184,2736.682161,2736.899063,-0.6140229999996336,-0.3971209999999701,-0.5055719999998018
2023-09-09 23:00:00,2737.299683,2736.68292,2736.903417,-0.6167629999999917,-0.3962660000001961,-0.5065145000000939
2023-09-09 23:15:00,2737.296184,2736.67942,2736.899916,-0.6167639999998755,-0.39626799999996365,-0.5065159999999196
2023-09-09 23:45:00,2737.296184,2736.678429,2736.900813,-0.6177549999997609,-0.39537099999961356,-0.5065629999996872
2023-09-10 00:30:00,2737.294435,2736.674861,2736.89646,-0.6195739999998295,-0.3979749999998603,-0.5087744999998449
2023-09-10 01:30:00,2737.297354,2736.68881,2736.900233,-0.6085439999997106,-0.3971209999999701,-0.5028324999998404
2023-09-10 02:30:00,2737.298513,2736.697946,2736.900208,-0.6005670000004102,-0.398305000000164,-0.4994360000002871
2023-09-10 02:45:00,2737.293855,2736.699526,2736.896446,-0.5943290000000161,-0.3974089999996977,-0.4958689999998569
2023-09-10 03:00:00,2737.299103,2736.70585,2736.900798,-0.5932530000000042,-0.39830499999970925,-0.49577899999985675
2023-09-10 03:15:00,2737.299103,2736.708592,2736.904254,-0.5905109999998785,-0.3948489999997946,-0.4926799999998366
2023-09-10 03:45:00,2737.297354,2736.712651,2736.899048,-0.5847029999999904,-0.39830599999959304,-0.49150449999979173
2023-09-10 04:15:00,2737.296764,2736.715301,2736.901958,-0.5814629999999852,-0.39480600000024424,-0.4881345000001147
2023-09-10 04:30:00,2737.296764,2736.714473,2736.897606,-0.5822910000001684,-0.39915800000017043,-0.49072450000016943
2023-09-10 04:45:00,2737.300263,2736.715234,2736.904563,-0.5850290000003042,-0.39570000000003347,-0.49036450000016885
2023-09-10 05:00:00,2737.298513,2736.710742,2736.902811,-0.5877709999999752,-0.3957020000002558,-0.4917365000001155
2023-09-10 05:30:00,2737.295014,2736.713551,2736.903664,-0.5814629999999852,-0.39134999999987485,-0.48640649999993
2023-09-10 05:45:00,2737.295604,2736.710573,2736.901651,-0.5850310000000718,-0.39395299999978306,-0.48949199999992743
2023-09-10 06:45:00,2737.299103,2736.708986,2736.901086,-0.5901169999997364,-0.39801699999998164,-0.49406699999985904
2023-09-10 07:00:00,2737.299103,2736.707996,2736.898483,-0.591106999999738,-0.40061999999988984,-0.49586349999981394
2023-09-10 08:00:00,2737.299683,2736.698537,2736.899063,-0.6011459999999715,-0.4006200000003446,-0.5008830000001581
2023-09-10 08:30:00,2737.295604,2736.691633,2736.899336,-0.6039710000000014,-0.39626799999996365,-0.5001194999999825
2023-09-10 09:15:00,2737.299103,2736.685078,2736.902835,-0.6140249999998559,-0.39626799999996365,-0.5051464999999098
2023-09-10 10:15:00,2737.297354,2736.677779,2736.900233,-0.6195749999997133,-0.3971209999999701,-0.5083479999998417
2023-09-10 11:00:00,2737.296764,2736.680594,2736.901958,-0.6161700000002384,-0.39480600000024424,-0.5054880000002413
2023-09-10 11:30:00,2737.295604,2736.671457,2736.900798,-0.6241469999999936,-0.3948059999997895,-0.5094764999998915
2023-09-10 11:45:00,2737.293855,2736.666966,2736.899901,-0.6268890000001193,-0.39395399999966685,-0.5104214999998931
2023-09-10 12:15:00,2737.293265,2736.665206,2736.895856,-0.6280589999996664,-0.3974089999996977,-0.512733999999682
2023-09-10 12:45:00,2737.292685,2736.665385,2736.899346,-0.6273000000001048,-0.39333899999974165,-0.5103194999999232
2023-09-10 13:45:00,2737.294435,2736.668722,2736.901096,-0.6257129999999052,-0.39333899999974165,-0.5095259999998234
2023-09-10 14:00:00,2737.299103,2736.664412,2736.902265,-0.6346909999997479,-0.3968379999996614,-0.5157644999997046
2023-09-10 14:15:00,2737.292105,2736.662809,2736.899628,-0.6292960000000676,-0.3924769999998716,-0.5108864999999696
2023-09-10 14:30:00,2737.297354,2736.66631,2736.901378,-0.631043999999747,-0.3959759999997914,-0.5135099999997692
2023-09-10 15:00:00,2737.293855,2736.661818,2736.901949,-0.6320369999998547,-0.39190599999983533,-0.511971499999845
2023-09-10 15:15:00,2737.296764,2736.664731,2736.904849,-0.6320330000003196,-0.39191500000015367,-0.5119740000002366
2023-09-10 15:30:00,2737.293845,2736.660387,2736.903099,-0.6334580000002461,-0.39074600000003556,-0.5121020000001408
2023-09-10 15:45:00,2737.296764,2736.663307,2736.905131,-0.6334570000003623,-0.39163300000018353,-0.5125450000002729
2023-09-10 16:00:00,2737.298513,2736.665715,2736.904279,-0.6327980000000935,-0.39423400000032416,-0.5135160000002088
2023-09-10 16:15:00,2737.296764,2736.664725,2736.903991,-0.6320390000000771,-0.3927730000000338,-0.5124060000000554
2023-09-10 16:30:00,2737.291516,2736.663964,2736.903094,-0.6275519999999233,-0.3884219999999914,-0.5079869999999573
2023-09-10 17:30:00,2737.296764,2736.663964,2736.903094,-0.6328000000003158,-0.3936700000003839,-0.5132350000003498
2023-09-10 18:45:00,2737.293845,2736.661804,2736.903962,-0.6320410000002994,-0.38988300000028175,-0.5109620000002906
2023-09-10 19:15:00,2737.296764,2736.666705,2736.902529,-0.6300590000000739,-0.39423500000020795,-0.5121470000001409
2023-09-10 19:30:00,2737.296764,2736.668456,2736.902241,-0.6283080000002883,-0.3945230000003903,-0.5114155000003393
2023-09-10 20:00:00,2737.295014,2736.668456,2736.904844,-0.6265579999999318,-0.39016999999967084,-0.5083639999998013
2023-09-10 20:15:00,2737.296764,2736.665714,2736.900491,-0.6310499999999593,-0.3962730000002921,-0.5136615000001257
2023-09-10 20:45:00,2737.296764,2736.666704,2736.897889,-0.6300599999999577,-0.3988750000003165,-0.5144675000001371
2023-09-10 21:00:00,2737.296764,2736.669118,2736.897903,-0.6276460000003681,-0.3988610000001245,-0.5132535000002463
2023-09-10 21:15:00,2737.293845,2736.66671,2736.898756,-0.6271350000001803,-0.39508900000009817,-0.5111120000001392
2023-09-10 21:30:00,2737.296764,2736.672192,2736.901359,-0.6245720000001711,-0.39540500000020984,-0.5099885000001905
2023-09-10 23:00:00,2737.295014,2736.685479,2736.900506,-0.609534999999596,-0.39450799999985975,-0.5020214999997279
2023-09-10 23:45:00,2737.295014,2736.691043,2736.902212,-0.6039710000000014,-0.3928019999998469,-0.4983864999999241
2023-09-11 03:00:00,2737.294435,2736.687982,2736.899059,-0.606452999999874,-0.395375999999942,-0.500914499999908
2023-09-11 03:15:00,2737.297933,2736.687752,2736.903411,-0.6101810000000114,-0.3945220000000518,-0.5023515000000316
2023-09-11 03:30:00,2737.299683,2736.687571,2736.906014,-0.612112000000252,-0.39366900000004534,-0.5028905000001487
2023-09-11 03:45:00,2737.297933,2736.685821,2736.902232,-0.6121119999997973,-0.39570099999991726,-0.5039064999998573
2023-09-11 04:30:00,2737.297344,2736.684241,2736.903392,-0.6131030000001374,-0.39395199999989927,-0.5035275000000183
2023-09-11 05:00:00,2737.297344,2736.680659,2736.901642,-0.6166849999999613,-0.3957020000002558,-0.5061935000001085
2023-09-11 05:15:00,2737.299093,2736.679668,2736.905994,-0.6194249999998647,-0.39309899999989284,-0.5062619999998788
2023-09-11 06:00:00,2737.297344,2736.675176,2736.900789,-0.6221679999998742,-0.3965550000002622,-0.5093615000000682
2023-09-11 06:15:00,2737.295594,2736.67785,2736.908597,-0.6177440000001297,-0.3869970000000649,-0.5023705000000973
2023-09-11 06:30:00,2737.297933,2736.673354,2736.900808,-0.6245789999998124,-0.39712499999996,-0.5108519999998862
2023-09-11 06:45:00,2737.299683,2736.676854,2736.905161,-0.6228290000003653,-0.3945220000000518,-0.5086755000002086
2023-09-11 07:00:00,2737.297933,2736.675104,2736.904264,-0.6228289999999106,-0.39366900000004534,-0.508248999999978
2023-09-11 07:15:00,2737.299683,2736.674113,2736.906867,-0.6255700000001525,-0.3928160000000389,-0.5091930000000957
2023-09-11 07:45:00,2737.297933,2736.669726,2736.901661,-0.6282069999997475,-0.39627199999995355,-0.5122394999998505
2023-09-11 08:00:00,2737.299683,2736.667843,2736.903411,-0.6318400000000111,-0.3962720000004083,-0.5140560000002097
2023-09-11 08:45:00,2737.296764,2736.672184,2736.903947,-0.6245800000001509,-0.39281700000037745,-0.5086985000002642
2023-09-11 09:30:00,2737.295014,2736.671194,2736.899638,-0.623819999999796,-0.395375999999942,-0.509597999999869
2023-09-11 09:45:00,2737.296764,2736.672944,2736.905697,-0.6238200000002507,-0.3910670000000209,-0.5074435000001358
2023-09-11 10:15:00,2737.293265,2736.674925,2736.901344,-0.6183399999999892,-0.39192099999991115,-0.5051304999999502
2023-09-11 11:30:00,2737.296184,2736.677517,2736.903981,-0.6186669999997321,-0.3922029999998813,-0.5054349999998067
2023-09-11 11:45:00,2737.294435,2736.676096,2736.902231,-0.6183389999996507,-0.3922039999997651,-0.5052714999997079
2023-09-11 12:15:00,2737.295594,2736.676101,2736.898186,-0.6194930000001477,-0.39740800000026866,-0.5084505000002082
2023-09-11 12:45:00,2737.293845,2736.675178,2736.900788,-0.6186670000001868,-0.39305700000022625,-0.5058620000002065
2023-09-11 13:15:00,2737.293845,2736.672371,2736.903391,-0.6214740000000347,-0.39045400000031805,-0.5059640000001764
2023-09-11 13:30:00,2737.295594,2736.676102,2736.905141,-0.6194920000002639,-0.3904529999999795,-0.5049725000001217
2023-09-11 14:30:00,2737.296764,2736.676282,2736.904561,-0.6204820000002655,-0.39220300000033603,-0.5063425000003008
2023-09-11 15:15:00,2737.293265,2736.671939,2736.900779,-0.6213259999999536,-0.3924859999997352,-0.5069059999998444
2023-09-11 17:30:00,2737.293265,2736.674122,2736.901106,-0.6191429999998945,-0.3921589999999924,-0.5056509999999435
2023-09-11 20:45:00,2737.295014,2736.682091,2736.899926,-0.6129229999996824,-0.39508799999975963,-0.504005499999721
2023-09-11 21:30:00,2737.296764,2736.684489,2736.902256,-0.6122749999999542,-0.3945080000003145,-0.5033915000001343
2023-09-11 21:45:00,2737.293845,2736.687563,2736.899653,-0.6062820000001921,-0.3941920000002028,-0.5002370000001974
2023-09-11 22:00:00,2737.295014,2736.686572,2736.903996,-0.6084419999997408,-0.3910179999998036,-0.4997299999997722
2023-09-11 22:30:00,2737.296764,2736.685582,2736.905746,-0.6111820000000989,-0.3910180000002583,-0.5011000000001786
2023-09-11 22:45:00,2737.293845,2736.68208,2736.902246,-0.6117650000001049,-0.391599000000042,-0.5016820000000735
2023-09-11 23:15:00,2737.295014,2736.684159,2736.900823,-0.6108549999999013,-0.3941909999998643,-0.5025229999998828
2023-09-11 23:30:00,2737.296764,2736.683831,2736.907451,-0.6129330000003392,-0.38931300000012925,-0.5011230000002342
2023-09-12 00:00:00,2737.295604,2736.68536,2736.902266,-0.610243999999966,-0.39333799999985786,-0.501790999999912
2023-09-12 00:15:00,2737.295604,2736.684369,2736.904869,-0.6112349999998514,-0.39073499999994965,-0.5009849999999005
2023-09-12 00:30:00,2737.297354,2736.68635,2736.899663,-0.6110039999998662,-0.39769099999966784,-0.504347499999767
2023-09-12 01:00:00,2737.299103,2736.691913,2736.901412,-0.6071899999997186,-0.39769099999966784,-0.5024404999996932
2023-09-12 01:15:00,2737.298513,2736.692084,2736.903425,-0.6064290000003894,-0.3950880000002144,-0.5007585000003019
2023-09-12 02:15:00,2737.295014,2736.703872,2736.901393,-0.5911419999997634,-0.3936209999997118,-0.49238149999973757
2023-09-12 02:30:00,2737.296764,2736.710343,2736.901675,-0.586420999999973,-0.39508900000009817,-0.4907550000000356
2023-09-12 02:45:00,2737.296764,2736.712937,2736.902572,-0.5838270000003831,-0.3941920000002028,-0.489009500000293
2023-09-12 03:00:00,2737.295014,2736.71949,2736.904278,-0.5755239999998594,-0.39073599999983344,-0.4831299999998464
2023-09-12 03:15:00,2737.297933,2736.721242,2736.905165,-0.5766909999997551,-0.39276799999970535,-0.48472949999973025
2023-09-12 03:45:00,2737.296764,2736.726543,2736.899652,-0.5702209999999468,-0.3971120000001065,-0.48366650000002664
2023-09-12 04:00:00,2737.298513,2736.733098,2736.901393,-0.56541500000003,-0.3971200000000863,-0.48126750000005813
2023-09-12 04:15:00,2737.300263,2736.735771,2736.905747,-0.5644919999999729,-0.3945160000002943,-0.4795040000001336
2023-09-12 04:45:00,2737.298513,2736.73379,2736.900832,-0.5647229999999581,-0.3976810000003752,-0.48120200000016666
2023-09-12 05:00:00,2737.300263,2736.738414,2736.904007,-0.5618490000001657,-0.39625599999999395,-0.4790525000000798
2023-09-12 05:15:00,2737.299683,2736.738758,2736.90603,-0.5609250000002248,-0.39365300000008574,-0.4772890000001553
2023-09-12 05:30:00,2737.297933,2736.737998,2736.903427,-0.5599349999997685,-0.3945059999996374,-0.47722049999970295
2023-09-12 06:30:00,2737.299683,2736.72629,2736.905162,-0.5733930000001237,-0.394521000000168,-0.48395700000014585
2023-09-12 06:45:00,2737.300263,2736.726953,2736.903992,-0.5733100000002196,-0.39627100000006976,-0.4847905000001447
2023-09-12 07:15:00,2737.301432,2736.725962,2736.908632,-0.5754700000002231,-0.3928000000000793,-0.4841350000001512
2023-09-12 08:00:00,2737.296764,2736.719639,2736.900822,-0.577125000000251,-0.3959420000001046,-0.4865335000001778
2023-09-12 08:15:00,2737.299683,2736.721569,2736.907199,-0.5781140000003688,-0.39248399999996764,-0.48529900000016823
2023-09-12 08:30:00,2737.300263,2736.720398,2736.906029,-0.5798650000001544,-0.3942339999998694,-0.4870495000000119
2023-09-12 08:45:00,2737.298513,2736.710293,2736.900822,-0.5882200000000921,-0.3976910000001226,-0.49295550000010735
2023-09-12 09:00:00,2737.298513,2736.718648,2736.903426,-0.5798650000001544,-0.3950870000003306,-0.4874760000002425
2023-09-12 09:30:00,2737.298513,2736.711349,2736.902573,-0.5871640000000298,-0.395940000000337,-0.4915520000001834
2023-09-12 10:30:00,2737.295594,2736.70569,2736.904006,-0.5899040000003879,-0.3915879999999561,-0.490746000000172
2023-09-12 11:00:00,2737.296764,2736.708266,2736.906609,-0.5884980000000724,-0.39015500000004977,-0.48932650000006106
2023-09-12 12:00:00,2737.296764,2736.699265,2736.910382,-0.5974989999999707,-0.38638200000013967,-0.4919405000000552
2023-09-12 12:15:00,2737.297933,2736.702184,2736.906912,-0.5957489999996142,-0.3910209999999097,-0.49338499999976193
2023-09-12 12:45:00,2737.294435,2736.706049,2736.901992,-0.5883859999999004,-0.3924429999997301,-0.49041449999981523
2023-09-12 13:15:00,2737.296184,2736.707614,2736.91472,-0.5885699999998906,-0.3814639999995961,-0.48501699999974335
2023-09-12 13:30:00,2737.295594,2736.700425,2736.904572,-0.595169000000169,-0.3910220000002482,-0.49309550000020863
2023-09-12 13:45:00,2737.296764,2736.704611,2736.903709,-0.592153000000053,-0.39305500000000393,-0.49260400000002846
2023-09-12 14:00:00,2737.295014,2736.705601,2736.900252,-0.5894129999996949,-0.3947619999999006,-0.49208749999979773
2023-09-12 14:30:00,2737.296184,2736.702795,2736.902275,-0.5933889999996609,-0.39390899999989415,-0.4936489999997775
2023-09-12 14:45:00,2737.293265,2736.704627,2736.899672,-0.5886379999997189,-0.3935929999997825,-0.4911154999997507
2023-09-12 15:15:00,2737.291516,2736.71011,2736.901421,-0.581405999999788,-0.3900949999997465,-0.48575049999976727
2023-09-12 15:30:00,2737.296184,2736.71186,2736.904594,-0.5843239999999241,-0.39158999999972366,-0.4879569999998239
2023-09-12 16:00:00,2737.297933,2736.710869,2736.906346,-0.5870639999998275,-0.39158699999961755,-0.4893254999997225
2023-09-12 17:30:00,2737.297923,2736.714011,2736.904901,-0.5839120000000548,-0.39302200000020093,-0.4884670000001279
2023-09-12 18:00:00,2737.296764,2736.710111,2736.901991,-0.5866530000002967,-0.3947729999999865,-0.4907130000001416
2023-09-12 19:15:00,2737.296174,2736.711369,2736.902299,-0.5848049999999603,-0.39387500000020736,-0.4893400000000838
2023-09-12 20:00:00,2737.297933,2736.706379,2736.904025,-0.5915539999996327,-0.39390800000001036,-0.4927309999998215
2023-09-12 20:30:00,2737.296764,2736.7062,2736.899399,-0.5905640000000858,-0.39736500000026354,-0.49396450000017467
2023-09-12 20:45:00,2737.300263,2736.708016,2736.904604,-0.592247000000043,-0.39565900000025067,-0.49395300000014686
2023-09-12 21:00:00,2737.298513,2736.699826,2736.902001,-0.5986870000001545,-0.3965120000002571,-0.4975995000002058
2023-09-12 21:30:00,2737.302012,2736.704383,2736.903181,-0.5976290000003246,-0.39883099999997285,-0.4982300000001487
2023-09-12 21:45:00,2737.298513,2736.701576,2736.901149,-0.5969370000002527,-0.39736400000037975,-0.49715050000031624
2023-09-12 22:00:00,2737.302012,2736.703393,2736.905784,-0.5986190000003262,-0.39622800000006464,-0.4974235000001954
2023-09-12 23:00:00,2737.300263,2736.702566,2736.906354,-0.5976970000001529,-0.39390899999989415,-0.49580300000002353
2023-09-12 23:45:00,2737.300263,2736.703556,2736.904605,-0.5967070000001513,-0.39565799999991214,-0.4961825000000317
2023-09-13 00:00:00,2737.298513,2736.699066,2736.902002,-0.5994470000000547,-0.3965110000003733,-0.497979000000214
2023-09-13 00:30:00,2737.299683,2736.700995,2736.904921,-0.5986880000000383,-0.39476200000035533,-0.4967250000001968
2023-09-13 01:00:00,2737.298513,2736.698737,2736.896795,-0.5997760000000198,-0.4017180000000735,-0.5007470000000467
2023-09-13 01:30:00,2737.299683,2736.701575,2736.905774,-0.5981080000001384,-0.3939090000003489,-0.49600850000024366
2023-09-13 01:45:00,2737.299683,2736.697083,2736.903171,-0.6026000000001659,-0.3965120000002571,-0.4995560000002115
2023-09-13 02:45:00,2737.297923,2736.695652,2736.90315,-0.6022710000002007,-0.3947729999999865,-0.4985220000000936
2023-09-13 03:30:00,2737.299093,2736.695832,2736.909528,-0.6032610000002023,-0.38956499999994776,-0.49641300000007504
2023-09-13 04:00:00,2737.299093,2736.698572,2736.906072,-0.600521000000299,-0.3930209999998624,-0.4967710000000807
2023-09-13 04:15:00,2737.302012,2736.698752,2736.911594,-0.6032600000003185,-0.3904179999999542,-0.49683900000013637
2023-09-13 05:00:00,2737.302012,2736.699348,2736.91216,-0.6026640000000043,-0.38985200000024633,-0.4962580000001253
2023-09-13 05:15:00,2737.297344,2736.694678,2736.913592,-0.6026660000002266,-0.38375200000018594,-0.4932090000002063
2023-09-13 05:30:00,2737.297344,2736.692928,2736.914446,-0.6044160000001284,-0.382897999999841,-0.4936569999999847
2023-09-13 05:45:00,2737.298513,2736.695848,2736.918218,-0.6026650000003428,-0.3802950000003875,-0.4914800000003652
2023-09-13 06:00:00,2737.298513,2736.694016,2736.917366,-0.604497000000265,-0.3811470000000554,-0.4928220000001602
2023-09-13 06:15:00,2737.298513,2736.694016,2736.913013,-0.604497000000265,-0.38550000000032014,-0.49499850000029255
2023-09-13 06:30:00,2737.299093,2736.693688,2736.90924,-0.6054050000002462,-0.3898530000001301,-0.49762900000018817
2023-09-13 07:15:00,2737.295594,2736.684901,2736.911278,-0.610693000000083,-0.3843160000001262,-0.4975045000001046
2023-09-13 07:30:00,2737.297344,2736.6835,2736.917048,-0.6138439999999719,-0.3802960000002713,-0.4970700000001216
2023-09-13 07:45:00,2737.295594,2736.683582,2736.911843,-0.6120120000000497,-0.38375100000030216,-0.49788150000017595
2023-09-13 08:00:00,2737.297344,2736.68292,2736.91388,-0.6144239999998717,-0.3834640000000036,-0.49894399999993766
2023-09-13 08:15:00,2737.295594,2736.690187,2736.914733,-0.6054070000000138,-0.3808610000000954,-0.4931340000000546
2023-09-13 08:30:00,2737.300842,2736.689063,2736.905218,-0.611779000000297,-0.39562400000022535,-0.5037015000002611
2023-09-13 08:45:00,2737.295594,2736.690188,2736.907489,-0.60540600000013,-0.3881049999999959,-0.49675550000006297
2023-09-13 09:15:00,2737.297344,2736.689526,2736.901728,-0.607817999999952,-0.39561600000024555,-0.5017170000000988
2023-09-13 09:30:00,2737.295594,2736.685795,2736.919939,-0.6097990000002937,-0.37565500000027896,-0.49272700000028635
2023-09-13 09:45:00,2737.295594,2736.689198,2736.899125,-0.6063960000001316,-0.396469000000252,-0.5014325000001918
2023-09-13 10:00:00,2737.295594,2736.691276,2736.901718,-0.6043180000001485,-0.39387600000009115,-0.4990970000001198
2023-09-13 11:00:00,2737.295594,2736.690517,2736.897375,-0.6050770000001648,-0.39821900000015376,-0.5016480000001593
2023-09-13 11:15:00,2737.294425,2736.695885,2736.896204,-0.5985399999999572,-0.39822099999992133,-0.4983804999999393
2023-09-13 11:30:00,2737.299093,2736.703728,2736.902615,-0.5953650000001289,-0.39647800000011557,-0.49592150000012225
2023-09-13 11:45:00,2737.297344,2736.699202,2736.908674,-0.59814200000028,-0.38867000000027474,-0.49340600000027734
2023-09-13 12:00:00,2737.299093,2736.702686,2736.903181,-0.5964069999999992,-0.39591199999995297,-0.4961594999999761
2023-09-13 12:15:00,2737.296764,2736.704996,2736.902601,-0.5917680000002292,-0.39416300000038973,-0.4929655000003095
2023-09-13 12:45:00,2737.296764,2736.705889,2736.903463,-0.5908750000003238,-0.39330100000006496,-0.49208800000019437
2023-09-13 13:00:00,2737.291516,2736.701989,2736.904316,-0.5895269999996344,-0.38719999999966603,-0.48836349999965023
2023-09-13 13:15:00,2737.292675,2736.702159,2736.903443,-0.590516000000207,-0.3892319999999927,-0.48987400000009984
2023-09-13 13:30:00,2737.295594,2736.703478,2736.904613,-0.5921160000002601,-0.3909810000000107,-0.4915485000001354
2023-09-13 13:45:00,2737.295594,2736.701728,2736.902011,-0.5938660000001619,-0.3935830000000351,-0.4937245000000985
2023-09-13 14:00:00,2737.296174,2736.7014,2736.902873,-0.5947740000001431,-0.39330100000006496,-0.49403750000010405
2023-09-13 14:30:00,2737.295594,2736.703478,2736.902862,-0.5921160000002601,-0.392732000000251,-0.49242400000025555
2023-09-13 14:45:00,2737.296184,2736.706219,2736.90258,-0.5899649999996655,-0.3936039999998684,-0.4917844999997669
2023-09-13 15:00:00,2737.292685,2736.699895,2736.899407,-0.5927899999996953,-0.39327800000000934,-0.4930339999998523
2023-09-13 15:15:00,2737.294435,2736.704469,2736.896804,-0.589966000000004,-0.3976309999998193,-0.49379849999991166
2023-09-13 15:30:00,2737.296184,2736.701727,2736.897374,-0.5944569999996929,-0.3988099999996848,-0.49663349999968887
2023-09-13 15:45:00,2737.297354,2736.703477,2736.898544,-0.593876999999793,-0.3988099999996848,-0.4963434999997389
2023-09-13 16:00:00,2737.297354,2736.705229,2736.900294,-0.5921249999996689,-0.39705999999978303,-0.494592499999726
2023-09-13 16:15:00,2737.293855,2736.701728,2736.901147,-0.5921269999998913,-0.39270799999985684,-0.49241749999987405
2023-09-13 17:00:00,2737.293855,2736.697171,2736.899397,-0.5966840000000957,-0.3944579999997586,-0.49557099999992715
2023-09-13 17:30:00,2737.293855,2736.698326,2736.897975,-0.5955289999997149,-0.39588000000003376,-0.4957044999998743
2023-09-13 18:15:00,2737.293855,2736.69651,2736.899724,-0.5973449999996774,-0.3941310000000158,-0.4957379999998466
2023-09-13 19:00:00,2737.294435,2736.695338,2736.901727,-0.5990969999998015,-0.39270799999985684,-0.49590249999982916
2023-09-13 19:15:00,2737.297933,2736.697916,2736.90551,-0.6000169999997524,-0.3924229999997806,-0.4962199999997665
2023-09-13 19:30:00,2737.294435,2736.691674,2736.901157,-0.6027609999996457,-0.39327800000000934,-0.49801949999982753
2023-09-13 19:45:00,2737.294435,2736.690683,2736.898555,-0.6037519999999859,-0.395879999999579,-0.49981599999978243
2023-09-13 20:15:00,2737.296174,2736.69716,2736.90202,-0.5990139999998974,-0.3941540000000714,-0.49658399999998437
2023-09-13 20:45:00,2737.295014,2736.695769,2736.90436,-0.5992449999998826,-0.3906539999998131,-0.49494949999984783
2023-09-13 21:00:00,2737.298513,2736.690617,2736.90261,-0.6078959999999825,-0.3959030000000894,-0.5018995000000359
2023-09-13 21:15:00,2737.296764,2736.691607,2736.902045,-0.6051569999999629,-0.3947190000003502,-0.49993800000015653
2023-09-13 21:45:00,2737.295594,2736.692269,2736.900875,-0.6033250000000407,-0.3947190000003502,-0.4990220000001955
2023-09-13 22:00:00,2737.296764,2736.693439,2736.900007,-0.6033250000000407,-0.3967569999999796,-0.5000410000000102
2023-09-13 22:30:00,2737.300263,2736.693439,2736.901747,-0.6068239999999605,-0.3985160000001997,-0.5026700000000801
2023-09-13 23:30:00,2737.296764,2736.692267,2736.899144,-0.604497000000265,-0.39762000000018816,-0.5010585000002266
2023-09-13 23:45:00,2737.298513,2736.694861,2736.900893,-0.6036520000002383,-0.39762000000018816,-0.5006360000002132
2023-09-14 00:00:00,2737.298513,2736.697601,2736.903497,-0.600912000000335,-0.39501600000039616,-0.49796400000036556
2023-09-14 00:15:00,2737.298513,2736.694019,2736.901746,-0.6044940000001588,-0.3967670000001817,-0.5006305000001703
2023-09-14 00:30:00,2737.299673,2736.697919,2736.904657,-0.6017539999998007,-0.3950159999999414,-0.49838499999987107
2023-09-14 01:00:00,2737.298513,2736.693028,2736.903496,-0.6054850000000442,-0.39501700000027995,-0.5002510000001621
2023-09-14 01:15:00,2737.297923,2736.694188,2736.905509,-0.6037350000001425,-0.392413999999917,-0.49807450000002973
2023-09-14 01:30:00,2737.298513,2736.694017,2736.902609,-0.6044960000003812,-0.39590399999997317,-0.5002000000001772
2023-09-14 01:45:00,2737.299673,2736.695178,2736.903769,-0.6044950000000426,-0.39590399999997317,-0.5001995000000079
2023-09-14 02:30:00,2737.301422,2736.695177,2736.906372,-0.6062449999999444,-0.39505000000008295,-0.5006475000000137
2023-09-14 02:45:00,2737.300842,2736.693272,2736.902336,-0.6075700000001234,-0.3985059999999976,-0.5030380000000605
2023-09-14 04:15:00,2737.301422,2736.691446,2736.898563,-0.6099760000001879,-0.40285899999980757,-0.5064174999999977
2023-09-14 05:45:00,2737.299673,2736.689511,2736.899416,-0.6101619999999457,-0.40025699999978315,-0.5052094999998644
2023-09-14 06:15:00,2737.301422,2736.691343,2736.904622,-0.6100790000000416,-0.3967999999999847,-0.5034395000000131
2023-09-14 06:45:00,2737.302012,2736.691277,2736.903496,-0.6107350000002043,-0.3985160000001997,-0.504625500000202
2023-09-14 07:15:00,2737.300842,2736.688454,2736.902614,-0.6123880000000099,-0.39822800000001735,-0.5053080000000136
2023-09-14 07:30:00,2737.302592,2736.688455,2736.904364,-0.6141370000000279,-0.39822800000001735,-0.5061825000000226
2023-09-14 07:45:00,2737.297344,2736.686786,2736.900864,-0.6105579999998554,-0.39647999999988315,-0.5035189999998693
2023-09-14 08:00:00,2737.299673,2736.687366,2736.898842,-0.6123069999998734,-0.40083099999992555,-0.5065689999998995
2023-09-14 08:45:00,2737.297923,2736.687366,2736.899693,-0.6105569999999716,-0.39823000000023967,-0.5043935000001056
2023-09-14 09:15:00,2737.299673,2736.684626,2736.89884,-0.6150469999997767,-0.4008330000001479,-0.5079399999999623
2023-09-14 09:30:00,2737.295014,2736.680725,2736.89593,-0.6142889999996441,-0.39908399999967514,-0.5066864999996596
2023-09-14 09:45:00,2737.297923,2736.684626,2736.899123,-0.613296999999875,-0.3987999999999374,-0.5060484999999062
2023-09-14 10:00:00,2737.297923,2736.686443,2736.89827,-0.6114800000000287,-0.39965299999994386,-0.5055664999999863
2023-09-14 10:15:00,2737.295014,2736.683466,2736.894507,-0.611547999999857,-0.4005069999998341,-0.5060274999998455
2023-09-14 10:30:00,2737.295014,2736.683467,2736.89711,-0.6115469999999732,-0.3979039999999259,-0.5047254999999495
2023-09-14 11:00:00,2737.294425,2736.681886,2736.895667,-0.6125390000001971,-0.39875800000027084,-0.505648500000234
2023-09-14 11:15:00,2737.296174,2736.685618,2736.89652,-0.6105560000000878,-0.3996540000002824,-0.5051050000001851
2023-09-14 12:15:00,2737.294425,2736.684628,2736.898841,-0.6097970000000714,-0.3955839999998716,-0.5026904999999715
2023-09-14 12:30:00,2737.296174,2736.685618,2736.899123,-0.6105560000000878,-0.39705099999991944,-0.5038035000000036
2023-09-14 12:45:00,2737.296174,2736.687368,2736.901443,-0.608806000000186,-0.39473099999986516,-0.5017685000000256
2023-09-14 13:00:00,2737.296174,2736.687369,2736.897988,-0.6088049999998475,-0.398185999999896,-0.5034954999998718
2023-09-14 13:45:00,2737.297344,2736.686461,2736.902613,-0.6108830000002854,-0.39473099999986516,-0.5028070000000753
2023-09-14 14:00:00,2737.297344,2736.686789,2736.89827,-0.610555000000204,-0.39907399999992776,-0.5048145000000659
2023-09-14 14:30:00,2737.299093,2736.695475,2736.90002,-0.6036180000000968,-0.399073000000044,-0.5013455000000704
2023-09-14 14:45:00,2737.300263,2736.705759,2736.904315,-0.5945040000001427,-0.3959479999998621,-0.4952260000000024
2023-09-14 15:00:00,2737.300263,2736.719396,2736.917363,-0.5808670000001257,-0.3829000000000633,-0.4818835000000945
2023-09-14 15:15:00,2737.298513,2736.720715,2736.919967,-0.5777980000002572,-0.37854600000036953,-0.47817200000031335
2023-09-14 15:30:00,2737.295594,2736.721465,2736.917377,-0.5741290000000845,-0.3782169999999496,-0.47617300000001705
2023-09-14 15:45:00,2737.302592,2736.734916,2736.920502,-0.5676760000001195,-0.382090000000062,-0.47488300000009076
2023-09-14 16:00:00,2737.296174,2736.740469,2736.913888,-0.5557050000002164,-0.3822860000000219,-0.46899550000011914
2023-09-14 16:15:00,2737.301422,2736.741991,2736.919138,-0.5594310000001315,-0.38228399999979956,-0.4708574999999655
2023-09-14 16:30:00,2737.300842,2736.753259,2736.922585,-0.5475830000000315,-0.3782570000003034,-0.4629200000001674
2023-09-14 16:45:00,2737.299673,2736.748128,2736.917388,-0.5515449999998054,-0.3822850000001381,-0.46691499999997177
2023-09-14 17:15:00,2737.300842,2736.755852,2736.934746,-0.5449900000003254,-0.3660960000001978,-0.4555430000002616
2023-09-14 17:30:00,2737.297344,2736.756186,2736.932996,-0.5411579999999958,-0.3643480000000636,-0.4527530000000297
2023-09-14 17:45:00,2737.301422,2736.757607,2736.927799,-0.543814999999995,-0.3736229999999523,-0.4587189999999737
2023-09-14 18:15:00,2737.296764,2736.765495,2736.913625,-0.5312690000000657,-0.3831390000000283,-0.457204000000047
2023-09-14 18:30:00,2737.296184,2736.764587,2736.909273,-0.5315969999996923,-0.3869109999995999,-0.4592539999996461
2023-09-14 18:45:00,2737.296184,2736.768318,2736.908418,-0.5278659999999036,-0.38776599999982864,-0.4578159999998661
2023-09-14 19:00:00,2737.297933,2736.772377,2736.90004,-0.5255560000000514,-0.39789299999983996,-0.4617244999999457
2023-09-14 19:15:00,2737.297933,2736.766664,2736.894834,-0.531268999999611,-0.40309899999965637,-0.46718399999963367
2023-09-14 19:30:00,2737.300263,2736.764504,2736.913634,-0.5357589999998709,-0.3866290000000845,-0.4611939999999777
2023-09-14 19:45:00,2737.296764,2736.760012,2736.913068,-0.5367519999999786,-0.38369600000032733,-0.46022400000015296
2023-09-14 20:00:00,2737.300263,2736.762752,2736.920024,-0.537510999999995,-0.38023900000007416,-0.45887500000003456
2023-09-14 20:15:00,2737.302012,2736.762522,2736.923514,-0.5394900000001144,-0.378498000000036,-0.4589940000000752
2023-09-14 20:30:00,2737.299683,2736.758129,2736.922612,-0.5415540000003602,-0.3770710000003419,-0.45931250000035106
2023-09-14 20:45:00,2737.299683,2736.761992,2736.922611,-0.5376909999999953,-0.37707200000022567,-0.45738150000011046
2023-09-14 21:00:00,2737.299683,2736.756839,2736.920008,-0.5428440000000592,-0.3796750000001339,-0.4612595000000965
2023-09-14 21:15:00,2737.299683,2736.755685,2736.909597,-0.5439980000001015,-0.39008600000033766,-0.46704200000021956
2023-09-14 21:45:00,2737.304341,2736.754863,2736.909902,-0.5494779999999082,-0.39443900000014764,-0.4719585000000279
2023-09-14 22:00:00,2737.299683,2736.749079,2736.912198,-0.5506040000000212,-0.38748500000019703,-0.4690445000001091
2023-09-14 22:15:00,2737.299093,2736.741936,2736.917384,-0.5571570000001884,-0.3817090000002281,-0.46943300000020827
2023-09-14 22:30:00,2737.299683,2736.747992,2736.903535,-0.551691000000119,-0.3961480000002666,-0.4739195000001928
2023-09-14 22:45:00,2737.302592,2736.749299,2736.907298,-0.5532929999999396,-0.39529399999992165,-0.47429349999993065
2023-09-14 23:00:00,2737.300842,2736.750946,2736.902092,-0.5498959999999897,-0.39875000000029104,-0.4743230000001404
2023-09-14 23:15:00,2737.300842,2736.74854,2736.915959,-0.5523020000000542,-0.3848830000001726,-0.46859250000011343
2023-09-14 23:30:00,2737.299683,2736.74837,2736.917402,-0.5513130000003912,-0.3822810000001482,-0.4667970000002697
2023-09-14 23:45:00,2737.302592,2736.743965,2736.915105,-0.5586269999998876,-0.3874869999999646,-0.4730569999999261
2023-09-15 00:00:00,2737.299683,2736.741056,2736.914798,-0.5586270000003424,-0.38488500000039494,-0.47175600000036866
2023-09-15 00:15:00,2737.301432,2736.739075,2736.916548,-0.5623570000002474,-0.3848840000000564,-0.4736205000001519
2023-09-15 00:30:00,2737.299683,2736.739486,2736.909592,-0.5601970000002439,-0.39009100000021135,-0.4751440000002276
2023-09-15 00:45:00,2737.303182,2736.740066,2736.916546,-0.5631160000002637,-0.3866360000001805,-0.4748760000002221
2023-09-15 01:00:00,2737.301432,2736.740908,2736.913943,-0.5605239999999867,-0.38748900000018693,-0.4740065000000868
2023-09-15 01:15:00,2737.299683,2736.731843,2736.911341,-0.5678400000001602,-0.38834200000019337,-0.4780910000001768
2023-09-15 01:45:00,2737.304341,2736.738484,2736.919455,-0.5658570000000509,-0.384885999999824,-0.47537149999993744
2023-09-15 02:00:00,2737.301432,2736.731778,2736.913942,-0.5696540000003552,-0.3874900000000707,-0.47857200000021294
2023-09-15 02:15:00,2737.303182,2736.731115,2736.911339,-0.5720670000000609,-0.3918429999998807,-0.4819549999999708
2023-09-15 02:30:00,2737.304341,2736.731285,2736.916852,-0.5730560000001788,-0.38748900000018693,-0.48027250000018284
2023-09-15 02:45:00,2737.302592,2736.732275,2736.9151,-0.5703170000001592,-0.3874919999998383,-0.47890449999999873
2023-09-15 03:00:00,2737.304341,2736.727457,2736.909042,-0.5768840000000637,-0.39529899999979534,-0.4860914999999295
2023-09-15 03:15:00,2737.302592,2736.726467,2736.914248,-0.5761250000000473,-0.38834399999996094,-0.4822345000000041
2023-09-15 03:45:00,2737.306091,2736.724634,2736.913395,-0.581456999999773,-0.39269599999988714,-0.48707649999983005
2023-09-15 04:00:00,2737.30784,2736.721893,2736.914246,-0.5859470000000329,-0.393594000000121,-0.48977050000007694
2023-09-15 04:15:00,2737.302592,2736.722884,2736.915669,-0.5797080000002097,-0.38692300000002433,-0.483315500000117
2023-09-15 04:30:00,2737.304341,2736.725291,2736.914816,-0.5790499999998246,-0.38952500000004875,-0.4842874999999367
2023-09-15 05:00:00,2737.306091,2736.720144,2736.914815,-0.5859470000000329,-0.3912759999998343,-0.4886114999999336
2023-09-15 05:15:00,2737.302592,2736.713821,2736.923477,-0.5887710000001789,-0.3791150000001835,-0.4839430000001812
2023-09-15 05:30:00,2737.301422,2736.717553,2736.922906,-0.5838690000000497,-0.3785160000002179,-0.4811925000001338
2023-09-15 05:45:00,2737.302592,2736.714812,2736.920304,-0.5877799999998388,-0.38228799999978946,-0.4850339999998141
2023-09-15 06:00:00,2737.303182,2736.708701,2736.911335,-0.5944810000000871,-0.39184700000032535,-0.4931640000002062
2023-09-15 06:15:00,2737.303182,2736.706951,2736.913938,-0.5962309999999889,-0.3892439999999624,-0.4927374999999756
2023-09-15 06:30:00,2737.303182,2736.709029,2736.910481,-0.5941530000000057,-0.39270100000021557,-0.49342700000011064
2023-09-15 06:45:00,2737.30668,2736.710779,2736.915687,-0.5959010000001399,-0.3909929999999804,-0.49344700000006014
2023-09-15 07:00:00,2737.304931,2736.711852,2736.909916,-0.5930790000002162,-0.3950150000000576,-0.4940470000001369
2023-09-15 07:15:00,2737.30668,2736.711852,2736.910768,-0.5948280000002342,-0.39591199999995297,-0.49537000000009357
2023-09-15 07:30:00,2737.303761,2736.708702,2736.915701,-0.5950590000002194,-0.3880600000002232,-0.4915595000002213
2023-09-15 07:45:00,2737.303761,2736.703318,2736.913951,-0.6004430000002685,-0.389810000000125,-0.49512650000019676
2023-09-15 08:00:00,2737.303761,2736.699691,2736.923499,-0.6040700000003199,-0.3802620000001298,-0.4921660000002248
2023-09-15 08:15:00,2737.305511,2736.706952,2736.917406,-0.5985590000000229,-0.3881049999999959,-0.49333200000000943
2023-09-15 08:30:00,2737.302012,2736.698828,2736.914233,-0.6031840000000557,-0.3877790000001369,-0.4954815000000963
2023-09-15 08:45:00,2737.300842,2736.694686,2736.913063,-0.6061560000002828,-0.3877790000001369,-0.49696750000020984
2023-09-15 09:00:00,2737.300842,2736.69756,2736.91046,-0.6032820000000356,-0.3903820000000451,-0.49683200000004035
2023-09-15 09:30:00,2737.299093,2736.702462,2736.911313,-0.5966309999998884,-0.38778000000002066,-0.49220549999995455
2023-09-15 09:45:00,2737.297933,2736.69772,2736.911894,-0.6002129999997123,-0.3860389999999825,-0.4931259999998474
2023-09-15 10:00:00,2737.296184,2736.696729,2736.908438,-0.5994550000000345,-0.38774599999987913,-0.4936004999999568
2023-09-15 10:15:00,2737.296184,2736.69498,2736.906688,-0.6012039999995977,-0.3894959999997809,-0.4953499999996893
2023-09-15 10:30:00,2737.293265,2736.694652,2736.904095,-0.5986129999996592,-0.38916999999992186,-0.49389149999979054
2023-09-15 11:00:00,2737.297933,2736.696731,2736.911039,-0.6012019999998302,-0.3868939999997565,-0.4940479999997933
2023-09-15 11:15:00,2737.294435,2736.694981,2736.909289,-0.599453999999696,-0.3851459999996223,-0.4922999999996591
2023-09-15 11:30:00,2737.295014,2736.693997,2736.90987,-0.6010169999999562,-0.3851439999998547,-0.49308049999990544
2023-09-15 12:00:00,2737.294435,2736.689501,2736.906697,-0.6049339999999575,-0.38773799999989933,-0.4963359999999284
2023-09-15 12:30:00,2737.294435,2736.691169,2736.910187,-0.6032659999996213,-0.38424799999984316,-0.4937569999997322
2023-09-15 12:45:00,2737.293845,2736.693402,2736.91046,-0.6004430000002685,-0.38338500000008935,-0.49191400000017893
2023-09-15 13:00:00,2737.295594,2736.695152,2736.911312,-0.6004420000003847,-0.3842819999999847,-0.4923620000001847
2023-09-15 13:15:00,2737.295594,2736.69332,2736.91103,-0.6022740000003068,-0.38456399999995483,-0.49341900000013084
2023-09-15 13:30:00,2737.293845,2736.691243,2736.91103,-0.6026019999999335,-0.38281499999993684,-0.49270849999993516
2023-09-15 13:45:00,2737.295014,2736.689835,2736.906995,-0.60517899999968,-0.3880189999999857,-0.4965989999998328
2023-09-15 14:15:00,2737.293265,2736.688845,2736.907847,-0.6044199999996636,-0.38541799999984505,-0.4949189999997543
2023-09-15 14:30:00,2737.296764,2736.694326,2736.909597,-0.6024380000003475,-0.3871670000003178,-0.49480250000033266
2023-09-15 15:00:00,2737.293265,2736.687096,2736.904392,-0.6061689999996815,-0.3888729999998759,-0.4975209999997787
2023-09-15 15:15:00,2737.293265,2736.686105,2736.906995,-0.6071599999995669,-0.3862699999999677,-0.4967149999997673
2023-09-15 15:30:00,2737.293265,2736.689836,2736.907848,-0.6034289999997782,-0.38541699999996126,-0.4944229999998697
2023-09-15 15:45:00,2737.295594,2736.688831,2736.907856,-0.6067630000002282,-0.3877380000003541,-0.49725050000029114
2023-09-15 16:15:00,2737.297344,2736.689359,2736.910176,-0.6079850000000988,-0.3871680000002016,-0.4975765000001502
2023-09-15 16:30:00,2737.295014,2736.691587,2736.906423,-0.6034270000000106,-0.38859099999990576,-0.4960089999999582
2023-09-15 16:45:00,2737.296764,2736.690596,2736.908173,-0.6061680000002525,-0.3885910000003605,-0.4973795000003065
2023-09-15 17:00:00,2737.293265,2736.689837,2736.907847,-0.6034279999998944,-0.38541799999984505,-0.4944229999998697
2023-09-15 17:15:00,2737.296764,2736.691587,2736.906994,-0.6051770000003671,-0.389770000000226,-0.49747350000029655
2023-09-15 17:45:00,2737.298513,2736.692413,2736.907321,-0.6060999999999694,-0.3911920000000464,-0.4986460000000079
2023-09-15 18:00:00,2737.295594,2736.690417,2736.907857,-0.6051770000003671,-0.38773700000001554,-0.49645700000019133
2023-09-15 18:15:00,2737.295594,2736.693322,2736.907574,-0.6022720000000845,-0.3880200000003242,-0.49514600000020437
2023-09-15 18:30:00,2737.299093,2736.696144,2736.91046,-0.6029490000000806,-0.3886330000000271,-0.4957910000000538
2023-09-15 18:45:00,2737.297344,2736.691572,2736.907857,-0.6057719999998881,-0.3894869999999173,-0.4976294999999027
2023-09-15 19:00:00,2737.299093,2736.693404,2736.906152,-0.6056889999999839,-0.3929410000000644,-0.49931500000002416
2023-09-15 19:15:00,2737.299683,2736.690263,2736.911937,-0.6094200000002274,-0.3877460000003339,-0.49858300000028066
2023-09-15 19:30:00,2737.297933,2736.68767,2736.910187,-0.6102630000000318,-0.38774599999987913,-0.49900449999995544
2023-09-15 19:45:00,2737.297933,2736.689502,2736.907014,-0.6084309999996549,-0.39091899999993984,-0.49967499999979736
2023-09-15 20:15:00,2737.298513,2736.689425,2736.907595,-0.6090880000001562,-0.39091800000005605,-0.5000030000001061
2023-09-15 20:30:00,2737.301432,2736.695167,2736.909949,-0.6062650000003487,-0.39148300000033487,-0.49887400000034177
2023-09-15 20:45:00,2737.298513,2736.689276,2736.911382,-0.609237000000121,-0.3871310000004087,-0.49818400000026486
2023-09-15 21:00:00,2737.299683,2736.687526,2736.90878,-0.6121570000000247,-0.39090299999998024,-0.5015300000000025
2023-09-15 21:15:00,2737.299683,2736.690266,2736.909632,-0.6094170000001213,-0.39005100000031234,-0.49973400000021684
2023-09-15 21:30:00,2737.299683,2736.688516,2736.910198,-0.6111670000000231,-0.38948500000014974,-0.5003260000000864
2023-09-15 21:45:00,2737.300263,2736.690087,2736.908462,-0.6101760000001377,-0.3918010000002141,-0.5009885000001759
2023-09-15 22:00:00,2737.296764,2736.689096,2736.90761,-0.6076680000001033,-0.38915399999996225,-0.4984110000000328
2023-09-15 22:30:00,2737.301432,2736.689276,2736.911381,-0.6121560000001409,-0.39005100000031234,-0.5011035000002266
2023-09-15 22:45:00,2737.303182,2736.686535,2736.90703,-0.6166470000002846,-0.3961520000002565,-0.5063995000002706
2023-09-15 23:00:00,2737.304931,2736.693766,2736.913132,-0.6111650000002555,-0.3917989999999918,-0.5014820000001237
2023-09-15 23:15:00,2737.299683,2736.688516,2736.909633,-0.6111670000000231,-0.3900499999999738,-0.5006084999999985
2023-09-15 23:45:00,2737.303182,2736.692016,2736.911381,-0.6111660000001393,-0.3918010000002141,-0.5014835000001767
2023-09-16 00:00:00,2737.301432,2736.691256,2736.90878,-0.6101760000001377,-0.3926519999999982,-0.501414000000068
2023-09-16 00:15:00,2737.303182,2736.693006,2736.907927,-0.6101760000001377,-0.39525499999990643,-0.5027155000000221
2023-09-16 00:45:00,2737.300263,2736.687263,2736.910779,-0.6130000000002838,-0.38948400000026595,-0.5012420000002749
2023-09-16 02:00:00,2737.299683,2736.686683,2736.910199,-0.6130000000002838,-0.38948400000026595,-0.5012420000002749
2023-09-16 02:15:00,2737.301432,2736.687674,2736.907596,-0.6137580000004164,-0.39383600000019214,-0.5037970000003043
2023-09-16 02:30:00,2737.30668,2736.690183,2736.913699,-0.6164969999999812,-0.3929809999999634,-0.5047389999999723
2023-09-16 02:45:00,2737.304931,2736.691173,2736.911096,-0.6137579999999616,-0.39383500000030836,-0.503796500000135
2023-09-16 03:00:00,2737.304351,2736.686862,2736.912266,-0.6174890000002051,-0.3920850000004066,-0.5047870000003059
2023-09-16 03:45:00,2737.304351,2736.689601,2736.912553,-0.6147500000001855,-0.391798000000108,-0.5032740000001468
2023-09-16 04:00:00,2737.304351,2736.687851,2736.909951,-0.6165000000000873,-0.3944000000001324,-0.5054500000001099
2023-09-16 04:45:00,2737.303182,2736.688431,2736.909346,-0.6147510000000693,-0.39383600000019214,-0.5042935000001307
2023-09-16 05:30:00,2737.30668,2736.690412,2736.911383,-0.6162680000002183,-0.39529700000002777,-0.505782500000123
2023-09-16 05:45:00,2737.304931,2736.687672,2736.911384,-0.6172590000001037,-0.393547000000126,-0.5054030000001148
2023-09-16 06:00:00,2737.303761,2736.683762,2736.907611,-0.6199990000000071,-0.3961500000000342,-0.5080745000000206
2023-09-16 06:15:00,2737.305511,2736.689325,2736.910214,-0.616186000000198,-0.39529700000002777,-0.5057415000001129
2023-09-16 06:30:00,2737.30726,2736.684701,2736.909361,-0.6225589999999102,-0.3978990000000522,-0.5102289999999812
2023-09-16 06:45:00,2737.302012,2736.68196,2736.909644,-0.6200520000002143,-0.3923680000002605,-0.5062100000002374
2023-09-16 07:00:00,2737.306101,2736.6808,2736.907631,-0.6253010000000359,-0.3984700000000885,-0.5118855000000622
2023-09-16 07:30:00,2737.306101,2736.685291,2736.911984,-0.6208100000003469,-0.3941170000002785,-0.5074635000003127
2023-09-16 07:45:00,2737.302602,2736.684532,2736.910234,-0.6180699999999888,-0.3923680000002605,-0.5052190000001247
2023-09-16 08:00:00,2737.303182,2736.682371,2736.907314,-0.6208110000002307,-0.39586800000006406,-0.5083395000001474
2023-09-16 08:30:00,2737.303182,2736.679631,2736.909917,-0.6235510000001341,-0.39326500000015585,-0.508408000000145
2023-09-16 08:45:00,2737.303182,2736.682438,2736.909917,-0.6207440000002862,-0.39326500000015585,-0.507004500000221
2023-09-16 09:00:00,2737.298513,2736.678528,2736.904394,-0.6199850000002698,-0.39411900000004607,-0.5070520000001579
2023-09-16 09:15:00,2737.302012,2736.680278,2736.908747,-0.6217340000002878,-0.39326500000015585,-0.5074995000002218
2023-09-16 09:30:00,2737.298513,2736.676779,2736.906997,-0.6217340000002878,-0.39151600000013786,-0.5066250000002128
2023-09-16 09:45:00,2737.296764,2736.674367,2736.904677,-0.6223970000000918,-0.39208700000017416,-0.507242000000133
2023-09-16 10:00:00,2737.299103,2736.675947,2736.90787,-0.6231559999996534,-0.3912329999998292,-0.5071944999997413
2023-09-16 10:15:00,2737.293855,2736.671457,2736.90437,-0.6223979999999756,-0.389484999999695,-0.5059414999998353
2023-09-16 10:30:00,2737.295604,2736.673207,2736.90612,-0.6223970000000918,-0.3894839999998112,-0.5059404999999515
2023-09-16 10:45:00,2737.293855,2736.672217,2736.908723,-0.6216380000000754,-0.385131999999885,-0.5033849999999802
2023-09-16 11:30:00,2737.295014,2736.678858,2736.906427,-0.6161559999995916,-0.38858699999991586,-0.5023714999997537
2023-09-16 11:45:00,2737.293265,2736.677109,2736.90728,-0.6161559999995916,-0.38598499999989144,-0.5010704999997415
2023-09-16 12:00:00,2737.295014,2736.67503,2736.905248,-0.6199839999999313,-0.38976599999978134,-0.5048749999998563
2023-09-16 12:30:00,2737.293265,2736.677771,2736.904395,-0.6154939999996714,-0.3888699999997698,-0.5021819999997206
2023-09-16 12:45:00,2737.293265,2736.676781,2736.906998,-0.616483999999673,-0.3862669999998616,-0.5013754999997673
2023-09-16 13:00:00,2737.293265,2736.674965,2736.906427,-0.6182999999996355,-0.3868379999998979,-0.5025689999997667
2023-09-16 13:15:00,2737.296184,2736.677952,2736.907597,-0.6182319999998072,-0.38858699999991586,-0.5034094999998615
2023-09-16 14:00:00,2737.294435,2736.679933,2736.905565,-0.6145019999999022,-0.3888699999997698,-0.501685999999836
2023-09-16 14:15:00,2737.296184,2736.677127,2736.906418,-0.6190569999998843,-0.38976599999978134,-0.5044114999998328
2023-09-16 14:45:00,2737.292685,2736.679867,2736.908168,-0.6128180000000611,-0.3845169999999598,-0.4986675000000105
2023-09-16 15:00:00,2737.296184,2736.681683,2736.907315,-0.6145010000000184,-0.388868999999886,-0.5016849999999522
2023-09-16 15:15:00,2737.295604,2736.681037,2736.906735,-0.6145670000000791,-0.388868999999886,-0.5017179999999826
2023-09-16 15:30:00,2737.293855,2736.679287,2736.907305,-0.6145679999999629,-0.3865499999997155,-0.5005589999998392
2023-09-16 15:45:00,2737.297354,2736.680047,2736.909908,-0.6173069999999825,-0.38744599999972706,-0.5023764999998548
2023-09-16 16:30:00,2737.294435,2736.679867,2736.905566,-0.6145679999999629,-0.388868999999886,-0.5017184999999245
2023-09-16 17:00:00,2737.296184,2736.682606,2736.908169,-0.6135779999999613,-0.3880149999999958,-0.5007964999999786
2023-09-16 18:30:00,2737.296184,2736.680626,2736.906463,-0.6155579999999645,-0.38972100000000864,-0.5026394999999866
2023-09-16 18:45:00,2737.297933,2736.679866,2736.907316,-0.6180669999998827,-0.3906170000000202,-0.5043419999999514
2023-09-16 19:15:00,2737.300852,2736.682786,2736.908486,-0.6180659999999989,-0.3923660000000382,-0.5052160000000185
2023-09-16 20:00:00,2737.296764,2736.679522,2736.905293,-0.6172420000002603,-0.39147100000036517,-0.5043565000003127
2023-09-16 20:30:00,2737.299683,2736.682442,2736.907643,-0.6172410000003765,-0.39204000000017913,-0.5046405000002778
2023-09-16 21:00:00,2737.300263,2736.683104,2736.909929,-0.6171589999999014,-0.39033400000016627,-0.5037465000000338
2023-09-16 21:15:00,2737.300263,2736.680692,2736.908179,-0.6195710000001782,-0.39208400000006804,-0.5058275000001231
2023-09-16 21:30:00,2737.299103,2736.681282,2736.906167,-0.6178209999998217,-0.39293599999973594,-0.5053784999997788
2023-09-16 21:45:00,2737.297354,2736.682272,2736.909622,-0.6150819999998021,-0.3877319999996871,-0.5014069999997446
2023-09-16 22:45:00,2737.299103,2736.684022,2736.908204,-0.6150809999999183,-0.39089899999999034,-0.5029899999999543
2023-09-17 00:00:00,2737.299683,2736.681944,2736.907034,-0.617739000000256,-0.39264900000034686,-0.5051940000003015
2023-09-17 00:15:00,2737.297933,2736.682934,2736.907887,-0.6149989999998979,-0.3900459999999839,-0.5025224999999409
2023-09-17 01:00:00,2737.302602,2736.684022,2736.911371,-0.6185800000002928,-0.3912310000000616,-0.5049055000001772
2023-09-17 01:15:00,2737.299103,2736.681281,2736.905602,-0.6178219999997054,-0.39350100000001476,-0.5056614999998601
2023-09-17 01:30:00,2737.297354,2736.677781,2736.906455,-0.6195729999999458,-0.39089899999999034,-0.505235999999968
2023-09-17 03:30:00,2737.305511,2736.682441,2736.908512,-0.6230700000000979,-0.39699900000005073,-0.5100345000000743
2023-09-17 04:15:00,2737.303761,2736.687921,2736.911115,-0.6158399999999347,-0.39264600000024075,-0.5042430000000877
2023-09-17 04:45:00,2737.305511,2736.685182,2736.91168,-0.620328999999856,-0.3938309999998637,-0.5070799999998599
2023-09-17 05:15:00,2737.300852,2736.68128,2736.90877,-0.619572000000062,-0.3920819999998457,-0.5058269999999538
2023-09-17 05:30:00,2737.300852,2736.682272,2736.911373,-0.618579999999838,-0.3894789999999375,-0.5040294999998878
2023-09-17 06:00:00,2737.303761,2736.68343,2736.90993,-0.6203310000000783,-0.39383100000031845,-0.5070810000001984
2023-09-17 06:45:00,2737.304351,2736.68303,2736.907917,-0.62132100000008,-0.39643400000022666,-0.5088775000001533
2023-09-17 07:15:00,2737.300852,2736.67953,2736.909058,-0.6213219999999637,-0.39179399999966336,-0.5065579999998135
2023-09-17 07:45:00,2737.301432,2736.68011,2736.907035,-0.6213220000004185,-0.3943970000000263,-0.5078595000002224
2023-09-17 09:00:00,2737.297933,2736.67836,2736.907888,-0.6195729999999458,-0.39004499999964537,-0.5048089999997956
2023-09-17 09:30:00,2737.297933,2736.679432,2736.902682,-0.6185009999999238,-0.39525099999991653,-0.5068759999999202
2023-09-17 10:00:00,2737.294435,2736.676692,2736.900932,-0.6177429999997912,-0.39350299999978233,-0.5056229999997868
2023-09-17 10:15:00,2737.295014,2736.675522,2736.901795,-0.6194919999998092,-0.39321899999958987,-0.5063554999996995
2023-09-17 10:30:00,2737.292685,2736.676693,2736.903535,-0.6159920000000056,-0.38914999999997235,-0.502570999999989
2023-09-17 11:00:00,2737.294435,2736.678443,2736.906138,-0.6159920000000056,-0.3882969999999659,-0.5021444999999858
2023-09-17 11:15:00,2737.296184,2736.67661,2736.903536,-0.6195739999998295,-0.3926480000000083,-0.5061109999999189
2023-09-17 11:45:00,2737.294435,2736.677601,2736.900933,-0.6168339999999262,-0.39350199999989854,-0.5051679999999124
2023-09-17 12:15:00,2737.293855,2736.67603,2736.904706,-0.6178249999998116,-0.38914900000008856,-0.5034869999999501
2023-09-17 12:30:00,2737.297354,2736.677021,2736.905271,-0.6203329999998459,-0.3920829999997295,-0.5062079999997877
2023-09-17 13:00:00,2737.295014,2736.67602,2736.903828,-0.6189939999999297,-0.39118599999983417,-0.5050899999998819
2023-09-17 13:15:00,2737.298513,2736.677771,2736.904725,-0.6207420000000639,-0.39378800000031333,-0.5072650000001886
2023-09-17 13:30:00,2737.295014,2736.676021,2736.906431,-0.6189929999995911,-0.38858299999992596,-0.5037879999997585
2023-09-17 13:45:00,2737.294435,2736.676365,2736.903248,-0.6180699999999888,-0.39118699999971795,-0.5046284999998534
2023-09-17 14:00:00,2737.297933,2736.678115,2736.904715,-0.6198179999996682,-0.3932179999997061,-0.5065179999996872
2023-09-17 14:15:00,2737.297354,2736.676545,2736.905885,-0.6208090000000084,-0.3914689999996881,-0.5061389999998482
2023-09-17 14:30:00,2737.297354,2736.677207,2736.907308,-0.6201469999996334,-0.3900459999999839,-0.5050964999998087
2023-09-17 15:00:00,2737.295604,2736.675375,2736.905559,-0.6202290000001085,-0.3900450000001001,-0.5051370000001043
2023-09-17 15:45:00,2737.296764,2736.677525,2736.905866,-0.6192390000001069,-0.39089800000010655,-0.5050685000001067
2023-09-17 16:45:00,2737.295014,2736.675775,2736.904116,-0.6192389999996522,-0.3908979999996518,-0.505068499999652
2023-09-17 17:00:00,2737.296764,2736.675775,2736.907572,-0.6209890000000087,-0.3891920000000937,-0.5050905000000512
2023-09-17 17:45:00,2737.295014,2736.675693,2736.906719,-0.6193209999996725,-0.3882949999997436,-0.503807999999708
2023-09-17 18:15:00,2737.296764,2736.678515,2736.905865,-0.6182490000001053,-0.39089899999999034,-0.5045740000000478
2023-09-17 18:30:00,2737.295604,2736.679105,2736.904706,-0.6164989999997488,-0.39089800000010655,-0.5036984999999277
2023-09-17 19:15:00,2737.298513,2736.679275,2736.908468,-0.6192380000002231,-0.3900450000001001,-0.5046415000001616
2023-09-17 20:45:00,2737.297354,2736.680855,2736.906455,-0.6164989999997488,-0.39089899999999034,-0.5036989999998696
2023-09-17 21:30:00,2737.299103,2736.679864,2736.905885,-0.6192389999996522,-0.3932179999997061,-0.5062284999996791
2023-09-17 21:45:00,2737.300852,2736.680855,2736.909341,-0.6199969999997847,-0.39151099999980943,-0.5057539999997971
2023-09-17 22:00:00,2737.300263,2736.681024,2736.909648,-0.6192390000001069,-0.3906150000002526,-0.5049270000001798
2023-09-17 22:30:00,2737.299103,2736.679105,2736.904135,-0.6199979999996685,-0.39496799999960785,-0.5074829999996382
2023-09-17 23:15:00,2737.300263,2736.682014,2736.908468,-0.6182490000001053,-0.3917950000000019,-0.5050220000000536
2023-09-17 23:30:00,2737.303761,2736.685515,2736.909365,-0.6182459999999992,-0.3943960000001425,-0.5063210000000709
