Date_Time,P6_WSE,P6_gw_left,P6_gw_right,P6_h_left,P6_h_right,P6_h_average
2021-08-04 00:00:00,2737.300759,2736.974224,2736.988665,-0.326535000000149,-0.31209400000034293,-0.31931450000024597
2021-08-04 00:30:00,2737.299789,2736.975004,2736.989728,-0.32478500000024724,-0.3100610000001325,-0.31742300000018986
2021-08-04 00:45:00,2737.298236,2736.975267,2736.985572,-0.3229690000002847,-0.3126640000000407,-0.3178165000001627
2021-08-04 01:00:00,2737.301342,2736.974808,2736.9875,-0.3265340000002652,-0.3138420000000224,-0.3201880000001438
2021-08-04 01:15:00,2737.300759,2736.976964,2736.991269,-0.32379500000024564,-0.3094900000000962,-0.3166425000001709
2021-08-04 01:45:00,2737.301925,2736.975391,2736.989832,-0.3265340000002652,-0.3120930000000044,-0.3193135000001348
2021-08-04 02:15:00,2737.302898,2736.974613,2736.989909,-0.3282850000000508,-0.31298900000001595,-0.32063700000003337
2021-08-04 02:30:00,2737.303288,2736.975003,2736.995505,-0.3282850000000508,-0.30778300000019954,-0.31803400000012516
2021-08-04 02:45:00,2737.302508,2736.976964,2736.993872,-0.3255440000002636,-0.30863600000020597,-0.3170900000002348
2021-08-04 03:15:00,2737.305427,2736.977145,2736.989836,-0.3282819999999447,-0.3155909999995856,-0.32193649999976515
2021-08-04 03:30:00,2737.303678,2736.975393,2736.990689,-0.3282850000000508,-0.31298900000001595,-0.32063700000003337
2021-08-04 03:45:00,2737.302512,2736.976968,2736.988679,-0.3255440000002636,-0.3138330000001588,-0.3196885000002112
2021-08-04 04:00:00,2737.303678,2736.978135,2736.992439,-0.32554300000037983,-0.3112390000001142,-0.318391000000247
2021-08-04 04:15:00,2737.302512,2736.974146,2736.989532,-0.32836600000018734,-0.31298000000015236,-0.32067300000016985
2021-08-04 04:30:00,2737.303095,2736.977469,2736.989263,-0.32562600000028397,-0.313832000000275,-0.3197290000002795
2021-08-04 05:15:00,2737.301929,2736.976385,2736.988949,-0.3255440000002636,-0.31298000000015236,-0.319262000000208
2021-08-04 05:45:00,2737.305038,2736.979495,2736.989456,-0.3255429999999251,-0.3155820000001768,-0.32056250000005093
2021-08-04 06:00:00,2737.303481,2736.977939,2736.989922,-0.3255420000000413,-0.3135589999997137,-0.3195504999998775
2021-08-04 06:15:00,2737.302705,2736.976172,2736.988294,-0.3265329999999267,-0.31441099999983635,-0.3204719999998815
2021-08-04 06:30:00,2737.300759,2736.974225,2736.988949,-0.3265340000002652,-0.31181000000015047,-0.31917200000020785
2021-08-04 06:45:00,2737.301732,2736.974207,2736.989069,-0.32752499999969586,-0.31266299999970215,-0.320093999999699
2021-08-04 07:00:00,2737.301539,2736.975765,2736.992049,-0.3257739999999103,-0.3094900000000962,-0.31763200000000325
2021-08-04 07:15:00,2737.300176,2736.975392,2736.988084,-0.32478400000036345,-0.3120920000001206,-0.318438000000242
2021-08-04 08:00:00,2737.301925,2736.977142,2736.990116,-0.3247830000000249,-0.3118090000002667,-0.3182960000001458
2021-08-04 08:15:00,2737.301925,2736.974736,2736.985762,-0.32718900000008944,-0.3161630000004152,-0.3216760000002523
2021-08-04 08:30:00,2737.302122,2736.975,2736.985959,-0.3271220000001449,-0.31616299999996045,-0.3216425000000527
2021-08-04 08:45:00,2737.301349,2736.976967,2736.985186,-0.3243819999997868,-0.31616299999996045,-0.3202724999998736
2021-08-04 09:00:00,2737.300766,2736.975394,2736.986352,-0.3253719999997884,-0.31441399999994246,-0.3198929999998654
2021-08-04 09:15:00,2737.29785,2736.974227,2736.988642,-0.3236229999997704,-0.30920800000012605,-0.3164154999999482
2021-08-04 09:30:00,2737.300182,2736.971079,2736.986622,-0.3291030000000319,-0.31356000000005224,-0.32133150000004207
2021-08-04 09:45:00,2737.300766,2736.971663,2736.988956,-0.3291030000000319,-0.3118099999996957,-0.3204564999998638
2021-08-04 10:15:00,2737.299599,2736.973237,2736.988359,-0.32636199999979,-0.31123999999999796,-0.318800999999894
2021-08-04 10:30:00,2737.300182,2736.971081,2736.985769,-0.3291009999998096,-0.3144130000000587,-0.3217569999999341
2021-08-04 10:45:00,2737.296101,2736.968746,2736.984288,-0.3273549999998977,-0.31181299999980183,-0.31958399999984977
2021-08-04 11:00:00,2737.29785,2736.971487,2736.986037,-0.3263630000001285,-0.31181299999980183,-0.3190879999999652
2021-08-04 11:15:00,2737.298626,2736.970514,2736.985065,-0.32811199999969176,-0.31356099999993603,-0.3208364999998139
2021-08-04 11:30:00,2737.294738,2736.967384,2736.984675,-0.3273540000000139,-0.31006299999990006,-0.318708499999957
2021-08-04 11:45:00,2737.297267,2736.970904,2736.985455,-0.3263630000001285,-0.31181199999991804,-0.3190875000000233
2021-08-04 12:00:00,2737.293185,2736.968505,2736.982268,-0.3246800000001713,-0.3109169999997903,-0.3177984999999808
2021-08-04 12:15:00,2737.295321,2736.971633,2736.987007,-0.32368799999994735,-0.30831399999988207,-0.3160009999999147
2021-08-04 12:30:00,2737.29726,2736.970832,2736.989519,-0.3264279999998507,-0.30774099999962345,-0.3170844999997371
2021-08-04 12:45:00,2737.293178,2736.968164,2736.987185,-0.32501400000001013,-0.305992999999944,-0.31550349999997707
2021-08-04 13:00:00,2737.294344,2736.968572,2736.982258,-0.325771999999688,-0.3120859999999084,-0.3189289999997982
2021-08-04 13:15:00,2737.294344,2736.967499,2736.984896,-0.32684500000004846,-0.30944799999997485,-0.31814650000001166
2021-08-04 13:30:00,2737.294928,2736.970906,2736.986332,-0.3240219999997862,-0.3085959999998522,-0.3163089999998192
2021-08-04 13:45:00,2737.292595,2736.96849,2736.984861,-0.32410499999969034,-0.3077339999999822,-0.31591949999983626
2021-08-04 14:00:00,2737.295901,2736.970047,2736.986418,-0.32585400000016307,-0.3094830000000002,-0.3176685000000816
2021-08-04 14:15:00,2737.292792,2736.968687,2736.985058,-0.3241050000001451,-0.3077339999999822,-0.31591950000006364
2021-08-04 14:30:00,2737.292985,2736.96713,2736.982648,-0.32585500000004686,-0.3103369999998904,-0.3180959999999686
2021-08-04 14:45:00,2737.295514,2736.970651,2736.986601,-0.32486299999982293,-0.30891299999984767,-0.3168879999998353
2021-08-04 15:00:00,2737.294931,2736.969077,2736.985165,-0.3258539999997083,-0.3097659999998541,-0.3178099999997812
2021-08-04 15:15:00,2737.294931,2736.967906,2736.983415,-0.32702500000004875,-0.3115159999997559,-0.3192704999999023
2021-08-04 15:30:00,2737.291432,2736.965165,2736.983414,-0.32626699999991615,-0.30801800000017465,-0.3171425000000454
2021-08-04 16:00:00,2737.296097,2736.970243,2736.983158,-0.3258539999997083,-0.3129389999999148,-0.31939649999981157
2021-08-04 16:30:00,2737.292015,2736.96966,2736.987781,-0.32235499999978856,-0.30423400000017864,-0.3132944999999836
2021-08-04 16:45:00,2737.29668,2736.969656,2736.986345,-0.3270239999997102,-0.3103350000001228,-0.3186794999999165
2021-08-04 17:00:00,2737.294348,2736.970905,2736.985761,-0.3234429999997701,-0.3085869999999886,-0.31601499999987936
2021-08-04 17:15:00,2737.294931,2736.969076,2736.982844,-0.32585500000004686,-0.31208699999979217,-0.3189709999999195
2021-08-04 17:45:00,2737.297847,2736.972983,2736.987184,-0.3248639999997067,-0.31066299999974945,-0.3177634999997281
2021-08-04 18:00:00,2737.294348,2736.970243,2736.984581,-0.32410499999969034,-0.3097669999997379,-0.3169359999997141
2021-08-04 18:15:00,2737.295514,2736.96966,2736.983999,-0.3258539999997083,-0.3115149999998721,-0.3186844999997902
2021-08-04 19:00:00,2737.29804,2736.970435,2736.984204,-0.32760499999994863,-0.3138360000002649,-0.32072050000010677
2021-08-04 19:15:00,2737.294344,2736.970238,2736.984009,-0.32410600000002887,-0.3103350000001228,-0.31722050000007584
2021-08-04 19:30:00,2737.294541,2736.972601,2736.984195,-0.3219400000002679,-0.31034600000020873,-0.3161430000002383
2021-08-04 19:45:00,2737.293768,2736.969088,2736.985454,-0.3246800000001713,-0.30831399999988207,-0.3164970000000267
2021-08-04 20:00:00,2737.295711,2736.972847,2736.985648,-0.32286400000020876,-0.3100630000003548,-0.3164635000002818
2021-08-04 20:15:00,2737.296097,2736.971484,2736.986034,-0.324612999999772,-0.31006299999990006,-0.31733799999983603
2021-08-04 20:30:00,2737.292598,2736.973316,2736.986322,-0.3192819999999301,-0.30627599999979793,-0.312778999999864
2021-08-04 20:45:00,2737.29804,2736.970106,2736.986516,-0.3279339999999138,-0.3115240000001904,-0.3197290000000521
2021-08-04 21:00:00,2737.294928,2736.971484,2736.990925,-0.3234439999996539,-0.3040029999997387,-0.3137234999996963
2021-08-04 21:15:00,2737.29629,2736.973837,2736.987369,-0.32245300000022326,-0.3089210000002822,-0.31568700000025274
2021-08-04 21:30:00,2737.294351,2736.973498,2736.988929,-0.32085300000017014,-0.3054219999999077,-0.3131375000000389
2021-08-04 21:45:00,2737.296877,2736.972526,2736.987956,-0.3243510000002061,-0.3089210000002822,-0.31663600000024417
2021-08-04 22:00:00,2737.297847,2736.970159,2736.989779,-0.32768799999985276,-0.30806799999982104,-0.3178779999998369
2021-08-04 22:30:00,2737.297847,2736.97389,2736.990062,-0.32395699999960925,-0.3077849999999671,-0.3158709999997882
2021-08-04 23:15:00,2737.29668,2736.971732,2736.990645,-0.3249479999999494,-0.30603500000006534,-0.31549150000000736
2021-08-04 23:30:00,2737.297263,2736.971325,2736.987773,-0.325937999999951,-0.3094900000000962,-0.3177140000000236
2021-08-04 23:45:00,2737.299596,2736.971908,2736.991812,-0.32768799999985276,-0.3077839999996286,-0.31773599999974067
2021-08-05 00:00:00,2737.300179,2736.972491,2736.990646,-0.32768799999985276,-0.30953299999964656,-0.31861049999974966
2021-08-05 00:15:00,2737.29843,2736.970741,2736.989793,-0.32768899999973655,-0.308636999999635,-0.3181629999996858
2021-08-05 01:00:00,2737.297263,2736.971324,2736.991229,-0.3259389999998348,-0.3060339999997268,-0.3159864999997808
2021-08-05 01:15:00,2737.300762,2736.971325,2736.993833,-0.32943699999987075,-0.30692899999985457,-0.31818299999986266
2021-08-05 01:30:00,2737.300179,2736.971665,2736.995,-0.3285139999998137,-0.3051789999999528,-0.31684649999988324
2021-08-05 01:45:00,2737.299596,2736.971908,2736.994416,-0.32768799999985276,-0.3051799999998366,-0.3164339999998447
2021-08-05 02:15:00,2737.299403,2736.972705,2736.990767,-0.32669799999985116,-0.30863600000020597,-0.31766700000002857
2021-08-05 02:30:00,2737.301349,2736.971084,2736.990963,-0.330265000000054,-0.310385999999653,-0.3203254999998535
2021-08-05 02:45:00,2737.300766,2736.974001,2736.992983,-0.3267649999997957,-0.3077829999997448,-0.31727399999977024
2021-08-05 03:00:00,2737.301932,2736.972428,2736.990694,-0.3295039999998153,-0.31123799999977564,-0.32037099999979546
2021-08-05 03:15:00,2737.300959,2736.969704,2736.98797,-0.3312550000000556,-0.31298900000001595,-0.32212200000003577
2021-08-05 03:30:00,2737.301152,2736.968907,2736.988164,-0.3322450000000572,-0.31298800000013216,-0.3226165000000947
2021-08-05 03:45:00,2737.300766,2736.96852,2736.99038,-0.332245999999941,-0.310385999999653,-0.321315999999797
2021-08-05 04:00:00,2737.299599,2736.972835,2736.989784,-0.3267639999999119,-0.30981500000007145,-0.3182894999999917
2021-08-05 04:15:00,2737.298433,2736.970678,2736.987765,-0.3277549999997973,-0.3106680000000779,-0.3192114999999376
2021-08-05 04:30:00,2737.299016,2736.974003,2736.990951,-0.32501300000012634,-0.30806499999971493,-0.31653899999992063
2021-08-05 05:00:00,2737.298626,2736.970871,2736.989138,-0.3277549999997973,-0.30948799999987386,-0.3186214999998356
2021-08-05 05:15:00,2737.29882,2736.972056,2736.990184,-0.3267639999999119,-0.3086359999997512,-0.31769999999983156
2021-08-05 05:30:00,2737.299209,2736.971455,2736.990574,-0.3277539999999135,-0.30863499999986743,-0.31819449999989047
2021-08-05 05:45:00,2737.303678,2736.970675,2736.988941,-0.3330030000001898,-0.31473700000015015,-0.32387000000016997
2021-08-05 06:00:00,2737.301345,2736.970092,2736.991814,-0.33125299999983326,-0.309530999999879,-0.3203919999998561
2021-08-05 06:15:00,2737.300179,2736.972491,2736.990647,-0.32768799999985276,-0.3095319999997628,-0.31860999999980777
2021-08-05 07:00:00,2737.301345,2736.973659,2736.990961,-0.32768599999963044,-0.3103839999998854,-0.31903499999975793
2021-08-05 07:15:00,2737.300372,2736.970279,2736.990841,-0.3300930000000335,-0.30953100000033373,-0.3198120000001836
2021-08-05 07:30:00,2737.301342,2736.968591,2736.990914,-0.3327510000003713,-0.3104280000002291,-0.3215895000003002
2021-08-05 07:45:00,2737.300176,2736.970924,2736.990073,-0.32925199999999677,-0.3101030000002538,-0.3196775000001253
2021-08-05 08:00:00,2737.296874,2736.970361,2736.988519,-0.3265129999999772,-0.3083550000001196,-0.3174340000000484
2021-08-05 08:15:00,2737.298236,2736.968984,2736.989883,-0.32925199999999677,-0.3083529999998973,-0.31880249999994703
2021-08-05 08:30:00,2737.300759,2736.969759,2736.990657,-0.33100000000013097,-0.31010200000037,-0.3205510000002505
2021-08-05 08:45:00,2737.298426,2736.969174,2736.98747,-0.32925199999999677,-0.3109559999998055,-0.32010399999990113
2021-08-05 09:00:00,2737.297843,2736.970341,2736.987739,-0.32750199999964025,-0.31010399999968286,-0.31880299999966155
2021-08-05 09:15:00,2737.300176,2736.969176,2736.988323,-0.33100000000013097,-0.3118530000001556,-0.3214265000001433
2021-08-05 09:30:00,2737.300759,2736.968009,2736.989759,-0.33275000000003274,-0.31100000000014916,-0.32187500000009095
2021-08-05 09:45:00,2737.29726,2736.967018,2736.989476,-0.33024199999999837,-0.3077839999996286,-0.3190129999998135
2021-08-05 10:00:00,2737.300372,2736.966631,2736.989091,-0.3337410000003729,-0.3112810000002355,-0.3225110000003042
2021-08-05 10:15:00,2737.301349,2736.968599,2736.987746,-0.33275000000003274,-0.31360300000005736,-0.32317650000004505
2021-08-05 10:45:00,2737.297653,2736.968403,2736.988119,-0.3292500000002292,-0.3095339999999851,-0.31939200000010715
2021-08-05 11:00:00,2737.29726,2736.968011,2736.987156,-0.32924899999989066,-0.31010399999968286,-0.31967649999978676
2021-08-05 11:15:00,2737.295511,2736.966259,2736.984553,-0.32925199999999677,-0.3109580000000278,-0.3201050000000123
2021-08-05 11:30:00,2737.294344,2736.966844,2736.983386,-0.32749999999987267,-0.3109580000000278,-0.31922899999995025
2021-08-05 11:45:00,2737.293178,2736.966585,2736.98572,-0.3265929999997752,-0.3074579999997695,-0.31702549999977236
2021-08-05 12:00:00,2737.293178,2736.968417,2736.986573,-0.3247609999998531,-0.3066049999997631,-0.3156829999998081
2021-08-05 12:30:00,2737.291236,2736.966392,2736.984346,-0.32484400000021196,-0.30688999999983935,-0.31586700000002566
2021-08-05 12:45:00,2737.292015,2736.964098,2736.982523,-0.3279170000000704,-0.30949199999986376,-0.3187044999999671
2021-08-05 13:00:00,2737.293765,2736.967828,2736.985126,-0.3259370000000672,-0.30863899999985733,-0.31728799999996227
2021-08-05 13:15:00,2737.293182,2736.96718,2736.98369,-0.3260019999997894,-0.30949199999986376,-0.3177469999998266
2021-08-05 13:30:00,2737.290656,2736.965412,2736.985516,-0.32524400000011155,-0.3051399999999376,-0.31519200000002456
2021-08-05 13:45:00,2737.292212,2736.96796,2736.98447,-0.32425199999988763,-0.307741999999962,-0.3159969999999248
2021-08-05 14:00:00,2737.295321,2736.96757,2736.986683,-0.32775100000026214,-0.30863799999997354,-0.31819450000011784
2021-08-05 14:15:00,2737.292602,2736.96835,2736.988033,-0.32425199999988763,-0.3045689999999013,-0.31441049999989445
2021-08-05 14:30:00,2737.292602,2736.968351,2736.985431,-0.32425100000000384,-0.3071709999999257,-0.31571099999996477
2021-08-05 14:45:00,2737.292019,2736.967767,2736.984846,-0.32425199999988763,-0.307173000000148,-0.3157125000000178
2021-08-05 15:00:00,2737.294351,2736.967361,2736.984578,-0.32699000000002343,-0.3097729999999501,-0.3183814999999868
2021-08-05 15:15:00,2737.294738,2736.970488,2736.987568,-0.32425000000012005,-0.3071700000000419,-0.315710000000081
2021-08-05 15:30:00,2737.293761,2736.969183,2736.986591,-0.3245779999997467,-0.3071700000000419,-0.3158739999998943
2021-08-05 15:45:00,2737.293178,2736.967757,2736.984257,-0.32542100000000573,-0.3089209999998275,-0.3171709999999166
2021-08-05 16:00:00,2737.294151,2736.971471,2736.988399,-0.32268000000021857,-0.3057520000002114,-0.314216000000215
2021-08-05 16:15:00,2737.294541,2736.96828,2736.985332,-0.3262610000001587,-0.30920900000000984,-0.31773500000008426
2021-08-05 16:30:00,2737.292985,2736.970304,2736.987232,-0.32268100000010236,-0.3057530000000952,-0.3142170000000988
2021-08-05 16:45:00,2737.297263,2736.971004,2736.986306,-0.32625899999993635,-0.31095700000014403,-0.3186080000000402
2021-08-05 17:00:00,2737.296097,2736.971586,2736.989493,-0.32451099999980215,-0.3066039999998793,-0.31555749999984073
2021-08-05 17:15:00,2737.294931,2736.970419,2736.986574,-0.32451199999968594,-0.3083569999998872,-0.31643449999978657
2021-08-05 18:00:00,2737.292015,2736.968924,2736.984555,-0.3230910000002041,-0.30745999999999185,-0.31527550000009796
2021-08-05 18:15:00,2737.292598,2736.966768,2736.987741,-0.32583000000022366,-0.30485700000008364,-0.31534350000015365
2021-08-05 18:30:00,2737.293182,2736.965601,2736.984824,-0.3275810000000092,-0.308357999999771,-0.3179694999998901
2021-08-05 18:45:00,2737.296097,2736.965016,2736.984242,-0.3310809999998128,-0.31185499999992317,-0.32146799999986797
2021-08-05 19:00:00,2737.294931,2736.965929,2736.985395,-0.32900199999994584,-0.3095359999997527,-0.31926899999984926
2021-08-05 19:45:00,2737.293765,2736.966511,2736.988012,-0.32725399999981164,-0.3057530000000952,-0.3165034999999534
2021-08-05 20:00:00,2737.296097,2736.967096,2736.986562,-0.32900100000006205,-0.3095349999998689,-0.31926799999996547
2021-08-05 20:30:00,2737.294541,2736.967288,2736.987038,-0.3272530000003826,-0.307502999999997,-0.3173780000001898
2021-08-05 20:45:00,2737.295511,2736.96735,2736.988862,-0.3281609999999091,-0.306648999999652,-0.31740499999978056
2021-08-05 21:00:00,2737.295511,2736.970091,2736.985405,-0.3254199999996672,-0.3101059999999052,-0.3177629999997862
2021-08-05 21:15:00,2737.29726,2736.9691,2736.988009,-0.3281600000000253,-0.3092509999996764,-0.31870549999985087
2021-08-05 21:30:00,2737.294928,2736.967526,2736.990029,-0.3274019999998927,-0.30489899999975023,-0.3161504999998215
2021-08-05 21:45:00,2737.29726,2736.966359,2736.990612,-0.3309009999998125,-0.3066479999997682,-0.31877449999979035
2021-08-05 22:00:00,2737.29804,2736.96813,2736.989642,-0.3299099999999271,-0.30839800000012474,-0.3191540000000259
2021-08-05 22:15:00,2737.293768,2736.964944,2736.988867,-0.32882400000016787,-0.30490099999997256,-0.3168625000000702
2021-08-05 22:30:00,2737.294351,2736.96736,2736.990305,-0.3269909999999072,-0.30404600000019855,-0.3155185000000529
2021-08-05 23:00:00,2737.296684,2736.967942,2736.990888,-0.3287419999996928,-0.3057960000001003,-0.31726899999989655
2021-08-05 23:15:00,2737.296487,2736.970487,2736.990692,-0.32600000000002183,-0.30579500000021653,-0.3158975000001192
2021-08-05 23:30:00,2737.29901,2736.971259,2736.994069,-0.32775100000026214,-0.3049410000003263,-0.3163460000002942
2021-08-05 23:45:00,2737.299206,2736.969624,2736.991662,-0.32958200000030047,-0.3075440000002345,-0.3185630000002675
2021-08-06 00:00:00,2737.299599,2736.970017,2736.992908,-0.3295819999998457,-0.30669099999977334,-0.31813649999980953
2021-08-06 00:15:00,2737.299016,2736.970276,2736.990619,-0.3287399999999252,-0.3083969999997862,-0.3185684999998557
2021-08-06 00:30:00,2737.296101,2736.967277,2736.988599,-0.3288239999997131,-0.3075020000001132,-0.31816299999991315
2021-08-06 00:45:00,2737.298433,2736.967859,2736.990036,-0.33057400000006965,-0.3083969999997862,-0.3194854999999279
2021-08-06 01:00:00,2737.299403,2736.970663,2736.991006,-0.3287399999999252,-0.3083969999997862,-0.3185684999998557
2021-08-06 01:15:00,2737.29901,2736.968436,2736.991466,-0.33057400000006965,-0.3075440000002345,-0.3190590000001521
2021-08-06 01:45:00,2737.299593,2736.970011,2736.989446,-0.32958200000030047,-0.3101470000001427,-0.3198645000002216
2021-08-06 02:00:00,2737.300759,2736.969098,2736.990048,-0.3316610000001674,-0.310711000000083,-0.3211860000001252
2021-08-06 02:45:00,2737.295511,2736.967348,2736.990613,-0.3281629999996767,-0.30489799999986644,-0.31653049999977156
2021-08-06 03:00:00,2737.299983,2736.964592,2736.989836,-0.3353910000000724,-0.310146999999688,-0.3227689999998802
2021-08-06 03:15:00,2737.29843,2736.96852,2736.990033,-0.3299099999999271,-0.3083969999997862,-0.31915349999985665
2021-08-06 03:30:00,2737.300179,2736.966688,2736.992636,-0.3334909999998672,-0.307542999999896,-0.3205169999998816
2021-08-06 03:45:00,2737.29843,2736.965697,2736.990886,-0.3327329999997346,-0.30754399999977977,-0.3201384999997572
2021-08-06 04:15:00,2737.299013,2736.969103,2736.990617,-0.3299099999999271,-0.3083959999999024,-0.31915299999991475
2021-08-06 04:45:00,2737.299013,2736.967271,2736.99379,-0.3317419999998492,-0.3052229999998417,-0.31848249999984546
2021-08-06 05:00:00,2737.300179,2736.968438,2736.993206,-0.3317409999999654,-0.3069729999997435,-0.31935699999985445
2021-08-06 05:30:00,2737.29707,2736.967078,2736.993597,-0.32999199999994744,-0.30347299999993993,-0.3167324999999437
2021-08-06 05:45:00,2737.29785,2736.965117,2736.99092,-0.3327329999997346,-0.30692999999973836,-0.3198314999997365
2021-08-06 06:00:00,2737.300959,2736.967468,2736.98878,-0.33349100000032195,-0.31217900000001464,-0.3228350000001683
2021-08-06 06:15:00,2737.299596,2736.965114,2736.99177,-0.3344819999997526,-0.3078259999997499,-0.32115399999975125
2021-08-06 06:45:00,2737.297263,2736.96179,2736.991187,-0.3354730000000927,-0.30607599999984814,-0.32077449999997043
2021-08-06 07:00:00,2737.297847,2736.964124,2736.988597,-0.3337229999997362,-0.30924999999979264,-0.3214864999997644
2021-08-06 07:30:00,2737.300179,2736.958467,2736.990603,-0.34171199999991586,-0.3095759999996517,-0.3256439999997838
2021-08-06 08:00:00,2737.300179,2736.960217,2736.993207,-0.3399620000000141,-0.3069719999998597,-0.3234669999999369
2021-08-06 08:30:00,2737.29843,2736.960217,2736.991456,-0.3382129999999961,-0.30697399999962727,-0.3225934999998117
2021-08-06 08:45:00,2737.29668,2736.959226,2736.99406,-0.3374539999999797,-0.3026199999999335,-0.3200369999999566
2021-08-06 09:00:00,2737.297847,2736.958644,2736.992622,-0.3392029999999977,-0.3052249999996093,-0.3222139999998035
2021-08-06 09:15:00,2737.299013,2736.961792,2736.989437,-0.3372209999997722,-0.3095759999996517,-0.32339849999971193
2021-08-06 09:30:00,2737.297263,2736.963542,2736.99204,-0.3337209999999686,-0.3052229999998417,-0.31947199999990517
2021-08-06 10:00:00,2737.297847,2736.957818,2736.99002,-0.3400289999999586,-0.3078269999996337,-0.32392799999979616
2021-08-06 10:15:00,2737.296097,2736.956068,2736.990873,-0.3400289999999586,-0.3052239999997255,-0.32262649999984205
2021-08-06 10:30:00,2737.291432,2736.952161,2736.987956,-0.339270999999826,-0.30347600000004604,-0.32137349999993603
2021-08-06 10:45:00,2737.293182,2736.953911,2736.98568,-0.339270999999826,-0.3075020000001132,-0.3233864999999696
2021-08-06 11:00:00,2737.293182,2736.957643,2736.988853,-0.3355389999996987,-0.3043290000000525,-0.3199339999998756
2021-08-06 11:15:00,2737.292598,2736.957059,2736.98827,-0.33553900000015346,-0.3043280000001687,-0.3199335000001611
2021-08-06 11:30:00,2737.289683,2736.953152,2736.987103,-0.33653099999992264,-0.3025800000000345,-0.31955549999997857
2021-08-06 11:45:00,2737.289489,2736.954709,2736.986055,-0.33477999999968233,-0.3034339999999247,-0.3191069999998035
2021-08-06 12:00:00,2737.293961,2736.951111,2736.986177,-0.34284999999999854,-0.3077839999996286,-0.32531699999981356
2021-08-06 12:15:00,2737.291432,2736.950329,2736.98625,-0.3411030000002029,-0.3051820000000589,-0.3231425000001309
2021-08-06 12:30:00,2737.290073,2736.948641,2736.984888,-0.34143200000016805,-0.305185000000165,-0.32330850000016653
2021-08-06 12:45:00,2737.288906,2736.950134,2736.983721,-0.3387720000000627,-0.305185000000165,-0.32197850000011385
2021-08-06 13:00:00,2737.291625,2736.951103,2736.987013,-0.34052199999996446,-0.3046119999999064,-0.32256699999993543
2021-08-06 13:15:00,2737.291239,2736.951707,2736.984885,-0.33953199999996286,-0.3063540000002831,-0.322943000000123
2021-08-06 13:30:00,2737.289679,2736.954639,2736.985076,-0.3350399999999354,-0.3046030000000428,-0.3198214999999891
2021-08-06 13:45:00,2737.288513,2736.955222,2736.985658,-0.3332909999999174,-0.3028549999999086,-0.318072999999913
2021-08-06 14:15:00,2737.290652,2736.950788,2736.984298,-0.33986400000003414,-0.3063540000002831,-0.32310900000015863
2021-08-06 14:30:00,2737.287933,2736.952558,2736.983894,-0.3353750000001128,-0.30403900000010253,-0.31970700000010766
2021-08-06 14:45:00,2737.286377,2736.955492,2736.985837,-0.3308849999998529,-0.300539999999728,-0.31571249999979045
2021-08-06 15:00:00,2737.286764,2736.954888,2736.983621,-0.33187599999973827,-0.303143000000091,-0.3175094999999146
2021-08-06 15:15:00,2737.289486,2736.956851,2736.985447,-0.3326350000002094,-0.30403900000010253,-0.31833700000015597
2021-08-06 15:30:00,2737.292015,2736.956641,2736.987978,-0.33537399999977424,-0.3040369999998802,-0.3197054999998272
2021-08-06 15:45:00,2737.290652,2736.958363,2736.985181,-0.3322889999999461,-0.30547100000012506,-0.3188800000000356
2021-08-06 16:00:00,2737.289683,2736.954652,2736.982178,-0.3350310000000718,-0.30750499999976455,-0.3212679999999182
2021-08-06 16:15:00,2737.288516,2736.955235,2736.986217,-0.33328100000017,-0.30229899999994814,-0.3177900000000591
2021-08-06 16:30:00,2737.288903,2736.955294,2736.988354,-0.3336090000002514,-0.30054900000004636,-0.3170790000001489
2021-08-06 16:45:00,2737.290842,2736.956392,2736.988544,-0.3344499999998334,-0.30229800000006435,-0.31837399999994886
2021-08-06 17:15:00,2737.290066,2736.955615,2736.985164,-0.3344510000001719,-0.30490199999985634,-0.31967650000001413
2021-08-06 17:30:00,2737.290456,2736.956005,2736.988157,-0.3344510000001719,-0.3022990000004029,-0.3183750000002874
2021-08-06 17:45:00,2737.292982,2736.954801,2736.988934,-0.3381810000000769,-0.3040479999999661,-0.3211145000000215
2021-08-06 18:00:00,2737.293371,2736.956181,2736.989324,-0.3371900000001915,-0.30404700000008233,-0.3206185000001369
2021-08-06 18:15:00,2737.289483,2736.95495,2736.986901,-0.33453300000019226,-0.30258199999980206,-0.31855749999999716
2021-08-06 18:30:00,2737.290263,2736.95672,2736.985078,-0.3335429999997359,-0.30518499999971027,-0.3193639999997231
2021-08-06 18:45:00,2737.290846,2736.954562,2736.988264,-0.3362839999999778,-0.30258199999980206,-0.31943299999988994
2021-08-06 19:00:00,2737.293761,2736.95847,2736.987681,-0.3352909999998701,-0.30607999999983804,-0.3206854999998541
2021-08-06 19:30:00,2737.292012,2736.955729,2736.988534,-0.33628300000009403,-0.3034779999998136,-0.3198804999999538
2021-08-06 19:45:00,2737.293178,2736.959719,2736.986245,-0.333458999999948,-0.30693299999984447,-0.32019599999989623
2021-08-06 20:00:00,2737.295121,2736.956182,2736.987291,-0.3389390000002095,-0.30783000000019456,-0.323384500000202
2021-08-06 20:15:00,2737.292592,2736.956393,2736.986511,-0.33619899999985137,-0.3060809999997218,-0.3211399999997866
2021-08-06 20:45:00,2737.294341,2736.957152,2736.991717,-0.33718899999985297,-0.3026239999999234,-0.3199064999998882
2021-08-06 21:00:00,2737.297257,2736.956567,2736.990281,-0.34068999999999505,-0.30697600000030434,-0.3238330000001497
2021-08-06 21:30:00,2737.296874,2736.956846,2736.991332,-0.3400280000000748,-0.3055420000000595,-0.32278500000006716
2021-08-06 21:45:00,2737.294931,2736.95815,2736.992591,-0.3367809999999736,-0.30233999999973094,-0.31956049999985225
2021-08-06 22:00:00,2737.292598,2736.956577,2736.991154,-0.3360210000000734,-0.30144400000017413,-0.31873250000012376
2021-08-06 22:30:00,2737.293765,2736.955994,2736.991424,-0.3377709999999752,-0.30234100000006947,-0.3200560000000223
2021-08-06 23:00:00,2737.294934,2736.955994,2736.990571,-0.3389400000000933,-0.304363000000194,-0.32165150000014364
2021-08-06 23:15:00,2737.295517,2736.954827,2736.989404,-0.34068999999999505,-0.3061130000000958,-0.3234015000000454
2021-08-06 23:30:00,2737.296101,2736.957821,2736.989988,-0.33827999999994063,-0.3061130000000958,-0.3221965000000182
2021-08-07 00:15:00,2737.29785,2736.957159,2736.991738,-0.34069099999987884,-0.30611199999975724,-0.32340149999981804
2021-08-07 00:30:00,2737.295317,2736.954806,2736.992978,-0.34051099999987855,-0.30233899999984715,-0.32142499999986285
2021-08-07 00:45:00,2737.29726,2736.953746,2736.991148,-0.34351399999968635,-0.30611199999975724,-0.3248129999997218
2021-08-07 01:00:00,2737.294341,2736.955399,2736.990251,-0.33894199999986085,-0.3040899999996327,-0.3215159999997468
2021-08-07 01:15:00,2737.294924,2736.953243,2736.990834,-0.34168099999988044,-0.3040899999996327,-0.3228854999997566
2021-08-07 02:15:00,2737.298423,2736.954992,2736.991406,-0.34343100000023696,-0.30701700000008714,-0.32522400000016205
2021-08-07 02:30:00,2737.29648,2736.954798,2736.992963,-0.34168199999976423,-0.30351699999982884,-0.32259949999979654
2021-08-07 02:45:00,2737.295511,2736.956568,2736.991993,-0.33894299999974464,-0.30351799999971263,-0.32123049999972864
2021-08-07 03:00:00,2737.293761,2736.957558,2736.989388,-0.33620299999984127,-0.3043729999999414,-0.3202879999998913
2021-08-07 03:15:00,2737.294344,2736.956311,2736.989119,-0.3380329999999958,-0.30522500000006403,-0.3216290000000299
2021-08-07 03:30:00,2737.295511,2736.957478,2736.991139,-0.3380329999999958,-0.30437199999960285,-0.32120249999979933
2021-08-07 03:45:00,2737.297843,2736.95532,2736.994327,-0.34252299999980096,-0.30351599999994505,-0.323019499999873
2021-08-07 04:00:00,2737.294928,2736.958645,2736.995762,-0.3362829999996393,-0.29916599999978644,-0.31772449999971286
2021-08-07 04:30:00,2737.29726,2736.95657,2736.991705,-0.34068999999999505,-0.305554999999913,-0.323122499999954
2021-08-07 05:30:00,2737.294344,2736.956163,2736.992577,-0.3381810000000769,-0.30176699999992707,-0.319974000000002
2021-08-07 05:45:00,2737.295511,2736.958982,2736.991139,-0.3365289999997003,-0.30437199999960285,-0.3204504999996516
2021-08-07 06:15:00,2737.293761,2736.956487,2736.991992,-0.3372739999999794,-0.30176899999969464,-0.31952149999983703
2021-08-07 06:30:00,2737.296677,2736.957654,2736.993159,-0.3390229999999974,-0.30351799999971263,-0.321270499999855
2021-08-07 06:45:00,2737.293761,2736.95733,2736.991992,-0.33643099999972037,-0.30176899999969464,-0.3190999999997075
2021-08-07 07:00:00,2737.293761,2736.959311,2736.991993,-0.3344499999998334,-0.30176799999981085,-0.3181089999998221
2021-08-07 07:15:00,2737.295511,2736.960071,2736.99114,-0.335439999999835,-0.30437099999971906,-0.319905499999777
2021-08-07 07:30:00,2737.295121,2736.959681,2736.991602,-0.33544000000028973,-0.30351900000005116,-0.31947950000017045
2021-08-07 07:45:00,2737.294341,2736.959891,2736.990822,-0.3344499999998334,-0.3035189999995964,-0.3189844999997149
2021-08-07 08:00:00,2737.299589,2736.960733,2736.993426,-0.33885600000030536,-0.3061630000001969,-0.32250950000025114
2021-08-07 08:15:00,2737.29784,2736.958901,2736.989115,-0.3389390000002095,-0.3087250000003223,-0.3238320000002659
2021-08-07 08:30:00,2737.297257,2736.958318,2736.991136,-0.3389390000002095,-0.3061210000000756,-0.32253000000014254
2021-08-07 08:45:00,2737.296091,2736.954411,2736.989969,-0.34167999999999665,-0.30612199999995937,-0.323900999999978
2021-08-07 09:15:00,2737.296674,2736.959568,2736.987948,-0.33710599999994884,-0.3087260000002061,-0.3229160000000775
2021-08-07 09:30:00,2737.297257,2736.95949,2736.989386,-0.3377669999999853,-0.30787099999997736,-0.3228189999999813
2021-08-07 10:00:00,2737.294341,2736.954413,2736.988219,-0.33992799999987255,-0.30612199999995937,-0.32302499999991596
2021-08-07 10:15:00,2737.293955,2736.955858,2736.987832,-0.33809700000028897,-0.3061230000002979,-0.32211000000029344
2021-08-07 10:30:00,2737.294348,2736.952668,2736.986475,-0.34167999999999665,-0.30787299999974493,-0.3247764999998708
2021-08-07 10:45:00,2737.291432,2736.952345,2736.987059,-0.3390869999998358,-0.3043729999999414,-0.3217299999998886
2021-08-07 11:00:00,2737.290849,2736.954831,2736.986474,-0.3360179999999673,-0.3043750000001637,-0.3201965000000655
2021-08-07 11:15:00,2737.290652,2736.954633,2736.983674,-0.3360190000003058,-0.3069780000000719,-0.32149850000018887
2021-08-07 11:30:00,2737.290456,2736.954436,2736.984658,-0.3360200000001896,-0.30579800000032265,-0.32090900000025613
2021-08-07 11:45:00,2737.289683,2736.952673,2736.983884,-0.3370100000001912,-0.3057989999997517,-0.32140449999997145
2021-08-07 12:00:00,2737.289683,2736.949933,2736.984737,-0.3397500000000946,-0.30494599999974525,-0.3223479999999199
2021-08-07 12:15:00,2737.28832,2736.954051,2736.985124,-0.3342689999999493,-0.3031960000002982,-0.31873250000012376
2021-08-07 12:30:00,2737.28676,2736.956654,2736.985884,-0.330105999999887,-0.3008759999997892,-0.3154909999998381
2021-08-07 12:45:00,2737.291232,2736.955795,2736.985153,-0.3354370000001836,-0.30607899999995425,-0.32075800000006893
2021-08-07 13:00:00,2737.290846,2736.957158,2736.988221,-0.3336879999997109,-0.3026249999998072,-0.31815649999975903
2021-08-07 13:30:00,2737.28793,2736.953168,2736.986767,-0.33476199999995515,-0.3011630000000878,-0.31796250000002146
2021-08-07 13:45:00,2737.285597,2736.953576,2736.985618,-0.332021000000168,-0.29997899999989386,-0.3160000000000309
2021-08-07 14:15:00,2737.28832,2736.950722,2736.982804,-0.3375980000000709,-0.30551599999989776,-0.3215569999999843
2021-08-07 14:30:00,2737.289683,2736.956576,2736.988521,-0.3331069999999272,-0.30116199999974924,-0.3171344999998382
2021-08-07 14:45:00,2737.290266,2736.95442,2736.984749,-0.3358459999999468,-0.30551699999978155,-0.3206814999998642
2021-08-07 15:00:00,2737.2891,2736.955993,2736.985333,-0.3331069999999272,-0.30376699999987977,-0.3184369999999035
2021-08-07 15:15:00,2737.290266,2736.952669,2736.987354,-0.3375970000001871,-0.30291200000010576,-0.32025450000014644
2021-08-07 15:30:00,2737.289683,2736.953836,2736.985916,-0.3358469999998306,-0.30376699999987977,-0.3198069999998552
2021-08-07 16:30:00,2737.289683,2736.956577,2736.989372,-0.3331060000000434,-0.30031099999996513,-0.3167085000000043
2021-08-07 16:45:00,2737.287933,2736.95575,2736.984166,-0.33218299999998635,-0.30376699999987977,-0.31797499999993306
2021-08-07 17:00:00,2737.28832,2736.956137,2736.985123,-0.33218299999998635,-0.303197000000182,-0.3176900000000842
2021-08-07 17:15:00,2737.288706,2736.956524,2736.986363,-0.3321819999996478,-0.30234299999983705,-0.31726249999974243
2021-08-07 17:30:00,2737.290652,2736.956721,2736.987437,-0.33393100000012055,-0.3032149999999092,-0.31857300000001487
2021-08-07 17:45:00,2737.288506,2736.956503,2736.985608,-0.33200299999998606,-0.30289799999991374,-0.3174504999999499
2021-08-07 18:00:00,2737.291422,2736.95592,2736.987345,-0.3355019999999058,-0.3040769999997792,-0.3197894999998425
2021-08-07 18:15:00,2737.290063,2736.954559,2736.985985,-0.33550400000012814,-0.30407800000011775,-0.31979100000012295
2021-08-07 18:30:00,2737.290842,2736.95534,2736.986765,-0.3355019999999058,-0.3040769999997792,-0.3197894999998425
2021-08-07 19:00:00,2737.290842,2736.953174,2736.985014,-0.3376679999996668,-0.30582800000001953,-0.32174799999984316
2021-08-07 19:15:00,2737.290452,2736.954617,2736.986375,-0.33583500000031563,-0.30407700000023397,-0.3199560000002748
2021-08-07 19:30:00,2737.291812,2736.953568,2736.982528,-0.3382440000000315,-0.30928399999993417,-0.32376399999998284
2021-08-07 20:00:00,2737.292592,2736.95534,2736.98359,-0.3372519999998076,-0.309001999999964,-0.3231269999998858
2021-08-07 20:45:00,2737.292202,2736.956366,2736.987555,-0.3358360000001994,-0.3046469999999317,-0.32024150000006557
2021-08-07 21:00:00,2737.292009,2736.955335,2736.987917,-0.3366739999996753,-0.30409199999985503,-0.32038299999976516
2021-08-07 21:15:00,2737.292592,2736.955919,2736.987321,-0.3366729999997915,-0.3052709999997205,-0.320971999999756
2021-08-07 21:30:00,2737.290842,2736.954929,2736.98675,-0.3359129999998913,-0.30409199999985503,-0.3200024999998732
2021-08-07 22:00:00,2737.293758,2736.957085,2736.985315,-0.3366729999997915,-0.30844299999989744,-0.32255799999984447
2021-08-07 22:15:00,2737.293955,2736.956358,2736.988968,-0.3375970000001871,-0.3049869999999828,-0.32129200000008495
2021-08-07 22:30:00,2737.293568,2736.955971,2736.985978,-0.3375970000001871,-0.307589999999891,-0.32259350000003906
2021-08-07 22:45:00,2737.290842,2736.955919,2736.987603,-0.3349229999998897,-0.3032389999998486,-0.31908099999986916
2021-08-07 23:15:00,2737.293568,2736.95498,2736.99033,-0.3385880000000725,-0.3032379999999648,-0.32091300000001866
2021-08-07 23:30:00,2737.295704,2736.955367,2736.988114,-0.3403370000000905,-0.307589999999891,-0.32396349999999074
2021-08-07 23:45:00,2737.292402,2736.959295,2736.991767,-0.3331069999999272,-0.3006350000000566,-0.3168709999999919
2021-08-08 00:00:00,2737.297257,2736.952362,2736.993124,-0.3448950000001787,-0.3041330000000926,-0.32451400000013564
2021-08-08 00:15:00,2737.295704,2736.95081,2736.99157,-0.3448940000002949,-0.30413399999997637,-0.32451400000013564
2021-08-08 00:30:00,2737.296097,2736.951531,2736.991964,-0.3445659999997588,-0.3041330000000926,-0.3243494999999257
2021-08-08 00:45:00,2737.294931,2736.947623,2736.989945,-0.3473079999998845,-0.304986000000099,-0.32614699999999175
2021-08-08 01:00:00,2737.296097,2736.94879,2736.988792,-0.3473070000000007,-0.30730499999981475,-0.3273059999999077
2021-08-08 01:15:00,2737.295514,2736.946456,2736.988207,-0.34905799999978626,-0.3073070000000371,-0.32818249999991167
2021-08-08 01:30:00,2737.29668,2736.946633,2736.991977,-0.3500469999999041,-0.30470299999979034,-0.3273749999998472
2021-08-08 01:45:00,2737.295514,2736.945139,2736.990811,-0.35037499999998545,-0.30470299999979034,-0.3275389999998879
2021-08-08 02:00:00,2737.29668,2736.946304,2736.990797,-0.35037599999986924,-0.30588299999999435,-0.3281294999999318
2021-08-08 02:30:00,2737.297067,2736.944942,2736.991184,-0.3521249999998872,-0.30588299999999435,-0.3290039999999408
2021-08-08 02:45:00,2737.297453,2736.948069,2736.991571,-0.34938400000010006,-0.30588200000011057,-0.3276330000001053
2021-08-08 03:00:00,2737.297067,2736.947682,2736.993787,-0.34938499999998385,-0.30328000000008615,-0.326332500000035
2021-08-08 03:15:00,2737.29687,2736.949236,2736.992738,-0.3476340000001983,-0.3041320000002088,-0.32588300000020354
2021-08-08 03:30:00,2737.29765,2736.948266,2736.989164,-0.34938400000010006,-0.30848599999990256,-0.3289350000000013
2021-08-08 03:45:00,2737.296091,2736.950206,2736.990535,-0.3458850000001803,-0.3055560000002515,-0.3257205000002159
2021-08-08 04:00:00,2737.29784,2736.949544,2736.993138,-0.3482960000001185,-0.3047020000003613,-0.3264990000002399
2021-08-08 04:15:00,2737.299589,2736.947466,2736.993708,-0.35212300000011965,-0.3058810000002268,-0.3290020000001732
2021-08-08 05:00:00,2737.297453,2736.949821,2736.993322,-0.34763199999997596,-0.304131000000325,-0.3258815000001505
2021-08-08 05:15:00,2737.297067,2736.946031,2736.993788,-0.3510360000000219,-0.3032789999997476,-0.32715749999988475
2021-08-08 05:30:00,2737.299203,2736.950149,2736.995925,-0.3490540000002511,-0.3032779999998638,-0.32616600000005747
2021-08-08 05:45:00,2737.300566,2736.949762,2736.992935,-0.35080399999969814,-0.3076309999996738,-0.32921749999968597
2021-08-08 06:00:00,2737.299203,2736.949159,2736.994175,-0.3500440000002527,-0.30502800000022035,-0.3275360000002365
2021-08-08 06:15:00,2737.300179,2736.950136,2736.995151,-0.3500429999999142,-0.3050279999997656,-0.3275354999998399
2021-08-08 06:30:00,2737.299013,2736.948969,2736.993415,-0.35004399999979796,-0.3055979999999181,-0.32782099999985803
2021-08-08 06:45:00,2737.29668,2736.945644,2736.99283,-0.3510360000000219,-0.3038499999997839,-0.3274429999999029
2021-08-08 07:00:00,2737.29668,2736.945646,2736.990227,-0.35103399999979956,-0.30645300000014686,-0.3287434999999732
2021-08-08 07:15:00,2737.29843,2736.947462,2736.9934,-0.3509679999997388,-0.3050299999999879,-0.32799899999986337
2021-08-08 07:30:00,2737.295707,2736.946488,2736.991575,-0.3492190000001756,-0.3041320000002088,-0.3266755000001922
2021-08-08 07:45:00,2737.295511,2736.947283,2736.989057,-0.34822799999983545,-0.30645400000003065,-0.32734099999993305
2021-08-08 08:00:00,2737.294928,2736.94571,2736.994251,-0.34921799999983705,-0.3006769999997232,-0.3249474999997801
2021-08-08 08:15:00,2737.29687,2736.948643,2736.992123,-0.34822699999995166,-0.304747000000134,-0.3264870000000428
2021-08-08 08:30:00,2737.294341,2736.947863,2736.989637,-0.3464779999999337,-0.3047039999996741,-0.3255909999998039
2021-08-08 08:45:00,2737.295507,2736.946619,2736.989906,-0.3488879999999881,-0.3056010000000242,-0.32724450000000616
2021-08-08 09:00:00,2737.296091,2736.945452,2736.99049,-0.3506390000002284,-0.3056010000000242,-0.3281200000001263
2021-08-08 09:15:00,2737.29784,2736.947284,2736.989925,-0.3505560000003243,-0.307915000000321,-0.32923550000032265
2021-08-08 09:30:00,2737.29784,2736.946293,2736.989072,-0.35154700000020966,-0.30876800000032745,-0.33015750000026856
2021-08-08 09:45:00,2737.295507,2736.94472,2736.991943,-0.35078699999985474,-0.30356399999982386,-0.3271754999998393
2021-08-08 10:15:00,2737.294924,2736.945128,2736.989323,-0.34979599999996935,-0.3056010000000242,-0.3276984999999968
2021-08-08 10:45:00,2737.290842,2736.941803,2736.991341,-0.34903899999972055,-0.2995009999999638,-0.3242699999998422
2021-08-08 11:15:00,2737.287344,2736.945535,2736.986989,-0.341809000000012,-0.30035499999985404,-0.32108199999993303
2021-08-08 11:30:00,2737.291425,2736.944287,2736.990174,-0.3471380000000863,-0.3012509999998656,-0.32419449999997596
2021-08-08 11:45:00,2737.290842,2736.944464,2736.990489,-0.3463779999997314,-0.30035300000008647,-0.32336549999990893
2021-08-08 12:00:00,2737.289676,2736.946037,2736.989322,-0.3436389999997118,-0.30035399999997026,-0.32199649999984103
2021-08-08 12:15:00,2737.28851,2736.944872,2736.989906,-0.343637999999828,-0.2986040000000685,-0.32112099999994825
2021-08-08 12:30:00,2737.290066,2736.944677,2736.990564,-0.34538900000006834,-0.2995019999998476,-0.322445499999958
2021-08-08 12:45:00,2737.290846,2736.944467,2736.990491,-0.34637900000006994,-0.30035499999985404,-0.323366999999962
2021-08-08 13:00:00,2737.292205,2736.944077,2736.990101,-0.3481280000000879,-0.3021040000003268,-0.32511600000020735
2021-08-08 13:15:00,2737.286177,2736.939797,2736.984967,-0.3463799999999537,-0.3012100000000828,-0.32379500000001826
2021-08-08 13:30:00,2737.284235,2736.938548,2736.989129,-0.3456869999999981,-0.2951060000000325,-0.3203965000000153
2021-08-08 13:45:00,2737.288123,2736.941745,2736.989517,-0.3463779999997314,-0.29860599999983606,-0.32249199999978373
2021-08-08 14:00:00,2737.286567,2736.940121,2736.987109,-0.34644600000001446,-0.2994579999999587,-0.3229519999999866
2021-08-08 14:15:00,2737.286181,2736.942148,2736.985869,-0.34403299999985393,-0.3003119999998489,-0.3221724999998514
2021-08-08 14:30:00,2737.285014,2736.93824,2736.986978,-0.34677400000009584,-0.2980360000001383,-0.32240500000011707
2021-08-08 14:45:00,2737.285597,2736.938823,2736.984105,-0.34677400000009584,-0.30149200000005294,-0.3241330000000744
2021-08-08 15:00:00,2737.28793,2736.939406,2736.987292,-0.3485239999999976,-0.3006380000001627,-0.32458100000008017
2021-08-08 15:15:00,2737.287154,2736.93939,2736.993472,-0.34776400000009744,-0.2936819999999898,-0.3207230000000436
2021-08-08 15:30:00,2737.286767,2736.940902,2736.991334,-0.3458650000002308,-0.2954330000002301,-0.32064900000023044
2021-08-08 15:45:00,2737.291432,2736.942069,2736.989898,-0.349362999999812,-0.3015340000001743,-0.32544849999999315
2021-08-08 16:15:00,2737.284435,2736.940981,2736.98732,-0.34345399999983783,-0.2971149999998488,-0.3202844999998433
2021-08-08 16:45:00,2737.283265,2736.938241,2736.985261,-0.34502400000019406,-0.2980040000002191,-0.3215140000002066
2021-08-08 17:45:00,2737.286767,2736.941564,2736.987878,-0.3452029999998558,-0.29888900000014473,-0.3220460000000003
2021-08-08 18:00:00,2737.28735,2736.941485,2736.988461,-0.3458650000002308,-0.29888900000014473,-0.32237700000018776
2021-08-08 18:30:00,2737.28832,2736.940376,2736.990284,-0.34794400000009773,-0.2980360000001383,-0.322990000000118
2021-08-08 18:45:00,2737.288706,2736.940763,2736.988067,-0.3479429999997592,-0.3006390000000465,-0.32429099999990285
2021-08-08 19:00:00,2737.289683,2736.937494,2736.987865,-0.3521890000001804,-0.301817999999912,-0.3270035000000462
2021-08-08 19:15:00,2737.2891,2736.938744,2736.989885,-0.35035599999991973,-0.2992150000000038,-0.32478549999996176
2021-08-08 19:30:00,2737.286767,2736.938161,2736.986698,-0.34860600000001796,-0.300068999999894,-0.324337499999956
2021-08-08 19:45:00,2737.2891,2736.940494,2736.991635,-0.34860600000001796,-0.297465000000102,-0.32303550000006
2021-08-08 20:00:00,2737.289683,2736.939327,2736.990468,-0.35035599999991973,-0.2992150000000038,-0.32478549999996176
2021-08-08 20:15:00,2737.2891,2736.939585,2736.989315,-0.349514999999883,-0.2997850000001563,-0.32465000000001965
2021-08-08 20:30:00,2737.291432,2736.938418,2736.988148,-0.35301399999980276,-0.30328400000007605,-0.3281489999999394
2021-08-08 20:45:00,2737.289683,2736.937427,2736.990751,-0.3522560000001249,-0.29893200000014986,-0.3255940000001374
2021-08-08 21:00:00,2737.289293,2736.939778,2736.990361,-0.349514999999883,-0.2989319999996951,-0.32422349999978906
2021-08-08 21:15:00,2737.289679,2736.940165,2736.989895,-0.3495139999999992,-0.29978399999981775,-0.3246489999999085
2021-08-08 21:45:00,2737.292012,2736.939326,2736.991331,-0.3526859999997214,-0.3006809999997131,-0.32668349999971724
2021-08-08 22:00:00,2737.293371,2736.938936,2736.988338,-0.3544350000001941,-0.30503300000009403,-0.3297340000001441
2021-08-08 22:15:00,2737.290842,2736.938982,2736.986988,-0.3518599999997605,-0.3038539999997738,-0.32785699999976714
2021-08-08 22:30:00,2737.290842,2736.941722,2736.991341,-0.3491199999998571,-0.2995009999999638,-0.32431049999991046
2021-08-08 22:45:00,2737.290259,2736.941138,2736.990758,-0.3491209999997409,-0.2995009999999638,-0.32431099999985236
2021-08-08 23:00:00,2737.290259,2736.938397,2736.986404,-0.3518619999999828,-0.3038549999996576,-0.3278584999998202
2021-08-08 23:15:00,2737.287927,2736.937815,2736.984968,-0.350112000000081,-0.30295899999964604,-0.32653549999986353
2021-08-08 23:30:00,2737.293175,2736.939564,2736.990175,-0.3536110000000008,-0.3029999999998836,-0.3283054999999422
2021-08-08 23:45:00,2737.292009,2736.940147,2736.989905,-0.3518619999999828,-0.30210399999987203,-0.3269829999999274
2021-08-09 00:00:00,2737.292592,2736.938979,2736.989591,-0.35361299999976836,-0.3030009999997674,-0.32830699999976787
2021-08-09 00:15:00,2737.294341,2736.940731,2736.988738,-0.35360999999966225,-0.3056029999997918,-0.329606499999727
2021-08-09 00:30:00,2737.292592,2736.940729,2736.989591,-0.3518629999998666,-0.3030009999997674,-0.327431999999817
2021-08-09 00:45:00,2737.293758,2736.940146,2736.991611,-0.3536119999998846,-0.30214699999987715,-0.32787949999988086
2021-08-09 01:30:00,2737.291425,2736.936822,2736.991599,-0.35460299999976996,-0.2998259999999391,-0.3272144999998545
2021-08-09 02:00:00,2737.294341,2736.936998,2736.989593,-0.35734299999967334,-0.3047480000000178,-0.33104549999984556
2021-08-09 02:30:00,2737.292592,2736.938913,2736.986706,-0.3536789999998291,-0.3058859999996457,-0.3297824999997374
2021-08-09 02:45:00,2737.292982,2736.940293,2736.990553,-0.3526889999998275,-0.3024289999998473,-0.3275589999998374
2021-08-09 03:00:00,2737.294344,2736.940667,2736.991916,-0.3536770000000615,-0.3024279999999635,-0.3280525000000125
2021-08-09 03:15:00,2737.295511,2736.942823,2736.98991,-0.3526879999999437,-0.3056010000000242,-0.32914449999998396
2021-08-09 03:30:00,2737.295511,2736.940082,2736.991333,-0.3554289999997309,-0.3041779999998653,-0.3298034999997981
2021-08-09 05:00:00,2737.293178,2736.94125,2736.99075,-0.35192800000004354,-0.3024279999999635,-0.3271780000000035
2021-08-09 05:30:00,2737.293761,2736.94464,2736.993367,-0.3491209999997409,-0.30039399999986927,-0.3247574999998051
2021-08-09 05:45:00,2737.294928,2736.943066,2736.991929,-0.3518619999999828,-0.3029989999999998,-0.3274304999999913
2021-08-09 06:00:00,2737.297843,2736.942483,2736.991917,-0.35536000000001877,-0.3059259999999995,-0.3306430000000091
2021-08-09 06:15:00,2737.296094,2736.944233,2736.994519,-0.35186099999964426,-0.30157499999995707,-0.32671799999980067
2021-08-09 06:30:00,2737.299593,2736.943243,2736.997122,-0.3563500000000204,-0.3024709999999686,-0.3294104999999945
2021-08-09 06:45:00,2737.296287,2736.944426,2736.99211,-0.351861000000099,-0.3041769999999815,-0.32801900000004025
2021-08-09 07:00:00,2737.292592,2736.945221,2736.992195,-0.3473709999998391,-0.3003969999999754,-0.32388399999990725
2021-08-09 07:15:00,2737.292009,2736.94398,2736.994215,-0.34802899999976944,-0.2977939999996124,-0.32291149999969093
2021-08-09 07:30:00,2737.295704,2736.939686,2736.990058,-0.3560179999999491,-0.30564600000025166,-0.3308320000001004
2021-08-09 07:45:00,2737.294931,2736.943488,2736.991035,-0.3514430000000175,-0.30389599999989514,-0.3276694999999563
2021-08-09 08:00:00,2737.296101,2736.942495,2736.995389,-0.3536060000001271,-0.3007119999997485,-0.3271589999999378
2021-08-09 08:15:00,2737.294348,2736.942903,2736.992202,-0.35144499999978507,-0.30214599999999336,-0.3267954999998892
2021-08-09 08:30:00,2737.293768,2736.939172,2736.989034,-0.3545960000001287,-0.30473399999982576,-0.3296649999999772
2021-08-09 08:45:00,2737.291432,2736.940746,2736.987867,-0.3506859999997687,-0.3035650000001624,-0.32712549999996554
2021-08-09 09:00:00,2737.292602,2736.938005,2736.986116,-0.3545970000000125,-0.30648599999994985,-0.33054149999998117
2021-08-09 09:15:00,2737.294934,2736.94133,2736.989015,-0.3536039999999048,-0.30591899999990346,-0.3297614999999041
2021-08-09 09:30:00,2737.293768,2736.940922,2736.992202,-0.3528460000002269,-0.3015660000000935,-0.3272060000001602
2021-08-09 09:45:00,2737.294351,2736.936024,2736.991035,-0.35832699999991746,-0.30331599999999526,-0.33082149999995636
2021-08-09 10:15:00,2737.289876,2736.938199,2736.986875,-0.35167699999965407,-0.3030009999997674,-0.3273389999997107
2021-08-09 10:30:00,2737.288906,2736.937891,2736.984168,-0.3510150000001886,-0.3047380000002704,-0.3278765000002295
2021-08-09 10:45:00,2737.290462,2736.939448,2736.988893,-0.35101399999985006,-0.30156899999974485,-0.32629149999979745
2021-08-09 11:00:00,2737.291432,2736.938669,2736.988114,-0.35276299999986804,-0.30331799999976283,-0.32804049999981544
2021-08-09 11:15:00,2737.289486,2736.93781,2736.989088,-0.35167600000022503,-0.3003980000003139,-0.3260370000002695
2021-08-09 11:30:00,2737.28735,2736.939173,2736.987847,-0.3481769999998505,-0.29950300000018615,-0.32384000000001834
2021-08-09 11:45:00,2737.287933,2736.938006,2736.98668,-0.34992700000020704,-0.3012530000000879,-0.3255900000001475
2021-08-09 12:15:00,2737.285018,2736.936841,2736.985513,-0.3481769999998505,-0.2995049999999537,-0.3238409999999021
2021-08-09 12:45:00,2737.286184,2736.938997,2736.987534,-0.3471869999998489,-0.2986500000001797,-0.3229185000000143
2021-08-09 13:00:00,2737.286184,2736.939654,2736.988104,-0.34653000000025713,-0.2980800000000272,-0.32230500000014217
2021-08-09 13:30:00,2737.283072,2736.938209,2736.985887,-0.3448630000002595,-0.2971850000003542,-0.32102400000030684
2021-08-09 13:45:00,2737.287344,2736.938982,2736.98666,-0.3483619999997245,-0.3006839999998192,-0.32452299999977186
2021-08-09 14:00:00,2737.285594,2736.936242,2736.98491,-0.3493519999997261,-0.3006839999998192,-0.32501799999977266
2021-08-09 14:15:00,2737.284428,2736.933325,2736.983743,-0.3511029999999664,-0.30068500000015774,-0.3258940000000621
2021-08-09 14:30:00,2737.286567,2736.935464,2736.985312,-0.3511029999999664,-0.30125500000031025,-0.32617900000013833
2021-08-09 14:45:00,2737.286764,2736.941144,2736.985227,-0.34562000000005355,-0.30153699999982564,-0.3235784999999396
2021-08-09 15:00:00,2737.285597,2736.939977,2736.986663,-0.34562000000005355,-0.29893399999991743,-0.3222769999999855
2021-08-09 15:15:00,2737.288123,2736.937946,2736.98744,-0.35017699999980323,-0.3006829999999354,-0.3254299999998693
2021-08-09 15:30:00,2737.284235,2736.938546,2736.9853,-0.3456890000002204,-0.29893500000025597,-0.3223120000002382
2021-08-09 15:45:00,2737.284431,2736.938415,2736.98867,-0.34601599999996324,-0.2957609999998567,-0.32088849999991
2021-08-09 16:00:00,2737.284431,2736.937424,2736.987817,-0.34700699999984863,-0.29661399999986315,-0.3218104999998559
2021-08-09 16:15:00,2737.283655,2736.936647,2736.98704,-0.34700800000018717,-0.2966150000002017,-0.32181150000019443
2021-08-09 16:30:00,2737.282878,2736.938612,2736.988866,-0.34426600000006147,-0.29401199999983874,-0.3191389999999501
2021-08-09 16:45:00,2737.286181,2736.938415,2736.985213,-0.347765999999865,-0.30096800000001167,-0.32436699999993834
2021-08-09 17:00:00,2737.285014,2736.937248,2736.984046,-0.347765999999865,-0.30096800000001167,-0.32436699999993834
2021-08-09 17:15:00,2737.282489,2736.93548,2736.98502,-0.34700900000007096,-0.2974690000000919,-0.32223900000008143
2021-08-09 17:30:00,2737.284435,2736.937427,2736.986966,-0.34700800000018717,-0.2974690000000919,-0.32223850000013954
2021-08-09 17:45:00,2737.287933,2736.941158,2736.984363,-0.3467749999999796,-0.3035700000000361,-0.32517250000000786
2021-08-09 18:00:00,2737.285794,2736.938028,2736.986576,-0.347765999999865,-0.2992180000001099,-0.32349199999998746
2021-08-09 18:15:00,2737.286764,2736.937166,2736.983194,-0.34959799999978713,-0.3035700000000361,-0.3265839999999116
2021-08-09 18:30:00,2737.285987,2736.940119,2736.985019,-0.3458680000003369,-0.30096800000001167,-0.3234180000001743
2021-08-09 18:45:00,2737.28735,2736.940493,2736.987237,-0.34685699999999997,-0.30011300000023766,-0.3234850000001188
2021-08-09 19:00:00,2737.284435,2736.939326,2736.98607,-0.3451089999998658,-0.29836500000010346,-0.3217369999999846
2021-08-09 19:15:00,2737.286184,2736.940167,2736.988672,-0.34601699999984703,-0.29751200000009703,-0.32176449999997203
2021-08-09 19:30:00,2737.287543,2736.939777,2736.987429,-0.347765999999865,-0.30011400000012145,-0.32393999999999323
2021-08-09 19:45:00,2737.28793,2736.937422,2736.985214,-0.3505079999999907,-0.30271600000014587,-0.3266120000000683
2021-08-09 20:00:00,2737.28793,2736.938413,2736.986067,-0.3495170000001053,-0.30186300000013944,-0.3256900000001224
2021-08-09 20:15:00,2737.288513,2736.937246,2736.986079,-0.3512670000000071,-0.30243400000017573,-0.3268505000000914
2021-08-09 20:30:00,2737.286374,2736.936193,2736.988292,-0.35018099999979313,-0.2980819999997948,-0.32413149999979396
2021-08-09 20:45:00,2737.28851,2736.93559,2736.989532,-0.3529199999998127,-0.29897799999980634,-0.32594899999980953
2021-08-09 21:00:00,2737.28851,2736.938397,2736.988679,-0.3501129999999648,-0.2998309999998128,-0.3249719999998888
2021-08-09 21:15:00,2737.288706,2736.934861,2736.986555,-0.35384499999963737,-0.30215099999986705,-0.3279979999997522
2021-08-09 21:30:00,2737.2891,2736.933504,2736.987802,-0.3555959999998777,-0.3012979999998606,-0.32844699999986915
2021-08-09 22:00:00,2737.287543,2736.935864,2736.988566,-0.3516789999998764,-0.29897699999992255,-0.3253279999998995
2021-08-09 22:15:00,2737.287154,2736.934631,2736.989028,-0.35252300000001924,-0.29812600000013845,-0.32532450000007884
2021-08-09 22:30:00,2737.288516,2736.936837,2736.986937,-0.3516789999998764,-0.301578999999947,-0.3266289999999117
2021-08-09 22:45:00,2737.289683,2736.938004,2736.988956,-0.3516789999998764,-0.30072699999982433,-0.32620299999985036
2021-08-09 23:15:00,2737.290849,2736.937338,2736.988373,-0.3535109999997985,-0.3024759999998423,-0.3279934999998204
2021-08-09 23:30:00,2737.289683,2736.938004,2736.987532,-0.3516789999998764,-0.30215099999986705,-0.3269149999998717
2021-08-10 00:00:00,2737.290849,2736.936429,2736.989552,-0.3544200000001183,-0.30129699999997683,-0.32785850000004757
2021-08-10 00:15:00,2737.289683,2736.935262,2736.986681,-0.3544210000000021,-0.3030020000001059,-0.328711500000054
2021-08-10 01:15:00,2737.287933,2736.938002,2736.985784,-0.34993100000019695,-0.3021490000000995,-0.3260400000001482
2021-08-10 01:30:00,2737.292015,2736.938585,2736.988117,-0.3534300000001167,-0.30389800000011746,-0.3286640000001171
2021-08-10 02:30:00,2737.292402,2736.939546,2736.991677,-0.3528559999999743,-0.30072500000005675,-0.3267905000000155
2021-08-10 02:45:00,2737.293371,2736.939859,2736.990044,-0.35351200000013705,-0.30332700000008117,-0.3284195000001091
2021-08-10 03:00:00,2737.290849,2736.939169,2736.990124,-0.3516799999997602,-0.30072500000005675,-0.32620249999990847
2021-08-10 03:30:00,2737.291432,2736.938761,2736.990989,-0.3526710000001003,-0.3004430000000866,-0.32655700000009347
2021-08-10 03:45:00,2737.292212,2736.941111,2736.989746,-0.3511009999997441,-0.3024659999996402,-0.32678349999969214
2021-08-10 04:00:00,2737.293182,2736.940332,2736.988966,-0.3528499999997621,-0.3042159999999967,-0.3285329999998794
2021-08-10 04:15:00,2737.293571,2736.939731,2736.991107,-0.3538400000002184,-0.30246400000032736,-0.3281520000002729
2021-08-10 04:30:00,2737.292212,2736.940121,2736.991497,-0.3520909999997457,-0.3007149999998546,-0.32640299999980016
2021-08-10 05:15:00,2737.293182,2736.940511,2736.990717,-0.3526710000001003,-0.3024649999997564,-0.32756799999992836
2021-08-10 05:30:00,2737.293765,2736.939344,2736.991588,-0.3544210000000021,-0.3021770000000288,-0.32829900000001544
2021-08-10 05:45:00,2737.292015,2736.937594,2736.987235,-0.3544210000000021,-0.304779999999937,-0.32960049999996954
2021-08-10 06:00:00,2737.2891,2736.937007,2736.988383,-0.352092999999968,-0.30071700000007695,-0.3264050000000225
2021-08-10 06:15:00,2737.291432,2736.93602,2736.989819,-0.3554119999998875,-0.3016130000000885,-0.328512499999988
2021-08-10 06:30:00,2737.292209,2736.936798,2736.990031,-0.3554110000000037,-0.3021780000003673,-0.3287945000001855
2021-08-10 06:45:00,2737.290263,2736.934851,2736.991254,-0.3554119999998875,-0.29900899999984176,-0.3272104999998646
2021-08-10 07:15:00,2737.293178,2736.936016,2736.992707,-0.35716199999978926,-0.3004710000000159,-0.3288164999999026
2021-08-10 07:30:00,2737.293178,2736.937768,2736.994458,-0.3554100000001199,-0.2987199999997756,-0.32706499999994776
2021-08-10 07:45:00,2737.293178,2736.938758,2736.991,-0.3544200000001183,-0.30217799999991257,-0.32829900000001544
2021-08-10 08:00:00,2737.292012,2736.938417,2736.989835,-0.3535950000000412,-0.3021770000000288,-0.327886000000035
2021-08-10 08:15:00,2737.291042,2736.937447,2736.988863,-0.3535950000000412,-0.30217899999979636,-0.32788699999991877
2021-08-10 08:30:00,2737.291435,2736.938168,2736.989541,-0.3532669999999598,-0.30189400000017486,-0.32758050000006733
2021-08-10 08:45:00,2737.294351,2736.935441,2736.991278,-0.35890999999992346,-0.30307300000004034,-0.3309914999999819
2021-08-10 09:00:00,2737.292602,2736.936595,2736.989854,-0.3560069999998632,-0.3027480000000651,-0.32937749999996413
2021-08-10 09:15:00,2737.293768,2736.938753,2736.991875,-0.355015000000094,-0.3018929999998363,-0.32845399999996516
2021-08-10 10:30:00,2737.289686,2736.938833,2736.99011,-0.3508529999999155,-0.29957599999988815,-0.3252144999999018
2021-08-10 10:45:00,2737.288906,2736.940793,2736.993683,-0.3481130000000121,-0.2952230000000782,-0.32166800000004514
2021-08-10 11:00:00,2737.293375,2736.94011,2736.99205,-0.35326500000019223,-0.3013250000003609,-0.32729500000027656
2021-08-10 11:15:00,2737.293768,2736.936013,2736.98927,-0.3577549999999974,-0.30449799999996685,-0.3311264999999821
2021-08-10 11:45:00,2737.289103,2736.934517,2736.991277,-0.35458599999992657,-0.2978259999999864,-0.3262059999999565
2021-08-10 12:00:00,2737.290852,2736.935508,2736.988673,-0.35534400000005917,-0.3021790000002511,-0.32876150000015514
2021-08-10 12:15:00,2737.290073,2736.936478,2736.990496,-0.3535950000000412,-0.2995770000002267,-0.32658600000013394
2021-08-10 12:30:00,2737.291429,2736.940576,2736.992706,-0.3508529999999155,-0.2987229999998817,-0.3247879999998986
2021-08-10 12:45:00,2737.288513,2736.939409,2736.988083,-0.3491039999998975,-0.3004299999997784,-0.32476699999983794
2021-08-10 13:15:00,2737.289096,2736.938177,2736.991836,-0.3509189999999762,-0.2972599999998238,-0.3240894999999
2021-08-10 13:30:00,2737.289096,2736.933686,2736.990084,-0.3554100000001199,-0.2990119999999479,-0.3272110000000339
2021-08-10 13:45:00,2737.290652,2736.937984,2736.989038,-0.3526679999999942,-0.3016139999999723,-0.32714099999998325
2021-08-10 14:00:00,2737.288127,2736.938197,2736.989114,-0.3499299999998584,-0.29901299999983166,-0.32447149999984504
2021-08-10 14:15:00,2737.290263,2736.934852,2736.991251,-0.3554110000000037,-0.2990119999999479,-0.3272114999999758
2021-08-10 14:30:00,2737.287737,2736.934076,2736.991327,-0.3536610000001019,-0.29640999999992346,-0.3250355000000127
2021-08-10 14:45:00,2737.290849,2736.934269,2736.990088,-0.3565800000001218,-0.30076099999996586,-0.32867050000004383
2021-08-10 15:00:00,2737.287933,2736.933102,2736.986887,-0.3548310000001038,-0.3010460000000421,-0.32793850000007296
2021-08-10 15:15:00,2737.285014,2736.930362,2736.986317,-0.3546519999999873,-0.29869700000017474,-0.326674500000081
2021-08-10 15:45:00,2737.287347,2736.930945,2736.990074,-0.3564019999998891,-0.297273000000132,-0.32683750000001055
2021-08-10 16:00:00,2737.2891,2736.930867,2736.990087,-0.3582329999999274,-0.29901299999983166,-0.32862299999987954
2021-08-10 16:15:00,2737.289293,2736.93205,2736.990281,-0.3572429999999258,-0.2990119999999479,-0.32812749999993684
2021-08-10 16:30:00,2737.289096,2736.935437,2736.991834,-0.3536589999998796,-0.2972620000000461,-0.32546049999996285
2021-08-10 16:45:00,2737.291042,2736.931142,2736.991134,-0.35989999999992506,-0.29990799999995943,-0.32990399999994224
2021-08-10 17:00:00,2737.28852,2736.931524,2736.989795,-0.356995999999981,-0.29872500000010405,-0.3278605000000425
2021-08-10 17:15:00,2737.287937,2736.930939,2736.989212,-0.3569980000002033,-0.29872500000010405,-0.3278615000001537
2021-08-10 17:30:00,2737.291435,2736.933353,2736.991815,-0.35808200000019497,-0.2996200000002318,-0.3288510000002134
2021-08-10 17:45:00,2737.28774,2736.93134,2736.99133,-0.3564000000001215,-0.2964100000003782,-0.32640500000024986
2021-08-10 18:00:00,2737.290846,2736.933687,2736.990372,-0.35715899999968315,-0.3004739999996673,-0.3288164999996752
2021-08-10 18:15:00,2737.290846,2736.932697,2736.989519,-0.35814899999968475,-0.3013269999996737,-0.32973799999967923
2021-08-10 18:30:00,2737.288513,2736.93028,2736.9895,-0.3582329999999274,-0.29901299999983166,-0.32862299999987954
2021-08-10 18:45:00,2737.290652,2736.93166,2736.987287,-0.3589919999999438,-0.3033650000002126,-0.3311785000000782
2021-08-10 19:00:00,2737.288516,2736.933023,2736.989505,-0.35549300000002404,-0.2990110000000641,-0.32725200000004406
2021-08-10 19:15:00,2737.289683,2736.932112,2736.99067,-0.3575710000000072,-0.29901299999983166,-0.3282919999999194
2021-08-10 19:45:00,2737.290266,2736.930283,2736.98865,-0.3599829999998292,-0.3016160000001946,-0.3307995000000119
2021-08-10 20:00:00,2737.290849,2736.935439,2736.987484,-0.3554100000001199,-0.30336499999975786,-0.3293874999999389
2021-08-10 20:15:00,2737.291432,2736.93145,2736.989491,-0.3599819999999454,-0.3019410000001699,-0.33096150000005764
2021-08-10 20:30:00,2737.289683,2736.93244,2736.986888,-0.3572429999999258,-0.3027950000000601,-0.33001899999999296
2021-08-10 21:15:00,2737.291042,2736.93106,2736.991703,-0.3599819999999454,-0.2993389999996907,-0.32966049999981806
2021-08-10 21:30:00,2737.290846,2736.932695,2736.988333,-0.35815099999990707,-0.30251300000008996,-0.3303319999999985
2021-08-10 21:45:00,2737.288513,2736.93112,2736.990353,-0.3573929999997745,-0.29815999999982523,-0.32777649999979985
2021-08-10 22:00:00,2737.293375,2736.936215,2736.989113,-0.3571600000000217,-0.30426200000010795,-0.3307110000000648
2021-08-10 22:15:00,2737.290852,2736.93204,2736.990943,-0.3588119999999435,-0.29990900000029797,-0.32936050000012074
2021-08-10 22:30:00,2737.290852,2736.932702,2736.988341,-0.3581500000000233,-0.30251099999986764,-0.33033049999994546
2021-08-10 22:45:00,2737.291239,2736.933088,2736.989579,-0.35815099999990707,-0.30166000000008353,-0.3299054999999953
2021-08-10 23:00:00,2737.290846,2736.932695,2736.990936,-0.35815099999990707,-0.299909999999727,-0.32903049999981704
2021-08-10 23:30:00,2737.289679,2736.933278,2736.990624,-0.3564010000000053,-0.299054999999953,-0.32772799999997915
2021-08-10 23:45:00,2737.292012,2736.933861,2736.987751,-0.35815099999990707,-0.3042609999997694,-0.33120599999983824
2021-08-11 00:15:00,2737.292012,2736.933198,2736.991206,-0.3588139999997111,-0.30080599999973856,-0.3298099999997248
2021-08-11 00:30:00,2737.293375,2736.930733,2736.987364,-0.36264200000005076,-0.30601100000012593,-0.33432650000008834
2021-08-11 00:45:00,2737.291822,2736.934825,2736.991913,-0.35699700000031953,-0.29990900000029797,-0.32845300000030875
2021-08-11 01:15:00,2737.294928,2736.932287,2736.988918,-0.3626409999997122,-0.3060099999997874,-0.3343254999997498
2021-08-11 02:15:00,2737.290846,2736.932693,2736.991789,-0.35815299999967465,-0.2990569999997206,-0.3286049999996976
2021-08-11 02:30:00,2737.292402,2736.932501,2736.988711,-0.3599010000002636,-0.30369100000007165,-0.3317960000001676
2021-08-11 02:45:00,2737.293765,2736.932031,2736.990926,-0.3617340000000695,-0.302838999999949,-0.33228650000000926
2021-08-11 03:00:00,2737.292598,2736.934448,2736.99151,-0.3581500000000233,-0.30108800000016345,-0.32961900000009337
2021-08-11 03:15:00,2737.290266,2736.930281,2736.988324,-0.3599850000000515,-0.30194200000005367,-0.3309635000000526
2021-08-11 03:45:00,2737.294931,2736.934948,2736.99124,-0.3599829999998292,-0.30369100000007165,-0.3318369999999504
2021-08-11 04:00:00,2737.292598,2736.934365,2736.990658,-0.3582329999999274,-0.30193999999983134,-0.3300864999998794
2021-08-11 05:45:00,2737.296097,2736.935206,2736.99326,-0.36089099999981045,-0.3028369999997267,-0.33186399999976857
2021-08-11 07:00:00,2737.294541,2736.933649,2736.989427,-0.360892000000149,-0.3051140000002306,-0.3330030000001898
2021-08-11 07:15:00,2737.295901,2736.935009,2736.991074,-0.360892000000149,-0.304826999999932,-0.3328595000000405
2021-08-11 07:30:00,2737.292209,2736.933066,2736.98624,-0.359143000000131,-0.3059690000000046,-0.3325560000000678
2021-08-11 07:45:00,2737.292012,2736.930128,2736.987749,-0.36188399999991816,-0.30426299999999173,-0.33307349999995495
2021-08-11 08:00:00,2737.296677,2736.932286,2736.990953,-0.364390999999614,-0.30572399999982736,-0.3350574999997207
2021-08-11 08:15:00,2737.290846,2736.928217,2736.99212,-0.3626289999997425,-0.29872599999998783,-0.3306774999998652
2021-08-11 08:30:00,2737.290263,2736.928297,2736.988935,-0.3619659999999385,-0.30132800000001225,-0.3316469999999754
2021-08-11 08:45:00,2737.291429,2736.929792,2736.987497,-0.36163699999997334,-0.30393199999980425,-0.3327844999998888
2021-08-11 09:30:00,2737.292012,2736.929467,2736.992103,-0.3625449999999546,-0.2999089999998432,-0.3312269999998989
2021-08-11 09:45:00,2737.289876,2736.927247,2736.991715,-0.3626289999997425,-0.298160999999709,-0.33039499999972577
2021-08-11 10:00:00,2737.290269,2736.930462,2736.989793,-0.35980700000027355,-0.3004759999998896,-0.3301415000000816
2021-08-11 10:15:00,2737.289103,2736.931047,2736.99123,-0.35805600000003324,-0.2978729999999814,-0.3279645000000073
2021-08-11 10:30:00,2737.290852,2736.929295,2736.988626,-0.3615570000001753,-0.30222600000024613,-0.3318915000002107
2021-08-11 11:15:00,2737.285991,2736.927933,2736.989578,-0.35805800000025556,-0.29641300000002957,-0.32723550000014257
2021-08-11 11:30:00,2737.289096,2736.92929,2736.986582,-0.359805999999935,-0.30251399999997375,-0.3311599999999544
2021-08-11 11:45:00,2737.285597,2736.928962,2736.989186,-0.3566350000000966,-0.296411000000262,-0.3265230000001793
2021-08-11 12:00:00,2737.288513,2736.929286,2736.990351,-0.3592269999999189,-0.29816200000004756,-0.32869449999998324
2021-08-11 12:15:00,2737.287154,2736.929678,2736.986389,-0.35747600000013335,-0.30076499999995576,-0.32912050000004456
2021-08-11 12:30:00,2737.283848,2736.92655,2736.988322,-0.35729799999990064,-0.2955259999998816,-0.3264119999998911
2021-08-11 12:45:00,2737.285014,2736.929696,2736.987739,-0.35531799999989744,-0.2972749999998996,-0.3262964999998985
2021-08-11 13:00:00,2737.282489,2736.926097,2736.986962,-0.3563920000001417,-0.29552700000022014,-0.3259595000001809
2021-08-11 13:15:00,2737.285794,2736.929307,2736.984164,-0.35648700000001554,-0.3016299999999319,-0.3290584999999737
2021-08-11 13:30:00,2737.281905,2736.926177,2736.987232,-0.35572799999999916,-0.2946729999998752,-0.32520049999993716
2021-08-11 14:00:00,2737.284821,2736.924535,2736.988398,-0.36028600000008737,-0.2964230000002317,-0.32835450000015953
2021-08-11 14:15:00,2737.285601,2736.926305,2736.986292,-0.35929600000008577,-0.29930899999999383,-0.3293025000000398
2021-08-11 14:30:00,2737.283851,2736.923565,2736.987145,-0.36028600000008737,-0.2967060000000856,-0.3284960000000865
2021-08-11 14:45:00,2737.284435,2736.92689,2736.986306,-0.35754499999984546,-0.29812900000024456,-0.327837000000045
2021-08-11 15:00:00,2737.284435,2736.92415,2736.986877,-0.3602850000002036,-0.29755800000020827,-0.3289215000002059
2021-08-11 15:30:00,2737.284435,2736.928707,2736.987158,-0.35572799999999916,-0.2972770000001219,-0.32650250000006054
2021-08-11 15:45:00,2737.285404,2736.92611,2736.986948,-0.3592940000003182,-0.2984559999999874,-0.3288750000001528
2021-08-11 16:00:00,2737.285594,2736.9263,2736.987138,-0.35929399999986344,-0.2984559999999874,-0.3288749999999254
2021-08-11 16:15:00,2737.285011,2736.925715,2736.986268,-0.35929600000008577,-0.2987429999998312,-0.3290194999999585
2021-08-11 16:30:00,2737.285594,2736.925966,2736.983395,-0.35962800000015704,-0.30219899999974587,-0.33091349999995145
2021-08-11 16:45:00,2737.284818,2736.922365,2736.985221,-0.3624530000001869,-0.2995970000001762,-0.33102500000018154
2021-08-11 17:00:00,2737.286764,2736.925302,2736.985418,-0.36146199999984674,-0.30134599999973943,-0.3314039999997931
2021-08-11 17:15:00,2737.287737,2736.923683,2736.984641,-0.3640540000001238,-0.30309600000009596,-0.33357500000010987
2021-08-11 17:30:00,2737.287933,2736.926472,2736.986588,-0.36146099999996295,-0.30134499999985565,-0.3314029999999093
2021-08-11 17:45:00,2737.287933,2736.92563,2736.987158,-0.36230299999988347,-0.3007750000001579,-0.3315390000000207
2021-08-11 18:00:00,2737.286184,2736.92289,2736.986588,-0.3632940000002236,-0.29959599999983766,-0.33144500000003063
2021-08-11 18:15:00,2737.288516,2736.923473,2736.986299,-0.3650430000002416,-0.3022169999999278,-0.3336300000000847
2021-08-11 18:30:00,2737.288516,2736.926213,2736.989775,-0.36230299999988347,-0.29874100000006365,-0.33052199999997356
2021-08-11 18:45:00,2737.2891,2736.926797,2736.988633,-0.36230299999988347,-0.300467000000026,-0.33138499999995474
2021-08-11 19:00:00,2737.2891,2736.929538,2736.988608,-0.3595620000000963,-0.3004919999998492,-0.33002699999997276
2021-08-11 19:15:00,2737.289293,2736.928822,2736.985345,-0.36047099999996135,-0.30394799999976385,-0.3322094999998626
2021-08-11 19:30:00,2737.289096,2736.928625,2736.987752,-0.36047099999996135,-0.30134399999997186,-0.3309074999999666
2021-08-11 19:45:00,2737.289873,2736.922169,2736.987631,-0.36770400000023074,-0.30224200000020573,-0.33497300000021824
2021-08-11 20:00:00,2737.290842,2736.926215,2736.984579,-0.36462699999992765,-0.30626299999994444,-0.33544499999993604
2021-08-11 20:15:00,2737.290842,2736.928047,2736.988036,-0.36279500000000553,-0.30280599999969127,-0.3328004999998484
2021-08-11 20:30:00,2737.290259,2736.930205,2736.988306,-0.3600539999997636,-0.30195299999968483,-0.3310034999997242
2021-08-11 20:45:00,2737.289093,2736.926213,2736.988888,-0.36287999999967724,-0.3002050000000054,-0.3315424999998413
2021-08-11 21:00:00,2737.289873,2736.926085,2736.990522,-0.36378800000011324,-0.29935100000011516,-0.3315695000001142
2021-08-11 21:15:00,2737.292598,2736.925312,2736.988896,-0.3672860000001492,-0.30370200000015757,-0.3354940000001534
2021-08-11 21:45:00,2737.291042,2736.927321,2736.987339,-0.36372099999971397,-0.30370300000004136,-0.33371199999987766
2021-08-11 22:00:00,2737.290263,2736.928619,2736.988591,-0.36164400000006935,-0.30167200000005323,-0.3316580000000613
2021-08-11 22:15:00,2737.289876,2736.927064,2736.987036,-0.3628119999998489,-0.3028399999998328,-0.33282599999984086
2021-08-11 22:30:00,2737.292012,2736.928291,2736.990024,-0.36372099999971397,-0.30198799999971015,-0.33285449999971206
2021-08-11 22:45:00,2737.289096,2736.928875,2736.989755,-0.3602209999999104,-0.29934099999991304,-0.32978099999991173
2021-08-11 23:30:00,2737.290269,2736.926727,2736.990646,-0.3635420000000522,-0.2996229999998832,-0.3315824999999677
2021-08-11 23:45:00,2737.289686,2736.927133,2736.988025,-0.3625529999999344,-0.3016609999999673,-0.33210699999995086
2021-08-12 00:00:00,2737.291239,2736.925106,2736.987828,-0.3661329999999907,-0.30341100000032384,-0.3347720000001573
2021-08-12 00:15:00,2737.291429,2736.928877,2736.987166,-0.3625520000000506,-0.30426299999999173,-0.3334075000000212
2021-08-12 00:30:00,2737.290069,2736.928097,2736.988408,-0.36197200000015073,-0.3016609999999673,-0.331816500000059
2021-08-12 00:45:00,2737.289679,2736.927045,2736.986303,-0.36263400000007096,-0.30337599999984377,-0.33300499999995736
2021-08-12 01:00:00,2737.289683,2736.92771,2736.989446,-0.3619730000000345,-0.3002369999999246,-0.33110499999997955
2021-08-12 01:15:00,2737.290849,2736.927126,2736.991466,-0.3637229999999363,-0.29938300000003437,-0.33155299999998533
2021-08-12 01:30:00,2737.288516,2736.925552,2736.990029,-0.3629639999999199,-0.2984870000000228,-0.33072549999997136
2021-08-12 01:45:00,2737.292405,2736.928683,2736.988713,-0.3637220000000525,-0.30369199999995544,-0.333707000000004
2021-08-12 02:00:00,2737.293185,2736.92763,2736.990917,-0.3655549999998584,-0.3022679999999127,-0.33391149999988556
2021-08-12 02:15:00,2737.292015,2736.92664,2736.988313,-0.3653749999998581,-0.30370200000015757,-0.33453850000000784
2021-08-12 02:30:00,2737.293182,2736.926719,2736.988583,-0.36646299999983967,-0.3045990000000529,-0.3355309999999463
2021-08-12 02:45:00,2737.293182,2736.92946,2736.98948,-0.3637220000000525,-0.3037019999997028,-0.33371199999987766
2021-08-12 03:00:00,2737.291819,2736.926114,2736.988117,-0.3657050000001618,-0.30370200000015757,-0.3347035000001597
2021-08-12 03:15:00,2737.294341,2736.92887,2736.988037,-0.36547099999961574,-0.30630399999972724,-0.3358874999996715
2021-08-12 04:00:00,2737.292592,2736.927879,2736.993244,-0.3647129999999379,-0.29934800000000905,-0.33203049999997347
2021-08-12 05:00:00,2737.293955,2736.930232,2736.990254,-0.3637229999999363,-0.3037010000002738,-0.33371200000010504
2021-08-12 05:15:00,2737.293568,2736.927106,2736.99072,-0.3664619999999559,-0.30284800000026735,-0.3346550000001116
2021-08-12 05:30:00,2737.294341,2736.933359,2736.990641,-0.3609819999996944,-0.30369999999993524,-0.3323409999998148
2021-08-12 05:45:00,2737.292205,2736.929242,2736.989684,-0.3629630000000361,-0.30252100000006976,-0.33274200000005294
2021-08-12 06:00:00,2737.293182,2736.931209,2736.991513,-0.3619730000000345,-0.3016689999999471,-0.3318209999999908
2021-08-12 06:15:00,2737.294931,2736.928469,2736.992084,-0.3664619999999559,-0.3028469999999288,-0.33465449999994235
2021-08-12 06:30:00,2737.293765,2736.92938,2736.993519,-0.3643849999998565,-0.3002459999997882,-0.33231549999982235
2021-08-12 06:45:00,2737.292602,2736.929788,2736.992937,-0.36281400000007125,-0.2996650000000045,-0.3312395000000379
2021-08-12 07:00:00,2737.292602,2736.929639,2736.992367,-0.3629630000000361,-0.300235000000157,-0.33159900000009657
2021-08-12 07:15:00,2737.292212,2736.928407,2736.989944,-0.36380499999995664,-0.3022679999999127,-0.3330364999999347
2021-08-12 07:30:00,2737.292598,2736.929636,2736.989759,-0.36296200000015233,-0.302838999999949,-0.33290050000005067
2021-08-12 07:45:00,2737.2891,2736.931617,2736.988009,-0.3574829999997746,-0.3010909999998148,-0.3292869999997947
2021-08-12 08:00:00,2737.290266,2736.930044,2736.987426,-0.3602219999997942,-0.3028399999998328,-0.3315309999998135
2021-08-12 08:15:00,2737.292598,2736.935199,2736.990612,-0.3573989999999867,-0.3019859999999426,-0.32969249999996464
2021-08-12 08:30:00,2737.291042,2736.935394,2736.990807,-0.3556479999997464,-0.30023499999970227,-0.32794149999972433
2021-08-12 08:45:00,2737.294151,2736.9316,2736.989846,-0.3625510000001668,-0.30430500000011307,-0.33342800000013995
2021-08-12 09:00:00,2737.290266,2736.932964,2736.988606,-0.35730199999989054,-0.30166000000008353,-0.32948099999998703
2021-08-12 09:15:00,2737.290459,2736.931987,2736.988799,-0.35847199999989243,-0.3016599999996288,-0.3300659999997606
2021-08-12 09:30:00,2737.292012,2736.933952,2736.988603,-0.35806000000002314,-0.3034090000001015,-0.3307345000000623
2021-08-12 09:45:00,2737.289679,2736.932377,2736.988589,-0.35730199999989054,-0.301089999999931,-0.3291959999999108
2021-08-12 10:00:00,2737.290263,2736.932864,2736.987423,-0.3573989999999867,-0.3028399999998328,-0.33011949999990975
2021-08-12 10:30:00,2737.288903,2736.935332,2736.990416,-0.3535710000001018,-0.2984870000000228,-0.3260290000000623
2021-08-12 10:45:00,2737.28696,2736.932398,2736.990222,-0.35456199999998717,-0.29673800000000483,-0.325649999999996
2021-08-12 11:30:00,2737.287737,2736.930255,2736.985793,-0.35748199999989083,-0.301944000000276,-0.3297130000000834
2021-08-12 12:00:00,2737.283651,2736.930838,2736.987229,-0.3528129999999692,-0.2964220000003479,-0.32461750000015854
2021-08-12 12:15:00,2737.2891,2736.93162,2736.987438,-0.35748000000012325,-0.3016619999998511,-0.3295709999999872
2021-08-12 12:30:00,2737.285014,2736.932284,2736.986271,-0.35273000000006505,-0.2987429999998312,-0.32573649999994814
2021-08-12 12:45:00,2737.282682,2736.93261,2736.988009,-0.350072000000182,-0.2946729999998752,-0.3223725000000286
2021-08-12 13:00:00,2737.288513,2736.935933,2736.988593,-0.35257999999976164,-0.29991999999992913,-0.3262499999998454
2021-08-12 13:15:00,2737.285014,2736.933193,2736.989446,-0.3518210000002,-0.29556800000000294,-0.32369450000010147
2021-08-12 13:30:00,2737.282099,2736.931035,2736.987426,-0.3510639999999512,-0.2946729999998752,-0.3228684999999132
2021-08-12 14:00:00,2737.288513,2736.933954,2736.98774,-0.35455899999988105,-0.30077299999993556,-0.3276659999999083
2021-08-12 14:30:00,2737.285404,2736.932593,2736.988983,-0.3528110000002016,-0.29642100000000937,-0.3246160000001055
2021-08-12 14:45:00,2737.284435,2736.936115,2736.989763,-0.3483200000000579,-0.2946719999999914,-0.32149600000002465
2021-08-12 15:00:00,2737.285018,2736.933957,2736.988596,-0.3510609999998451,-0.29642199999989316,-0.3237414999998691
2021-08-12 15:15:00,2737.284435,2736.932203,2736.987729,-0.3522320000001855,-0.2967060000000856,-0.32446900000013557
2021-08-12 15:30:00,2737.281519,2736.932125,2736.989166,-0.3493940000003022,-0.29235300000027564,-0.3208735000002889
2021-08-12 16:30:00,2737.286184,2736.933373,2736.990614,-0.3528110000002016,-0.29557000000022526,-0.32419050000021343
2021-08-12 16:45:00,2737.284045,2736.932141,2736.990225,-0.35190400000010413,-0.29381999999986874,-0.32286199999998644
2021-08-12 17:15:00,2737.287154,2736.934344,2736.991586,-0.3528100000003178,-0.29556800000000294,-0.3241890000001604
2021-08-12 17:30:00,2737.287933,2736.932531,2736.991185,-0.3554020000001401,-0.29674800000020696,-0.32607500000017353
2021-08-12 17:45:00,2737.288516,2736.933777,2736.991199,-0.35473899999988134,-0.2973170000000209,-0.32602799999995113
2021-08-12 18:00:00,2737.287154,2736.934163,2736.992156,-0.3529910000002019,-0.2949980000003052,-0.32399450000025354
2021-08-12 18:15:00,2737.287927,2736.932197,2736.993782,-0.35572999999976673,-0.294144999999844,-0.32493749999980537
2021-08-12 18:30:00,2737.28676,2736.931954,2736.989724,-0.35480599999982587,-0.2970359999999346,-0.3259209999998802
2021-08-12 19:00:00,2737.289093,2736.932536,2736.990307,-0.3565570000000662,-0.29878599999983635,-0.32767149999995127
2021-08-12 19:15:00,2737.286374,2736.932392,2736.990191,-0.35398199999963254,-0.29618299999992814,-0.32508249999978034
2021-08-12 19:30:00,2737.28735,2736.933369,2736.988565,-0.3539810000002035,-0.29878499999995256,-0.326383000000078
2021-08-12 20:00:00,2737.28871,2736.932317,2736.990212,-0.3563930000000255,-0.298497999999654,-0.32744549999983974
2021-08-12 20:15:00,2737.289096,2736.932786,2736.993202,-0.35631000000012136,-0.295893999999862,-0.3261019999999917
2021-08-12 20:30:00,2737.289293,2736.932653,2736.989908,-0.3566399999999703,-0.29938499999980195,-0.32801249999988613
2021-08-12 20:45:00,2737.289096,2736.935527,2736.988858,-0.35356899999987945,-0.3002379999998084,-0.3269034999998439
2021-08-12 21:00:00,2737.287543,2736.934798,2736.991658,-0.35274500000014086,-0.2958849999999984,-0.32431500000006963
2021-08-12 21:15:00,2737.290269,2736.933035,2736.991168,-0.3572340000000622,-0.29910100000006423,-0.32816750000006323
2021-08-12 21:30:00,2737.288713,2736.929728,2736.989611,-0.3589849999998478,-0.299101999999948,-0.3290434999998979
2021-08-12 21:45:00,2737.288516,2736.932375,2736.992915,-0.356141000000207,-0.2956010000002607,-0.32587100000023383
2021-08-12 22:00:00,2737.28735,2736.932199,2736.989998,-0.3551510000002054,-0.29735200000004625,-0.3262515000001258
2021-08-12 22:15:00,2737.290849,2736.932958,2736.990894,-0.35789100000010876,-0.29995499999995445,-0.3289230000000316
2021-08-12 22:30:00,2737.291432,2736.933541,2736.991765,-0.35789100000010876,-0.2996669999997721,-0.3287789999999404
2021-08-12 22:45:00,2737.290266,2736.932374,2736.992052,-0.35789199999999255,-0.29821399999991627,-0.3280529999999544
2021-08-12 23:00:00,2737.291432,2736.932781,2736.989718,-0.35865100000000893,-0.30171400000017456,-0.33018250000009175
2021-08-12 23:15:00,2737.289683,2736.934197,2736.992321,-0.355485999999928,-0.2973619999997936,-0.3264239999998608
2021-08-12 23:30:00,2737.290849,2736.932958,2736.993488,-0.35789100000010876,-0.29736099999990984,-0.3276260000000093
2021-08-12 23:45:00,2737.291432,2736.931791,2736.991468,-0.35964100000001054,-0.29996399999981804,-0.3298024999999143
2021-08-13 00:00:00,2737.290849,2736.928466,2736.989145,-0.36238300000013624,-0.30170399999997244,-0.33204350000005434
2021-08-13 00:15:00,2737.290266,2736.929633,2736.991165,-0.3606329999997797,-0.29910100000006423,-0.329866999999922
2021-08-13 01:00:00,2737.291432,2736.92905,2736.991755,-0.3623819999997977,-0.2996769999999742,-0.33102949999988596
2021-08-13 01:45:00,2737.294541,2736.932242,2736.989661,-0.3622990000003483,-0.30488000000013926,-0.3335895000002438
2021-08-13 02:00:00,2737.290846,2736.933035,2736.988576,-0.357810999999856,-0.3022699999996803,-0.33004049999976814
2021-08-13 02:15:00,2737.292012,2736.933212,2736.992337,-0.3587999999999738,-0.2996749999997519,-0.32923749999986285
2021-08-13 02:30:00,2737.292402,2736.93276,2736.991873,-0.3596419999998943,-0.30052900000009686,-0.3300854999999956
2021-08-13 02:45:00,2737.293765,2736.932373,2736.992349,-0.3613919999997961,-0.3014159999997901,-0.3314039999997931
2021-08-13 03:15:00,2737.293182,2736.927069,2736.990913,-0.3661130000000412,-0.3022689999997965,-0.33419099999991886
2021-08-13 03:30:00,2737.291432,2736.92905,2736.989163,-0.3623819999997977,-0.3022689999997965,-0.3323254999997971
2021-08-13 04:30:00,2737.293182,2736.93354,2736.99006,-0.3596419999998943,-0.30312199999980294,-0.33138199999984863
2021-08-13 04:45:00,2737.291822,2736.93119,2736.992156,-0.36063200000035067,-0.29966600000034305,-0.33014900000034686
2021-08-13 05:00:00,2737.293961,2736.93432,2736.993111,-0.35964100000001054,-0.30084999999962747,-0.330245499999819
2021-08-13 05:30:00,2737.295321,2736.93393,2736.992721,-0.3613909999999123,-0.302599999999984,-0.33199549999994815
2021-08-13 06:00:00,2737.293182,2736.933542,2736.994081,-0.359639999999672,-0.29910100000006423,-0.3293704999998681
2021-08-13 06:30:00,2737.296097,2736.933799,2736.993498,-0.3622980000000098,-0.3025990000001002,-0.332448500000055
2021-08-13 06:45:00,2737.293375,2736.930086,2736.992514,-0.3632890000003499,-0.30086100000016813,-0.332075000000259
2021-08-13 07:00:00,2737.293761,2736.931462,2736.990586,-0.36229899999989357,-0.3031750000000102,-0.3327369999999519
2021-08-13 07:30:00,2737.290263,2736.930472,2736.992336,-0.3597909999998592,-0.29792700000007244,-0.3288589999999658
2021-08-13 08:00:00,2737.294928,2736.931639,2736.99033,-0.36328899999989517,-0.3045979999997144,-0.33394349999980477
2021-08-13 08:15:00,2737.291625,2736.930415,2736.988776,-0.36121000000002823,-0.3028489999996964,-0.3320294999998623
2021-08-13 08:30:00,2737.292602,2736.929642,2736.989753,-0.36295999999993,-0.30284900000015114,-0.33290450000004057
2021-08-13 08:45:00,2737.293768,2736.929058,2736.98917,-0.3647099999998318,-0.3045980000001691,-0.33465400000000045
2021-08-13 09:00:00,2737.292602,2736.925909,2736.984547,-0.3666929999999411,-0.30805499999996755,-0.3373739999999543
2021-08-13 09:15:00,2737.293378,2736.925779,2736.987927,-0.3675989999997,-0.3054509999997208,-0.3365249999997104
2021-08-13 09:30:00,2737.291822,2736.924222,2736.987223,-0.36760000000003856,-0.3045990000000529,-0.33609950000004574
2021-08-13 09:45:00,2737.290462,2736.924612,2736.987613,-0.3658500000001368,-0.30284900000015114,-0.33434950000014396
2021-08-13 10:00:00,2737.289683,2736.92839,2736.986833,-0.36129299999993236,-0.3028500000000349,-0.33207149999998364
2021-08-13 10:15:00,2737.289683,2736.927564,2736.989436,-0.3621189999998933,-0.3002470000001267,-0.33118300000001
2021-08-13 10:30:00,2737.291239,2736.928196,2736.989241,-0.3630430000002889,-0.3019979999999123,-0.3325205000001006
2021-08-13 10:45:00,2737.285214,2736.926595,2736.988466,-0.3586190000000897,-0.29674800000020696,-0.32768350000014834
2021-08-13 11:00:00,2737.287933,2736.927631,2736.985082,-0.360302000000047,-0.3028509999999187,-0.33157649999998284
2021-08-13 11:15:00,2737.284435,2736.926641,2736.986833,-0.3577940000000126,-0.2976020000000972,-0.3276980000000549
2021-08-13 11:30:00,2737.282102,2736.92424,2736.987101,-0.35786200000029567,-0.29500099999995655,-0.3264315000001261
2021-08-13 11:45:00,2737.283658,2736.924047,2736.986909,-0.3596109999998589,-0.296748999999636,-0.32817999999974745
2021-08-13 12:00:00,2737.285604,2736.926985,2736.986252,-0.3586190000000897,-0.29935199999999895,-0.32898550000004434
2021-08-13 12:15:00,2737.284438,2736.927568,2736.987689,-0.35687000000007174,-0.29674900000009075,-0.32680950000008124
2021-08-13 12:30:00,2737.287354,2736.928735,2736.989426,-0.3586190000000897,-0.29792799999995623,-0.328273500000023
2021-08-13 12:45:00,2737.284438,2736.930309,2736.989438,-0.3541290000002846,-0.29500000000007276,-0.32456450000017867
2021-08-13 13:00:00,2737.285991,2736.92554,2736.987209,-0.36045100000001185,-0.2987820000003012,-0.3296165000001565
2021-08-13 13:15:00,2737.284628,2736.925926,2736.987596,-0.35870199999999386,-0.2970319999999447,-0.32786699999996927
2021-08-13 13:30:00,2737.284241,2736.928281,2736.988062,-0.35595999999986816,-0.29617899999993824,-0.3260694999999032
2021-08-13 13:45:00,2737.285597,2736.926896,2736.988566,-0.35870100000011007,-0.2970310000000609,-0.3278660000000855
2021-08-13 14:00:00,2737.286181,2736.928471,2736.990002,-0.35770999999976993,-0.29617899999993824,-0.3269444999998541
2021-08-13 14:15:00,2737.280349,2736.925808,2736.987668,-0.35454100000015387,-0.29268099999990227,-0.32361100000002807
2021-08-13 14:30:00,2737.283848,2736.925064,2736.989419,-0.3587840000000142,-0.29442900000003647,-0.32660650000002533
2021-08-13 14:45:00,2737.284431,2736.928143,2736.986546,-0.35628799999994953,-0.2978849999999511,-0.3270864999999503
2021-08-13 15:00:00,2737.283848,2736.925726,2736.986815,-0.358122000000094,-0.29703299999982846,-0.3275774999999612
2021-08-13 15:15:00,2737.283848,2736.928467,2736.984221,-0.35538099999985207,-0.2996269999998731,-0.32750399999986257
2021-08-13 15:30:00,2737.279766,2736.927884,2736.98766,-0.3518819999999323,-0.2921060000003308,-0.32199400000013156
2021-08-13 15:45:00,2737.281905,2736.923552,2736.98805,-0.35835299999962444,-0.29385499999989406,-0.32610399999975925
2021-08-13 16:00:00,2737.282685,2736.924332,2736.99057,-0.3583530000000792,-0.2921150000001944,-0.3252340000001368
2021-08-13 16:15:00,2737.283851,2736.925499,2736.989134,-0.3583520000001954,-0.29471700000021883,-0.3265345000002071
2021-08-13 16:30:00,2737.285018,2736.923925,2736.989413,-0.36109299999998257,-0.2956050000002506,-0.3283490000001166
2021-08-13 16:45:00,2737.285211,2736.925438,2736.989607,-0.35977299999967727,-0.29560399999991205,-0.32768849999979466
2021-08-13 17:00:00,2737.285014,2736.927073,2736.986232,-0.3579410000002099,-0.29878199999984645,-0.3283615000000282
2021-08-13 17:15:00,2737.283265,2736.926231,2736.984193,-0.35703400000011243,-0.29907200000025114,-0.3280530000001818
2021-08-13 17:30:00,2737.285014,2736.926082,2736.98449,-0.3589320000000953,-0.30052400000022317,-0.3297280000001592
2021-08-13 17:45:00,2737.286181,2736.92649,2736.983908,-0.35969100000011167,-0.3022729999997864,-0.33098199999994904
2021-08-13 18:00:00,2737.285014,2736.925323,2736.985343,-0.35969100000011167,-0.29967100000021674,-0.3296810000001642
2021-08-13 18:15:00,2737.283265,2736.924332,2736.982741,-0.3589329999999791,-0.30052400000022317,-0.3297285000001011
2021-08-13 18:45:00,2737.284628,2736.922954,2736.984958,-0.36167399999976624,-0.2996699999998782,-0.3306719999998222
2021-08-13 19:00:00,2737.28677,2736.923348,2736.983065,-0.3634220000003552,-0.3037050000002637,-0.33356350000030943
2021-08-13 19:15:00,2737.28852,2736.923677,2736.983918,-0.36484299999983705,-0.304602000000159,-0.33472249999999804
2021-08-13 19:30:00,2737.287354,2736.92251,2736.982751,-0.3648440000001756,-0.3046030000000428,-0.3347235000001092
2021-08-13 19:45:00,2737.286381,2736.929609,2736.981822,-0.3567720000000918,-0.30455899999969915,-0.3306654999998955
2021-08-13 20:00:00,2737.28871,2736.925698,2736.984108,-0.3630119999997987,-0.3046019999997043,-0.3338069999997515
2021-08-13 20:15:00,2737.288513,2736.93006,2736.98334,-0.3584529999998267,-0.30517299999974057,-0.33181299999978364
2021-08-13 20:30:00,2737.28793,2736.933393,2736.983328,-0.35453700000016397,-0.304602000000159,-0.3295695000001615
2021-08-13 20:45:00,2737.289876,2736.930849,2736.986128,-0.3590269999999691,-0.30374799999981406,-0.3313874999998916
2021-08-13 21:00:00,2737.287937,2736.9334,2736.986221,-0.35453700000016397,-0.30171599999994214,-0.32812650000005306
2021-08-13 21:15:00,2737.289879,2736.937242,2736.98556,-0.3526369999999588,-0.30431899999985035,-0.32847799999990457
2021-08-13 21:30:00,2737.291432,2736.937045,2736.982761,-0.35438699999986056,-0.30867099999977654,-0.33152899999981855
2021-08-13 21:45:00,2737.28871,2736.935409,2736.983825,-0.3533009999996466,-0.30488500000001295,-0.32909299999982977
2021-08-13 22:00:00,2737.288903,2736.938015,2736.984018,-0.3508879999999408,-0.30488500000001295,-0.3278864999999769
2021-08-13 22:15:00,2737.291042,2736.936983,2736.985262,-0.3540589999997792,-0.30577999999968597,-0.3299194999997326
2021-08-13 22:30:00,2737.288903,2736.934515,2736.982834,-0.3543880000001991,-0.30606900000020687,-0.330228500000203
2021-08-13 23:00:00,2737.290652,2736.933853,2736.982268,-0.3567990000001373,-0.3083839999999327,-0.332591500000035
2021-08-13 23:30:00,2737.290263,2736.934222,2736.98363,-0.3560410000000047,-0.3066329999996924,-0.33133699999984856
2021-08-14 00:00:00,2737.293178,2736.936379,2736.985649,-0.35679899999968256,-0.30752899999970396,-0.33216399999969326
2021-08-14 00:15:00,2737.288513,2736.935212,2736.984482,-0.35330100000010134,-0.30403100000012273,-0.32866600000011204
2021-08-14 00:30:00,2737.290846,2736.935795,2736.982463,-0.3550510000000031,-0.3083830000000489,-0.331717000000026
2021-08-14 01:00:00,2737.292595,2736.936636,2736.984212,-0.35595899999998437,-0.3083830000000489,-0.33217100000001665
2021-08-14 01:15:00,2737.292402,2736.937351,2736.98402,-0.3550510000000031,-0.30838200000016514,-0.3317165000000841
2021-08-14 01:30:00,2737.291432,2736.936381,2736.985652,-0.3550510000000031,-0.3057800000001407,-0.3304155000000719
2021-08-14 01:45:00,2737.292598,2736.93646,2736.984782,-0.3561380000001009,-0.30781600000000253,-0.3319770000000517
2021-08-14 02:00:00,2737.291822,2736.936443,2736.987504,-0.3553790000000845,-0.30431799999996656,-0.3298485000000255
2021-08-14 02:15:00,2737.294934,2736.935989,2736.987119,-0.3589449999999488,-0.30781500000011874,-0.33338000000003376
2021-08-14 02:30:00,2737.296101,2736.938147,2736.986535,-0.3579540000000634,-0.3095659999999043,-0.33375999999998385
2021-08-14 02:45:00,2737.295517,2736.936574,2736.985386,-0.3589430000001812,-0.3101310000001831,-0.33453700000018216
2021-08-14 03:00:00,2737.294934,2736.93698,2736.985369,-0.3579540000000634,-0.3095650000000205,-0.33375950000004195
2021-08-14 03:30:00,2737.294351,2736.936397,2736.983366,-0.3579540000000634,-0.31098500000007334,-0.33446950000006836
2021-08-14 04:00:00,2737.293768,2736.937564,2736.987701,-0.3562040000001616,-0.30606699999998455,-0.3311355000000731
2021-08-14 04:15:00,2737.293768,2736.934822,2736.985952,-0.35894599999983257,-0.30781600000000253,-0.33338099999991755
2021-08-14 04:30:00,2737.294351,2736.935406,2736.984219,-0.3589449999999488,-0.3101320000000669,-0.33453850000000784
2021-08-14 04:45:00,2737.29785,2736.937223,2736.987389,-0.36062700000002224,-0.3104610000000321,-0.33554400000002715
2021-08-14 05:30:00,2737.296684,2736.937807,2736.987972,-0.35887700000012046,-0.3087120000000141,-0.3337945000000673
2021-08-14 05:45:00,2737.296877,2736.938,2736.985562,-0.35887700000012046,-0.31131500000037704,-0.33509600000024875
2021-08-14 06:00:00,2737.293571,2736.935781,2736.985756,-0.3577900000000227,-0.30781500000011874,-0.3328025000000707
2021-08-14 06:30:00,2737.295128,2736.935588,2736.987313,-0.3595400000003792,-0.30781500000011874,-0.333677500000249
2021-08-14 06:45:00,2737.295904,2736.934287,2736.987192,-0.36161700000002384,-0.3087120000000141,-0.33516450000001896
2021-08-14 07:00:00,2737.294544,2736.933686,2736.986728,-0.36085800000000745,-0.30781600000000253,-0.334337000000005
2021-08-14 07:15:00,2737.294931,2736.935393,2736.9848,-0.35953799999970215,-0.3101309999997284,-0.33483449999971526
2021-08-14 07:45:00,2737.29629,2736.935844,2736.98441,-0.36044600000013816,-0.3118800000002011,-0.33616300000016963
2021-08-14 08:00:00,2737.294928,2736.93448,2736.982476,-0.36044799999990573,-0.31245199999966644,-0.3364499999997861
2021-08-14 08:30:00,2737.293375,2736.934015,2736.985276,-0.35936000000037893,-0.3080990000003112,-0.33372950000034507
2021-08-14 08:45:00,2737.292602,2736.936973,2736.981899,-0.3556290000001354,-0.3107030000001032,-0.3331660000001193
2021-08-14 09:00:00,2737.295517,2736.936391,2736.980463,-0.35912599999983286,-0.3150540000001456,-0.33708999999998923
2021-08-14 09:15:00,2737.298433,2736.937558,2736.983906,-0.36087499999985084,-0.3145269999999982,-0.33770099999992453
2021-08-14 09:30:00,2737.296101,2736.935983,2736.984503,-0.3601180000000568,-0.3115979999997762,-0.3358579999999165
2021-08-14 09:45:00,2737.295904,2736.935787,2736.984306,-0.360117000000173,-0.31159800000023097,-0.335857500000202
2021-08-14 10:00:00,2737.295511,2736.935395,2736.983913,-0.36011599999983446,-0.3115979999997762,-0.33585699999980534
2021-08-14 10:15:00,2737.293375,2736.937419,2736.986128,-0.355956000000333,-0.30724700000018856,-0.3316015000002608
2021-08-14 10:30:00,2737.289489,2736.932542,2736.983139,-0.35694699999976365,-0.3063499999998385,-0.33164849999980106
2021-08-14 10:45:00,2737.292012,2736.933645,2736.983913,-0.35836699999981647,-0.30809899999985646,-0.33323299999983647
2021-08-14 11:00:00,2737.292012,2736.936385,2736.984483,-0.3556269999999131,-0.30752899999970396,-0.3315779999998085
2021-08-14 11:15:00,2737.290846,2736.936968,2736.985066,-0.3538779999998951,-0.30577999999968597,-0.32982899999979054
2021-08-14 11:30:00,2737.289679,2736.934812,2736.985649,-0.3548670000000129,-0.3040299999997842,-0.32944849999989856
2021-08-14 11:45:00,2737.289096,2736.934228,2736.982746,-0.3548679999998967,-0.3063499999998385,-0.3306089999998676
2021-08-14 12:00:00,2737.286181,2736.932072,2736.983328,-0.3541089999998803,-0.30285300000014104,-0.3284810000000107
2021-08-14 12:15:00,2737.287347,2736.93423,2736.983598,-0.35311700000011115,-0.3037490000001526,-0.32843300000013187
2021-08-14 12:30:00,2737.287737,2736.933301,2736.985738,-0.3544360000000779,-0.3019990000002508,-0.32821750000016436
2021-08-14 12:45:00,2737.287933,2736.936239,2736.987685,-0.3516939999999522,-0.3002480000000105,-0.32597099999998136
2021-08-14 13:30:00,2737.288516,2736.93598,2736.983633,-0.35253599999987273,-0.3048830000002454,-0.32870950000005905
2021-08-14 14:00:00,2737.286184,2736.936388,2736.986506,-0.34979599999996935,-0.299677999999858,-0.3247369999999137
2021-08-14 14:15:00,2737.284435,2736.934638,2736.983901,-0.34979699999985314,-0.30053399999997055,-0.32516549999991184
2021-08-14 14:30:00,2737.284824,2736.932286,2736.985144,-0.3525379999996403,-0.2996799999996256,-0.32610899999963294
2021-08-14 14:45:00,2737.286187,2736.93365,2736.983906,-0.35253700000021126,-0.30228100000022096,-0.3274090000002161
2021-08-14 15:00:00,2737.287937,2736.936062,2736.986221,-0.3518749999998363,-0.30171599999994214,-0.3267954999998892
2021-08-14 15:15:00,2737.287937,2736.937812,2736.985368,-0.3501249999999345,-0.3025689999999486,-0.32634699999994154
2021-08-14 15:30:00,2737.283855,2736.936404,2736.984784,-0.3474510000000919,-0.2990709999999126,-0.32326100000000224
2021-08-14 15:45:00,2737.284241,2736.931308,2736.986024,-0.3529329999996662,-0.2982170000000224,-0.3255749999998443
2021-08-14 16:00:00,2737.285987,2736.933054,2736.986021,-0.35293300000012096,-0.29996600000004037,-0.32644950000008066
2021-08-14 16:15:00,2737.285794,2736.935603,2736.985544,-0.35019099999999526,-0.3002499999997781,-0.32522049999988667
2021-08-14 16:30:00,2737.285597,2736.937304,2736.983597,-0.3482930000000124,-0.3020000000001346,-0.3251465000000735
2021-08-14 16:45:00,2737.285404,2736.937113,2736.986007,-0.3482910000002448,-0.2993970000002264,-0.3238440000002356
2021-08-14 17:00:00,2737.284435,2736.937559,2736.986787,-0.3468760000000657,-0.2976480000002084,-0.32226200000013705
2021-08-14 18:00:00,2737.283851,2736.936976,2736.986204,-0.3468750000001819,-0.2976470000003246,-0.32226100000025326
2021-08-14 18:15:00,2737.28735,2736.935986,2736.985351,-0.35136400000010326,-0.3019990000002508,-0.32668150000017704
2021-08-14 18:30:00,2737.285018,2736.935401,2736.983914,-0.34961699999985285,-0.30110400000012305,-0.32536049999998795
2021-08-14 18:45:00,2737.285601,2736.935983,2736.982749,-0.3496180000001914,-0.30285200000025725,-0.3262350000002243
2021-08-14 19:00:00,2737.285601,2736.934233,2736.985351,-0.35136800000009316,-0.30025000000023283,-0.325809000000163
2021-08-14 19:15:00,2737.283268,2736.935734,2736.983017,-0.347533999999996,-0.3002510000001166,-0.3238925000000563
2021-08-14 19:45:00,2737.286184,2736.935151,2736.984184,-0.3510329999999158,-0.3020000000001346,-0.3265165000000252
2021-08-14 20:15:00,2737.285211,2736.935593,2736.984961,-0.34961799999973664,-0.3002499999997781,-0.32493399999975736
2021-08-14 20:30:00,2737.285014,2736.935729,2736.984764,-0.3492850000002363,-0.30025000000023283,-0.3247675000002346
2021-08-14 20:45:00,2737.286377,2736.936185,2736.986981,-0.35019199999987904,-0.29939599999988786,-0.32479399999988345
2021-08-14 21:00:00,2737.286187,2736.934245,2736.983617,-0.35194200000023557,-0.3025700000002871,-0.32725600000026134
2021-08-14 21:15:00,2737.286964,2736.932281,2736.985247,-0.35468300000002273,-0.30171699999982593,-0.32819999999992433
2021-08-14 21:30:00,2737.289683,2736.932588,2736.986217,-0.35709499999984473,-0.3034659999998439,-0.3302804999998443
2021-08-14 21:45:00,2737.290849,2736.936562,2736.987671,-0.35428700000011304,-0.3031780000001163,-0.32873250000011467
2021-08-14 22:00:00,2737.288516,2736.935979,2736.987089,-0.35253700000021126,-0.301426999999876,-0.3269820000000436
2021-08-14 22:30:00,2737.288906,2736.933627,2736.98544,-0.35527900000033696,-0.30346600000029866,-0.3293725000003178
2021-08-14 22:45:00,2737.288713,2736.934358,2736.986997,-0.35435499999994136,-0.30171599999994214,-0.32803549999994175
2021-08-14 23:15:00,2737.289683,2736.929847,2736.986504,-0.35983600000008664,-0.3031790000000001,-0.33150750000004336
2021-08-14 23:30:00,2737.289683,2736.931663,2736.989108,-0.35802000000012413,-0.30057499999975335,-0.32929749999993874
2021-08-14 23:45:00,2737.287933,2736.931662,2736.988256,-0.35627100000010614,-0.2996769999999742,-0.3279740000000402
2021-08-15 00:00:00,2737.290656,2736.933298,2736.987479,-0.3573580000002039,-0.3031770000002325,-0.3302675000002182
2021-08-15 00:15:00,2737.291629,2736.931531,2736.988451,-0.36009799999965253,-0.30317799999966155,-0.33163799999965704
2021-08-15 00:45:00,2737.289683,2736.930835,2736.987071,-0.3588479999998526,-0.3026119999999537,-0.33072999999990316
2021-08-15 01:00:00,2737.289683,2736.929845,2736.989674,-0.3598379999998542,-0.3000090000000455,-0.32992349999994985
2021-08-15 01:15:00,2737.290656,2736.933626,2736.988044,-0.3570300000001225,-0.3026119999999537,-0.3298210000000381
2021-08-15 01:30:00,2737.289103,2736.929927,2736.985638,-0.359175999999934,-0.3034649999999601,-0.33132049999994706
2021-08-15 01:45:00,2737.290073,2736.929065,2736.987461,-0.36100800000031086,-0.3026119999999537,-0.3318100000001323
2021-08-15 02:00:00,2737.293375,2736.933442,2736.986411,-0.3599330000001828,-0.30696400000033464,-0.3334485000002587
2021-08-15 02:15:00,2737.291239,2736.931222,2736.986594,-0.3600169999999707,-0.30464500000016415,-0.33233100000006743
2021-08-15 02:30:00,2737.291819,2736.931802,2736.987176,-0.3600169999999707,-0.3046429999999418,-0.33232999999995627
2021-08-15 02:45:00,2737.293182,2736.933165,2736.988538,-0.3600169999999707,-0.3046439999998256,-0.33233049999989817
2021-08-15 03:00:00,2737.292792,2736.932775,2736.985545,-0.3600169999999707,-0.30724700000018856,-0.33363200000007964
2021-08-15 03:15:00,2737.292985,2736.932969,2736.987489,-0.36001600000008693,-0.30549599999994825,-0.3327560000000176
2021-08-15 03:45:00,2737.290266,2736.932573,2736.987373,-0.35769299999992654,-0.30289300000004005,-0.3302929999999833
2021-08-15 04:00:00,2737.2891,2736.933156,2736.988525,-0.35594399999990856,-0.30057499999975335,-0.32825949999983095
2021-08-15 04:15:00,2737.292015,2736.933749,2736.987943,-0.35826600000018516,-0.30407199999990553,-0.33116900000004534
2021-08-15 04:30:00,2737.294155,2736.932963,2736.991788,-0.3611919999998463,-0.3023670000002312,-0.33177950000003875
2021-08-15 04:45:00,2737.292602,2736.934151,2736.991133,-0.35845100000005914,-0.3014689999999973,-0.32996000000002823
2021-08-15 05:30:00,2737.293185,2736.932918,2736.989678,-0.36026700000002165,-0.30350700000008146,-0.33188700000005156
2021-08-15 05:45:00,2737.295517,2736.933502,2736.987658,-0.36201500000015585,-0.30785900000000765,-0.33493700000008175
2021-08-15 06:00:00,2737.296101,2736.933161,2736.98853,-0.3629399999999805,-0.3075709999998253,-0.3352554999999029
2021-08-15 06:45:00,2737.293768,2736.934328,2736.987093,-0.35944000000017695,-0.30667499999981374,-0.33305749999999534
2021-08-15 07:00:00,2737.293961,2736.931021,2736.985535,-0.3629399999999805,-0.30842600000005405,-0.3356830000000173
2021-08-15 07:15:00,2737.294931,2736.931991,2736.985935,-0.3629399999999805,-0.3089959999997518,-0.33596799999986615
2021-08-15 07:45:00,2737.294931,2736.931993,2736.986505,-0.3629379999997582,-0.30842600000005405,-0.3356819999999061
2021-08-15 08:00:00,2737.292598,2736.93316,2736.987955,-0.3594379999999546,-0.3046429999999418,-0.3320404999999482
2021-08-15 08:15:00,2737.290656,2736.932966,2736.98573,-0.3576900000002752,-0.3049260000002505,-0.33130800000026284
2021-08-15 08:30:00,2737.293961,2736.933764,2736.988139,-0.360196999999971,-0.3058219999998073,-0.33300949999988916
2021-08-15 08:45:00,2737.291432,2736.932984,2736.988211,-0.358447999999953,-0.3032210000001214,-0.3308345000000372
2021-08-15 09:00:00,2737.292405,2736.931216,2736.986582,-0.36118900000019494,-0.30582300000014584,-0.3335060000001704
2021-08-15 09:15:00,2737.290073,2736.932383,2736.986574,-0.3576900000002752,-0.30349900000010166,-0.3305945000001884
2021-08-15 09:30:00,2737.291042,2736.929787,2736.98494,-0.36125499999980093,-0.30610200000000987,-0.3336784999999054
2021-08-15 10:00:00,2737.288513,2736.933171,2736.989367,-0.35534199999983684,-0.29914599999983693,-0.3272439999998369
2021-08-15 10:15:00,2737.288513,2736.931421,2736.987616,-0.35709200000019337,-0.30089700000007724,-0.3289945000001353
2021-08-15 11:00:00,2737.287154,2736.928227,2736.985974,-0.3589270000002216,-0.30117999999993117,-0.3300535000000764
2021-08-15 11:15:00,2737.286184,2736.929998,2736.984151,-0.3561859999999797,-0.3020329999999376,-0.32910949999995864
2021-08-15 11:30:00,2737.28735,2736.928425,2736.982998,-0.3589249999999993,-0.3043520000001081,-0.3316385000000537
2021-08-15 12:00:00,2737.283268,2736.927842,2736.982983,-0.3554260000000795,-0.30028500000025815,-0.32785550000016883
2021-08-15 12:15:00,2737.283075,2736.928558,2736.98454,-0.3545169999997597,-0.29853499999990163,-0.3265259999998307
2021-08-15 12:30:00,2737.283855,2736.927258,2736.982718,-0.3565969999999652,-0.30113699999992605,-0.3288669999999456
2021-08-15 12:45:00,2737.280549,2736.928443,2736.983763,-0.35210600000027625,-0.29678599999988364,-0.32444600000007995
2021-08-15 13:00:00,2737.281326,2736.92922,2736.982791,-0.3521059999998215,-0.29853499999990163,-0.32532049999986157
2021-08-15 13:15:00,2737.283272,2736.928425,2736.984738,-0.3548470000000634,-0.29853400000001784,-0.32669050000004063
2021-08-15 13:30:00,2737.284241,2736.930387,2736.985707,-0.3538539999999557,-0.29853400000001784,-0.3261939999999868
2021-08-15 13:45:00,2737.283262,2736.930511,2736.986468,-0.35275099999989834,-0.29679399999986344,-0.3247724999998809
2021-08-15 14:00:00,2737.285984,2736.932474,2736.987441,-0.3535099999999147,-0.29854299999988143,-0.3260264999998981
2021-08-15 14:15:00,2737.283848,2736.929013,2736.984451,-0.3548350000000937,-0.2993970000002264,-0.32711600000016006
2021-08-15 14:30:00,2737.283265,2736.926598,2736.986183,-0.35666700000001583,-0.2970820000000458,-0.3268745000000308
2021-08-15 14:45:00,2737.283848,2736.928171,2736.982413,-0.35567700000001423,-0.3014349999998558,-0.328555999999935
2021-08-15 15:00:00,2737.284821,2736.930136,2736.985136,-0.35468500000024505,-0.29968500000040876,-0.3271850000003269
2021-08-15 15:15:00,2737.279573,2736.927976,2736.981354,-0.35159699999985605,-0.29821899999978996,-0.324907999999823
2021-08-15 15:30:00,2737.282678,2736.929333,2736.986166,-0.35334499999999025,-0.2965119999998933,-0.3249284999999418
2021-08-15 15:45:00,2737.283262,2736.932657,2736.985896,-0.3506050000000869,-0.2973659999997835,-0.3239854999999352
2021-08-15 16:00:00,2737.282095,2736.929741,2736.982979,-0.35235400000010486,-0.29911600000014005,-0.32573500000012245
2021-08-15 16:15:00,2737.280929,2736.933065,2736.983563,-0.34786399999984496,-0.2973660000002383,-0.3226150000000416
2021-08-15 16:45:00,2737.282485,2736.934622,2736.98512,-0.3478629999999612,-0.2973650000003545,-0.32261400000015783
2021-08-15 17:00:00,2737.282292,2736.931689,2736.98635,-0.35060299999986455,-0.2959419999997408,-0.3232724999998027
2021-08-15 17:15:00,2737.286177,2736.932075,2736.985313,-0.3541019999997843,-0.3008639999998195,-0.3274829999998019
2021-08-15 17:30:00,2737.284428,2736.935807,2736.986167,-0.3486210000000938,-0.2982609999999113,-0.32344100000000253
2021-08-15 17:45:00,2737.284818,2736.936279,2736.984807,-0.34853900000007343,-0.3000110000002678,-0.3242750000001706
2021-08-15 18:00:00,2737.284238,2736.935879,2736.984508,-0.34835900000007314,-0.29973000000018146,-0.3240445000001273
2021-08-15 18:15:00,2737.285797,2736.93652,2736.988686,-0.3492769999998018,-0.2971109999998589,-0.32319399999983034
2021-08-15 18:30:00,2737.288516,2736.933328,2736.986439,-0.3551879999999983,-0.30207700000028126,-0.32863250000013977
2021-08-15 18:45:00,2737.292015,2736.935919,2736.984733,-0.35609599999997954,-0.3072820000002139,-0.3316890000000967
2021-08-15 19:00:00,2737.299013,2736.939568,2736.992542,-0.35944500000005064,-0.30647099999987404,-0.33295799999996234
2021-08-15 19:15:00,2737.297263,2736.938229,2736.983265,-0.35903400000006513,-0.31399800000008327,-0.3365160000000742
2021-08-15 19:30:00,2737.295124,2736.941405,2736.987229,-0.35371900000018286,-0.3078950000003715,-0.3308070000002772
2021-08-15 19:45:00,2737.294541,2736.939175,2736.986932,-0.355366000000231,-0.30760900000041147,-0.33148750000032123
2021-08-15 20:00:00,2737.292019,2736.93566,2736.985307,-0.35635899999988396,-0.3067120000000614,-0.33153549999997267
2021-08-15 20:15:00,2737.294351,2736.936325,2736.986743,-0.3580259999998816,-0.30760800000007293,-0.33281699999997727
2021-08-15 20:45:00,2737.293378,2736.934361,2736.98752,-0.359016999999767,-0.3058579999997164,-0.3324374999997417
2021-08-15 21:00:00,2737.294348,2736.933581,2736.98617,-0.3607670000001235,-0.3081779999997707,-0.3344724999999471
2021-08-15 21:15:00,2737.29668,2736.935334,2736.986754,-0.3613460000001396,-0.3099259999999049,-0.33563600000002225
2021-08-15 21:30:00,2737.297847,2736.938154,2736.988772,-0.35969299999987925,-0.30907499999966603,-0.33438399999977264
2021-08-15 21:45:00,2737.294738,2736.937122,2736.987412,-0.35761600000023464,-0.3073260000001028,-0.3324710000001687
2021-08-15 22:00:00,2737.296877,2736.941012,2736.991303,-0.35586500000044907,-0.30557400000043344,-0.33071950000044126
2021-08-15 22:15:00,2737.293182,2736.937315,2736.984149,-0.3558669999997619,-0.30903299999999945,-0.3324499999998807
2021-08-15 22:30:00,2737.295514,2736.937899,2736.987337,-0.3576149999998961,-0.3081769999998869,-0.3328959999998915
2021-08-15 22:45:00,2737.295321,2736.937623,2736.987144,-0.357698000000255,-0.3081769999998869,-0.33293750000007094
2021-08-15 23:00:00,2737.294934,2736.938987,2736.986757,-0.35594700000001467,-0.3081769999998869,-0.3320619999999508
2021-08-15 23:15:00,2737.296101,2736.938074,2736.987924,-0.3580269999997654,-0.3081769999998869,-0.33310199999982615
2021-08-15 23:45:00,2737.293761,2736.937484,2736.987904,-0.3562769999998636,-0.3058569999998326,-0.3310669999998481
2021-08-16 00:00:00,2737.294928,2736.93781,2736.98732,-0.35711799999990035,-0.3076079999996182,-0.33236299999975927
2021-08-16 00:15:00,2737.294151,2736.936699,2736.988294,-0.35745200000019395,-0.3058569999998326,-0.3316545000000133
2021-08-16 00:30:00,2737.293765,2736.938063,2736.987054,-0.3557019999998374,-0.30671099999972284,-0.33120649999978014
2021-08-16 00:45:00,2737.293765,2736.934495,2736.987619,-0.35926999999992404,-0.3061459999998988,-0.3327079999999114
2021-08-16 01:00:00,2737.293571,2736.937043,2736.987426,-0.3565280000002531,-0.306145000000015,-0.33133650000013404
2021-08-16 01:15:00,2737.292598,2736.932339,2736.987624,-0.36025900000004185,-0.3049740000001293,-0.3326165000000856
2021-08-16 01:30:00,2737.292402,2736.933891,2736.989176,-0.35851099999990765,-0.3032259999999951,-0.3308684999999514
2021-08-16 01:45:00,2737.295314,2736.931472,2736.988308,-0.36384199999974953,-0.3070060000000012,-0.3354239999998754
2021-08-16 02:00:00,2737.296094,2736.929512,2736.989658,-0.3665819999996529,-0.3064359999998487,-0.3365089999997508
2021-08-16 02:15:00,2737.295511,2736.930679,2736.990255,-0.36483199999975113,-0.3052559999996447,-0.3350439999996979
2021-08-16 02:30:00,2737.293761,2736.927111,2736.988201,-0.36664999999993597,-0.30555999999978667,-0.3361049999998613
2021-08-16 02:45:00,2737.292595,2736.927695,2736.987933,-0.3649000000000342,-0.30466200000000754,-0.33478100000002087
2021-08-16 03:00:00,2737.293178,2736.932836,2736.990241,-0.360341999999946,-0.30293699999992896,-0.33163949999993747
2021-08-16 03:15:00,2737.293178,2736.929269,2736.989344,-0.36390899999969406,-0.3038339999998243,-0.3338714999997592
2021-08-16 03:30:00,2737.292012,2736.928927,2736.987324,-0.36308499999995547,-0.3046879999997145,-0.333886499999835
2021-08-16 04:15:00,2737.293761,2736.928861,2736.989075,-0.3649000000000342,-0.30468599999994694,-0.33479299999999057
2021-08-16 04:30:00,2737.293761,2736.929851,2736.991678,-0.3639100000000326,-0.30208300000003874,-0.33299650000003567
2021-08-16 05:00:00,2737.292595,2736.924953,2736.991364,-0.36764199999970515,-0.3012309999999161,-0.3344364999998106
2021-08-16 05:15:00,2737.293178,2736.928278,2736.988491,-0.3649000000000342,-0.30468699999983073,-0.33479349999993246
2021-08-16 05:30:00,2737.293178,2736.930095,2736.991094,-0.36308299999973315,-0.3020839999999225,-0.33258349999982784
2021-08-16 05:45:00,2737.293761,2736.931601,2736.993428,-0.3621600000001308,-0.3003329999996822,-0.3312464999999065
2021-08-16 06:00:00,2737.295901,2736.931001,2736.992068,-0.3649000000000342,-0.3038329999999405,-0.33436649999998735
2021-08-16 06:15:00,2737.293958,2736.928068,2736.990148,-0.3658900000000358,-0.30381000000033964,-0.3348500000001877
2021-08-16 06:30:00,2737.292012,2736.926119,2736.991107,-0.36589299999968716,-0.30090500000005704,-0.3333989999998721
2021-08-16 06:45:00,2737.292595,2736.927694,2736.987933,-0.364900999999918,-0.30466200000000754,-0.33478149999996276
2021-08-16 07:00:00,2737.293178,2736.925536,2736.98967,-0.36764199999970515,-0.30350799999996525,-0.3355749999998352
2021-08-16 07:30:00,2737.293761,2736.924369,2736.988505,-0.36939200000006167,-0.30525600000009945,-0.33732400000008056
2021-08-16 07:45:00,2737.293761,2736.922619,2736.9859,-0.37114199999996345,-0.30786099999977523,-0.33950149999986934
2021-08-16 08:00:00,2737.292788,2736.925146,2736.990133,-0.3676420000001599,-0.30265500000041357,-0.33514850000028673
2021-08-16 08:15:00,2737.291815,2736.920441,2736.98916,-0.37137399999983245,-0.3026549999999588,-0.33701449999989563
2021-08-16 08:30:00,2737.295121,2736.925729,2736.988115,-0.36939200000006167,-0.3070060000000012,-0.33819900000003145
2021-08-16 08:45:00,2737.290259,2736.924367,2736.986751,-0.3658919999998034,-0.30350799999996525,-0.3346999999998843
2021-08-16 09:00:00,2737.290842,2736.9232,2736.98473,-0.36764199999970515,-0.30611199999975724,-0.3368769999997312
2021-08-16 10:00:00,2737.290259,2736.923443,2736.987603,-0.36681599999974424,-0.3026559999998426,-0.3347359999997934
2021-08-16 10:15:00,2737.290842,2736.920459,2736.989039,-0.37038299999994706,-0.3018029999998362,-0.3360929999998916
2021-08-16 11:00:00,2737.285594,2736.91772,2736.983834,-0.3678740000000289,-0.30175999999983105,-0.33481699999993
2021-08-16 11:15:00,2737.287927,2736.919293,2736.984987,-0.3686339999999291,-0.30294000000003507,-0.33578699999998207
2021-08-16 11:30:00,2737.285984,2736.92085,2736.987397,-0.3651340000001255,-0.2985870000002251,-0.3318605000001753
2021-08-16 11:45:00,2737.287347,2736.917723,2736.98701,-0.3696239999999307,-0.30033700000012686,-0.33498050000002877
2021-08-16 12:00:00,2737.285597,2736.918631,2736.989614,-0.36696600000004764,-0.29598299999997835,-0.331474500000013
2021-08-16 12:15:00,2737.285014,2736.920788,2736.986451,-0.36422600000014427,-0.29856299999983094,-0.3313944999999876
2021-08-16 12:30:00,2737.285987,2736.921435,2736.98799,-0.3645520000000033,-0.2979970000001231,-0.3312745000000632
2021-08-16 12:45:00,2737.286184,2736.924372,2736.990789,-0.36181200000009994,-0.29539500000009866,-0.3286035000000993
2021-08-16 13:00:00,2737.284435,2736.922621,2736.989039,-0.3618139999998675,-0.29539599999998245,-0.328604999999925
2021-08-16 13:15:00,2737.285794,2736.920578,2736.990399,-0.3652159999996911,-0.29539500000009866,-0.3303054999998949
2021-08-16 13:30:00,2737.288513,2736.922539,2736.990804,-0.3659739999998237,-0.2977089999999407,-0.3318414999998822
2021-08-16 13:45:00,2737.292402,2736.923771,2736.990341,-0.36863099999982296,-0.3020609999998669,-0.33534599999984493
2021-08-16 14:00:00,2737.300179,2736.928283,2736.990268,-0.3718959999996514,-0.3099109999998291,-0.34090349999974023
2021-08-16 14:15:00,2737.300179,2736.931023,2736.992827,-0.369155999999748,-0.3073519999998098,-0.3382539999997789
2021-08-16 14:30:00,2737.297263,2736.932268,2736.992558,-0.36499499999990803,-0.30470500000001266,-0.33484999999996035
2021-08-16 15:00:00,2737.296674,2736.928856,2736.991679,-0.3678180000001703,-0.3049949999999626,-0.33640650000006644
2021-08-16 15:15:00,2737.293175,2736.92768,2736.987326,-0.3654950000000099,-0.3058489999998528,-0.33567199999993136
2021-08-16 15:30:00,2737.29823,2736.926497,2736.988883,-0.37173299999994924,-0.3093469999998888,-0.340539999999919
2021-08-16 15:45:00,2737.293761,2736.925525,2736.987914,-0.36823599999979706,-0.30584700000008525,-0.33704149999994115
2021-08-16 16:00:00,2737.296094,2736.9271,2736.989066,-0.36899399999992966,-0.3070279999997183,-0.338010999999824
2021-08-16 16:15:00,2737.298426,2736.924943,2736.989079,-0.373482999999851,-0.3093469999998888,-0.3414149999998699
2021-08-16 16:30:00,2737.295121,2736.925136,2736.990127,-0.3699850000002698,-0.3049940000000788,-0.3374895000001743
2021-08-16 16:45:00,2737.293565,2736.92807,2736.987716,-0.3654950000000099,-0.3058489999998528,-0.33567199999993136
2021-08-16 17:00:00,2737.298233,2736.9265,2736.991206,-0.37173299999994924,-0.3070269999998345,-0.3393799999998919
2021-08-16 17:15:00,2737.29843,2736.931187,2736.994006,-0.36724299999968935,-0.3044239999999263,-0.3358334999998078
2021-08-16 17:30:00,2737.29687,2736.931788,2736.991867,-0.3650820000002568,-0.3050029999999424,-0.3350425000000996
2021-08-16 17:45:00,2737.296094,2736.930934,2736.990816,-0.3651599999998325,-0.30527799999981653,-0.3352189999998245
2021-08-16 18:00:00,2737.295121,2736.92996,2736.990695,-0.36516100000017104,-0.30442600000014863,-0.33479350000015984
2021-08-16 18:15:00,2737.292592,2736.931773,2736.991097,-0.36081899999999223,-0.3014949999997043,-0.33115699999984827
2021-08-16 18:30:00,2737.292395,2736.930154,2736.99089,-0.36224099999981263,-0.30150499999990643,-0.33187299999985953
2021-08-16 18:45:00,2737.295511,2736.932101,2736.992837,-0.36340999999993073,-0.30267400000002453,-0.33304199999997763
2021-08-16 19:00:00,2737.294924,2736.932684,2736.993419,-0.36223999999992884,-0.30150499999990643,-0.33187249999991764
2021-08-16 19:15:00,2737.294731,2736.92958,2736.988872,-0.3651509999999689,-0.30585900000005495,-0.33550500000001193
2021-08-16 19:30:00,2737.293761,2736.931186,2736.992257,-0.36257500000010623,-0.30150400000002264,-0.33203950000006444
2021-08-16 19:45:00,2737.296094,2736.929193,2736.990237,-0.3669009999998707,-0.3058569999998326,-0.33637899999985166
2021-08-16 20:00:00,2737.298037,2736.931963,2736.993032,-0.366074000000026,-0.3050050000001647,-0.33553950000009536
2021-08-16 20:15:00,2737.295704,2736.930543,2736.99303,-0.36516100000017104,-0.30267400000002453,-0.3339175000000978
2021-08-16 20:30:00,2737.294731,2736.93132,2736.991485,-0.3634109999998145,-0.3032459999999446,-0.33332849999987957
2021-08-16 20:45:00,2737.295121,2736.928969,2736.992445,-0.36615200000005643,-0.30267600000024686,-0.33441400000015165
2021-08-16 21:00:00,2737.293175,2736.929763,2736.992532,-0.3634119999996983,-0.30064299999958166,-0.33202749999964
2021-08-16 21:15:00,2737.293371,2736.930801,2736.992728,-0.36257000000023254,-0.3006430000000364,-0.3316065000001345
2021-08-16 21:30:00,2737.294931,2736.932772,2736.994577,-0.3621589999997923,-0.30035399999997026,-0.33125649999988127
2021-08-16 21:45:00,2737.296097,2736.931199,2736.99314,-0.3648979999998119,-0.30295699999987846,-0.33392749999984517
2021-08-16 22:00:00,2737.293182,2736.930032,2736.98937,-0.3631499999996777,-0.3038120000001072,-0.33348099999989245
2021-08-16 22:15:00,2737.293765,2736.933355,2736.991704,-0.3604099999997743,-0.3020609999998669,-0.3312354999998206
2021-08-16 23:00:00,2737.295514,2736.934017,2736.992557,-0.36149699999987206,-0.30295699999987846,-0.33222699999987526
2021-08-16 23:15:00,2737.294348,2736.931859,2736.993705,-0.362489000000096,-0.3006430000000364,-0.3315660000000662
2021-08-16 23:30:00,2737.294348,2736.932188,2736.991955,-0.3621599999996761,-0.3023929999999382,-0.33227649999980713
2021-08-16 23:45:00,2737.293765,2736.928864,2736.99052,-0.364900999999918,-0.3032450000000608,-0.3340729999999894
2021-08-17 00:30:00,2737.29668,2736.93003,2736.991685,-0.36664999999993597,-0.3049949999999626,-0.3358224999999493
2021-08-17 00:45:00,2737.295514,2736.927872,2736.993122,-0.36764199999970515,-0.3023920000000544,-0.33501699999987977
2021-08-17 01:00:00,2737.295317,2736.932829,2736.994675,-0.3624880000002122,-0.3006420000001526,-0.3315650000001824
2021-08-17 01:15:00,2737.296091,2736.930199,2736.995449,-0.3658920000002581,-0.3006420000001526,-0.33326700000020537
2021-08-17 01:30:00,2737.296091,2736.930861,2736.991948,-0.3652300000003379,-0.3041430000002947,-0.3346865000003163
2021-08-17 01:45:00,2737.294924,2736.930603,2736.992533,-0.3643210000000181,-0.30239099999971586,-0.333355999999867
2021-08-17 02:00:00,2737.296674,2736.929612,2736.996885,-0.36706200000026,-0.2997890000001462,-0.3334255000002031
2021-08-17 02:15:00,2737.295507,2736.931187,2736.994865,-0.36431999999967957,-0.3006419999996979,-0.3324809999996887
2021-08-17 02:30:00,2737.293565,2736.928252,2736.992923,-0.3653129999997873,-0.3006420000001526,-0.33297749999996995
2021-08-17 02:45:00,2737.295121,2736.9308,2736.991876,-0.3643210000000181,-0.3032450000000608,-0.33378300000003946
2021-08-17 03:00:00,2737.295507,2736.928445,2736.991083,-0.36706199999980527,-0.3044239999999263,-0.3357429999998658
2021-08-17 03:15:00,2737.293565,2736.92642,2736.990319,-0.36714500000016415,-0.3032459999999446,-0.3351955000000544
2021-08-17 03:45:00,2737.292982,2736.928577,2736.992056,-0.364404999999806,-0.30092599999989034,-0.3326654999998482
2021-08-17 04:00:00,2737.294344,2736.92918,2736.988213,-0.3651639999998224,-0.30613099999982296,-0.3356474999998227
2021-08-17 04:15:00,2737.294341,2736.927607,2736.98763,-0.3667339999997239,-0.30671099999972284,-0.33672249999972337
2021-08-17 04:30:00,2737.295897,2736.930914,2736.994393,-0.36498299999993833,-0.30150400000002264,-0.3332434999999805
2021-08-17 04:45:00,2737.295704,2736.930387,2736.993347,-0.36531700000023193,-0.3023570000000291,-0.3338370000001305
2021-08-17 05:00:00,2737.294924,2736.929607,2736.99342,-0.3653169999997772,-0.30150400000002264,-0.3334104999998999
2021-08-17 05:15:00,2737.296091,2736.930773,2736.994015,-0.3653180000001157,-0.3020759999999427,-0.3336970000000292
2021-08-17 05:30:00,2737.295507,2736.931515,2736.9914,-0.3639919999995982,-0.30410699999993085,-0.3340494999997645
2021-08-17 05:45:00,2737.295511,2736.929357,2736.991412,-0.366153999999824,-0.30409899999995105,-0.33512649999988753
2021-08-17 06:15:00,2737.295511,2736.931107,2736.99056,-0.36440399999992223,-0.30495099999961894,-0.3346774999997706
2021-08-17 06:30:00,2737.296287,2736.931884,2736.994793,-0.36440300000003845,-0.30149400000027526,-0.33294850000015686
2021-08-17 06:45:00,2737.297257,2736.931187,2736.994013,-0.3660700000000361,-0.30324400000017704,-0.33465700000010656
2021-08-17 07:00:00,2737.294924,2736.929612,2736.99343,-0.3653119999999035,-0.3014939999998205,-0.333402999999862
2021-08-17 07:15:00,2737.29784,2736.929937,2736.994595,-0.36790300000029674,-0.3032450000000608,-0.3355740000001788
2021-08-17 07:30:00,2737.296091,2736.932529,2736.997199,-0.3635620000000017,-0.29889200000025085,-0.3312270000001263
2021-08-17 07:45:00,2737.29784,2736.929789,2736.991992,-0.3680510000003778,-0.30584799999996903,-0.33694950000017343
2021-08-17 08:00:00,2737.298423,2736.928622,2736.990825,-0.3698010000002796,-0.30759800000032556,-0.3386995000003026
2021-08-17 08:15:00,2737.293955,2736.928642,2736.990143,-0.365313000000242,-0.3038120000001072,-0.3345625000001746
2021-08-17 08:30:00,2737.291432,2736.927868,2736.991974,-0.3635639999997693,-0.2994579999999587,-0.331510999999864
2021-08-17 08:45:00,2737.293568,2736.925515,2736.992361,-0.3680530000001454,-0.3012069999999767,-0.33463000000006105
2021-08-17 09:00:00,2737.292592,2736.923548,2736.991096,-0.36904399999957604,-0.3014959999995881,-0.33526999999958207
2021-08-17 09:15:00,2737.290842,2736.924538,2736.988492,-0.36630399999967267,-0.30234999999993306,-0.33432699999980287
2021-08-17 09:30:00,2737.289676,2736.924279,2736.986473,-0.36539700000002995,-0.3032029999999395,-0.3342999999999847
2021-08-17 10:15:00,2737.292009,2736.923872,2736.991365,-0.3681369999999333,-0.3006439999999202,-0.33439049999992676
2021-08-17 10:30:00,2737.292205,2736.923161,2736.991562,-0.3690440000000308,-0.3006430000000364,-0.3348435000000336
2021-08-17 10:45:00,2737.28832,2736.923764,2736.989425,-0.3645559999999932,-0.2988949999999022,-0.3317254999999477
2021-08-17 11:00:00,2737.289093,2736.923695,2736.989345,-0.36539799999991374,-0.29974799999990864,-0.3325729999999112
2021-08-17 11:15:00,2737.288506,2736.92154,2736.987325,-0.36696600000004764,-0.30118099999981496,-0.3340734999999313
2021-08-17 11:30:00,2737.285591,2736.922123,2736.988762,-0.36346800000001167,-0.29682899999988877,-0.3301484999999502
2021-08-17 11:45:00,2737.285398,2736.92292,2736.986535,-0.36247800000001007,-0.298862999999983,-0.33067049999999654
2021-08-17 12:00:00,2737.285594,2736.923116,2736.986732,-0.36247800000001007,-0.2988620000000992,-0.33067000000005464
2021-08-17 12:15:00,2737.284428,2736.926441,2736.987315,-0.3579869999998664,-0.29711300000008123,-0.3275499999999738
2021-08-17 12:30:00,2737.286567,2736.926831,2736.989455,-0.35973599999988437,-0.29711200000019744,-0.3284240000000409
2021-08-17 12:45:00,2737.284624,2736.924486,2736.98666,-0.3601380000000063,-0.29796399999986534,-0.3290509999999358
2021-08-17 13:00:00,2737.282485,2736.926903,2736.98627,-0.3555820000001404,-0.2962150000003021,-0.32589850000022125
2021-08-17 13:15:00,2737.283265,2736.921376,2736.986722,-0.3618890000002466,-0.2965429999999287,-0.32921600000008766
2021-08-17 13:30:00,2737.281319,2736.926662,2736.98482,-0.35465700000031575,-0.2964990000000398,-0.3255780000001778
2021-08-17 13:45:00,2737.286174,2736.924286,2736.987028,-0.36188799999990806,-0.29914599999983693,-0.3305169999998725
2021-08-17 14:00:00,2737.286174,2736.927028,2736.987029,-0.35914599999978236,-0.29914499999995314,-0.32914549999986775
2021-08-17 14:15:00,2737.285008,2736.924029,2736.991069,-0.360979000000043,-0.293938999999682,-0.3274589999998625
2021-08-17 14:45:00,2737.283258,2736.926441,2736.985009,-0.3568169999998645,-0.2982489999999416,-0.32753299999990304
2021-08-17 15:00:00,2737.285398,2736.926831,2736.988001,-0.35856699999976627,-0.29739699999981895,-0.3279819999997926
2021-08-17 15:15:00,2737.284428,2736.92852,2736.986744,-0.35590799999999945,-0.2976840000001175,-0.3267960000000585
2021-08-17 15:30:00,2737.285594,2736.930676,2736.988764,-0.35491799999999785,-0.29682999999977255,-0.3258739999998852
2021-08-17 15:45:00,2737.283268,2736.929511,2736.988168,-0.3537570000003143,-0.29510000000027503,-0.32442850000029466
2021-08-17 16:00:00,2737.285984,2736.928326,2736.989154,-0.3576579999999012,-0.2968300000002273,-0.32724400000006426
2021-08-17 16:15:00,2737.284438,2736.93035,2736.986734,-0.35408800000004703,-0.297704000000067,-0.32589600000005703
2021-08-17 16:30:00,2737.285604,2736.927951,2736.986479,-0.35765300000002753,-0.29912500000000364,-0.3283890000000156
2021-08-17 16:45:00,2737.285604,2736.928942,2736.987902,-0.35666200000014214,-0.29770200000029945,-0.3271820000002208
2021-08-17 17:00:00,2737.284824,2736.927171,2736.987985,-0.35765300000002753,-0.29683899999963614,-0.32724599999983184
2021-08-17 17:15:00,2737.285794,2736.931872,2736.988955,-0.353921999999784,-0.2968390000000909,-0.32538049999993746
2021-08-17 17:30:00,2737.282688,2736.926784,2736.988451,-0.3559039999995548,-0.2942369999996117,-0.32507049999958326
2021-08-17 17:45:00,2737.284241,2736.925596,2736.989141,-0.3586449999997967,-0.2950999999998203,-0.3268724999998085
2021-08-17 18:00:00,2737.285597,2736.930684,2736.991068,-0.35491300000012416,-0.29452900000023874,-0.32472100000018145
2021-08-17 18:15:00,2737.284431,2736.928526,2736.989911,-0.35590499999989333,-0.2945199999999204,-0.32521249999990687
2021-08-17 18:30:00,2737.283848,2736.927183,2736.984974,-0.35666500000024826,-0.2988740000000689,-0.3277695000001586
2021-08-17 18:45:00,2737.283265,2736.925527,2736.985571,-0.357738000000154,-0.2976939999998649,-0.32771600000000944
2021-08-17 19:00:00,2737.285014,2736.927359,2736.988174,-0.35765500000024986,-0.2968399999999747,-0.32724750000011227
2021-08-17 19:15:00,2737.286764,2736.926368,2736.989924,-0.360396000000037,-0.2968399999999747,-0.32861800000000585
2021-08-17 19:30:00,2737.289679,2736.928524,2736.991943,-0.3611550000000534,-0.29773599999998623,-0.3294455000000198
2021-08-17 19:45:00,2737.288127,2736.928722,2736.989538,-0.3594049999996969,-0.29858899999999267,-0.3289969999998448
2021-08-17 20:00:00,2737.285021,2736.923633,2736.988181,-0.36138800000026094,-0.2968399999999747,-0.3291140000001178
2021-08-17 20:15:00,2737.28677,2736.924624,2736.987318,-0.3621459999999388,-0.2994520000002012,-0.33079900000007
2021-08-17 20:30:00,2737.283465,2736.92597,2736.987794,-0.35749500000019907,-0.2956709999998566,-0.3265830000000278
2021-08-17 20:45:00,2737.285601,2736.926358,2736.987328,-0.3592429999998785,-0.298272999999881,-0.32875799999987976
2021-08-17 21:00:00,2737.285018,2736.928514,2736.986744,-0.35650399999985893,-0.29827400000021953,-0.32738900000003923
2021-08-17 21:15:00,2737.286954,2736.925642,2736.987809,-0.3613119999999981,-0.29914499999995314,-0.3302284999999756
2021-08-17 21:30:00,2737.285591,2736.929098,2736.990799,-0.356492999999773,-0.2947919999996884,-0.3256424999997307
2021-08-17 21:45:00,2737.287537,2736.924803,2736.988393,-0.3627340000002732,-0.29914400000006935,-0.3309390000001713
2021-08-17 22:00:00,2737.286181,2736.924205,2736.989639,-0.36197600000014063,-0.29654200000004494,-0.3292590000000928
2021-08-17 22:15:00,2737.283265,2736.92761,2736.989325,-0.3556549999998424,-0.2939400000000205,-0.32479749999993146
2021-08-17 22:45:00,2737.285014,2736.92487,2736.988472,-0.3601440000002185,-0.29654200000004494,-0.3283430000001317
2021-08-17 23:00:00,2737.286181,2736.928777,2736.988216,-0.3574039999998604,-0.2979649999997491,-0.32768449999980476
2021-08-17 23:15:00,2737.286374,2736.92448,2736.986659,-0.36189399999966554,-0.2997149999996509,-0.3308044999996582
2021-08-17 23:30:00,2737.285984,2736.923099,2736.986269,-0.3628850000000057,-0.29971500000010565,-0.33130000000005566
2021-08-18 00:00:00,2737.285984,2736.924088,2736.991476,-0.36189599999988786,-0.2945079999999507,-0.3282019999999193
2021-08-18 00:15:00,2737.285014,2736.924868,2736.992256,-0.3601459999999861,-0.2927580000000489,-0.3264520000000175
2021-08-18 00:30:00,2737.286374,2736.923487,2736.990116,-0.36288699999977325,-0.2962579999998525,-0.32957249999981286
2021-08-18 00:45:00,2737.285594,2736.924791,2736.990233,-0.3608030000000326,-0.29536099999995713,-0.3280819999999949
2021-08-18 01:00:00,2737.287344,2736.928188,2736.98763,-0.3591559999999845,-0.2997139999997671,-0.3294349999998758
2021-08-18 01:15:00,2737.289483,2736.927921,2736.990623,-0.361562000000049,-0.2988599999998769,-0.33021099999996295
2021-08-18 01:30:00,2737.287347,2736.927201,2736.987633,-0.3601459999999861,-0.2997139999997671,-0.3299299999998766
2021-08-18 01:45:00,2737.288513,2736.923035,2736.988474,-0.3654780000001665,-0.3000389999997424,-0.33275849999995444
2021-08-18 02:15:00,2737.287347,2736.920877,2736.989057,-0.3664699999999357,-0.29829000000017913,-0.3323800000000574
2021-08-18 02:30:00,2737.2889,2736.922432,2736.988006,-0.3664680000001681,-0.30089399999997113,-0.3336810000000696
2021-08-18 02:45:00,2737.287923,2736.920464,2736.989634,-0.3674590000000535,-0.2982889999998406,-0.33287399999994705
2021-08-18 03:00:00,2737.289286,2736.923808,2736.991849,-0.3654780000001665,-0.2974370000001727,-0.3314575000001696
2021-08-18 03:15:00,2737.289483,2736.925755,2736.992046,-0.36372799999981,-0.2974370000001727,-0.33058249999999134
2021-08-18 03:30:00,2737.287923,2736.926607,2736.991949,-0.361315999999988,-0.29597399999966,-0.328644999999824
2021-08-18 03:45:00,2737.288313,2736.926335,2736.992339,-0.3619779999999082,-0.29597400000011476,-0.3289760000000115
2021-08-18 04:00:00,2737.289093,2736.925036,2736.987913,-0.36405699999977514,-0.30117999999993117,-0.33261849999985316
2021-08-18 04:30:00,2737.289676,2736.923787,2736.989351,-0.36588899999969726,-0.3003249999997024,-0.33310699999969984
2021-08-18 04:45:00,2737.290259,2736.926203,2736.993389,-0.36405599999989136,-0.29686999999967156,-0.33046299999978146
2021-08-18 05:15:00,2737.290452,2736.924646,2736.990126,-0.3658060000002479,-0.30032600000004095,-0.3330660000001444
2021-08-18 05:30:00,2737.288313,2736.923266,2736.992628,-0.3650470000002315,-0.2956850000000486,-0.33036600000014005
2021-08-18 06:00:00,2737.289673,2736.922214,2736.99195,-0.3674590000000535,-0.29772300000013274,-0.3325910000000931
2021-08-18 06:15:00,2737.289673,2736.924954,2736.991385,-0.3647190000001501,-0.29828800000041156,-0.33150350000028084
2021-08-18 06:30:00,2737.292588,2736.926121,2736.996008,-0.36646699999982957,-0.2965799999997216,-0.3315234999997756
2021-08-18 06:45:00,2737.289673,2736.926786,2736.993135,-0.362887000000228,-0.29653800000005504,-0.3297125000001415
2021-08-18 07:00:00,2737.292202,2736.923984,2736.991594,-0.3682180000000699,-0.3006080000000111,-0.3344130000000405
2021-08-18 07:15:00,2737.288513,2736.923794,2736.992828,-0.3647190000001501,-0.2956850000000486,-0.33020200000009936
2021-08-18 07:30:00,2737.290846,2736.921637,2736.99284,-0.36920899999995527,-0.29800599999998667,-0.33360749999997097
2021-08-18 07:45:00,2737.292595,2736.923721,2736.99459,-0.3688739999997779,-0.2980050000001029,-0.3334394999999404
2021-08-18 08:00:00,2737.288513,2736.923877,2736.989653,-0.36463599999979124,-0.2988599999998769,-0.33174799999983406
2021-08-18 08:15:00,2737.288123,2736.921655,2736.991868,-0.36646799999971336,-0.29625499999974636,-0.33136149999972986
2021-08-18 08:45:00,2737.292592,2736.926541,2736.991088,-0.3660509999999704,-0.3015039999995679,-0.33377749999976913
2021-08-18 09:30:00,2737.28851,2736.925958,2736.98965,-0.3625520000000506,-0.2988599999998769,-0.33070599999996375
2021-08-18 10:00:00,2737.287344,2736.923868,2736.985881,-0.3634759999999915,-0.3014629999997851,-0.3324694999998883
2021-08-18 10:15:00,2737.286954,2736.922487,2736.987523,-0.3644670000003316,-0.29943100000036793,-0.33194900000034977
2021-08-18 10:30:00,2737.288313,2736.92583,2736.987133,-0.36248299999988376,-0.30117999999993117,-0.33183149999990746
2021-08-18 10:45:00,2737.288703,2736.922489,2736.987523,-0.36621400000012727,-0.3011800000003859,-0.3336970000002566
2021-08-18 11:00:00,2737.287923,2736.921709,2736.98414,-0.3662139999996725,-0.3037829999998394,-0.33499849999975595
2021-08-18 11:15:00,2737.28734,2736.919308,2736.984127,-0.36803199999985736,-0.30321299999968687,-0.3356224999997721
2021-08-18 11:30:00,2737.285398,2736.920106,2736.983363,-0.365291999999954,-0.3020350000001599,-0.33366350000005696
2021-08-18 12:00:00,2737.283845,2736.92387,2736.983278,-0.3599749999998494,-0.30056699999977354,-0.33027099999981147
2021-08-18 12:15:00,2737.282095,2736.92486,2736.986733,-0.357234999999946,-0.2953619999998409,-0.32629849999989347
2021-08-18 12:30:00,2737.280346,2736.92212,2736.984131,-0.3582259999998314,-0.29621499999984735,-0.3272204999998394
2021-08-18 13:00:00,2737.282678,2736.923693,2736.982964,-0.3589849999998478,-0.29971400000022186,-0.3293495000000348
2021-08-18 13:15:00,2737.281319,2736.924673,2736.985956,-0.35664600000018254,-0.29536300000017945,-0.326004500000181
2021-08-18 13:30:00,2737.281516,2736.92388,2736.988474,-0.35763600000018414,-0.29304199999978664,-0.3253389999999854
2021-08-18 13:45:00,2737.283848,2736.923704,2736.987307,-0.3601440000002185,-0.29654100000016115,-0.32834250000018983
2021-08-18 14:00:00,2737.280153,2736.923508,2736.989714,-0.35664500000029875,-0.2904390000003332,-0.32354200000031597
2021-08-18 14:15:00,2737.282289,2736.923894,2736.984894,-0.3583950000002005,-0.29739500000005137,-0.32789500000012595
2021-08-18 14:30:00,2737.281319,2736.924674,2736.983071,-0.35664500000029875,-0.2982480000000578,-0.3274465000001783
2021-08-18 14:45:00,2737.280926,2736.924861,2736.985279,-0.3560649999999441,-0.29564699999991717,-0.32585599999993065
2021-08-18 15:00:00,2737.283648,2736.925835,2736.986254,-0.3578130000000783,-0.2973940000001676,-0.32760350000012295
2021-08-18 15:15:00,2737.283262,2736.925448,2736.982976,-0.3578139999999621,-0.30028600000014194,-0.329050000000052
2021-08-18 15:45:00,2737.283268,2736.927523,2736.986746,-0.3557450000002973,-0.29652200000009543,-0.32613350000019636
2021-08-18 16:00:00,2737.284435,2736.927929,2736.986162,-0.35650600000008126,-0.298272999999881,-0.3273894999999811
2021-08-18 16:15:00,2737.282102,2736.923615,2736.985579,-0.35848699999996825,-0.2965229999999792,-0.32750499999997373
2021-08-18 16:30:00,2737.281519,2736.925773,2736.990202,-0.3557460000001811,-0.2913170000001628,-0.32353150000017195
2021-08-18 16:45:00,2737.285018,2736.929355,2736.989349,-0.3556629999998222,-0.295669000000089,-0.3256659999999556
2021-08-18 17:00:00,2737.283845,2736.925189,2736.989617,-0.3586559999998826,-0.29422799999974814,-0.3264419999998154
2021-08-18 17:15:00,2737.285594,2736.928771,2736.987015,-0.3568230000000767,-0.29857899999979054,-0.32770099999993363
2021-08-18 17:30:00,2737.284435,2736.92603,2736.984412,-0.3584049999999479,-0.3000230000002375,-0.3292140000000927
2021-08-18 18:00:00,2737.285787,2736.926225,2736.985458,-0.35956199999964156,-0.3003289999996923,-0.32994549999966694
2021-08-18 18:15:00,2737.284038,2736.923811,2736.988061,-0.3602269999996679,-0.2959769999997661,-0.328101999999717
2021-08-18 18:30:00,2737.286764,2736.92388,2736.986435,-0.3628840000001219,-0.30032900000014706,-0.3316065000001345
2021-08-18 18:45:00,2737.285597,2736.924464,2736.987306,-0.3611329999998816,-0.2982910000000629,-0.32971199999997225
2021-08-18 19:15:00,2737.2889,2736.927007,2736.988289,-0.3618930000002365,-0.3006110000001172,-0.33125200000017685
2021-08-18 19:30:00,2737.286764,2736.923879,2736.988473,-0.3628850000000057,-0.2982910000000629,-0.3305880000000343
2021-08-18 19:45:00,2737.286181,2736.923296,2736.98789,-0.3628850000000057,-0.2982910000000629,-0.3305880000000343
2021-08-18 20:00:00,2737.284431,2736.927027,2736.985287,-0.3574039999998604,-0.29914400000006935,-0.32827399999996487
2021-08-18 20:15:00,2737.285014,2736.922129,2736.98587,-0.3628850000000057,-0.29914400000006935,-0.3310145000000375
2021-08-18 20:30:00,2737.287347,2736.924462,2736.986452,-0.3628850000000057,-0.3008949999998549,-0.3318899999999303
2021-08-18 20:45:00,2737.28754,2736.923999,2736.9875,-0.3635409999997137,-0.30003999999962616,-0.3317904999996699
2021-08-18 21:00:00,2737.289093,2736.924792,2736.989335,-0.3643010000000686,-0.299757999999656,-0.3320294999998623
2021-08-18 21:30:00,2737.287344,2736.925284,2736.988482,-0.36205999999992855,-0.29886199999964447,-0.3304609999997865
2021-08-18 22:00:00,2737.290259,2736.920477,2736.988753,-0.36978199999975914,-0.3015059999997902,-0.3356439999997747
2021-08-18 22:30:00,2737.289093,2736.921061,2736.98588,-0.36803199999985736,-0.30321299999968687,-0.3356224999997721
2021-08-18 22:45:00,2737.291425,2736.924384,2736.986464,-0.367040999999972,-0.30496099999982107,-0.3360009999998965
2021-08-18 23:00:00,2737.292592,2736.925551,2736.992836,-0.367040999999972,-0.29975599999988845,-0.3333984999999302
2021-08-18 23:15:00,2737.292009,2736.924968,2736.991399,-0.367040999999972,-0.30060999999977867,-0.3338254999998753
2021-08-18 23:30:00,2737.28851,2736.924042,2736.994286,-0.36446799999976065,-0.29422399999975823,-0.32934599999975944
2021-08-18 23:45:00,2737.290842,2736.922877,2736.988484,-0.36796499999991283,-0.30235799999991286,-0.33516149999991285
2021-08-19 00:00:00,2737.290452,2736.922487,2736.988092,-0.3679650000003676,-0.3023600000001352,-0.3351625000002514
2021-08-19 00:15:00,2737.288313,2736.922097,2736.989737,-0.36621599999989485,-0.2985760000001392,-0.332396000000017
2021-08-19 01:15:00,2737.291425,2736.9262,2736.991671,-0.36522500000000946,-0.2997539999996661,-0.3324894999998378
2021-08-19 02:00:00,2737.288317,2736.922689,2736.987707,-0.36562800000001516,-0.3006100000002334,-0.3331190000001243
2021-08-19 02:30:00,2737.292012,2736.924636,2736.992258,-0.3673759999996946,-0.2997539999996661,-0.33356499999968037
2021-08-19 02:45:00,2737.290846,2736.926209,2736.988205,-0.364636999999675,-0.3026409999997668,-0.3336389999997209
2021-08-19 03:00:00,2737.290263,2736.929126,2736.991975,-0.3611369999998715,-0.2982879999999568,-0.32971249999991414
2021-08-19 03:15:00,2737.292012,2736.927376,2736.989372,-0.36463599999979124,-0.302639999999883,-0.3336379999998371
2021-08-19 03:30:00,2737.292205,2736.928397,2736.992451,-0.36380800000006275,-0.29975400000012087,-0.3317810000000918
2021-08-19 03:45:00,2737.292592,2736.930107,2736.990235,-0.36248499999965134,-0.3023569999995743,-0.33242099999961283
2021-08-19 04:00:00,2737.291232,2736.928413,2736.988022,-0.36281899999994494,-0.3032100000000355,-0.3330144999999902
2021-08-19 04:15:00,2737.290263,2736.925627,2736.987905,-0.36463599999979124,-0.30235799999991286,-0.33349699999985205
2021-08-19 04:30:00,2737.290846,2736.930768,2736.987635,-0.360077999999703,-0.3032109999999193,-0.33164449999981116
2021-08-19 04:45:00,2737.290263,2736.929193,2736.987622,-0.36106999999992695,-0.3026409999997668,-0.33185549999984687
2021-08-19 05:00:00,2737.293178,2736.92861,2736.986468,-0.3645679999999629,-0.30670999999983906,-0.335638999999901
2021-08-19 05:15:00,2737.289096,2736.929777,2736.989058,-0.3593190000001414,-0.3000379999998586,-0.3296785
2021-08-19 05:30:00,2737.291429,2736.93036,2736.989643,-0.36106900000004316,-0.3017859999999928,-0.33142750000001797
2021-08-19 05:45:00,2737.290263,2736.927378,2736.988476,-0.3628850000000057,-0.30178699999987657,-0.3323359999999411
2021-08-19 06:00:00,2737.293371,2736.926988,2736.986662,-0.36638300000004165,-0.30670900000041,-0.33654600000022583
2021-08-19 06:15:00,2737.292009,2736.926717,2736.990505,-0.365291999999954,-0.3015039999995679,-0.33339799999976094
2021-08-19 06:30:00,2737.290259,2736.924967,2736.987901,-0.365291999999954,-0.30235799999991286,-0.3338249999999334
2021-08-19 06:45:00,2737.290842,2736.927368,2736.986735,-0.36347399999976915,-0.30410699999993085,-0.33379049999985
2021-08-19 07:30:00,2737.292202,2736.929719,2736.990128,-0.36248299999988376,-0.30207400000017515,-0.33227850000002945
2021-08-19 07:45:00,2737.290839,2736.929198,2736.987912,-0.36164099999996324,-0.30292699999972683,-0.33228399999984504
2021-08-19 08:00:00,2737.290842,2736.932851,2736.988494,-0.3579909999998563,-0.30234799999971074,-0.3301694999997835
2021-08-19 08:15:00,2737.292009,2736.929526,2736.987058,-0.36248299999988376,-0.30495099999961894,-0.33371699999975135
2021-08-19 08:45:00,2737.288706,2736.926983,2736.988107,-0.3617229999999836,-0.30059899999969275,-0.33116099999983817
2021-08-19 09:00:00,2737.290849,2736.928366,2736.98675,-0.36248299999988376,-0.30409899999995105,-0.3332909999999174
2021-08-19 09:15:00,2737.288516,2736.929616,2736.986168,-0.3589000000001761,-0.3023480000001655,-0.3306240000001708
2021-08-19 09:30:00,2737.28832,2736.93117,2736.988575,-0.3571500000002743,-0.2997450000002573,-0.3284475000002658
2021-08-19 09:45:00,2737.288706,2736.931558,2736.98896,-0.35714799999959723,-0.2997459999996863,-0.3284469999996418
2021-08-19 10:00:00,2737.286764,2736.930783,2736.987334,-0.3559810000001562,-0.2994300000000294,-0.3277055000000928
2021-08-19 10:30:00,2737.28715,2736.930329,2736.98597,-0.35682100000030914,-0.30117999999993117,-0.32900050000012016
2021-08-19 10:45:00,2737.288706,2736.929726,2736.985504,-0.3589799999999741,-0.30320199999960096,-0.3310909999997875
2021-08-19 11:00:00,2737.287933,2736.928952,2736.98473,-0.3589809999998579,-0.3032029999999395,-0.3310919999998987
2021-08-19 11:15:00,2737.28832,2736.931171,2736.98772,-0.35714899999993577,-0.3006000000000313,-0.3288744999999835
2021-08-19 11:30:00,2737.289093,2736.931945,2736.989348,-0.357148000000052,-0.29974499999980253,-0.32844649999992725
2021-08-19 12:00:00,2737.287537,2736.929808,2736.986357,-0.3577290000002904,-0.30117999999993117,-0.3294545000001108
2021-08-19 12:15:00,2737.28715,2736.927589,2736.98422,-0.3595610000002125,-0.3029300000002877,-0.3312455000002501
2021-08-19 12:30:00,2737.286757,2736.929608,2736.983544,-0.35714899999993577,-0.30321299999968687,-0.3301809999998113
2021-08-19 12:45:00,2737.286174,2736.928035,2736.987313,-0.35813899999993737,-0.2988609999997607,-0.328499999999849
2021-08-19 13:00:00,2737.284425,2736.929026,2736.985563,-0.355399000000034,-0.29886199999964447,-0.32713049999983923
2021-08-19 13:30:00,2737.288506,2736.931359,2736.985295,-0.35714699999971344,-0.3032109999999193,-0.33017899999981637
2021-08-19 14:00:00,2737.284814,2736.955984,2736.986854,-0.32882999999992535,-0.29795999999987544,-0.3133949999999004
2021-08-19 14:15:00,2737.287927,2736.948137,2736.99167,-0.3397899999999936,-0.2962569999999687,-0.31802349999998114
2021-08-19 14:30:00,2737.28676,2736.9469,2736.993107,-0.33986000000004424,-0.2936530000001767,-0.31675650000011046
2021-08-19 14:45:00,2737.28715,2736.94379,2736.992317,-0.34336000000030253,-0.29483299999992596,-0.31909650000011425
2021-08-19 15:00:00,2737.289873,2736.943773,2736.990687,-0.3461000000002059,-0.2991860000001907,-0.3226430000001983
2021-08-19 15:15:00,2737.287733,2736.947113,2736.989445,-0.3406199999999444,-0.2982879999999568,-0.3194539999999506
2021-08-19 15:30:00,2737.288513,2736.947893,2736.987903,-0.3406199999999444,-0.30060999999977867,-0.32061499999986154
2021-08-19 15:45:00,2737.290846,2736.944746,2736.99284,-0.34609999999975116,-0.29800599999998667,-0.3220529999998689
2021-08-19 16:00:00,2737.289096,2736.94631,2736.990808,-0.34278600000016013,-0.2982879999999568,-0.32053700000005847
2021-08-19 16:15:00,2737.289679,2736.944153,2736.99139,-0.3455260000000635,-0.2982889999998406,-0.32190749999995205
2021-08-19 16:30:00,2737.287347,2736.94083,2736.99166,-0.3465169999999489,-0.2956869999998162,-0.32110199999988254
2021-08-19 16:45:00,2737.290263,2736.941997,2736.992827,-0.3482659999999669,-0.29743599999983417,-0.3228509999999005
2021-08-19 17:00:00,2737.286764,2736.942988,2736.991076,-0.34377600000016173,-0.2956880000001547,-0.3197320000001582
2021-08-19 17:30:00,2737.2889,2736.93606,2736.991463,-0.3528400000000147,-0.2974370000001727,-0.3251385000000937
2021-08-19 17:45:00,2737.289286,2736.936447,2736.99185,-0.3528390000001309,-0.2974360000002889,-0.3251375000002099
2021-08-19 18:00:00,2737.291232,2736.942125,2736.989444,-0.3491070000000036,-0.3017880000002151,-0.32544750000010936
2021-08-19 18:15:00,2737.28909,2736.94074,2736.996006,-0.34835000000020955,-0.2930840000003627,-0.32071700000028613
2021-08-19 18:30:00,2737.286757,2736.942139,2736.993674,-0.3446179999996275,-0.2930830000000242,-0.31885049999982584
2021-08-19 18:45:00,2737.289673,2736.942315,2736.994839,-0.34735800000044037,-0.2948340000002645,-0.32109600000035243
2021-08-19 19:00:00,2737.288896,2736.944278,2736.991459,-0.34461800000008225,-0.2974370000001727,-0.3210275000001275
2021-08-19 19:15:00,2737.290259,2736.94016,2736.992823,-0.3500989999997728,-0.29743599999983417,-0.3237674999998035
2021-08-19 19:30:00,2737.288703,2736.938603,2736.990414,-0.3501000000001113,-0.29828900000029535,-0.32419450000020333
2021-08-19 19:45:00,2737.287923,2736.932276,2736.993089,-0.3556469999998626,-0.29483399999980975,-0.3252404999998362
2021-08-19 20:00:00,2737.288313,2736.933657,2736.993479,-0.3546559999999772,-0.29483399999980975,-0.3247449999998935
2021-08-19 20:15:00,2737.292592,2736.931696,2736.993406,-0.36089599999968414,-0.29918599999973594,-0.33004099999971004
2021-08-19 20:45:00,2737.289673,2736.930526,2736.992236,-0.3591470000001209,-0.2974370000001727,-0.3282920000001468
2021-08-19 21:00:00,2737.28909,2736.928951,2736.991653,-0.3601390000003448,-0.2974370000001727,-0.32878800000025876
2021-08-19 21:15:00,2737.287537,2736.930139,2736.992702,-0.3573980000001029,-0.2948350000001483,-0.3261165000001256
2021-08-19 21:30:00,2737.288513,2736.928376,2736.993679,-0.3601370000001225,-0.29483399999980975,-0.3274854999999661
2021-08-19 21:45:00,2737.286181,2736.929541,2736.993662,-0.3566399999999703,-0.2925190000000839,-0.3245795000000271
2021-08-19 22:00:00,2737.289096,2736.931042,2736.993078,-0.3580539999998109,-0.29601800000000367,-0.3270359999999073
2021-08-19 22:15:00,2737.290263,2736.927383,2736.994245,-0.36287999999967724,-0.29601800000000367,-0.32944899999984045
2021-08-19 23:00:00,2737.291429,2736.928885,2736.995699,-0.3625440000000708,-0.2957299999998213,-0.32913699999994606
2021-08-19 23:15:00,2737.289096,2736.928958,2736.995115,-0.3601380000000063,-0.2939809999998033,-0.3270594999999048
2021-08-19 23:30:00,2737.292012,2736.929469,2736.99368,-0.3625429999997323,-0.2983319999998457,-0.330437499999789
2021-08-19 23:45:00,2737.290649,2736.930511,2736.994067,-0.3601380000000063,-0.29658199999994395,-0.3283599999999751
2021-08-20 00:00:00,2737.292785,2736.930898,2736.993601,-0.3618870000000243,-0.29918399999996836,-0.3305354999999963
2021-08-20 00:30:00,2737.291422,2736.930627,2736.992237,-0.3607949999995981,-0.29918499999985215,-0.3299899999997251
2021-08-20 00:45:00,2737.291036,2736.930242,2736.992703,-0.36079400000016904,-0.29833300000018426,-0.32956350000017665
2021-08-20 01:00:00,2737.2889,2736.927771,2736.991464,-0.3611289999998917,-0.29743599999983417,-0.3292824999998629
2021-08-20 02:00:00,2737.293178,2736.931625,2736.994847,-0.3615529999997307,-0.29833099999996193,-0.3299419999998463
2021-08-20 02:15:00,2737.292012,2736.927717,2736.991077,-0.3642949999998564,-0.3009349999997539,-0.33261499999980515
2021-08-20 02:30:00,2737.292595,2736.927311,2736.993411,-0.3652839999999742,-0.29918399999996836,-0.3322339999999713
2021-08-20 02:45:00,2737.290263,2736.926727,2736.994576,-0.36353599999984,-0.2956869999998162,-0.3296114999998281
2021-08-20 03:15:00,2737.293172,2736.926793,2736.99309,-0.36637900000005175,-0.30008200000020224,-0.333230500000127
2021-08-20 03:30:00,2737.290256,2736.928367,2736.991923,-0.3618890000002466,-0.29833300000018426,-0.3301110000002154
2021-08-20 03:45:00,2737.291422,2736.927702,2736.995692,-0.3637199999998302,-0.2957299999998213,-0.32972499999982574
2021-08-20 04:00:00,2737.291812,2736.928092,2736.99348,-0.3637199999998302,-0.2983319999998457,-0.33102599999983795
2021-08-20 04:15:00,2737.294341,2736.926132,2736.994825,-0.36820899999975154,-0.2995159999995849,-0.3338624999996682
2021-08-20 04:45:00,2737.292592,2736.92704,2736.993119,-0.3655519999997523,-0.29947299999957977,-0.33251249999966603
2021-08-20 05:15:00,2737.293175,2736.924882,2736.992805,-0.3682929999999942,-0.30036999999992986,-0.33433149999996203
2021-08-20 05:30:00,2737.292592,2736.929452,2736.995722,-0.3631399999999303,-0.29686999999967156,-0.33000499999980093
2021-08-20 06:15:00,2737.293175,2736.929455,2736.994556,-0.3637199999998302,-0.29861899999968955,-0.33116949999975986
2021-08-20 06:30:00,2737.292009,2736.925548,2736.994242,-0.36646099999961734,-0.2977669999995669,-0.3321139999995921
2021-08-20 06:45:00,2737.289093,2736.924381,2736.992222,-0.3647120000000541,-0.2968710000000101,-0.3307915000000321
2021-08-20 07:00:00,2737.290452,2736.927574,2736.996472,-0.3628780000003644,-0.2939800000003743,-0.32842900000036934
2021-08-20 07:15:00,2737.295311,2736.926193,2736.992627,-0.36911800000007133,-0.3026839999997719,-0.3359009999999216
2021-08-20 07:30:00,2737.293951,2736.929324,2736.995619,-0.36462699999992765,-0.29833200000030047,-0.33147950000011406
2021-08-20 08:45:00,2737.291429,2736.923404,2736.991346,-0.36802499999976135,-0.30008300000008603,-0.3340539999999237
2021-08-20 09:00:00,2737.292982,2736.923206,2736.9929,-0.36977600000000166,-0.3000819999997475,-0.3349289999998746
2021-08-20 09:30:00,2737.293761,2736.924643,2736.99193,-0.36911800000007133,-0.3018309999997655,-0.3354744999999184
2021-08-20 09:45:00,2737.291429,2736.920663,2736.990492,-0.37076600000000326,-0.30093699999997625,-0.33585149999998976
2021-08-20 10:00:00,2737.290263,2736.921246,2736.994533,-0.3690169999999853,-0.2957299999998213,-0.3323734999999033
2021-08-20 10:15:00,2737.28929,2736.920274,2736.99531,-0.3690160000001015,-0.2939800000003743,-0.3314980000002379
2021-08-20 10:30:00,2737.291232,2736.921457,2736.99115,-0.36977500000011787,-0.30008200000020224,-0.33492850000016006
2021-08-20 11:00:00,2737.287347,2736.922821,2736.992513,-0.3645259999998416,-0.29483399999980975,-0.32967999999982567
2021-08-20 11:15:00,2737.28793,2736.920664,2736.993096,-0.36726599999974496,-0.29483399999980975,-0.33104999999977736
2021-08-20 11:45:00,2737.285014,2736.917665,2736.991929,-0.36734900000010384,-0.2930850000002465,-0.3302170000001752
2021-08-20 12:15:00,2737.285597,2736.916498,2736.990763,-0.3690990000000056,-0.2948340000002645,-0.33196650000013506
2021-08-20 12:30:00,2737.284431,2736.917739,2736.992199,-0.3666920000000573,-0.2922320000002401,-0.3294620000001487
2021-08-20 12:45:00,2737.285984,2736.917542,2736.989399,-0.3684419999999591,-0.29658500000005006,-0.33251350000000457
2021-08-20 13:00:00,2737.286174,2736.917732,2736.990485,-0.3684419999999591,-0.2956890000000385,-0.3320654999999988
2021-08-20 13:45:00,2737.286174,2736.916741,2736.993654,-0.36943299999984447,-0.2925199999999677,-0.3309764999999061
2021-08-20 14:00:00,2737.285008,2736.916565,2736.992487,-0.36844299999984287,-0.2925209999998515,-0.3304819999998472
2021-08-20 14:15:00,2737.286174,2736.913158,2736.991904,-0.3730160000000069,-0.29426999999986947,-0.3336429999999382
2021-08-20 14:30:00,2737.285008,2736.917473,2736.99334,-0.3675349999998616,-0.29166799999984505,-0.32960149999985333
2021-08-20 14:45:00,2737.288313,2736.910808,2736.993147,-0.37750499999992826,-0.295165999999881,-0.33633549999990464
2021-08-20 15:00:00,2737.283455,2736.91285,2736.991505,-0.37060499999961394,-0.2919499999998152,-0.33127749999971456
2021-08-20 15:15:00,2737.284814,2736.911798,2736.991115,-0.3730160000000069,-0.2936990000002879,-0.3333575000001474
2021-08-20 15:30:00,2737.285011,2736.912591,2736.993062,-0.3724200000001474,-0.2919489999999314,-0.3321845000000394
2021-08-20 15:45:00,2737.285011,2736.9116,2736.992209,-0.3734110000000328,-0.29280199999993783,-0.3331064999999853
2021-08-20 16:00:00,2737.284428,2736.914748,2736.992478,-0.3696799999997893,-0.2919499999998152,-0.33081499999980224
2021-08-20 16:15:00,2737.285011,2736.90985,2736.99306,-0.3751609999999346,-0.2919510000001537,-0.33355600000004415
2021-08-20 16:30:00,2737.285594,2736.911424,2736.991042,-0.3741700000000492,-0.2945519999998396,-0.3343609999999444
2021-08-20 16:45:00,2737.286177,2736.912006,2736.991624,-0.374170999999933,-0.29455300000017814,-0.33436200000005556
2021-08-20 17:00:00,2737.286177,2736.910354,2736.991054,-0.3758229999998548,-0.2951229999998759,-0.33547299999986535
2021-08-20 17:15:00,2737.285204,2736.910371,2736.990934,-0.3748329999998532,-0.29426999999986947,-0.33455149999986133
2021-08-20 17:30:00,2737.285398,2736.913304,2736.991127,-0.3720939999998336,-0.294271000000208,-0.3331825000000208
2021-08-20 17:45:00,2737.28851,2736.913745,2736.991637,-0.3747650000000249,-0.2968729999997777,-0.3358189999999013
2021-08-20 18:00:00,2737.287344,2736.912578,2736.993074,-0.37476599999990867,-0.29426999999986947,-0.33451799999988907
2021-08-20 18:15:00,2737.28812,2736.917085,2736.9921,-0.3710350000001199,-0.296020000000226,-0.33352750000017295
2021-08-20 18:30:00,2737.288506,2736.91199,2736.99334,-0.37651599999981045,-0.295165999999881,-0.33584099999984574
2021-08-20 18:45:00,2737.290063,2736.916287,2736.992293,-0.37377599999990707,-0.29777000000012777,-0.3357730000000174
2021-08-20 19:15:00,2737.285008,2736.911989,2736.991591,-0.37301899999965826,-0.29341699999986304,-0.33321799999976065
2021-08-20 19:30:00,2737.28909,2736.911582,2736.994776,-0.37750800000003437,-0.2943140000002131,-0.33591100000012375
2021-08-20 19:45:00,2737.287923,2736.913156,2736.992756,-0.37476699999979246,-0.2951669999997648,-0.33496699999977864
2021-08-20 20:00:00,2737.287923,2736.915897,2736.992758,-0.3720260000000053,-0.29516499999999724,-0.33359550000000127
2021-08-20 20:30:00,2737.291036,2736.916269,2736.996723,-0.3747670000002472,-0.2943129999998746,-0.3345400000000609
2021-08-20 20:45:00,2737.28793,2736.914912,2736.993948,-0.3730179999997745,-0.29398200000014185,-0.33349999999995816
2021-08-20 21:00:00,2737.28793,2736.913347,2736.994801,-0.37458299999980227,-0.2931290000001354,-0.33385599999996884
2021-08-20 21:15:00,2737.288513,2736.91218,2736.995385,-0.3763330000001588,-0.2931279999997969,-0.33473049999997784
2021-08-20 21:30:00,2737.289873,2736.91354,2736.994995,-0.3763330000001588,-0.2948780000001534,-0.3356055000001561
2021-08-20 21:45:00,2737.290842,2736.917334,2736.997715,-0.3735079999996742,-0.2931269999999131,-0.33331749999979365
2021-08-20 22:00:00,2737.292009,2736.915758,2736.997132,-0.3762509999996837,-0.29487699999981487,-0.3355639999997493
2021-08-20 22:15:00,2737.289093,2736.913749,2736.994215,-0.375344000000041,-0.29487799999969866,-0.3351109999998698
2021-08-20 22:30:00,2737.28851,2736.912177,2736.992779,-0.37633299999970404,-0.2957309999997051,-0.33603199999970457
2021-08-20 22:45:00,2737.289676,2736.911592,2736.993048,-0.37808399999994435,-0.2966280000000552,-0.33735599999999977
2021-08-20 23:00:00,2737.290842,2736.917331,2736.995965,-0.3735109999997803,-0.29487699999981487,-0.3341939999997976
2021-08-20 23:15:00,2737.293175,2736.916925,2736.995979,-0.3762499999997999,-0.29719599999998536,-0.33672299999989264
2021-08-20 23:30:00,2737.295507,2736.918498,2736.996562,-0.3770089999998163,-0.29894500000000335,-0.3379769999999098
2021-08-20 23:45:00,2737.293175,2736.915175,2736.993947,-0.3779999999997017,-0.2992279999998573,-0.3386139999997795
2021-08-21 00:00:00,2737.292592,2736.916341,2736.995112,-0.3762509999996837,-0.2974799999997231,-0.3368654999997034
2021-08-21 00:15:00,2737.292982,2736.917721,2736.995502,-0.37526100000013685,-0.2974799999997231,-0.33637049999992996
2021-08-21 00:30:00,2737.292012,2736.919491,2736.997137,-0.3725209999997787,-0.2948750000000473,-0.333697999999913
2021-08-21 00:45:00,2737.292012,2736.917511,2736.999739,-0.3745009999997819,-0.2922730000000229,-0.3333869999999024
2021-08-21 01:00:00,2737.289873,2736.916279,2736.996747,-0.3735940000001392,-0.2931260000000293,-0.33336000000008426
2021-08-21 01:15:00,2737.289483,2736.914898,2736.993752,-0.3745850000000246,-0.29573100000015984,-0.3351580000000922
2021-08-21 01:30:00,2737.292012,2736.913928,2736.994534,-0.37808399999994435,-0.2974779999999555,-0.3377809999999499
2021-08-21 01:45:00,2737.292012,2736.914919,2736.995387,-0.37709300000005896,-0.29662499999994907,-0.336859000000004
2021-08-21 02:00:00,2737.291429,2736.918826,2736.996552,-0.37260299999979907,-0.29487699999981487,-0.33373999999980697
2021-08-21 04:00:00,2737.290846,2736.922816,2736.99597,-0.3680300000000898,-0.2948759999999311,-0.33145300000001043
2021-08-21 04:45:00,2737.294344,2736.920835,2736.997721,-0.37350900000001275,-0.29662299999972674,-0.33506599999986975
2021-08-21 05:00:00,2737.291622,2736.919021,2736.994997,-0.3726010000000315,-0.2966250000004038,-0.33461300000021765
2021-08-21 05:15:00,2737.292592,2736.920073,2736.995967,-0.37251900000001115,-0.29662499999994907,-0.3345719999999801
2021-08-21 05:30:00,2737.294731,2736.919472,2736.996357,-0.3752589999999145,-0.29837399999996705,-0.3368164999999408
2021-08-21 06:00:00,2737.293371,2736.923593,2736.996746,-0.369778000000224,-0.2966250000004038,-0.3332015000003139
2021-08-21 06:15:00,2737.293758,2736.923981,2736.997986,-0.36977699999988545,-0.29577199999994264,-0.33277449999991404
2021-08-21 06:45:00,2737.293758,2736.923057,2736.994814,-0.3707009999998263,-0.2989439999996648,-0.33482249999974556
2021-08-21 07:00:00,2737.292592,2736.924632,2736.996249,-0.3679599999995844,-0.29634299999997893,-0.33215149999978166
2021-08-21 07:15:00,2737.292788,2736.919264,2736.999629,-0.37352400000008856,-0.29315900000028705,-0.3333415000001878
2021-08-21 07:30:00,2737.290842,2736.921809,2736.996829,-0.3690329999999449,-0.2940129999997225,-0.3315229999998337
2021-08-21 07:45:00,2737.293758,2736.919475,2736.994497,-0.3742829999996502,-0.29926099999966027,-0.33677199999965524
2021-08-21 08:00:00,2737.294341,2736.919069,2736.997682,-0.375271999999768,-0.29665899999963585,-0.33596549999970193
2021-08-21 09:00:00,2737.290456,2736.921505,2736.994692,-0.3689510000003793,-0.29576399999996283,-0.33235750000017106
2021-08-21 09:15:00,2737.287933,2736.919742,2736.993919,-0.36819100000002436,-0.29401400000006106,-0.3311025000000427
2021-08-21 09:45:00,2737.290849,2736.919159,2736.995085,-0.3716899999999441,-0.29576399999996283,-0.3337269999999535
2021-08-21 10:00:00,2737.289683,2736.91791,2736.995625,-0.37177299999984825,-0.29405799999994997,-0.3329154999998991
2021-08-21 10:30:00,2737.28735,2736.914668,2736.994163,-0.37268200000016805,-0.29318700000021636,-0.3329345000001922
2021-08-21 10:45:00,2737.285018,2736.914085,2736.992728,-0.37093300000015006,-0.29228999999986627,-0.33161150000000816
2021-08-21 11:00:00,2737.284435,2736.917002,2736.993325,-0.36743299999989176,-0.291110000000117,-0.3292715000000044
2021-08-21 11:30:00,2737.285018,2736.916826,2736.990431,-0.36819199999990815,-0.29458699999986493,-0.33138949999988654
2021-08-21 11:45:00,2737.286184,2736.917993,2736.992168,-0.36819100000002436,-0.29401599999982864,-0.3311034999999265
2021-08-21 12:00:00,2737.287154,2736.918964,2736.993138,-0.36819000000014057,-0.2940160000002834,-0.331103000000212
2021-08-21 12:15:00,2737.286374,2736.918185,2736.992358,-0.36818899999980204,-0.29401599999982864,-0.33110249999981534
2021-08-21 12:30:00,2737.285987,2736.916956,2736.991971,-0.3690310000001773,-0.2940160000002834,-0.33152350000023034
2021-08-21 13:00:00,2737.287344,2736.920063,2736.992475,-0.3672809999998208,-0.29486899999983507,-0.3310749999998279
2021-08-21 13:15:00,2737.285787,2736.919678,2736.993794,-0.36610899999959656,-0.2919929999998203,-0.32905099999970844
2021-08-21 13:30:00,2737.283651,2736.921123,2736.996011,-0.3625280000001112,-0.28764000000001033,-0.32508400000006077
2021-08-21 13:45:00,2737.286757,2736.924134,2736.994764,-0.36262299999998504,-0.2919929999998203,-0.3273079999999027
2021-08-21 14:00:00,2737.288506,2736.924052,2736.993911,-0.36445400000002337,-0.29459499999984473,-0.32952449999993405
2021-08-21 14:15:00,2737.28734,2736.921232,2736.995065,-0.3661079999997128,-0.29227499999979045,-0.3291914999997516
2021-08-21 14:30:00,2737.286174,2736.920727,2736.993898,-0.36544699999967634,-0.29227599999967424,-0.3288614999996753
2021-08-21 14:45:00,2737.287147,2736.918959,2736.994871,-0.36818799999991825,-0.292276000000129,-0.3302320000000236
2021-08-21 15:00:00,2737.287927,2736.92248,2737.000005,-0.36544699999967634,-0.28792199999998047,-0.3266844999998284
2021-08-21 15:15:00,2737.28851,2736.919498,2736.993631,-0.36901199999965684,-0.2948790000000372,-0.331945499999847
2021-08-21 15:30:00,2737.285011,2736.916756,2736.991881,-0.3682549999998628,-0.2931300000000192,-0.330692499999941
2021-08-21 15:45:00,2737.287344,2736.917341,2736.992464,-0.370002999999997,-0.294879999999921,-0.332441499999959
2021-08-21 16:00:00,2737.287344,2736.916348,2736.994781,-0.37099599999964994,-0.2925629999999728,-0.3317794999998114
2021-08-21 16:15:00,2737.285594,2736.914599,2736.993883,-0.37099499999976615,-0.2917109999998502,-0.33135299999980816
2021-08-21 16:30:00,2737.284235,2736.910415,2736.995126,-0.37382000000025073,-0.2891090000002805,-0.3314645000002656
2021-08-21 16:45:00,2737.289096,2736.915509,2736.993887,-0.3735870000000432,-0.29520899999988615,-0.33439799999996467
2021-08-21 17:00:00,2737.288513,2736.913936,2736.997657,-0.3745770000000448,-0.29085600000007616,-0.3327165000000605
2021-08-21 17:30:00,2737.28793,2736.913353,2736.995366,-0.3745770000000448,-0.2925639999998566,-0.3335704999999507
2021-08-21 17:45:00,2737.290846,2736.918251,2736.993032,-0.37259499999981927,-0.2978140000000167,-0.33520449999991797
2021-08-21 18:00:00,2737.28715,2736.919804,2736.994587,-0.36734599999999773,-0.2925629999999728,-0.3299544999999853
2021-08-21 18:15:00,2737.287537,2736.918107,2736.99237,-0.3694300000001931,-0.29516700000021956,-0.33229850000020633
2021-08-21 18:30:00,2737.286764,2736.918325,2736.99245,-0.36843899999985297,-0.2943139999997584,-0.3313764999998057
2021-08-21 18:45:00,2737.2889,2736.91498,2736.991984,-0.37391999999999825,-0.29691600000023755,-0.3354180000001179
2021-08-21 19:00:00,2737.287537,2736.916357,2736.993223,-0.3711800000000949,-0.2943140000002131,-0.332747000000154
2021-08-21 19:30:00,2737.2889,2736.91772,2736.99544,-0.3711800000000949,-0.29345999999986816,-0.3323199999999815
2021-08-21 19:45:00,2737.290452,2736.920265,2736.997846,-0.37018699999998717,-0.29260599999997794,-0.33139649999998255
2021-08-21 20:00:00,2737.291429,2736.918916,2736.99447,-0.3725129999997989,-0.2969589999997879,-0.3347359999997934
2021-08-21 20:30:00,2737.293371,2736.92086,2736.996413,-0.37251100000003134,-0.2969580000003589,-0.3347345000001951
2021-08-21 20:45:00,2737.290842,2736.922821,2736.995633,-0.36802099999977145,-0.29520899999988615,-0.3316149999998288
2021-08-21 21:00:00,2737.292009,2736.920257,2736.9968,-0.3717519999995602,-0.29520899999988615,-0.3334804999997232
2021-08-21 21:15:00,2737.291619,2736.918115,2736.996698,-0.37350400000013906,-0.29492100000015853,-0.3342125000001488
2021-08-21 21:30:00,2737.290839,2736.916412,2736.993315,-0.3744269999997414,-0.297523999999612,-0.3359754999996767
2021-08-21 22:00:00,2737.289093,2736.912832,2736.994751,-0.3762609999998858,-0.2943419999996877,-0.33530149999978676
2021-08-21 22:15:00,2737.289093,2736.914582,2736.996783,-0.37451099999998405,-0.2923099999998158,-0.3334104999998999
2021-08-21 22:30:00,2737.290456,2736.912214,2736.995543,-0.37824200000022756,-0.2949130000001787,-0.33657750000020314
2021-08-21 22:45:00,2737.28832,2736.914568,2736.995158,-0.37375199999996767,-0.2931619999999384,-0.33345699999995304
2021-08-21 23:15:00,2737.288706,2736.915946,2736.995545,-0.37275999999974374,-0.2931609999995999,-0.3329604999996718
2021-08-22 00:00:00,2737.291432,2736.914181,2736.995623,-0.3772509999998874,-0.2958090000001903,-0.33653000000003885
2021-08-22 00:30:00,2737.290842,2736.915341,2736.995931,-0.37550099999998565,-0.2949109999999564,-0.335205999999971
2021-08-22 00:45:00,2737.289873,2736.914371,2736.994961,-0.3755020000003242,-0.29491200000029494,-0.33520700000030956
2021-08-22 01:00:00,2737.289683,2736.915172,2736.995624,-0.37451099999998405,-0.29405899999983376,-0.3342849999999089
2021-08-22 01:15:00,2737.288516,2736.913014,2736.996208,-0.37550199999986944,-0.2923080000000482,-0.3339049999999588
2021-08-22 02:00:00,2737.291432,2736.916921,2736.9991,-0.37451099999998405,-0.2923319999999876,-0.3334214999999858
2021-08-22 03:00:00,2737.290849,2736.910857,2736.995041,-0.37999200000012934,-0.29580799999985175,-0.33789999999999054
2021-08-22 03:30:00,2737.288516,2736.914005,2736.993605,-0.37451099999998405,-0.2949109999999564,-0.3347109999999702
2021-08-22 03:45:00,2737.290069,2736.911067,2736.993408,-0.37900200000012774,-0.2966610000003129,-0.33783150000022033
2021-08-22 04:00:00,2737.289676,2736.914174,2736.997368,-0.37550199999986944,-0.2923080000000482,-0.3339049999999588
2021-08-22 04:15:00,2737.290259,2736.913931,2736.995918,-0.37632799999983035,-0.2943409999998039,-0.3353344999998171
2021-08-22 04:30:00,2737.290842,2736.910783,2736.994182,-0.38005900000007387,-0.2966599999999744,-0.3383595000000241
2021-08-22 04:45:00,2737.289093,2736.91359,2736.996785,-0.37550299999975323,-0.2923080000000482,-0.3339054999999007
2021-08-22 05:00:00,2737.290456,2736.915945,2736.993795,-0.37451099999998405,-0.2966610000003129,-0.3355860000001485
2021-08-22 05:15:00,2737.293568,2736.914567,2736.996011,-0.37900100000024395,-0.29755699999986973,-0.33827900000005684
2021-08-22 06:00:00,2737.292598,2736.915347,2736.998542,-0.3772509999998874,-0.2940560000001824,-0.3356535000000349
2021-08-22 06:15:00,2737.292015,2736.914102,2736.999707,-0.37791299999980765,-0.2923080000000482,-0.3351104999999279
2021-08-22 06:45:00,2737.292209,2736.916127,2736.999307,-0.37608200000022407,-0.2929020000001401,-0.3344920000001821
2021-08-22 07:00:00,2737.293761,2736.915931,2736.99736,-0.3778299999999035,-0.29640100000005987,-0.3371154999999817
2021-08-22 07:15:00,2737.291429,2736.917097,2736.99938,-0.37433199999986755,-0.2920489999996789,-0.33319049999977324
2021-08-22 07:30:00,2737.292788,2736.91679,2736.996386,-0.3759979999999814,-0.2964020000003984,-0.3362000000001899
2021-08-22 07:45:00,2737.292592,2736.914843,2736.997043,-0.37774899999976697,-0.2955489999999372,-0.3366489999998521
2021-08-22 08:00:00,2737.294341,2736.915938,2736.995337,-0.3784029999997074,-0.2990039999999681,-0.33870349999983773
2021-08-22 08:15:00,2737.292009,2736.912613,2736.994753,-0.3793959999998151,-0.2972559999998339,-0.3383259999998245
2021-08-22 08:30:00,2737.28851,2736.91152,2736.996459,-0.3769899999997506,-0.29205099999990125,-0.3345204999998259
2021-08-22 08:45:00,2737.290842,2736.909696,2736.991836,-0.3811459999997169,-0.29900599999973565,-0.34007599999972626
2021-08-22 09:00:00,2737.291425,2736.91028,2736.99242,-0.3811449999998331,-0.29900499999985186,-0.3400749999998425
2021-08-22 09:15:00,2737.292009,2736.913604,2736.993003,-0.3784049999999297,-0.29900599999973565,-0.3387054999998327
2021-08-22 09:30:00,2737.289676,2736.908447,2736.995876,-0.38122900000007576,-0.29379999999991924,-0.3375144999999975
2021-08-22 09:45:00,2737.290842,2736.910456,2736.993586,-0.3803859999998167,-0.2972559999998339,-0.3388209999998253
2021-08-22 10:45:00,2737.288123,2736.905985,2736.9903,-0.3821379999999408,-0.29782299999988027,-0.33998049999991053
2021-08-22 11:00:00,2737.283655,2736.905015,2736.992499,-0.3786400000003596,-0.29115600000022823,-0.3348980000002939
2021-08-22 11:15:00,2737.287344,2736.902381,2736.99127,-0.38496299999997063,-0.2960739999998623,-0.34051849999991646
2021-08-22 11:30:00,2737.286177,2736.901133,2736.990669,-0.3850440000001072,-0.2955080000001544,-0.3402760000001308
2021-08-22 11:45:00,2737.287344,2736.902957,2736.994439,-0.38438700000006065,-0.29290499999979147,-0.33864599999992606
2021-08-22 12:00:00,2737.285984,2736.900605,2736.992226,-0.3853790000002846,-0.29375800000025265,-0.3395685000002686
2021-08-22 12:15:00,2737.283458,2736.90082,2736.992302,-0.38263800000004267,-0.2911559999997735,-0.3368969999999081
2021-08-22 12:30:00,2737.284235,2736.899846,2736.988751,-0.384389000000283,-0.295484000000215,-0.339936500000249
2021-08-22 12:45:00,2737.283265,2736.898809,2736.990101,-0.3844560000002275,-0.29316400000016074,-0.3388100000001941
2021-08-22 13:00:00,2737.285597,2736.900384,2736.988081,-0.38521300000002157,-0.29751600000008693,-0.34136450000005425
2021-08-22 13:15:00,2737.285404,2736.903758,2736.990491,-0.3816460000002735,-0.2949130000001787,-0.3382795000002261
2021-08-22 13:30:00,2737.285794,2736.901407,2736.990881,-0.38438700000006065,-0.294912999999724,-0.3396499999998923
2021-08-22 13:45:00,2737.283265,2736.903368,2736.990954,-0.3798970000002555,-0.2923110000001543,-0.3361040000002049
2021-08-22 14:00:00,2737.283848,2736.903951,2736.990684,-0.3798970000002555,-0.29316400000016074,-0.3365305000002081
2021-08-22 14:15:00,2737.290263,2736.906868,2736.994756,-0.3833949999998367,-0.2955069999998159,-0.3394509999998263
2021-08-22 14:30:00,2737.288513,2736.904127,2736.992723,-0.38438600000017686,-0.29579000000012456,-0.3400880000001507
2021-08-22 14:45:00,2737.285404,2736.90617,2736.992241,-0.37923399999999674,-0.29316300000027695,-0.33619850000013685
2021-08-22 15:00:00,2737.285018,2736.904792,2736.992707,-0.38022600000022067,-0.2923110000001543,-0.3362685000001875
2021-08-22 15:15:00,2737.288903,2736.907094,2736.992811,-0.38180899999997564,-0.2960920000000442,-0.3389505000000099
2021-08-22 15:30:00,2737.286957,2736.905906,2736.995217,-0.38105099999984304,-0.29173999999966327,-0.33639549999975316
2021-08-22 15:45:00,2737.286184,2736.905133,2736.993591,-0.38105099999984304,-0.29259300000012445,-0.33682199999998375
2021-08-22 16:00:00,2737.28657,2736.901937,2736.99483,-0.3846330000001217,-0.291740000000118,-0.33818650000011985
2021-08-22 16:15:00,2737.286174,2736.90271,2736.990397,-0.3834640000000036,-0.2957769999998163,-0.33962049999990995
2021-08-22 16:45:00,2737.285787,2736.903315,2736.990863,-0.38247199999977965,-0.2949239999998099,-0.3386979999997948
2021-08-22 17:00:00,2737.286184,2736.90155,2736.995296,-0.38463400000000547,-0.2908879999999954,-0.3377610000000004
2021-08-22 17:15:00,2737.287933,2736.903382,2736.997047,-0.38455100000010134,-0.2908860000002278,-0.33771850000016457
2021-08-22 17:30:00,2737.285984,2736.904351,2736.995413,-0.38163299999996525,-0.2905709999999999,-0.3361019999999826
2021-08-22 17:45:00,2737.28909,2736.902127,2736.995585,-0.3869630000003781,-0.2935050000000956,-0.34023400000023685
2021-08-22 18:00:00,2737.286757,2736.900552,2736.99704,-0.38620499999979074,-0.28971699999965494,-0.33796099999972284
2021-08-22 18:15:00,2737.287923,2736.898797,2736.994418,-0.38912600000003295,-0.29350499999964086,-0.3413154999998369
2021-08-22 18:45:00,2737.287147,2736.901603,2736.994827,-0.38554400000020905,-0.2923200000000179,-0.3389320000001135
2021-08-22 19:00:00,2737.289093,2736.902707,2736.995023,-0.3863859999996748,-0.2940699999999197,-0.34022799999979725
2021-08-22 19:15:00,2737.288703,2736.902317,2736.994633,-0.38638600000012957,-0.2940700000003744,-0.340228000000252
2021-08-22 19:30:00,2737.286174,2736.897806,2736.995603,-0.38836799999990035,-0.2905709999999999,-0.33946949999995013
2021-08-22 19:45:00,2737.286174,2736.900547,2736.99906,-0.38562699999965844,-0.28711399999974674,-0.3363704999997026
2021-08-22 20:30:00,2737.28871,2736.901414,2736.996073,-0.3872959999998784,-0.29263700000001336,-0.3399664999999459
2021-08-22 20:45:00,2737.287154,2736.898866,2736.993946,-0.38828800000010233,-0.29320800000004965,-0.340748000000076
2021-08-22 21:00:00,2737.288127,2736.901985,2736.995773,-0.3861419999998361,-0.2923539999997047,-0.3392479999997704
2021-08-22 21:15:00,2737.289873,2736.897424,2736.992313,-0.39244900000039706,-0.29755999999997584,-0.34500450000018645
2021-08-22 21:30:00,2737.287344,2736.90021,2736.995292,-0.38713400000006004,-0.29205199999978504,-0.33959299999992254
2021-08-22 21:45:00,2737.28851,2736.901378,2736.994708,-0.3871319999998377,-0.2938019999996868,-0.34046699999976227
2021-08-22 22:00:00,2737.290842,2736.90295,2736.997042,-0.3878919999997379,-0.29379999999991924,-0.34084599999982856
2021-08-22 22:30:00,2737.28851,2736.901711,2736.99471,-0.38679899999988265,-0.29379999999991924,-0.34029949999990095
2021-08-22 22:45:00,2737.288706,2736.900156,2736.992303,-0.3885499999996682,-0.29640299999982744,-0.34247649999974783
2021-08-22 23:00:00,2737.287933,2736.900225,2736.99328,-0.38770800000020245,-0.29465299999992567,-0.34118050000006406
2021-08-22 23:15:00,2737.291819,2736.903352,2736.996269,-0.38846700000021883,-0.295549999999821,-0.3420085000000199
2021-08-23 00:00:00,2737.290842,2736.900543,2736.99269,-0.3902989999996862,-0.29815199999984543,-0.3442254999997658
2021-08-23 00:15:00,2737.28851,2736.898968,2736.997313,-0.38954199999989214,-0.29119700000001103,-0.3403694999999516
2021-08-23 00:30:00,2737.290259,2736.898634,2736.996459,-0.391624999999749,-0.29379999999991924,-0.3427124999998341
2021-08-23 00:45:00,2737.289093,2736.896641,2736.996146,-0.39245200000004843,-0.2929469999999128,-0.3426994999999806
2021-08-23 01:00:00,2737.287344,2736.893901,2736.994113,-0.3934429999999338,-0.2932309999996505,-0.34333699999979217
2021-08-23 01:15:00,2737.290066,2736.899432,2736.996267,-0.3906339999998636,-0.29379900000003545,-0.3422164999999495
2021-08-23 01:30:00,2737.289096,2736.900145,2736.994444,-0.38895099999990634,-0.2946520000000419,-0.3418014999999741
2021-08-23 01:45:00,2737.292012,2736.899562,2736.997034,-0.3924499999998261,-0.29497799999990093,-0.3437139999998635
2021-08-23 02:00:00,2737.289679,2736.900794,2736.99645,-0.3888849999998456,-0.29322899999988294,-0.3410569999998643
2021-08-23 02:15:00,2737.290846,2736.899221,2736.99847,-0.391624999999749,-0.2923759999998765,-0.34200049999981275
2021-08-23 02:30:00,2737.290846,2736.901961,2737.001073,-0.3888849999998456,-0.2897729999999683,-0.33932899999990696
2021-08-23 02:45:00,2737.290652,2736.899951,2736.996551,-0.39070100000026287,-0.2941009999999551,-0.342401000000109
2021-08-23 03:00:00,2737.289293,2736.904073,2736.998691,-0.38521999999966283,-0.29060200000003533,-0.3379109999998491
2021-08-23 03:15:00,2737.292012,2736.904119,2736.998783,-0.3878930000000764,-0.29322899999988294,-0.3405609999999797
2021-08-23 03:30:00,2737.294928,2736.903535,2736.998201,-0.39139299999988,-0.2967269999999189,-0.34405999999989945
2021-08-23 04:15:00,2737.289679,2736.899968,2736.997874,-0.3897109999998065,-0.2918049999998402,-0.34075799999982337
2021-08-23 04:30:00,2737.289096,2736.899386,2736.99729,-0.38970999999992273,-0.29180600000017876,-0.34075800000005074
2021-08-23 04:45:00,2737.291429,2736.898978,2736.997304,-0.3924509999997099,-0.2941249999998945,-0.3432879999998022
2021-08-23 05:00:00,2737.291039,2736.900404,2736.996914,-0.3906350000002021,-0.29412500000034925,-0.3423800000002757
2021-08-23 05:15:00,2737.289676,2736.900791,2736.99555,-0.3888849999998456,-0.2941259999997783,-0.34150549999981195
2021-08-23 05:30:00,2737.289483,2736.903339,2736.99971,-0.38614400000005844,-0.2897729999999683,-0.3379585000000134
2021-08-23 06:00:00,2737.28851,2736.899624,2736.998166,-0.3888859999997294,-0.2903440000000046,-0.339614999999867
2021-08-23 06:15:00,2737.290456,2736.900155,2736.999217,-0.3903010000003633,-0.29123900000013236,-0.3407700000002478
2021-08-23 06:30:00,2737.290849,2736.89964,2736.996154,-0.3912089999998898,-0.294695000000047,-0.3429519999999684
2021-08-23 06:45:00,2737.289683,2736.902965,2736.997589,-0.3867179999997461,-0.2920939999999064,-0.33940599999982624
2021-08-23 07:15:00,2737.292602,2736.900223,2736.997024,-0.3923789999998917,-0.29557800000020507,-0.34397850000004837
2021-08-23 07:30:00,2737.291629,2736.89925,2736.997801,-0.3923789999998917,-0.29382799999984854,-0.3431034999998701
2021-08-23 07:45:00,2737.290849,2736.89748,2736.997021,-0.3933689999998933,-0.29382799999984854,-0.3435984999998709
2021-08-23 08:00:00,2737.287933,2736.896313,2736.995854,-0.3916199999998753,-0.2920790000002853,-0.3418495000000803
2021-08-23 08:15:00,2737.287933,2736.89565,2736.996419,-0.39228300000013405,-0.2915140000000065,-0.34189850000007027
2021-08-23 08:45:00,2737.289683,2736.900224,2736.995854,-0.389458999999988,-0.2938290000001871,-0.34164400000008754
2021-08-23 09:15:00,2737.287543,2736.897756,2736.995464,-0.3897870000000694,-0.29207899999983056,-0.34093299999994997
2021-08-23 09:30:00,2737.289486,2736.897287,2736.995658,-0.39219900000034613,-0.2938280000003033,-0.3430135000003247
2021-08-23 09:45:00,2737.292598,2736.901392,2736.997021,-0.39120599999978367,-0.29557699999986653,-0.3433914999998251
2021-08-23 10:15:00,2737.287154,2736.899445,2736.995074,-0.38770900000008623,-0.2920800000001691,-0.33989450000012766
2021-08-23 10:45:00,2737.28696,2736.899253,2736.994028,-0.3877069999998639,-0.292931999999837,-0.34031949999985045
2021-08-23 11:00:00,2737.286764,2736.899055,2736.994684,-0.38770900000008623,-0.2920800000001691,-0.33989450000012766
2021-08-23 11:15:00,2737.285014,2736.893575,2736.991228,-0.3914389999999912,-0.29378600000018196,-0.3426125000000866
2021-08-23 11:45:00,2737.285987,2736.898278,2736.993053,-0.38770900000008623,-0.2929340000000593,-0.3403215000000728
2021-08-23 12:00:00,2737.2891,2736.896902,2736.994418,-0.3921980000000076,-0.29468199999973876,-0.3434399999998732
2021-08-23 12:15:00,2737.28735,2736.894162,2736.991815,-0.3931880000000092,-0.29553500000019994,-0.34436150000010457
2021-08-23 12:30:00,2737.286764,2736.895407,2736.993251,-0.39135699999997087,-0.2935130000000754,-0.34243500000002314
2021-08-23 12:45:00,2737.28793,2736.894825,2736.995271,-0.39310500000010506,-0.2926590000001852,-0.3428820000001451
2021-08-23 13:00:00,2737.287737,2736.897372,2736.992473,-0.3903650000002017,-0.2952640000003157,-0.3428145000002587
2021-08-23 13:15:00,2737.28735,2736.898734,2736.99819,-0.3886160000001837,-0.2891600000002654,-0.33888800000022457
2021-08-23 13:30:00,2737.291432,2736.896496,2736.996736,-0.3949360000001434,-0.2946959999999308,-0.3448160000000371
2021-08-23 13:45:00,2737.28657,2736.898863,2736.995373,-0.38770700000031866,-0.29119700000001103,-0.33945200000016484
2021-08-23 14:00:00,2737.284624,2736.896916,2736.993426,-0.3877079999997477,-0.2911979999998948,-0.33945299999982126
2021-08-23 14:15:00,2737.285018,2736.89457,2736.992069,-0.3904480000001058,-0.29294900000013513,-0.3416985000001205
2021-08-23 14:30:00,2737.28735,2736.893321,2736.995254,-0.3940290000000459,-0.2920960000001287,-0.3430625000000873
2021-08-23 15:00:00,2737.288516,2736.894488,2736.996421,-0.39402800000016214,-0.2920950000002449,-0.3430615000002035
2021-08-23 15:15:00,2737.285601,2736.894311,2736.991799,-0.39129000000002634,-0.29380200000014156,-0.34254600000008395
2021-08-23 15:30:00,2737.288903,2736.896625,2736.996526,-0.39227800000026036,-0.29237700000021505,-0.3423275000002377
2021-08-23 15:45:00,2737.289093,2736.895655,2736.994113,-0.39343800000006013,-0.2949799999996685,-0.3442089999998643
2021-08-23 16:00:00,2737.2889,2736.89272,2736.994772,-0.39618000000018583,-0.2941280000000006,-0.3451540000000932
2021-08-23 16:15:00,2737.28793,2736.8935,2736.993544,-0.3944299999998293,-0.29438600000003134,-0.3444079999999303
2021-08-23 16:30:00,2737.286764,2736.891575,2736.993231,-0.3951889999998457,-0.2935330000000249,-0.3443609999999353
2021-08-23 16:45:00,2737.284624,2736.893925,2736.993693,-0.39069900000004054,-0.2909310000000005,-0.3408150000000205
2021-08-23 17:00:00,2737.284818,2736.894118,2736.993034,-0.39069999999992433,-0.2917840000000069,-0.34124199999996563
2021-08-23 17:15:00,2737.287347,2736.896647,2736.996417,-0.39069999999992433,-0.2909300000001167,-0.3408150000000205
2021-08-23 17:30:00,2737.288513,2736.895075,2736.994981,-0.39343800000006013,-0.2935320000001411,-0.3434850000001006
2021-08-23 17:45:00,2737.291236,2736.896709,2736.995954,-0.39452699999992547,-0.2952820000000429,-0.3449044999999842
2021-08-23 18:00:00,2737.290849,2736.897232,2736.995568,-0.39361700000017663,-0.2952810000001591,-0.34444900000016787
2021-08-23 18:15:00,2737.287543,2736.894684,2736.994011,-0.39285900000004403,-0.2935320000001411,-0.3431955000000926
2021-08-23 18:30:00,2737.28793,2736.897231,2736.994397,-0.39069900000004054,-0.2935330000000249,-0.3421160000000327
2021-08-23 18:45:00,2737.286764,2736.897814,2736.992378,-0.38895000000002256,-0.29438600000003134,-0.34166800000002695
2021-08-23 19:00:00,2737.28754,2736.896841,2736.994007,-0.3906989999995858,-0.2935330000000249,-0.34211599999980535
2021-08-23 19:15:00,2737.289093,2736.894894,2736.994664,-0.3941989999998441,-0.29442900000003647,-0.3443139999999403
2021-08-23 19:30:00,2737.28676,2736.89332,2736.994952,-0.3934399999998277,-0.29180799999994633,-0.342623999999887
2021-08-23 19:45:00,2737.283845,2736.89671,2736.996389,-0.38713499999994383,-0.28745600000002014,-0.337295499999982
2021-08-23 20:00:00,2737.28851,2736.895135,2736.997839,-0.39337499999965075,-0.29067099999974744,-0.3420229999996991
2021-08-23 20:15:00,2737.289093,2736.897803,2736.994966,-0.39129000000002634,-0.2941269999996621,-0.3427084999998442
2021-08-23 20:30:00,2737.290456,2736.898074,2736.994579,-0.3923819999999978,-0.2958770000000186,-0.3441295000000082
2021-08-23 20:45:00,2737.290849,2736.89781,2736.995826,-0.3930390000000443,-0.2950230000001284,-0.34403100000008635
2021-08-23 21:00:00,2737.2891,2736.897892,2736.995256,-0.391208000000006,-0.29384399999980815,-0.34252599999990707
2021-08-23 21:15:00,2737.289293,2736.898085,2736.993699,-0.391208000000006,-0.2955939999997099,-0.34340099999985796
2021-08-23 21:30:00,2737.290263,2736.893575,2736.992066,-0.39668799999981275,-0.2981970000000729,-0.3474424999999428
2021-08-23 21:45:00,2737.290263,2736.896315,2736.997272,-0.39394799999990937,-0.2929909999998017,-0.34346949999985554
2021-08-23 22:00:00,2737.290266,2736.89873,2736.997856,-0.39153600000008737,-0.29241000000001804,-0.3419730000000527
2021-08-23 22:15:00,2737.291432,2736.898147,2736.997559,-0.39328500000010536,-0.293873000000076,-0.3435790000000907
2021-08-23 22:30:00,2737.291042,2736.894354,2736.99892,-0.39668799999981275,-0.2921219999998357,-0.3444049999998242
2021-08-23 22:45:00,2737.290263,2736.895324,2736.997287,-0.39493899999979476,-0.2929759999997259,-0.34395749999976033
2021-08-23 23:00:00,2737.290652,2736.898454,2736.997677,-0.3921980000000076,-0.29297500000029686,-0.3425865000001522
2021-08-23 23:15:00,2737.292209,2736.898262,2736.997483,-0.3939470000000256,-0.2947260000000824,-0.344336500000054
2021-08-23 23:30:00,2737.287737,2736.895537,2736.997364,-0.3922000000002299,-0.29037300000027244,-0.3412865000002512
2021-08-23 23:45:00,2737.2891,2736.896573,2736.998726,-0.39252699999997276,-0.29037400000015623,-0.3414505000000645
2021-08-24 00:00:00,2737.290263,2736.895324,2736.99642,-0.39493899999979476,-0.29384299999992436,-0.34439099999985956
2021-08-24 00:15:00,2737.290266,2736.893166,2736.995253,-0.3971000000001368,-0.29501299999992625,-0.3460565000000315
2021-08-24 00:30:00,2737.291239,2736.895131,2736.99708,-0.39610799999991286,-0.29415900000003603,-0.34513349999997445
2021-08-24 00:45:00,2737.291629,2736.89727,2736.99922,-0.3943589999998949,-0.2924089999996795,-0.3433839999997872
2021-08-24 01:15:00,2737.291236,2736.896298,2736.997394,-0.39493799999991097,-0.29384200000004057,-0.34438999999997577
2021-08-24 01:30:00,2737.290849,2736.896901,2736.997007,-0.39394799999990937,-0.29384200000004057,-0.34389499999997497
2021-08-24 01:45:00,2737.290266,2736.895326,2736.999027,-0.3949400000001333,-0.29123900000013236,-0.34308950000013283
2021-08-24 02:00:00,2737.290849,2736.89591,2736.996154,-0.39493899999979476,-0.294695000000047,-0.3448169999999209
2021-08-24 02:30:00,2737.293182,2736.894661,2736.998444,-0.3985210000000734,-0.2947380000000521,-0.34662950000006276
2021-08-24 02:45:00,2737.289683,2736.895651,2736.999014,-0.39403200000015204,-0.29066899999997986,-0.34235050000006595
2021-08-24 03:00:00,2737.290459,2736.893688,2736.99804,-0.3967709999997169,-0.29241899999988163,-0.34459499999979926
2021-08-24 03:15:00,2737.291822,2736.893881,2737.00112,-0.3979410000001735,-0.2907020000002376,-0.34432150000020556
2021-08-24 03:30:00,2737.291042,2736.89153,2737.00151,-0.3995119999999588,-0.28953199999978096,-0.3445219999998699
2021-08-24 03:45:00,2737.291432,2736.895325,2736.997274,-0.3961070000000291,-0.29415800000015224,-0.34513250000009066
2021-08-24 04:00:00,2737.291432,2736.899897,2736.999877,-0.3915350000002036,-0.2915549999997893,-0.34154499999999643
2021-08-24 04:15:00,2737.290652,2736.900287,2737.000267,-0.3903650000002017,-0.29038500000024214,-0.3403750000002219
2021-08-24 04:30:00,2737.293961,2736.899686,2737.001841,-0.3942749999996522,-0.2921200000000681,-0.34319749999986016
2021-08-24 04:45:00,2737.293571,2736.901046,2737.002016,-0.3925250000002052,-0.29155500000024404,-0.3420400000002246
2021-08-24 05:00:00,2737.292212,2736.901436,2736.999238,-0.39077599999973245,-0.2929739999999583,-0.3418749999998454
2021-08-24 05:15:00,2737.294348,2736.900402,2737.001044,-0.39394599999968705,-0.2933039999998073,-0.34362499999974716
2021-08-24 05:45:00,2737.291432,2736.89907,2737.003665,-0.3923620000000483,-0.2877669999998034,-0.34006449999992583
2021-08-24 06:00:00,2737.292792,2736.897854,2737.003841,-0.3949380000003657,-0.2889509999999973,-0.3419445000001815
2021-08-24 06:15:00,2737.292012,2736.899815,2737.003061,-0.39219699999966906,-0.2889509999999973,-0.3405739999998332
2021-08-24 06:30:00,2737.295511,2736.901633,2737.005664,-0.39387799999985873,-0.28984700000000885,-0.3418624999999338
2021-08-24 06:45:00,2737.293178,2736.900058,2737.00508,-0.39311999999972613,-0.28809799999999086,-0.3406089999998585
2021-08-24 07:00:00,2737.293761,2736.900642,2737.003348,-0.39311899999984234,-0.2904129999997167,-0.3417659999997795
2021-08-24 07:15:00,2737.293178,2736.90105,2737.002764,-0.39212799999995696,-0.29041400000005524,-0.3412710000000061
2021-08-24 07:30:00,2737.291625,2736.903078,2737.002961,-0.38854700000001685,-0.2886639999996987,-0.3386054999998578
2021-08-24 07:45:00,2737.290269,2736.899226,2737.001604,-0.3910430000000815,-0.28866500000003725,-0.3398540000000594
2021-08-24 08:00:00,2737.290852,2736.900801,2737.002187,-0.39005100000031234,-0.28866500000003725,-0.3393580000001748
2021-08-24 08:15:00,2737.292602,2736.901643,2737.000763,-0.39095899999983885,-0.29183899999998175,-0.3413989999999103
2021-08-24 08:30:00,2737.292019,2736.899228,2737.001034,-0.39279099999976097,-0.29098500000009153,-0.34188799999992625
2021-08-24 08:45:00,2737.289103,2736.898061,2736.999867,-0.39104200000019773,-0.28923600000007355,-0.34013900000013564
2021-08-24 09:00:00,2737.290852,2736.898903,2736.999014,-0.3919490000002952,-0.29183800000009796,-0.3418935000001966
2021-08-24 09:15:00,2737.290852,2736.899565,2736.996411,-0.3912869999999202,-0.29444100000000617,-0.3428639999999632
2021-08-24 09:30:00,2737.292212,2736.898513,2736.998624,-0.3936989999997422,-0.29358799999999974,-0.343643499999871
2021-08-24 09:45:00,2737.290849,2736.899891,2736.999011,-0.39095799999995506,-0.29183800000009796,-0.3413980000000265
2021-08-24 10:00:00,2737.290459,2736.895113,2736.998621,-0.39534599999979037,-0.2918379999996432,-0.3435919999997168
2021-08-24 10:15:00,2737.28832,2736.89363,2736.995911,-0.39469000000008236,-0.29240900000013426,-0.3435495000001083
2021-08-24 10:30:00,2737.288516,2736.893171,2736.997846,-0.3953449999999066,-0.29066999999986365,-0.3430074999998851
2021-08-24 10:45:00,2737.288127,2736.894613,2736.998026,-0.39351399999986825,-0.29010099999959493,-0.3418074999997316
2021-08-24 11:00:00,2737.287347,2736.892083,2736.995497,-0.39526399999977,-0.29185000000006767,-0.34355699999991884
2021-08-24 11:15:00,2737.287737,2736.895973,2736.997637,-0.3917639999999665,-0.2901000000001659,-0.3409320000000662
2021-08-24 11:30:00,2737.287933,2736.894994,2736.995241,-0.39293899999984205,-0.2926919999999882,-0.3428154999999151
2021-08-24 11:45:00,2737.28735,2736.894412,2736.995509,-0.39293799999995827,-0.2918410000002041,-0.34238950000008117
2021-08-24 12:00:00,2737.286767,2736.892078,2736.994074,-0.3946890000001986,-0.292692999999872,-0.3436910000000353
2021-08-24 12:15:00,2737.285601,2736.892662,2736.992054,-0.39293899999984205,-0.29354700000021694,-0.3432430000000295
2021-08-24 12:45:00,2737.284435,2736.892404,2736.990887,-0.3920309999998608,-0.29354800000010073,-0.34278949999998076
2021-08-24 13:00:00,2737.283075,2736.890053,2736.99213,-0.3930219999997462,-0.2909449999997378,-0.341983499999742
2021-08-24 13:15:00,2737.285604,2736.891824,2736.99291,-0.39378000000033353,-0.2926940000002105,-0.343237000000272
2021-08-24 13:30:00,2737.282688,2736.887851,2736.988857,-0.3948369999998249,-0.29383099999995466,-0.3443339999998898
2021-08-24 13:45:00,2737.282105,2736.892487,2736.990877,-0.38961799999970026,-0.2912279999995917,-0.340422999999646
2021-08-24 14:00:00,2737.286574,2736.892467,2736.991847,-0.39410700000007637,-0.29472700000042096,-0.34441700000024866
2021-08-24 14:15:00,2737.283265,2736.891667,2736.993786,-0.3915980000001582,-0.28947900000002846,-0.34053850000009334
2021-08-24 14:30:00,2737.285211,2736.892029,2736.992234,-0.39318199999979697,-0.29297700000006444,-0.3430794999999307
2021-08-24 14:45:00,2737.285991,2736.892808,2736.993867,-0.3931830000001355,-0.292124000000058,-0.34265350000009676
2021-08-24 15:00:00,2737.283848,2736.891424,2736.993472,-0.3924240000001191,-0.2903759999999238,-0.34140000000002146
2021-08-24 15:15:00,2737.286764,2736.890841,2736.994639,-0.3959230000000389,-0.2921249999999418,-0.34402399999999034
2021-08-24 15:30:00,2737.285987,2736.890064,2736.993575,-0.3959230000000389,-0.29241200000024037,-0.3441675000001396
2021-08-24 15:45:00,2737.286374,2736.890451,2736.994235,-0.39592299999958414,-0.29213899999967907,-0.3440309999996316
2021-08-24 16:00:00,2737.285594,2736.889671,2736.993455,-0.3959230000000389,-0.2921390000001338,-0.34403100000008635
2021-08-24 16:15:00,2737.285984,2736.890061,2736.996448,-0.3959230000000389,-0.2895360000002256,-0.34272950000013225
2021-08-24 16:30:00,2737.282682,2736.89209,2736.996645,-0.390592000000197,-0.2860369999998511,-0.33831450000002405
2021-08-24 16:45:00,2737.283458,2736.886545,2736.989612,-0.3969130000000405,-0.29384600000003047,-0.3453795000000355
2021-08-24 17:00:00,2737.284818,2736.890645,2736.994427,-0.3941730000001371,-0.2903909999999996,-0.34228200000006836
2021-08-24 17:15:00,2737.28793,2736.889267,2736.996362,-0.39866299999994226,-0.2915680000000975,-0.3451155000000199
2021-08-24 17:30:00,2737.285014,2736.891832,2736.995195,-0.3931820000002517,-0.28981900000007954,-0.34150050000016563
2021-08-24 17:45:00,2737.285597,2736.889675,2736.995778,-0.3959220000001551,-0.28981900000007954,-0.3428705000001173
2021-08-24 18:00:00,2737.283265,2736.890842,2736.993772,-0.39242300000023533,-0.2894930000002205,-0.3409580000002279
2021-08-24 18:30:00,2737.288513,2736.889851,2736.996374,-0.39866200000005847,-0.2921390000001338,-0.34540050000009614
2021-08-24 19:00:00,2737.2891,2736.888277,2736.99579,-0.40082299999994575,-0.2933100000000195,-0.3470664999999826
2021-08-24 20:00:00,2737.289293,2736.888798,2736.995132,-0.4004949999998644,-0.2941609999998036,-0.347327999999834
2021-08-24 20:15:00,2737.289096,2736.88586,2736.997825,-0.4032360000001063,-0.29127100000005157,-0.34725350000007893
2021-08-24 20:45:00,2737.291625,2736.889463,2736.998606,-0.402161999999862,-0.293018999999731,-0.3475904999997965
2021-08-24 21:00:00,2737.291435,2736.889272,2737.001019,-0.40216300000020055,-0.29041600000027756,-0.34628950000023906
2021-08-24 21:15:00,2737.289103,2736.889018,2736.998685,-0.4000850000002174,-0.29041800000004514,-0.3452515000001313
2021-08-24 21:30:00,2737.291629,2736.887878,2736.998039,-0.4037509999998292,-0.2935899999997673,-0.34867049999979827
2021-08-24 21:45:00,2737.291432,2736.887683,2736.997842,-0.40374900000006164,-0.2935899999997673,-0.3486694999999145
2021-08-24 22:00:00,2737.292598,2736.889839,2736.997259,-0.40275900000006004,-0.2953389999997853,-0.34904899999992267
2021-08-24 22:15:00,2737.287933,2736.887682,2736.998695,-0.40025100000002567,-0.2892379999998411,-0.3447444999999334
2021-08-24 22:30:00,2737.291432,2736.884942,2736.995239,-0.4064899999998488,-0.29619300000013027,-0.35134149999998954
2021-08-24 22:45:00,2737.290266,2736.886515,2736.996676,-0.4037509999998292,-0.2935899999997673,-0.34867049999979827
2021-08-25 00:15:00,2737.297263,2736.886618,2737.001882,-0.4106449999999313,-0.29538099999990663,-0.353012999999919
2021-08-25 00:30:00,2737.293765,2736.890015,2736.999279,-0.40374999999994543,-0.29448599999977887,-0.34911799999986215
2021-08-25 00:45:00,2737.291432,2736.883951,2736.996946,-0.40748100000018894,-0.29448599999977887,-0.3509834999999839
2021-08-25 01:00:00,2737.293182,2736.884941,2736.999549,-0.4082410000000891,-0.29363299999977244,-0.3509369999999308
2021-08-25 01:15:00,2737.292598,2736.886108,2736.998112,-0.4064899999998488,-0.29448599999977887,-0.35048799999981384
2021-08-25 01:45:00,2737.292015,2736.885524,2736.997529,-0.40649100000018734,-0.29448599999977887,-0.3504884999999831
2021-08-25 02:00:00,2737.291822,2736.885265,2737.001689,-0.4065570000002481,-0.2901329999999689,-0.3483450000001085
2021-08-25 02:15:00,2737.292212,2736.885655,2737.002649,-0.40655699999979333,-0.2895629999998164,-0.34805999999980486
2021-08-25 02:30:00,2737.292405,2736.887666,2736.99967,-0.40473900000006324,-0.2927349999999933,-0.3487370000000283
2021-08-25 02:45:00,2737.296877,2736.888638,2737.000643,-0.40823900000032154,-0.2962340000003678,-0.3522365000003447
2021-08-25 03:00:00,2737.293571,2736.884341,2736.999086,-0.40923000000020693,-0.29448500000034983,-0.3518575000002784
2021-08-25 03:15:00,2737.293961,2736.887473,2737.00208,-0.4064879999996265,-0.29188099999964834,-0.3491844999996374
2021-08-25 03:30:00,2737.294931,2736.886693,2736.998696,-0.408237999999983,-0.29623499999979686,-0.35223649999988993
2021-08-25 04:00:00,2737.293765,2736.887276,2737.000133,-0.406488999999965,-0.29363199999988865,-0.35006049999992683
2021-08-25 04:30:00,2737.292598,2736.887861,2737.000433,-0.4047369999998409,-0.2921649999998408,-0.34845099999984086
2021-08-25 04:45:00,2737.293182,2736.889433,2737.001871,-0.40374900000006164,-0.2913109999999506,-0.3475300000000061
2021-08-25 05:00:00,2737.294348,2736.888851,2737.001286,-0.4054969999997411,-0.29306199999973614,-0.3492794999997386
2021-08-25 05:15:00,2737.293765,2736.890018,2736.99985,-0.4037469999998393,-0.2939149999997426,-0.34883099999979095
2021-08-25 05:30:00,2737.296097,2736.887204,2737.003037,-0.4088929999998072,-0.29305999999996857,-0.3509764999998879
2021-08-25 05:45:00,2737.294931,2736.886036,2737.0013,-0.40889500000002954,-0.29363100000000486,-0.3512630000000172
2021-08-25 06:00:00,2737.294541,2736.885647,2737.00265,-0.40889400000014575,-0.2918910000003052,-0.3503925000002255
2021-08-25 06:15:00,2737.293178,2736.886034,2737.000433,-0.40714399999978923,-0.2927449999997407,-0.34994449999976496
2021-08-25 06:30:00,2737.293761,2736.889441,2737.001017,-0.40432000000009793,-0.2927439999998569,-0.3485319999999774
2021-08-25 07:00:00,2737.296677,2736.889618,2737.002467,-0.4070589999996628,-0.29421000000002095,-0.35063449999984186
2021-08-25 07:15:00,2737.294541,2736.887481,2737.002079,-0.4070600000000013,-0.2924620000003415,-0.3497610000001714
2021-08-25 07:30:00,2737.293768,2736.88854,2737.002158,-0.4052280000000792,-0.29161000000021886,-0.348419000000149
2021-08-25 07:45:00,2737.294351,2736.887373,2737.002743,-0.40697799999998097,-0.29160799999999654,-0.34929299999998875
2021-08-25 08:00:00,2737.293961,2736.888733,2737.00032,-0.4052280000000792,-0.29364099999975224,-0.3494344999999157
2021-08-25 08:15:00,2737.290849,2736.884629,2737.000988,-0.40621999999984837,-0.2898610000002009,-0.3480405000000246
2021-08-25 08:30:00,2737.291432,2736.885542,2737.002426,-0.4058899999999994,-0.2890059999999721,-0.34744799999998577
2021-08-25 08:45:00,2737.291822,2736.886594,2737.000782,-0.4052280000000792,-0.29104000000006636,-0.3481340000000728
2021-08-25 09:00:00,2737.290462,2736.886322,2736.998569,-0.40414000000009764,-0.2918930000000728,-0.3480165000000852
2021-08-25 09:15:00,2737.292598,2736.88364,2736.998385,-0.40895799999998417,-0.29421300000012707,-0.3515855000000556
2021-08-25 09:30:00,2737.291432,2736.882802,2736.997218,-0.4086299999999028,-0.29421400000001086,-0.3514219999999568
2021-08-25 09:45:00,2737.291432,2736.881811,2736.994616,-0.4096209999997882,-0.2968160000000353,-0.35321849999991173
2021-08-25 10:00:00,2737.294348,2736.883969,2736.995783,-0.4103789999999208,-0.29856500000005326,-0.354471999999987
2021-08-25 10:15:00,2737.2891,2736.88047,2736.994032,-0.4086299999999028,-0.2950679999999011,-0.35184899999990193
2021-08-25 10:30:00,2737.288516,2736.878895,2736.992883,-0.40962100000024293,-0.2956330000001799,-0.3526270000002114
2021-08-25 10:45:00,2737.287933,2736.882803,2736.993197,-0.40513000000009924,-0.29473600000028455,-0.3499330000001919
2021-08-25 11:00:00,2737.28871,2736.88457,2736.994826,-0.4041399999996429,-0.29388399999970716,-0.349011999999675
2021-08-25 11:15:00,2737.284238,2736.880856,2736.992103,-0.40338199999996505,-0.2921350000001439,-0.3477585000000545
2021-08-25 11:30:00,2737.284435,2736.879303,2736.989409,-0.4051319999998668,-0.2950260000002345,-0.35007900000005066
2021-08-25 11:45:00,2737.285018,2736.875313,2736.989104,-0.40970500000003085,-0.2959139999998115,-0.3528094999999212
2021-08-25 12:00:00,2737.286574,2736.876871,2736.992401,-0.4097030000002633,-0.29417300000022806,-0.35193800000024567
2021-08-25 12:15:00,2737.28677,2736.87948,2736.992598,-0.40729000000010274,-0.29417200000034427,-0.3507310000002235
2021-08-25 12:45:00,2737.283658,2736.880858,2736.992667,-0.40279999999984284,-0.290990999999849,-0.3468954999998459
2021-08-25 13:00:00,2737.288513,2736.881374,2736.993171,-0.40713899999991554,-0.2953419999998914,-0.3512404999999035
2021-08-25 13:15:00,2737.282682,2736.882623,2736.989986,-0.4000590000000557,-0.2926959999999781,-0.3463775000000169
2021-08-25 13:30:00,2737.284431,2736.880791,2736.990837,-0.4036399999999958,-0.29359400000021196,-0.34861700000010387
2021-08-25 14:00:00,2737.285987,2736.883339,2736.990644,-0.4026480000002266,-0.29534300000022995,-0.3489955000002283
2021-08-25 14:15:00,2737.284435,2736.88046,2736.990841,-0.40397500000017317,-0.29359400000021196,-0.34878450000019257
2021-08-25 14:30:00,2737.286767,2736.879226,2736.988822,-0.40754100000003746,-0.29794500000025437,-0.3527430000001459
2021-08-25 14:45:00,2737.285408,2736.879618,2736.992385,-0.4057900000002519,-0.29302300000017567,-0.3494065000002138
2021-08-25 15:00:00,2737.283855,2736.879813,2736.992582,-0.4040420000001177,-0.2912730000002739,-0.3476575000001958
2021-08-25 15:15:00,2737.285797,2736.883738,2736.989318,-0.4020590000000084,-0.2964790000000903,-0.34926900000004935
2021-08-25 15:30:00,2737.283075,2736.882766,2736.995258,-0.40030899999965186,-0.2878169999999045,-0.3440629999997782
2021-08-25 15:45:00,2737.286574,2736.881775,2736.9918,-0.4047990000003665,-0.294774000000416,-0.34978650000039124
2021-08-25 16:00:00,2737.283848,2736.884298,2736.990537,-0.3995500000000902,-0.2933109999999033,-0.34643049999999675
2021-08-25 16:15:00,2737.283265,2736.882545,2736.9891,-0.4007200000000921,-0.29416500000024826,-0.3474425000001702
2021-08-25 16:30:00,2737.283265,2736.886276,2736.991703,-0.3969889999998486,-0.2915619999998853,-0.34427549999986695
2021-08-25 16:45:00,2737.282878,2736.883148,2736.990136,-0.3997300000000905,-0.2927420000000893,-0.3462360000000899
2021-08-25 17:00:00,2737.282492,2736.882761,2736.99093,-0.3997309999999743,-0.2915619999998853,-0.3456464999999298
2021-08-25 17:15:00,2737.283265,2736.883535,2736.990523,-0.3997300000000905,-0.2927420000000893,-0.3462360000000899
2021-08-25 17:30:00,2737.286181,2736.884702,2736.99169,-0.4014790000001085,-0.2944910000001073,-0.3479850000001079
2021-08-25 17:45:00,2737.286764,2736.884295,2736.992273,-0.4024690000001101,-0.2944910000001073,-0.3484800000001087
2021-08-25 18:00:00,2737.286764,2736.883453,2736.994876,-0.4033110000000306,-0.29188799999974435,-0.3475994999998875
2021-08-25 18:30:00,2737.285984,2736.882935,2736.992663,-0.40304900000001,-0.2933210000001054,-0.3481850000000577
2021-08-25 18:45:00,2737.286764,2736.887447,2736.993443,-0.3993169999998827,-0.2933210000001054,-0.34631899999999405
2021-08-25 19:00:00,2737.287933,2736.884624,2736.994296,-0.40330900000026304,-0.2936370000002171,-0.34847300000024006
2021-08-25 19:15:00,2737.287543,2736.887056,2736.995656,-0.4004869999998846,-0.29188699999986056,-0.34618699999987257
2021-08-25 19:30:00,2737.285594,2736.885948,2736.993126,-0.39964599999984785,-0.292468000000099,-0.3460569999999734
2021-08-25 19:45:00,2737.28793,2736.888285,2736.996043,-0.39964499999996406,-0.29188699999986056,-0.3457659999999123
2021-08-25 20:00:00,2737.288513,2736.887118,2736.994306,-0.40139499999986583,-0.29420699999991484,-0.34780099999989034
2021-08-25 20:15:00,2737.28793,2736.884702,2736.994293,-0.4032280000001265,-0.29363699999976234,-0.3484324999999444
2021-08-25 20:30:00,2737.287543,2736.886148,2736.993336,-0.40139499999986583,-0.29420699999991484,-0.34780099999989034
2021-08-25 20:45:00,2737.287354,2736.884967,2736.995183,-0.40238700000008976,-0.292171000000053,-0.3472790000000714
2021-08-25 21:00:00,2737.28852,2736.887453,2736.9946,-0.4010670000002392,-0.293920000000071,-0.3474935000001551
2021-08-25 21:15:00,2737.288713,2736.884905,2736.994793,-0.40380800000002637,-0.293920000000071,-0.3488640000000487
2021-08-25 21:30:00,2737.287933,2736.884125,2736.990558,-0.40380800000002637,-0.29737500000010186,-0.3505915000000641
2021-08-25 21:45:00,2737.288323,2736.889072,2736.994405,-0.3992510000002767,-0.29391800000030344,-0.34658450000029006
2021-08-25 22:00:00,2737.292212,2736.891213,2736.994795,-0.40099899999995614,-0.29741699999976845,-0.3492079999998623
2021-08-25 22:15:00,2737.291822,2736.888081,2736.997573,-0.40374100000008184,-0.2942490000000362,-0.348995000000059
2021-08-25 22:30:00,2737.292602,2736.887044,2736.995185,-0.40555799999992814,-0.29741699999976845,-0.3514874999998483
2021-08-25 22:45:00,2737.290462,2736.887645,2736.994507,-0.402817000000141,-0.29595500000004904,-0.349386000000095
2021-08-25 23:00:00,2737.289876,2736.885143,2736.994208,-0.404732999999851,-0.29566799999975046,-0.35020049999980074
2021-08-25 23:15:00,2737.292012,2736.888604,2736.997198,-0.40340799999967203,-0.29481399999986024,-0.34911099999976614
2021-08-25 23:30:00,2737.290652,2736.886254,2736.995838,-0.4043980000001284,-0.294814000000315,-0.3496060000002217
2021-08-25 23:45:00,2737.292792,2736.8873,2736.995375,-0.40549200000032215,-0.2974170000002232,-0.3514545000002727
2021-08-26 00:00:00,2737.292012,2736.887696,2736.995448,-0.40431600000010803,-0.296563999999762,-0.350439999999935
2021-08-26 00:15:00,2737.291429,2736.887031,2736.997468,-0.40439799999967363,-0.2939609999998538,-0.3491794999997637
2021-08-26 00:45:00,2737.291625,2736.886319,2736.994209,-0.4053059999996549,-0.29741599999988466,-0.3513609999997698
2021-08-26 01:00:00,2737.292988,2736.886923,2736.995854,-0.406065000000126,-0.29713400000036927,-0.35159950000024764
2021-08-26 01:15:00,2737.293761,2736.890103,2736.998369,-0.40365799999972296,-0.29539199999999255,-0.34952499999985776
2021-08-26 01:30:00,2737.292012,2736.890102,2736.996629,-0.4019100000000435,-0.2953829999996742,-0.34864649999985886
2021-08-26 01:45:00,2737.294344,2736.886112,2736.998065,-0.4082319999997708,-0.29627899999968577,-0.35225549999972827
2021-08-26 02:00:00,2737.292012,2736.887279,2736.997199,-0.404732999999851,-0.29481299999997646,-0.34977299999991374
2021-08-26 02:30:00,2737.291236,2736.888336,2736.998172,-0.4029000000000451,-0.29306399999995847,-0.3479820000000018
2021-08-26 02:45:00,2737.294348,2736.890689,2736.996933,-0.4036590000000615,-0.2974150000000009,-0.3505370000000312
2021-08-26 03:00:00,2737.293765,2736.889116,2737.000659,-0.4046490000000631,-0.2931060000000798,-0.34887750000007145
2021-08-26 03:15:00,2737.293182,2736.889441,2736.999222,-0.40374100000008184,-0.29395999999997,-0.34885050000002593
2021-08-26 03:45:00,2737.291432,2736.890432,2736.997184,-0.40099999999983993,-0.2942480000001524,-0.34762399999999616
2021-08-26 04:00:00,2737.291042,2736.886311,2736.996229,-0.4047309999996287,-0.29481299999997646,-0.3497719999998026
2021-08-26 04:15:00,2737.288903,2736.888661,2736.998442,-0.4002420000001621,-0.29046100000005026,-0.34535150000010617
2021-08-26 04:30:00,2737.292405,2736.885857,2736.997593,-0.40654799999992974,-0.29481200000009267,-0.3506800000000112
2021-08-26 04:45:00,2737.292212,2736.887414,2737.000569,-0.40479800000002797,-0.29164300000002186,-0.3482205000000249
2021-08-26 05:00:00,2737.292598,2736.88605,2736.999205,-0.40654799999992974,-0.29339299999992363,-0.3499704999999267
2021-08-26 05:15:00,2737.292015,2736.885467,2736.997769,-0.40654799999992974,-0.29424599999993006,-0.3503969999999299
2021-08-26 05:30:00,2737.290849,2736.88331,2736.998351,-0.40753899999981513,-0.29249799999979587,-0.3500184999998055
2021-08-26 05:45:00,2737.289683,2736.884884,2736.996619,-0.40479899999991176,-0.29306399999995847,-0.3489314999999351
2021-08-26 06:00:00,2737.294931,2736.886044,2736.99837,-0.40888700000004974,-0.29656100000011065,-0.3527240000000802
2021-08-26 06:15:00,2737.292792,2736.886311,2736.99798,-0.4064809999999852,-0.29481200000009267,-0.35064650000003894
2021-08-26 06:30:00,2737.293178,2736.886042,2736.995763,-0.40713599999980943,-0.2974150000000009,-0.35227549999990515
2021-08-26 06:45:00,2737.292012,2736.889447,2736.9972,-0.4025649999998677,-0.29481200000009267,-0.3486884999999802
2021-08-26 07:15:00,2737.293761,2736.888459,2736.999803,-0.40530200000011973,-0.2939579999997477,-0.3496299999999337
2021-08-26 07:30:00,2737.293178,2736.890616,2736.998648,-0.4025619999997616,-0.2945300000001225,-0.34854599999994207
2021-08-26 07:45:00,2737.293761,2736.892191,2736.997483,-0.40156999999999243,-0.296277999999802,-0.3489239999998972
2021-08-26 08:00:00,2737.292595,2736.892774,2736.998636,-0.39982099999997445,-0.29395900000008623,-0.34689000000003034
2021-08-26 08:15:00,2737.293178,2736.893358,2736.999218,-0.39982000000009066,-0.29395999999997,-0.34689000000003034
2021-08-26 08:30:00,2737.292012,2736.88846,2736.997199,-0.4035519999997632,-0.29481299999997646,-0.34918249999986983
2021-08-26 08:45:00,2737.291429,2736.89245,2736.996616,-0.39897900000005393,-0.29481299999997646,-0.3468960000000152
2021-08-26 09:30:00,2737.290846,2736.888286,2736.996886,-0.40255999999999403,-0.29395999999997,-0.34825999999998203
2021-08-26 09:45:00,2737.292012,2736.889453,2736.995449,-0.40255900000011025,-0.29656299999987823,-0.34956099999999424
2021-08-26 10:30:00,2737.287347,2736.890118,2736.996884,-0.39722900000015215,-0.29046299999981784,-0.343845999999985
2021-08-26 10:45:00,2737.287347,2736.89187,2736.993428,-0.39547700000002806,-0.2939189999997325,-0.34469799999988027
2021-08-26 11:00:00,2737.283848,2736.885546,2736.992532,-0.3983020000000579,-0.29131599999982427,-0.3448089999999411
2021-08-26 11:15:00,2737.287347,2736.888286,2736.990255,-0.3990610000000743,-0.2970919999997932,-0.34807649999993373
2021-08-26 11:45:00,2737.287737,2736.891419,2736.997274,-0.3963180000000648,-0.2904630000002726,-0.3433905000001687
2021-08-26 12:00:00,2737.285601,2736.891032,2736.996036,-0.3945690000000468,-0.2895650000000387,-0.34206700000004275
2021-08-26 12:15:00,2737.285601,2736.889856,2736.991681,-0.3957450000002609,-0.293920000000071,-0.34483250000016596
2021-08-26 12:30:00,2737.286574,2736.889838,2736.995259,-0.3967360000001463,-0.29131500000039523,-0.34402550000027077
2021-08-26 12:45:00,2737.286187,2736.890443,2736.995437,-0.3957440000003771,-0.2907500000001164,-0.34324700000024677
2021-08-26 13:00:00,2737.289103,2736.89062,2736.994852,-0.39848299999994197,-0.2942510000002585,-0.34636700000010023
2021-08-26 13:15:00,2737.284438,2736.888627,2736.991083,-0.39581100000032166,-0.29335500000024695,-0.3445830000002843
2021-08-26 13:30:00,2737.284241,2736.89117,2736.993207,-0.39307099999996353,-0.29103399999985413,-0.34205249999990883
2021-08-26 13:45:00,2737.286181,2736.888291,2736.995147,-0.39788999999973385,-0.29103399999985413,-0.344461999999794
2021-08-26 14:00:00,2737.287154,2736.892997,2736.996973,-0.3941570000001775,-0.29018100000030245,-0.34216900000024
2021-08-26 14:15:00,2737.285794,2736.889803,2736.99358,-0.3959909999998672,-0.29221400000005815,-0.3441024999999627
2021-08-26 14:30:00,2737.284818,2736.884515,2736.99117,-0.4003029999998944,-0.293648000000303,-0.3469755000000987
2021-08-26 14:45:00,2737.282875,2736.885893,2736.99183,-0.3969819999997526,-0.29104499999994005,-0.3440134999998463
2021-08-26 15:00:00,2737.285791,2736.886398,2736.992996,-0.3993929999996908,-0.2927949999998418,-0.3460939999997663
2021-08-26 15:15:00,2737.284435,2736.887453,2736.992537,-0.39698200000020734,-0.2918979999999465,-0.3444400000000769
2021-08-26 15:30:00,2737.287154,2736.886606,2736.992323,-0.4005480000000716,-0.2948310000001584,-0.347689500000115
2021-08-26 16:00:00,2737.285791,2736.885243,2736.994439,-0.4005479999996169,-0.2913519999997334,-0.34594999999967513
2021-08-26 16:15:00,2737.283072,2736.885689,2736.994366,-0.3973829999999907,-0.2887060000002748,-0.34304450000013276
2021-08-26 16:30:00,2737.283458,2736.883334,2736.994753,-0.4001239999997779,-0.28870499999993626,-0.34441449999985707
2021-08-26 17:00:00,2737.283845,2736.889537,2736.995993,-0.39430799999990995,-0.28785199999992983,-0.3410799999999199
2021-08-26 17:15:00,2737.287344,2736.884055,2736.99197,-0.4032889999998588,-0.2953739999998106,-0.3493314999998347
2021-08-26 17:30:00,2737.286957,2736.8909,2736.993334,-0.39605699999992794,-0.29362300000002506,-0.3448399999999765
2021-08-26 17:45:00,2737.28735,2736.894101,2736.993703,-0.39324900000019625,-0.29364699999996446,-0.34344800000008036
2021-08-26 18:00:00,2737.288516,2736.889786,2736.995723,-0.3987299999998868,-0.29279300000007424,-0.3457614999999805
2021-08-26 18:30:00,2737.287154,2736.891163,2736.994359,-0.39599100000032195,-0.29279500000029657,-0.34439300000030926
2021-08-26 18:45:00,2737.287344,2736.890192,2736.99514,-0.3971520000000055,-0.292203999999856,-0.34467799999993076
2021-08-26 19:00:00,2737.287927,2736.890119,2736.99312,-0.3978079999997135,-0.29480699999976423,-0.34630749999973887
2021-08-26 19:15:00,2737.2889,2736.891159,2736.995253,-0.3977410000002237,-0.29364699999996446,-0.3456940000000941
2021-08-26 19:30:00,2737.289096,2736.888615,2736.995733,-0.4004810000001271,-0.293362999999772,-0.34692199999994955
2021-08-26 19:45:00,2737.286764,2736.8892,2736.996573,-0.3975639999998748,-0.2901910000000498,-0.3438774999999623
2021-08-26 20:00:00,2737.289876,2736.891227,2736.996196,-0.39864899999975023,-0.29367999999976746,-0.34616449999975885
2021-08-26 20:15:00,2737.288513,2736.888872,2736.996583,-0.39964099999997416,-0.2919299999998657,-0.3457854999999199
2021-08-26 20:45:00,2737.28852,2736.886467,2736.997441,-0.4020530000002509,-0.2910790000000816,-0.34656600000016624
2021-08-26 21:00:00,2737.289103,2736.887712,2736.994853,-0.40139099999987593,-0.29424999999991996,-0.34782049999989795
2021-08-26 21:15:00,2737.290269,2736.891023,2736.996871,-0.39924599999994825,-0.29339800000025207,-0.34632200000010016
2021-08-26 21:30:00,2737.291046,2736.892791,2736.995899,-0.3982549999996081,-0.2951469999998153,-0.3467009999997117
2021-08-26 21:45:00,2737.2891,2736.891685,2736.999159,-0.3974149999999099,-0.2899409999999989,-0.3436779999999544
2021-08-26 22:00:00,2737.289683,2736.887695,2736.996286,-0.40198800000007395,-0.29339699999991353,-0.34769249999999374
2021-08-26 22:15:00,2737.290656,2736.891409,2736.997258,-0.3992470000002868,-0.29339800000025207,-0.34632250000026943
2021-08-26 22:30:00,2737.291435,2736.891362,2736.998608,-0.4000730000002477,-0.2928270000002158,-0.34645000000023174
2021-08-26 22:45:00,2737.290073,2736.888681,2737.001599,-0.40139200000021447,-0.28847399999995105,-0.34493300000008276
2021-08-26 23:15:00,2737.289679,2736.890036,2736.998603,-0.3996430000001965,-0.29107599999997547,-0.345359500000086
2021-08-26 23:30:00,2737.290263,2736.895505,2737.000039,-0.3947579999999107,-0.2902239999998528,-0.34249099999988175
2021-08-26 23:45:00,2737.290263,2736.892436,2736.999186,-0.3978269999997792,-0.29107699999985925,-0.34445199999981924
2021-08-27 00:00:00,2737.288127,2736.891223,2736.99823,-0.39690399999972215,-0.28989699999965524,-0.3434004999996887
2021-08-27 00:15:00,2737.290073,2736.890756,2737.0016,-0.39931700000033743,-0.28847300000006726,-0.34389500000020234
2021-08-27 00:30:00,2737.292012,2736.89336,2736.999187,-0.39865199999985634,-0.29282499999999345,-0.3457384999999249
2021-08-27 00:45:00,2737.289096,2736.890361,2736.997167,-0.3987349999997605,-0.2919289999999819,-0.3453319999998712
2021-08-27 01:15:00,2737.290263,2736.893359,2737.000937,-0.39690399999972215,-0.2893260000000737,-0.3431149999998979
2021-08-27 01:30:00,2737.289486,2736.890749,2736.997557,-0.3987369999999828,-0.2919289999999819,-0.34533299999998235
2021-08-27 01:45:00,2737.294931,2736.892696,2737.005564,-0.40223500000001877,-0.2893669999998565,-0.34580099999993763
2021-08-27 02:00:00,2737.291432,2736.89336,2736.997754,-0.39807199999995646,-0.2936779999999999,-0.34587499999997817
2021-08-27 02:15:00,2737.289096,2736.891351,2736.99801,-0.3977449999997589,-0.2910860000001776,-0.34441549999996823
2021-08-27 02:30:00,2737.291822,2736.891916,2736.999567,-0.3999060000001009,-0.2922550000002957,-0.3460805000001983
2021-08-27 02:45:00,2737.291432,2736.890284,2737.000347,-0.401147999999921,-0.29108499999983906,-0.34611649999988003
2021-08-27 03:00:00,2737.290266,2736.892519,2737.001497,-0.3977469999999812,-0.2887689999997747,-0.34325799999987794
2021-08-27 03:15:00,2737.293768,2736.889373,2736.999476,-0.40439500000002226,-0.2942920000000413,-0.3493435000000318
2021-08-27 03:30:00,2737.293185,2736.888789,2736.999747,-0.40439599999990605,-0.2934380000001511,-0.34891700000002857
2021-08-27 04:00:00,2737.295317,2736.891333,2737.000734,-0.40398400000003676,-0.29458299999987503,-0.3492834999999559
2021-08-27 04:15:00,2737.293955,2736.891719,2737.001687,-0.40223599999990256,-0.2922680000001492,-0.3472520000000259
2021-08-27 04:30:00,2737.293568,2736.892323,2736.998696,-0.40124500000001717,-0.2948719999999412,-0.3480584999999792
2021-08-27 04:45:00,2737.294924,2736.893679,2736.999488,-0.40124500000001717,-0.29543599999988146,-0.3483404999999493
2021-08-27 05:00:00,2737.295314,2736.892088,2736.99959,-0.40322599999990416,-0.2957240000000638,-0.349474999999984
2021-08-27 05:15:00,2737.29687,2736.895626,2737.000275,-0.4012440000001334,-0.2965950000002522,-0.3489195000001928
2021-08-27 05:30:00,2737.292592,2736.894846,2736.999495,-0.39774599999964266,-0.29309699999976147,-0.34542149999970206
2021-08-27 06:15:00,2737.293758,2736.894263,2737.001491,-0.39949499999966065,-0.29226699999981065,-0.34588099999973565
2021-08-27 06:30:00,2737.293175,2736.896421,2736.998328,-0.3967539999998735,-0.29484699999966324,-0.34580049999976836
2021-08-27 06:45:00,2737.296091,2736.893856,2737.00122,-0.40223500000001877,-0.2948710000000574,-0.3485530000000381
2021-08-27 07:00:00,2737.297257,2736.896013,2737.000637,-0.4012440000001334,-0.2966200000000754,-0.3489320000001044
2021-08-27 07:15:00,2737.295507,2736.893273,2736.997468,-0.40223399999968024,-0.29803899999978967,-0.35013649999973495
2021-08-27 07:30:00,2737.294341,2736.892106,2736.998905,-0.40223500000001877,-0.29543599999988146,-0.3488354999999501
2021-08-27 08:15:00,2737.290456,2736.894461,2736.998518,-0.39599500000031185,-0.29193800000030024,-0.34396650000030604
2021-08-27 09:00:00,2737.293182,2736.892698,2736.99831,-0.40048399999977846,-0.2948719999999412,-0.3476779999998598
2021-08-27 09:45:00,2737.290849,2736.893947,2736.996873,-0.39690199999995457,-0.2939759999999296,-0.3454389999999421
2021-08-27 10:00:00,2737.290849,2736.892116,2736.997726,-0.3987329999999929,-0.2931229999999232,-0.34592799999995805
2021-08-27 10:15:00,2737.290266,2736.888791,2736.997143,-0.4014750000001186,-0.2931229999999232,-0.3472990000000209
2021-08-27 10:30:00,2737.289683,2736.892699,2736.99831,-0.3969839999999749,-0.2913730000000214,-0.34417849999999817
2021-08-27 10:45:00,2737.289683,2736.889958,2736.995707,-0.3997249999997621,-0.2939759999999296,-0.34685049999984585
2021-08-27 11:00:00,2737.287933,2736.894679,2736.99339,-0.39325400000006994,-0.294542999999976,-0.343898500000023
2021-08-27 11:15:00,2737.288903,2736.892909,2736.996965,-0.3959939999999733,-0.29193800000030024,-0.3439660000001368
2021-08-27 11:30:00,2737.289093,2736.894851,2736.99772,-0.3942419999998492,-0.2913730000000214,-0.3428074999999353
2021-08-27 11:45:00,2737.285594,2736.8931,2736.995993,-0.39249400000016976,-0.2896009999999478,-0.3410475000000588
2021-08-27 12:00:00,2737.285011,2736.892517,2736.995411,-0.392493999999715,-0.28960000000006403,-0.3410469999998895
2021-08-27 12:15:00,2737.285011,2736.890433,2736.993661,-0.3945779999999104,-0.2913499999999658,-0.3429639999999381
2021-08-27 12:30:00,2737.287733,2736.89174,2736.997807,-0.3959930000000895,-0.2899259999999231,-0.3429595000000063
2021-08-27 12:45:00,2737.284821,2736.890176,2736.994938,-0.39464500000030966,-0.2898830000003727,-0.3422640000003412
2021-08-27 13:00:00,2737.282685,2736.891688,2736.995121,-0.3909969999999703,-0.2875640000002022,-0.33928050000008625
2021-08-27 13:30:00,2737.285211,2736.891557,2736.996181,-0.39365399999996953,-0.2890299999999115,-0.3413419999999405
2021-08-27 13:45:00,2737.284624,2736.88998,2736.996447,-0.39464399999997113,-0.2881769999999051,-0.3414104999999381
2021-08-27 14:00:00,2737.28676,2736.890701,2736.995981,-0.39605900000015026,-0.2907789999999295,-0.3434190000000399
2021-08-27 14:15:00,2737.283651,2736.889007,2736.994621,-0.39464399999997113,-0.28903000000036627,-0.3418370000001687
2021-08-27 14:30:00,2737.285014,2736.89037,2736.995983,-0.39464399999997113,-0.28903100000025006,-0.3418375000001106
2021-08-27 14:45:00,2737.285987,2736.891344,2736.996956,-0.39464300000008734,-0.28903100000025006,-0.3418370000001687
2021-08-27 15:00:00,2737.285601,2736.891865,2736.995435,-0.39373599999998987,-0.29016600000022663,-0.34195100000010825
2021-08-27 15:30:00,2737.28832,2736.892655,2736.996359,-0.39566500000000815,-0.2919609999999011,-0.3438129999999546
2021-08-27 15:45:00,2737.287344,2736.89442,2736.994531,-0.39292399999976624,-0.29281300000002375,-0.342868499999895
2021-08-27 16:00:00,2737.28734,2736.892845,2736.996262,-0.39449500000000626,-0.29107799999974304,-0.34278649999987465
2021-08-27 16:15:00,2737.287923,2736.890688,2736.994243,-0.39723499999990963,-0.29367999999976746,-0.34545749999983855
2021-08-27 16:30:00,2737.290646,2736.895393,2736.996069,-0.39525300000013885,-0.29457700000011755,-0.3449150000001282
2021-08-27 16:45:00,2737.289869,2736.892635,2736.997042,-0.39723400000002584,-0.2928270000002158,-0.3450305000001208
2021-08-27 17:00:00,2737.287923,2736.89069,2736.997699,-0.3972329999996873,-0.2902239999998528,-0.34372849999977007
2021-08-27 17:15:00,2737.288313,2736.892829,2736.998986,-0.39548400000012407,-0.2893269999999575,-0.3424055000000408
2021-08-27 17:30:00,2737.289093,2736.894599,2737.000619,-0.3944939999996677,-0.28847399999995105,-0.3414839999998094
2021-08-27 17:45:00,2737.288703,2736.893219,2737.000229,-0.39548400000012407,-0.28847399999995105,-0.34197900000003756
2021-08-27 18:00:00,2737.289673,2736.892439,2737.002052,-0.39723400000002584,-0.28762100000039936,-0.3424275000002126
2021-08-27 18:15:00,2737.28734,2736.890104,2736.999719,-0.3972359999997934,-0.2876209999999446,-0.342428499999869
2021-08-27 18:30:00,2737.286174,2736.892438,2736.996846,-0.39373599999998987,-0.28932799999984127,-0.34153199999991557
2021-08-27 18:45:00,2737.28734,2736.891854,2736.998865,-0.39548599999989165,-0.28847499999983484,-0.34198049999986324
2021-08-27 19:00:00,2737.287537,2736.892051,2736.999349,-0.3954860000003464,-0.288187999999991,-0.3418370000001687
2021-08-27 19:15:00,2737.286767,2736.894684,2736.996556,-0.39208300000018426,-0.29021099999999933,-0.3411470000000918
2021-08-27 19:30:00,2737.285794,2736.890307,2736.995582,-0.39548699999977543,-0.2902119999998831,-0.3428494999998293
2021-08-27 19:45:00,2737.290263,2736.895851,2736.998303,-0.3944119999996474,-0.2919600000000173,-0.34318599999983235
2021-08-27 20:00:00,2737.291429,2736.896028,2736.996296,-0.3954009999997652,-0.295133000000078,-0.3452669999999216
2021-08-27 20:30:00,2737.291819,2736.893742,2736.997822,-0.39807699999983015,-0.29399700000021767,-0.3460370000000239
2021-08-27 20:45:00,2737.289683,2736.89643,2736.996558,-0.39325300000018615,-0.2931250000001455,-0.34318900000016583
2021-08-27 21:00:00,2737.293375,2736.895715,2736.996186,-0.39766000000008717,-0.2971890000003441,-0.34742450000021563
2021-08-27 21:15:00,2737.28793,2736.895848,2737.000012,-0.3920819999998457,-0.28791799999999057,-0.33999999999991815
2021-08-27 21:30:00,2737.289683,2736.896513,2736.997426,-0.39316999999982727,-0.29225700000006327,-0.34271349999994527
2021-08-27 21:45:00,2737.291239,2736.89807,2737.000733,-0.3931689999999435,-0.2905060000002777,-0.3418375000001106
2021-08-27 22:00:00,2737.290266,2736.898845,2736.999179,-0.3914209999998093,-0.2910870000000614,-0.34125399999993533
2021-08-27 22:15:00,2737.289486,2736.898065,2736.997239,-0.39142100000026403,-0.2922470000003159,-0.34183400000028996
2021-08-27 22:30:00,2737.289483,2736.898971,2736.996953,-0.39051199999994424,-0.2925300000001698,-0.34152100000005703
2021-08-27 22:45:00,2737.289096,2736.90099,2736.996566,-0.3881059999998797,-0.2925300000001698,-0.34031800000002477
2021-08-27 23:00:00,2737.290069,2736.900214,2736.997541,-0.38985500000035245,-0.2925279999999475,-0.34119150000014997
2021-08-27 23:15:00,2737.293182,2736.902172,2736.996871,-0.3910099999998238,-0.2963110000000597,-0.34366049999994175
2021-08-27 23:30:00,2737.293182,2736.903328,2736.996301,-0.3898540000000139,-0.2968809999997575,-0.3433674999998857
2021-08-28 00:00:00,2737.2891,2736.903734,2736.997141,-0.38536599999997634,-0.29195900000013353,-0.33866250000005493
2021-08-28 00:15:00,2737.28871,2736.899613,2736.999354,-0.3890969999997651,-0.2893559999997706,-0.33922649999976784
2021-08-28 00:30:00,2737.289679,2736.895435,2736.99715,-0.39424400000007154,-0.2925289999998313,-0.3433864999999514
2021-08-28 00:45:00,2737.291622,2736.898369,2736.997343,-0.39325300000018615,-0.2942790000001878,-0.343766000000187
2021-08-28 01:00:00,2737.292009,2736.896015,2736.998584,-0.3959939999999733,-0.29342499999984284,-0.3447094999999081
2021-08-28 01:15:00,2737.289093,2736.894848,2736.999166,-0.3942449999999553,-0.28992699999980687,-0.3420859999998811
2021-08-28 01:30:00,2737.290066,2736.889513,2736.998391,-0.4005529999999453,-0.29167499999994106,-0.3461139999999432
2021-08-28 01:45:00,2737.290846,2736.893035,2736.999171,-0.3978109999998196,-0.29167499999994106,-0.34474299999988034
2021-08-28 02:00:00,2737.292012,2736.893108,2736.998586,-0.39890399999967485,-0.2934259999997266,-0.34616499999970074
2021-08-28 02:30:00,2737.292012,2736.892117,2737.00119,-0.399895000000015,-0.29082199999993463,-0.3453584999999748
2021-08-28 03:15:00,2737.292402,2736.890675,2736.998695,-0.4017269999999371,-0.293706999999813,-0.34771699999987504
2021-08-28 03:30:00,2737.291042,2736.892897,2737.001688,-0.39814499999965847,-0.289354000000003,-0.34374949999983073
2021-08-28 03:45:00,2737.292012,2736.891127,2737.000337,-0.4008850000000166,-0.29167499999994106,-0.3462799999999788
2021-08-28 04:00:00,2737.292402,2736.890675,2736.998124,-0.4017269999999371,-0.29427799999984927,-0.3480024999998932
2021-08-28 04:15:00,2737.291432,2736.891455,2736.997155,-0.39997700000003533,-0.2942769999999655,-0.3471270000000004
2021-08-28 04:30:00,2737.289683,2736.889705,2736.998008,-0.3999779999999191,-0.29167499999994106,-0.3458264999999301
2021-08-28 04:45:00,2737.292015,2736.889297,2737.00034,-0.4027179999998225,-0.29167499999994106,-0.3471964999998818
2021-08-28 05:00:00,2737.290266,2736.892038,2736.999487,-0.39822800000001735,-0.2907789999999295,-0.34450349999997343
2021-08-28 05:15:00,2737.293182,2736.893205,2736.999474,-0.39997700000003533,-0.29370799999969677,-0.34684249999986605
2021-08-28 06:15:00,2737.292598,2736.892622,2737.000641,-0.39997600000015154,-0.2919569999999112,-0.3459665000000314
2021-08-28 06:30:00,2737.292209,2736.892232,2737.001105,-0.39997700000003533,-0.2911040000003595,-0.3455405000001974
2021-08-28 06:45:00,2737.289679,2736.894275,2736.99772,-0.3954039999998713,-0.29195900000013353,-0.3436815000000024
2021-08-28 07:00:00,2737.292012,2736.893867,2736.998588,-0.3981450000001132,-0.29342399999995905,-0.34578450000003613
2021-08-28 07:30:00,2737.292012,2736.896609,2736.998587,-0.3954029999999875,-0.29342499999984284,-0.3444139999999152
2021-08-28 07:45:00,2737.293178,2736.896359,2737.000607,-0.39681900000005044,-0.2925709999999526,-0.34469500000000153
2021-08-28 08:00:00,2737.289873,2736.891071,2736.99905,-0.39880200000015975,-0.29082300000027317,-0.34481250000021646
2021-08-28 08:15:00,2737.289483,2736.890681,2736.99866,-0.39880200000015975,-0.2908229999998184,-0.3448124999999891
2021-08-28 08:30:00,2737.291622,2736.893812,2736.999947,-0.3978100000003906,-0.2916750000003958,-0.3447425000003932
2021-08-28 08:45:00,2737.289093,2736.893858,2736.999167,-0.3952349999999569,-0.2899259999999231,-0.34258049999994
2021-08-28 09:00:00,2737.290259,2736.891459,2736.997161,-0.3987999999999374,-0.2930980000001,-0.3459490000000187
2021-08-28 09:15:00,2737.290842,2736.889301,2736.995994,-0.4015409999997246,-0.2948480000000018,-0.3481944999998632
2021-08-28 09:30:00,2737.290842,2736.892108,2736.994243,-0.3987339999998767,-0.29659899999978734,-0.347666499999832
2021-08-28 09:45:00,2737.290259,2736.890535,2736.998014,-0.3997239999998783,-0.29224500000009357,-0.34598449999998593
2021-08-28 10:15:00,2737.287344,2736.89386,2736.996847,-0.3934839999997166,-0.29049699999995937,-0.341990499999838
2021-08-28 10:30:00,2737.28676,2736.894266,2736.992807,-0.39249400000016976,-0.293952999999874,-0.3432235000000219
2021-08-28 10:45:00,2737.286177,2736.890942,2736.993077,-0.3952349999999569,-0.2930999999998676,-0.34416749999991225
2021-08-28 11:00:00,2737.287927,2736.893684,2736.994827,-0.394242999999733,-0.2930999999998676,-0.3436714999998003
2021-08-28 11:30:00,2737.287344,2736.887552,2736.994813,-0.3997919999997066,-0.2925310000000536,-0.3461614999998801
2021-08-28 12:00:00,2737.285984,2736.888932,2736.9926,-0.397052000000258,-0.29338400000006004,-0.345218000000159
2021-08-28 12:15:00,2737.286374,2736.889322,2736.995594,-0.39705199999980323,-0.2907799999998133,-0.34391599999980826
2021-08-28 12:45:00,2737.285014,2736.883137,2736.99163,-0.4018770000002405,-0.29338400000006004,-0.3476305000001503
2021-08-28 13:00:00,2737.283848,2736.883721,2736.993066,-0.400126999999884,-0.2907820000000356,-0.3454544999999598
2021-08-28 13:15:00,2737.285987,2736.886852,2736.993456,-0.3991350000001148,-0.2925310000000536,-0.3458330000000842
2021-08-28 13:30:00,2737.286767,2736.88854,2736.991633,-0.39822700000013356,-0.2951339999999618,-0.3466805000000477
2021-08-28 14:00:00,2737.285601,2736.885392,2736.994537,-0.40020899999990434,-0.29106400000000576,-0.34563649999995505
2021-08-28 14:15:00,2737.283851,2736.889125,2736.991934,-0.3947259999999915,-0.2919170000000122,-0.34332150000000183
2021-08-28 14:45:00,2737.284818,2736.890172,2736.993173,-0.39464600000019345,-0.2916450000002442,-0.3431455000002188
2021-08-28 15:00:00,2737.287923,2736.892437,2736.992493,-0.39548599999989165,-0.29542999999966923,-0.34545799999978044
2021-08-28 15:30:00,2737.287147,2736.891662,2736.99607,-0.39548500000000786,-0.29107699999985925,-0.34328099999993356
2021-08-28 15:45:00,2737.282872,2736.893625,2736.995293,-0.3892470000000685,-0.28757900000027803,-0.33841300000017327
2021-08-28 16:30:00,2737.286757,2736.89127,2736.99251,-0.39548699999977543,-0.29424699999981385,-0.34486699999979464
2021-08-28 16:45:00,2737.286564,2736.891077,2736.994633,-0.39548699999977543,-0.2919310000002042,-0.34370899999998983
2021-08-28 17:00:00,2737.287344,2736.89252,2736.994516,-0.3948239999999714,-0.2928279999996448,-0.3438259999998081
2021-08-28 17:15:00,2737.289093,2736.887301,2736.993663,-0.4017919999996593,-0.29542999999966923,-0.3486109999996643
2021-08-28 17:45:00,2737.289286,2736.887495,2736.993856,-0.40179100000023027,-0.295430000000124,-0.3486105000001771
2021-08-28 18:00:00,2737.288706,2736.893221,2736.994143,-0.39548500000000786,-0.2945629999999255,-0.3450239999999667
2021-08-28 18:15:00,2737.286767,2736.890291,2736.993953,-0.39647599999989325,-0.29281399999990754,-0.3446449999999004
2021-08-28 18:30:00,2737.2891,2736.890875,2737.000596,-0.39822499999991123,-0.2885040000001027,-0.34336450000000696
2021-08-28 18:45:00,2737.286567,2736.89009,2736.996342,-0.3964770000002318,-0.29022500000019136,-0.34335100000021157
2021-08-28 19:00:00,2737.28909,2736.890865,2736.996263,-0.398225000000366,-0.2928270000002158,-0.3455260000002909
2021-08-28 19:15:00,2737.28734,2736.891855,2736.994511,-0.39548500000000786,-0.29282899999998335,-0.3441569999999956
2021-08-28 19:30:00,2737.287923,2736.892438,2736.995949,-0.39548500000000786,-0.2919739999997546,-0.3437294999998812
2021-08-28 19:45:00,2737.289093,2736.890688,2736.995096,-0.3984049999999115,-0.2939969999997629,-0.3462009999998372
2021-08-28 20:00:00,2737.2889,2736.891665,2736.995189,-0.39723499999990963,-0.2937109999998029,-0.34547299999985626
2021-08-28 20:15:00,2737.288903,2736.8935,2736.997796,-0.3954029999999875,-0.2911070000000109,-0.3432549999999992
2021-08-28 20:30:00,2737.289293,2736.891067,2736.995583,-0.398225999999795,-0.2937099999999191,-0.34596799999985706
2021-08-28 20:45:00,2737.290846,2736.890952,2736.995386,-0.39989399999967645,-0.29545999999982087,-0.34767699999974866
2021-08-28 21:00:00,2737.28929,2736.891147,2736.995864,-0.39814300000034564,-0.2934260000001814,-0.3457845000002635
2021-08-28 21:15:00,2737.292009,2736.889545,2736.998583,-0.40246399999978166,-0.2934259999997266,-0.34794499999975415
2021-08-28 21:30:00,2737.290842,2736.887551,2736.995666,-0.4032910000000811,-0.29517600000008315,-0.34923350000008213
2021-08-28 21:45:00,2737.290456,2736.887165,2736.998756,-0.4032910000000811,-0.291700000000219,-0.34749550000015006
2021-08-28 22:00:00,2737.291819,2736.885787,2736.998369,-0.4060319999998683,-0.2934500000001208,-0.34974099999999453
2021-08-28 22:30:00,2737.291432,2736.882659,2736.998835,-0.4087730000001102,-0.29259700000011435,-0.35068500000011227
2021-08-28 22:45:00,2737.293182,2736.886226,2736.997981,-0.40695599999980914,-0.29520099999990634,-0.35107849999985774
2021-08-28 23:00:00,2737.290849,2736.884815,2736.997399,-0.4060340000000906,-0.2934500000001208,-0.3497420000001057
2021-08-28 23:15:00,2737.2891,2736.882075,2736.995649,-0.407024999999976,-0.29345100000000457,-0.3502379999999903
2021-08-28 23:30:00,2737.292015,2736.882646,2736.997099,-0.4093689999999697,-0.2949159999998301,-0.3521424999998999
2021-08-28 23:45:00,2737.291432,2736.884474,2736.998836,-0.40695800000003146,-0.2925959999997758,-0.34977699999990364
2021-08-29 00:00:00,2737.292598,2736.885969,2736.997682,-0.4066290000000663,-0.2949159999998301,-0.3507724999999482
2021-08-29 00:15:00,2737.292015,2736.889959,2736.999701,-0.40205599999990227,-0.2923139999998057,-0.34718499999985397
2021-08-29 00:30:00,2737.290266,2736.890541,2736.998849,-0.3997249999997621,-0.29141699999991033,-0.3455709999998362
2021-08-29 00:45:00,2737.293182,2736.886225,2737.000016,-0.4069569999996929,-0.2931659999999283,-0.3500614999998106
2021-08-29 01:30:00,2737.293182,2736.885399,2736.996258,-0.4077830000001086,-0.2969239999997626,-0.3523534999999356
2021-08-29 01:45:00,2737.291432,2736.888206,2736.997983,-0.40322599999990416,-0.29344899999978225,-0.3483374999998432
2021-08-29 02:15:00,2737.292402,2736.886369,2736.99808,-0.4060330000002068,-0.29432200000019293,-0.35017750000019987
2021-08-29 02:30:00,2737.294924,2736.887143,2736.998853,-0.40778099999988626,-0.29607099999975617,-0.3519259999998212
2021-08-29 02:45:00,2737.294341,2736.889299,2737.000873,-0.4050419999998667,-0.29346799999984796,-0.3492549999998573
2021-08-29 03:00:00,2737.292009,2736.884986,2737.000291,-0.40702299999975367,-0.2917179999999462,-0.3493704999998499
2021-08-29 03:15:00,2737.293175,2736.883411,2736.998855,-0.4097639999999956,-0.2943199999999706,-0.3520419999999831
2021-08-29 03:30:00,2737.296091,2736.886559,2737.00002,-0.4095320000001266,-0.2960710000002109,-0.35280150000016874
2021-08-29 03:45:00,2737.292592,2736.892041,2737.000022,-0.400550999999723,-0.2925699999996141,-0.34656049999966854
2021-08-29 04:00:00,2737.294731,2736.88969,2737.001265,-0.4050409999999829,-0.2934660000000804,-0.34925350000003164
2021-08-29 04:15:00,2737.292012,2736.891128,2736.997734,-0.40088399999967805,-0.29427799999984927,-0.34758099999976366
2021-08-29 04:30:00,2737.293371,2736.89008,2737.000801,-0.4032910000000811,-0.29257000000006883,-0.34793050000007497
2021-08-29 04:45:00,2737.294341,2736.889301,2737.000021,-0.40503999999964435,-0.2943199999999706,-0.3496799999998075
2021-08-29 05:15:00,2737.294344,2736.886563,2737.000024,-0.40778099999988626,-0.2943199999999706,-0.35105049999992843
2021-08-29 05:45:00,2737.296094,2736.890063,2736.999171,-0.4060309999999845,-0.2969229999998788,-0.35147699999993165
2021-08-29 06:00:00,2737.296677,2736.894378,2737.002358,-0.4022989999998572,-0.29431899999963207,-0.34830899999974463
2021-08-29 06:15:00,2737.295511,2736.892221,2737.000338,-0.4032899999997426,-0.29517299999997704,-0.3492314999998598
2021-08-29 06:30:00,2737.295121,2736.89084,2736.999948,-0.4042810000000827,-0.29517299999997704,-0.3497270000000299
2021-08-29 06:45:00,2737.297257,2736.891294,2736.999765,-0.40596300000015617,-0.2974920000001475,-0.35172750000015185
2021-08-29 07:00:00,2737.295507,2736.889543,2736.998584,-0.40596400000003996,-0.2969229999998788,-0.3514434999999594
2021-08-29 07:15:00,2737.296091,2736.892868,2737.001177,-0.4032230000002528,-0.2949140000000625,-0.34906850000015766
2021-08-29 07:30:00,2737.294341,2736.893858,2736.997419,-0.4004829999998947,-0.296921999999995,-0.34870249999994485
2021-08-29 08:00:00,2737.296091,2736.894619,2736.998574,-0.4014720000000125,-0.2975169999999707,-0.3494944999999916
2021-08-29 08:15:00,2737.295121,2736.893648,2737.000207,-0.4014729999998963,-0.2949140000000625,-0.3481934999999794
2021-08-29 08:30:00,2737.293765,2736.89163,2736.997996,-0.4021349999998165,-0.2957689999998365,-0.3489519999998265
2021-08-29 08:45:00,2737.295517,2736.889473,2736.999432,-0.406043999999838,-0.2960849999999482,-0.3510644999998931
2021-08-29 09:00:00,2737.294351,2736.891046,2736.997412,-0.4033049999998184,-0.2969389999998384,-0.3501219999998284
2021-08-29 09:15:00,2737.290849,2736.888714,2736.997683,-0.4021349999998165,-0.2931659999999283,-0.3476504999998724
2021-08-29 09:30:00,2737.292602,2736.887547,2736.995662,-0.4050550000001749,-0.29694000000017695,-0.35099750000017593
2021-08-29 09:45:00,2737.291432,2736.887397,2736.998265,-0.4040350000000217,-0.2931669999998121,-0.3486009999999169
2021-08-29 10:15:00,2737.291042,2736.889748,2736.997875,-0.40129399999977977,-0.2931669999998121,-0.34723049999979594
2021-08-29 10:30:00,2737.289679,2736.886636,2736.99391,-0.40304299999979776,-0.2957689999998365,-0.34940599999981714
2021-08-29 10:45:00,2737.287154,2736.884868,2736.994882,-0.4022860000000037,-0.2922720000001391,-0.3472790000000714
2021-08-29 11:00:00,2737.287933,2736.886639,2736.993913,-0.4012940000002345,-0.2940200000002733,-0.3476570000002539
2021-08-29 11:30:00,2737.285018,2736.88539,2736.994495,-0.39962800000012066,-0.2905230000001211,-0.3450755000001209
2021-08-29 11:45:00,2737.28735,2736.886815,2736.996829,-0.40053500000021813,-0.2905209999998988,-0.34552800000005846
2021-08-29 12:30:00,2737.286767,2736.885392,2736.993642,-0.4013749999999163,-0.2931250000001455,-0.3472500000000309
2021-08-29 13:15:00,2737.285018,2736.88539,2736.996245,-0.39962800000012066,-0.2887730000002193,-0.34420050000017
2021-08-29 13:30:00,2737.286184,2736.887979,2736.993956,-0.39820499999996173,-0.2922280000002502,-0.34521650000010595
2021-08-29 14:00:00,2737.289683,2736.889298,2736.994809,-0.4003849999999147,-0.2948740000001635,-0.3476295000000391
2021-08-29 14:15:00,2737.286767,2736.88714,2736.996815,-0.3996270000002369,-0.2899520000000848,-0.34478950000016084
2021-08-29 14:30:00,2737.28832,2736.886617,2736.997496,-0.4017029999999977,-0.29082400000015696,-0.34626350000007733
2021-08-29 14:45:00,2737.286177,2736.886222,2736.997956,-0.3999549999998635,-0.288220999999794,-0.34408799999982875
2021-08-29 15:00:00,2737.288317,2736.884796,2736.99546,-0.40352100000018254,-0.29285699999991266,-0.3481890000000476
2021-08-29 15:15:00,2737.289096,2736.881994,2736.99624,-0.40710200000012264,-0.29285600000002887,-0.34997900000007576
2021-08-29 15:30:00,2737.286181,2736.883567,2736.997676,-0.40261400000008507,-0.28850499999998647,-0.34555950000003577
2021-08-29 15:45:00,2737.286181,2736.884224,2736.995073,-0.40195700000003853,-0.2911079999998947,-0.3465324999999666
2021-08-29 16:00:00,2737.286764,2736.88839,2736.998261,-0.3983739999998761,-0.28850299999976414,-0.3434384999998201
2021-08-29 16:15:00,2737.287154,2736.88878,2736.996046,-0.3983739999998761,-0.2911079999998947,-0.3447409999998854
2021-08-29 16:30:00,2737.28696,2736.888587,2736.995853,-0.3983729999999923,-0.2911070000000109,-0.3447400000000016
2021-08-29 16:45:00,2737.285597,2736.888132,2736.997094,-0.39746500000001106,-0.2885030000002189,-0.342984000000115
2021-08-29 17:15:00,2737.285014,2736.889382,2736.993906,-0.39563200000020515,-0.2911079999998947,-0.3433700000000499
2021-08-29 17:45:00,2737.284431,2736.890883,2736.995927,-0.3935480000000098,-0.2885040000001027,-0.34102600000005623
2021-08-29 18:00:00,2737.286764,2736.889383,2736.993336,-0.3973809999997684,-0.29342799999994895,-0.34540449999985867
2021-08-29 18:15:00,2737.285791,2736.891149,2736.992362,-0.3946419999997488,-0.29342899999983274,-0.3440354999997908
2021-08-29 18:30:00,2737.285791,2736.888743,2736.994112,-0.39704799999981333,-0.29167899999993097,-0.34436349999987215
2021-08-29 18:45:00,2737.289683,2736.892883,2736.997411,-0.3967999999999847,-0.2922720000001391,-0.3445360000000619
2021-08-29 19:00:00,2737.28735,2736.888716,2736.994205,-0.39863400000012916,-0.293145000000095,-0.3458895000001121
2021-08-29 19:15:00,2737.287543,2736.887158,2736.992668,-0.4003849999999147,-0.2948750000000473,-0.347629999999981
2021-08-29 19:30:00,2737.291236,2736.890934,2736.995464,-0.4003020000000106,-0.29577199999994264,-0.3480369999999766
2021-08-29 19:45:00,2737.289486,2736.894336,2736.996912,-0.3951500000002852,-0.29257400000005873,-0.343862000000172
2021-08-29 20:00:00,2737.28676,2736.891527,2736.995936,-0.3952329999997346,-0.29082400000015696,-0.3430284999999458
2021-08-29 20:15:00,2737.287927,2736.892694,2736.994499,-0.3952329999997346,-0.29342799999994895,-0.3443304999998418
2021-08-29 20:45:00,2737.288706,2736.893474,2736.996132,-0.3952319999998508,-0.292573999999604,-0.3439029999997274
2021-08-29 21:00:00,2737.289683,2736.89544,2736.997962,-0.39424300000018775,-0.2917210000000523,-0.34298200000012
2021-08-29 21:15:00,2737.289293,2736.897971,2736.997874,-0.39132199999994555,-0.2914189999996779,-0.3413704999998117
2021-08-29 21:30:00,2737.2891,2736.89943,2736.996512,-0.3896700000000237,-0.292587999999796,-0.34112899999990987
2021-08-29 21:45:00,2737.291432,2736.894531,2736.997947,-0.3969010000000708,-0.2934850000001461,-0.34519300000010844
2021-08-29 22:15:00,2737.289293,2736.896882,2736.996705,-0.3924109999998109,-0.292587999999796,-0.34249949999980345
2021-08-29 22:30:00,2737.28793,2736.891786,2736.996195,-0.39614399999982197,-0.2917349999997896,-0.3439394999998058
2021-08-29 22:45:00,2737.287347,2736.89576,2736.994758,-0.3915870000000723,-0.29258900000013455,-0.3420880000001034
2021-08-29 23:00:00,2737.290652,2736.895501,2736.996315,-0.395151000000169,-0.29433700000026874,-0.3447440000002189
2021-08-29 23:15:00,2737.287933,2736.894529,2736.995345,-0.3934039999999186,-0.29258800000025076,-0.3429960000000847
2021-08-29 23:30:00,2737.288516,2736.895114,2736.994178,-0.393402000000151,-0.29433800000015253,-0.3438700000001518
2021-08-29 23:45:00,2737.289683,2736.89529,2736.997096,-0.3943930000000364,-0.2925869999999122,-0.3434899999999743
2021-08-30 00:00:00,2737.289683,2736.896281,2736.997949,-0.393402000000151,-0.2917339999999058,-0.3425680000000284
2021-08-30 00:15:00,2737.290266,2736.894123,2736.998532,-0.3961429999999382,-0.2917339999999058,-0.343938499999922
2021-08-30 00:30:00,2737.290652,2736.89568,2736.997486,-0.3949720000000525,-0.2931659999999283,-0.3440689999999904
2021-08-30 00:45:00,2737.28871,2736.88931,2736.996112,-0.3993999999997868,-0.29259799999999814,-0.3459989999998925
2021-08-30 01:15:00,2737.292015,2736.889549,2736.995929,-0.402466000000004,-0.296085999999832,-0.349275999999918
2021-08-30 01:30:00,2737.287154,2736.885773,2736.996305,-0.40138100000012855,-0.29084899999998015,-0.34611500000005435
2021-08-30 01:45:00,2737.2891,2736.88871,2736.997683,-0.4003899999997884,-0.29141699999991033,-0.3459034999998494
2021-08-30 02:00:00,2737.291819,2736.886611,2736.998349,-0.4052080000001297,-0.2934700000000703,-0.3493390000001
2021-08-30 02:15:00,2737.287927,2736.888959,2736.997103,-0.398967999999968,-0.2908239999997022,-0.3448959999998351
2021-08-30 02:30:00,2737.289676,2736.884401,2736.999706,-0.4052750000000742,-0.289969999999812,-0.3476224999999431
2021-08-30 02:45:00,2737.290259,2736.887725,2736.998258,-0.4025339999998323,-0.2920009999998001,-0.3472674999998162
2021-08-30 03:00:00,2737.290066,2736.886541,2736.999243,-0.40352500000017244,-0.2908229999998184,-0.34717399999999543
2021-08-30 03:15:00,2737.292012,2736.886738,2736.99944,-0.4052739999997357,-0.2925719999998364,-0.34892299999978604
2021-08-30 03:30:00,2737.288513,2736.884987,2736.997408,-0.40352600000005623,-0.29110499999978856,-0.3473154999999224
2021-08-30 03:45:00,2737.288513,2736.885978,2736.998261,-0.40253500000017084,-0.29025199999978213,-0.3463934999999765
2021-08-30 04:00:00,2737.287347,2736.883739,2736.999697,-0.40360800000007657,-0.2876499999997577,-0.34562899999991714
2021-08-30 05:00:00,2737.290652,2736.888118,2736.998651,-0.40253400000028705,-0.29200100000025486,-0.34726750000027096
2021-08-30 05:15:00,2737.291432,2736.887722,2736.999431,-0.4037100000000464,-0.2920009999998001,-0.34785549999992327
2021-08-30 05:30:00,2737.291432,2736.887066,2736.998578,-0.40436600000020917,-0.29285399999980655,-0.34861000000000786
2021-08-30 05:45:00,2737.288516,2736.884909,,-0.4036070000001928,,-0.4036070000001928
2021-08-30 06:00:00,2737.292598,2736.888232,2736.999745,-0.40436600000020917,-0.29285299999992276,-0.34860950000006596
2021-08-30 06:15:00,2737.291432,2736.887065,2737.001181,-0.40436700000009296,-0.29025099999989834,-0.34730899999999565
2021-08-30 06:30:00,2737.289293,2736.888509,2736.998188,-0.40078399999993053,-0.29110499999978856,-0.34594449999985954
2021-08-30 07:15:00,2737.290846,2736.888312,2736.99742,-0.4025339999998323,-0.2934259999997266,-0.34797999999977947
2021-08-30 07:30:00,2737.290846,2736.885572,2736.998273,-0.4052739999997357,-0.2925729999997202,-0.34892349999972794
2021-08-30 07:45:00,2737.289679,2736.884322,2736.996255,-0.40535700000009456,-0.29342399999995905,-0.3493905000000268
2021-08-30 08:15:00,2737.292012,2736.882165,2736.995088,-0.4098469999998997,-0.2969239999997626,-0.35338549999983115
2021-08-30 08:30:00,2737.28793,2736.882573,2736.997107,-0.40535700000009456,-0.2908229999998184,-0.3480899999999565
2021-08-30 08:45:00,2737.286764,2736.881406,2736.99594,-0.40535799999997835,-0.29082400000015696,-0.34809100000006765
2021-08-30 09:00:00,2737.289096,2736.88199,2736.993067,-0.40710600000011254,-0.2960290000000896,-0.35156750000010106
2021-08-30 09:30:00,2737.286764,2736.881072,2736.992483,-0.4056919999998172,-0.2942809999999554,-0.3499864999998863
2021-08-30 10:00:00,2737.287347,2736.879905,2736.997946,-0.4074420000001737,-0.289400999999998,-0.34842150000008587
2021-08-30 10:30:00,2737.286764,2736.878665,2736.992157,-0.4080989999997655,-0.29460699999981443,-0.35135299999978997
2021-08-30 11:00:00,2737.285987,2736.878796,2736.993131,-0.407191000000239,-0.29285600000002887,-0.35002350000013394
2021-08-30 11:15:00,2737.286184,2736.8814,2736.995076,-0.40478399999983594,-0.2911079999998947,-0.3479459999998653
2021-08-30 11:30:00,2737.285794,2736.87827,2736.99554,-0.4075239999997393,-0.29025400000000445,-0.3488889999998719
2021-08-30 11:45:00,2737.284821,2736.877296,2736.993714,-0.40752500000007785,-0.2911070000000109,-0.34931600000004437
2021-08-30 12:00:00,2737.284821,2736.879047,2736.996029,-0.4057740000002923,-0.28879200000028504,-0.34728300000028867
2021-08-30 12:15:00,2737.285208,2736.878279,2736.993813,-0.4069289999997636,-0.2913949999997385,-0.34916199999975106
2021-08-30 12:30:00,2737.284818,2736.874568,2736.995446,-0.4102499999999054,-0.2893720000001849,-0.34981100000004517
2021-08-30 12:45:00,2737.285591,2736.874679,2736.996219,-0.41091199999982564,-0.2893719999997302,-0.3501419999997779
2021-08-30 13:00:00,2737.283648,2736.875148,2736.993422,-0.40850000000000364,-0.29022600000007515,-0.3493630000000394
2021-08-30 13:30:00,2737.285398,2736.875066,2736.993139,-0.41033199999992576,-0.29225899999983085,-0.3512954999998783
2021-08-30 13:45:00,2737.287344,2736.878004,2736.995939,-0.40933999999970183,-0.29140499999994063,-0.35037249999982123
2021-08-30 14:00:00,2737.285011,2736.876431,2736.993606,-0.40857999999980166,-0.29140499999994063,-0.34999249999987114
2021-08-30 14:15:00,2737.283651,2736.871487,2736.991392,-0.4121640000003026,-0.2922590000002856,-0.3522115000002941
2021-08-30 14:30:00,2737.284041,2736.874617,2736.989179,-0.4094239999999445,-0.29486199999973906,-0.3521429999998418
2021-08-30 14:45:00,2737.285594,2736.875264,2736.995086,-0.4103300000001582,-0.2905080000000453,-0.35041900000010173
2021-08-30 15:00:00,2737.286177,2736.874097,2736.993022,-0.41208000000005995,-0.2931549999998424,-0.3526174999999512
2021-08-30 15:15:00,2737.286567,2736.872655,2736.993129,-0.41391199999998207,-0.2934380000001511,-0.3536750000000666
2021-08-30 15:30:00,2737.287733,2736.877224,2736.993726,-0.4105090000002747,-0.29400699999996505,-0.35225800000011986
2021-08-30 15:45:00,2737.287923,2736.876424,2736.996236,-0.41149899999982154,-0.29168699999991077,-0.35159299999986615
2021-08-30 16:00:00,2737.286757,2736.87344,2736.992466,-0.4133170000000064,-0.29429099999970276,-0.35380399999985457
2021-08-30 16:15:00,2737.287923,2736.875596,2736.993633,-0.4123270000000048,-0.294289999999819,-0.3533084999999119
2021-08-30 17:00:00,2737.284425,2736.873846,2736.992745,-0.4105789999998706,-0.29167999999981475,-0.35112949999984266
2021-08-30 17:15:00,2737.285398,2736.87482,2736.993719,-0.4105779999999868,-0.29167899999993097,-0.3511284999999589
2021-08-30 17:30:00,2737.287344,2736.874025,2736.996519,-0.41331899999977395,-0.29082500000004075,-0.35207199999990735
2021-08-30 17:45:00,2737.28676,2736.876183,2736.995082,-0.410577000000103,-0.2916780000000472,-0.3511275000000751
2021-08-30 18:00:00,2737.286177,2736.872858,2736.996239,-0.41331899999977395,-0.2899379999998928,-0.35162849999983337
2021-08-30 18:15:00,2737.285011,2736.872452,2736.995935,-0.4125589999998738,-0.28907600000002276,-0.35081749999994827
2021-08-30 19:15:00,2737.28851,2736.875849,2736.997677,-0.4126609999998436,-0.29083300000002055,-0.3517469999999321
2021-08-30 19:30:00,2737.286954,2736.873635,2736.995266,-0.4133190000002287,-0.2916880000002493,-0.352503500000239
2021-08-30 19:45:00,2737.289673,2736.876421,2736.996237,-0.41325200000028417,-0.2934360000003835,-0.35334400000033384
2021-08-30 20:00:00,2737.28734,2736.877589,2736.998257,-0.40975099999968734,-0.289082999999664,-0.3494169999996757
2021-08-30 20:30:00,2737.288703,2736.879943,2736.995267,-0.4087600000002567,-0.2934360000003835,-0.3510980000003201
2021-08-30 20:45:00,2737.286764,2736.881912,2736.99593,-0.404852000000119,-0.29083399999990434,-0.34784300000001167
2021-08-30 21:00:00,2737.288513,2736.884654,2737.000282,-0.4038590000000113,-0.28823099999999613,-0.3460450000000037
2021-08-30 21:15:00,2737.289679,2736.885821,2736.996526,-0.4038580000001275,-0.2931530000000748,-0.34850550000010116
2021-08-30 21:30:00,2737.288513,2736.887394,2736.997109,-0.4011190000001079,-0.29140400000005684,-0.3462615000000824
2021-08-30 21:45:00,2737.289873,2736.886013,2736.999322,-0.40386000000034983,-0.2905510000000504,-0.3472055000002001
2021-08-30 22:00:00,2737.287733,2736.888446,2736.996329,-0.3992870000001858,-0.29140400000005684,-0.3453455000001213
2021-08-30 22:30:00,2737.290263,2736.888235,2736.997109,-0.40202799999997296,-0.2931539999999586,-0.3475909999999658
2021-08-30 22:45:00,2737.289873,2736.888836,2736.996719,-0.4010370000000876,-0.2931539999999586,-0.3470955000000231
2021-08-30 23:00:00,2737.290842,2736.888056,2736.995939,-0.40278600000010556,-0.2949029999999766,-0.3488445000000411
2021-08-30 23:45:00,2737.289093,2736.883332,2736.996793,-0.40576099999998405,-0.2923000000000684,-0.3490305000000262
2021-08-31 01:15:00,2737.291232,2736.882881,2736.997182,-0.40835100000003877,-0.29404999999997017,-0.35120050000000447
2021-08-31 01:30:00,2737.292595,2736.885236,2736.999117,-0.40735899999981484,-0.2934780000000501,-0.35041849999993246
2021-08-31 01:45:00,2737.289679,2736.883078,2736.997097,-0.406601000000137,-0.29258200000003853,-0.34959150000008776
2021-08-31 02:00:00,2737.287347,2736.880744,2736.996514,-0.40660299999990457,-0.29083300000002055,-0.34871799999996256
2021-08-31 02:15:00,2737.289096,2736.880415,2736.995661,-0.4086809999998877,-0.29343500000004497,-0.35105799999996634
2021-08-31 02:30:00,2737.288513,2736.881582,2736.99593,-0.40693099999998594,-0.2925829999999223,-0.34975699999995413
2021-08-31 02:45:00,2737.290263,2736.87975,2736.994223,-0.41051299999980984,-0.29603999999972075,-0.3532764999997653
2021-08-31 03:15:00,2737.2889,2736.877395,2736.995464,-0.41150500000003376,-0.29343599999992875,-0.35247049999998126
2021-08-31 03:30:00,2737.288506,2736.877003,2736.998527,-0.41150299999981144,-0.2899789999996756,-0.3507409999997435
2021-08-31 03:45:00,2737.291422,2736.88091,2736.996238,-0.41051199999992605,-0.2951839999996082,-0.3528479999997671
2021-08-31 04:00:00,2737.290063,2736.882291,2736.996628,-0.40777200000002267,-0.29343500000004497,-0.3506035000000338
2021-08-31 04:15:00,2737.289676,2736.880087,2736.996806,-0.409588999999869,-0.29286999999976615,-0.35122949999981756
2021-08-31 04:30:00,2737.290842,2736.881254,2736.997973,-0.4095879999999852,-0.29286899999988236,-0.3512284999999338
2021-08-31 04:45:00,2737.289676,2736.881837,2736.996816,-0.4078389999999672,-0.29286000000001877,-0.350349499999993
2021-08-31 05:00:00,2737.287933,2736.883995,2736.996233,-0.4039379999999255,-0.291700000000219,-0.34781900000007226
2021-08-31 05:15:00,2737.289676,2736.879096,2736.99942,-0.41057999999975436,-0.29025599999977203,-0.3504179999997632
2021-08-31 05:30:00,2737.290259,2736.884828,2736.9974,-0.40543099999968035,-0.29285899999968024,-0.3491449999996803
2021-08-31 06:30:00,2737.290259,2736.882488,2736.996825,-0.40777099999968414,-0.29343399999970643,-0.3506024999996953
2021-08-31 06:45:00,2737.290452,2736.87895,2736.994415,-0.4115020000003824,-0.2960370000000694,-0.3537695000002259
2021-08-31 07:30:00,2737.290263,2736.877011,2736.995078,-0.4132519999998294,-0.29518499999994674,-0.3542184999998881
2021-08-31 07:45:00,2737.290649,2736.877398,2736.994895,-0.41325099999994563,-0.29575400000021546,-0.35450250000008054
2021-08-31 08:00:00,2737.291422,2736.878171,2736.995668,-0.41325099999994563,-0.2957539999997607,-0.35450249999985317
2021-08-31 08:15:00,2737.291036,2736.877121,2736.995281,-0.4139150000000882,-0.29575500000009924,-0.3548350000000937
2021-08-31 08:30:00,2737.290263,2736.876348,2736.995078,-0.4139150000000882,-0.29518499999994674,-0.35455000000001746
2021-08-31 09:15:00,2737.291429,2736.873621,2736.994494,-0.4178079999996953,-0.2969349999998485,-0.3573714999997719
2021-08-31 09:30:00,2737.290263,2736.87427,2736.992758,-0.41599300000007133,-0.297505000000001,-0.3567490000000362
2021-08-31 09:45:00,2737.289096,2736.875181,2736.993341,-0.4139150000000882,-0.29575500000009924,-0.3548350000000937
2021-08-31 10:00:00,2737.290846,2736.874191,2736.992487,-0.41665499999999156,-0.29835899999989124,-0.3575069999999414
2021-08-31 10:15:00,2737.288513,2736.874599,2736.992756,-0.41391399999974965,-0.2957569999998668,-0.35483549999980823
2021-08-31 10:30:00,2737.287347,2736.875184,2736.994193,-0.4121629999999641,-0.2931539999999586,-0.35265849999996135
2021-08-31 10:45:00,2737.28793,2736.874017,2736.993923,-0.41391299999986586,-0.29400699999996505,-0.35395999999991545
2021-08-31 11:15:00,2737.283265,2736.871859,2736.990724,-0.41140600000017,-0.29254100000025574,-0.3519735000002129
2021-08-31 11:30:00,2737.285984,2736.873491,2736.991694,-0.4124930000002678,-0.2942900000002737,-0.35339150000027075
2021-08-31 11:45:00,2737.285008,2736.871458,2736.995071,-0.41354999999975917,-0.289937000000009,-0.3517434999998841
2021-08-31 12:00:00,2737.286564,2736.871264,2736.994025,-0.4153000000001157,-0.2925390000000334,-0.35391950000007455
2021-08-31 12:15:00,2737.285594,2736.871285,2736.993916,-0.41430899999977555,-0.2916780000000472,-0.35299349999991136
2021-08-31 12:30:00,2737.287927,2736.87461,2736.995353,-0.4133170000000064,-0.29257400000005873,-0.35294550000003255
2021-08-31 12:45:00,2737.287927,2736.871787,2736.991898,-0.4161399999998139,-0.29602899999963483,-0.35608449999972436
2021-08-31 13:00:00,2737.287344,2736.871203,2736.991879,-0.41614099999969767,-0.29546499999969456,-0.3558029999996961
2021-08-31 13:45:00,2737.285984,2736.869509,2736.993122,-0.41647499999999127,-0.2928620000002411,-0.3546685000001162
2021-08-31 14:00:00,2737.286964,2736.869899,2736.993512,-0.4170650000000933,-0.29345199999988836,-0.3552584999999908
2021-08-31 14:15:00,2737.286574,2736.87225,2736.992269,-0.4143240000003061,-0.29430500000034954,-0.3543145000003278
2021-08-31 14:45:00,2737.287933,2736.87186,2736.994482,-0.41607299999986935,-0.29345100000000457,-0.35476199999993696
2021-08-31 15:00:00,2737.287157,2736.869251,2736.993705,-0.41790600000013,-0.2934520000003431,-0.35567900000023656
2021-08-31 15:15:00,2737.28852,2736.870615,2736.995069,-0.4179050000002462,-0.29345100000000457,-0.3556780000001254
2021-08-31 15:30:00,2737.287354,2736.868457,2736.993902,-0.4188970000000154,-0.29345199999988836,-0.3561744999999519
2021-08-31 15:45:00,2737.288513,2736.87303,2736.993049,-0.41548299999976734,-0.29546399999981077,-0.35547349999978906
2021-08-31 16:00:00,2737.287354,2736.87402,2736.996505,-0.41333399999984977,-0.29084899999998015,-0.35209149999991496
2021-08-31 16:15:00,2737.288906,2736.877324,2736.996025,-0.4115820000001804,-0.2928810000003068,-0.3522315000002436
2021-08-31 16:30:00,2737.288127,2736.876545,2736.993822,-0.41158199999972567,-0.2943049999998948,-0.35294349999981023
2021-08-31 16:45:00,2737.289489,2736.881639,2736.996609,-0.40784999999959837,-0.2928799999999683,-0.3503649999997833
2021-08-31 17:00:00,2737.289876,2736.876544,2736.996995,-0.41333199999962744,-0.29288099999985207,-0.35310649999973975
2021-08-31 17:15:00,2737.289103,2736.87577,2736.994472,-0.413332999999966,-0.2946310000002086,-0.3539820000000873
2021-08-31 17:30:00,2737.285991,2736.876819,2736.994858,-0.409172000000126,-0.2911330000001726,-0.3501525000001493
2021-08-31 17:45:00,2737.287347,2736.877335,2736.994465,-0.4100119999998242,-0.29288199999973585,-0.35144699999978
2021-08-31 18:00:00,2737.286764,2736.879492,2736.9936,-0.4072719999999208,-0.29316400000016074,-0.3502180000000408
2021-08-31 18:15:00,2737.285597,2736.874595,2736.994182,-0.4110019999998258,-0.29141500000014275,-0.35120849999998427
2021-08-31 18:30:00,2737.288513,2736.873943,2736.996203,-0.4145699999999124,-0.2923099999998158,-0.3534399999998641
2021-08-31 18:45:00,2737.28793,2736.877255,2736.994765,-0.41067500000008295,-0.29316500000004453,-0.35192000000006374
2021-08-31 19:00:00,2737.286764,2736.87401,2736.993598,-0.4127539999999499,-0.2931659999999283,-0.3529599999999391
2021-08-31 19:15:00,2737.288513,2736.879492,2736.995633,-0.4090209999999388,-0.2928799999999683,-0.35095049999995354
2021-08-31 19:45:00,2737.289679,2736.878246,2736.995048,-0.4114329999997608,-0.29463099999975384,-0.3530319999997573
2021-08-31 20:00:00,2737.288513,2736.877921,2736.993028,-0.4105920000001788,-0.2954850000000988,-0.3530385000001388
2021-08-31 20:15:00,2737.288127,2736.877534,2736.994392,-0.41059299999960785,-0.2937349999997423,-0.35216399999967507
2021-08-31 20:30:00,2737.290269,2736.879677,2736.991612,-0.4105920000001788,-0.29865700000027573,-0.35462450000022727
2021-08-31 20:45:00,2737.289103,2736.874779,2736.996223,-0.41432399999985137,-0.2928799999999683,-0.3536019999999098
2021-08-31 21:15:00,2737.291429,2736.876937,2736.998242,-0.41449199999988195,-0.2931869999997616,-0.3538394999998218
2021-08-31 21:30:00,2737.289103,2736.872038,2736.995326,-0.4170650000000933,-0.2937769999998636,-0.35542099999997845
2021-08-31 21:45:00,2737.286964,2736.87538,2736.996685,-0.411583999999948,-0.29027899999982765,-0.3509314999998878
2021-08-31 22:00:00,2737.2891,2736.8761,2736.995321,-0.4130000000000109,-0.29377900000008594,-0.35338950000004843
2021-08-31 22:15:00,2737.286767,2736.875516,2736.996488,-0.41125099999999293,-0.29027899999982765,-0.3507649999999103
2021-08-31 22:30:00,2737.289483,2736.877073,2736.998045,-0.4124099999999089,-0.29143800000019837,-0.35192400000005364
2021-08-31 22:45:00,2737.290263,2736.877853,2736.998825,-0.4124099999999089,-0.2914379999997436,-0.35192399999982626
2021-08-31 23:00:00,2737.288713,2736.877463,2736.995833,-0.41125000000010914,-0.2928799999999683,-0.3520650000000387
2021-08-31 23:30:00,2737.290462,2736.879295,2736.997865,-0.41116699999975026,-0.29259700000011435,-0.3518819999999323
2021-08-31 23:45:00,2737.289683,2736.880265,2736.997085,-0.409418000000187,-0.29259799999999814,-0.3510080000000926
2021-09-01 00:00:00,2737.287933,2736.878515,2736.995053,-0.409418000000187,-0.2928799999999683,-0.35114900000007765
2021-09-01 01:00:00,2737.291435,2736.873611,2736.998513,-0.41782400000010966,-0.2929220000000896,-0.35537300000009964
2021-09-01 01:15:00,2737.289686,2736.872621,2736.99766,-0.4170650000000933,-0.29202600000007806,-0.35454550000008567
2021-09-01 01:30:00,2737.290852,2736.873786,2736.997974,-0.41706599999997707,-0.2928780000002007,-0.3549720000000889
2021-09-01 01:45:00,2737.28774,2736.874322,2736.997463,-0.41341800000009243,-0.29027700000006007,-0.35184750000007625
2021-09-01 02:00:00,2737.289876,2736.873719,2736.994394,-0.4161569999996573,-0.2954819999999927,-0.355819499999825
2021-09-01 02:15:00,2737.289489,2736.871582,2736.99486,-0.41790699999955905,-0.29462899999998626,-0.35626799999977266
2021-09-01 02:30:00,2737.292012,2736.875095,2736.998237,-0.4169170000000122,-0.29377500000009604,-0.3553460000000541
2021-09-01 03:00:00,2737.290263,2736.869614,2736.996486,-0.42064899999968475,-0.2937769999998636,-0.3572129999997742
2021-09-01 03:15:00,2737.290846,2736.875678,2736.99882,-0.4151679999999942,-0.29202600000007806,-0.35359700000003613
2021-09-01 03:45:00,2737.290263,2736.872026,2736.996203,-0.41823699999986275,-0.29405999999971755,-0.35614849999979015
2021-09-01 04:15:00,2737.290846,2736.872609,2736.996787,-0.41823699999986275,-0.29405899999983376,-0.35614799999984825
2021-09-01 04:30:00,2737.290652,2736.875156,2736.996594,-0.4154960000000756,-0.29405799999994997,-0.3547770000000128
2021-09-01 04:45:00,2737.291432,2736.874186,2736.997374,-0.41724599999997736,-0.29405799999994997,-0.35565199999996366
2021-09-01 05:00:00,2737.290266,2736.873943,2736.99881,-0.4163229999999203,-0.29145599999992555,-0.3538894999999229
2021-09-01 05:15:00,2737.291432,2736.876927,2736.999124,-0.4145050000001902,-0.2923080000000482,-0.3534065000001192
2021-09-01 05:30:00,2737.290849,2736.875354,2736.999394,-0.4154950000001918,-0.29145500000004176,-0.3534750000001168
2021-09-01 06:00:00,2737.289293,2736.87198,2736.996984,-0.4173129999999219,-0.292308999999932,-0.35481099999992693
2021-09-01 06:15:00,2737.292012,2736.872354,2736.996204,-0.41965799999979936,-0.29580799999985175,-0.35773299999982555
2021-09-01 06:45:00,2737.293761,2736.876845,2737.000557,-0.4169160000001284,-0.29320400000005975,-0.3550600000000941
2021-09-01 07:00:00,2737.292595,2736.877429,2737.001424,-0.4151659999997719,-0.2911709999998493,-0.3531684999998106
2021-09-01 07:15:00,2737.293375,2736.875549,2736.99785,-0.417826000000332,-0.2955249999999978,-0.3566755000001649
2021-09-01 07:30:00,2737.292602,2736.872945,2736.997077,-0.41965699999991557,-0.2955249999999978,-0.3575909999999567
2021-09-01 07:45:00,2737.292602,2736.874777,2736.998827,-0.41782499999999345,-0.29377500000009604,-0.35580000000004475
2021-09-01 08:00:00,2737.292019,2736.871371,2736.998244,-0.42064799999980096,-0.29377500000009604,-0.3572114999999485
2021-09-01 08:30:00,2737.292988,2736.869601,2736.99661,-0.4233870000002753,-0.29637800000000425,-0.35988250000013977
2021-09-01 08:45:00,2737.293761,2736.872124,2736.999986,-0.42163699999991877,-0.29377500000009604,-0.3577060000000074
2021-09-01 09:00:00,2737.291042,2736.872144,2736.996414,-0.4188979999998992,-0.2946279999996477,-0.35676299999977346
2021-09-01 09:15:00,2737.289103,2736.870205,2736.994473,-0.4188979999998992,-0.29462999999987005,-0.3567639999998846
2021-09-01 09:30:00,2737.28677,2736.871454,2736.99564,-0.4153160000000753,-0.2911300000000665,-0.3532230000000709
2021-09-01 09:45:00,2737.290852,2736.872371,2736.99362,-0.4184810000001562,-0.29723199999989447,-0.35785650000002533
2021-09-01 10:00:00,2737.288713,2736.870991,2736.997867,-0.4177220000001398,-0.29084599999987404,-0.3542840000000069
2021-09-01 10:15:00,2737.292592,2736.874701,2736.997087,-0.41789099999959944,-0.29550499999959357,-0.3566979999995965
2021-09-01 10:30:00,2737.290259,2736.870387,2736.996502,-0.4198719999999412,-0.2937569999999141,-0.35681449999992765
2021-09-01 10:45:00,2737.288906,2736.87184,2736.99631,-0.4170660000004318,-0.29259600000023056,-0.3548310000003312
2021-09-01 11:15:00,2737.288906,2736.875424,2736.996027,-0.4134820000003856,-0.2928790000000845,-0.35318050000023504
2021-09-01 12:15:00,2737.292012,2736.876862,2736.997075,-0.4151499999998123,-0.2949369999996634,-0.35504349999973783
2021-09-01 12:30:00,2737.291822,2736.873008,2736.998898,-0.41881400000011126,-0.29292400000031193,-0.3558690000002116
2021-09-01 13:00:00,2737.28774,2736.867851,2736.995713,-0.4198890000002393,-0.2920270000004166,-0.35595800000032796
2021-09-01 13:15:00,2737.289096,2736.870199,2736.997068,-0.4188970000000154,-0.29202799999984563,-0.3554624999999305
2021-09-01 13:30:00,2737.289096,2736.872611,2736.996786,-0.4164850000001934,-0.2923099999998158,-0.3543975000000046
2021-09-01 13:45:00,2737.288903,2736.87093,2736.996593,-0.41797300000007453,-0.2923100000002705,-0.3551415000001725
2021-09-01 14:00:00,2737.286767,2736.872955,2736.996206,-0.41381200000023455,-0.29056100000025253,-0.35218650000024354
2021-09-01 14:15:00,2737.28774,2736.871187,2736.997745,-0.4165530000000217,-0.28999500000008993,-0.3532740000000558
2021-09-01 14:30:00,2737.289686,2736.873134,2736.999692,-0.4165520000001379,-0.28999400000020614,-0.35327300000017203
2021-09-01 14:45:00,2737.290852,2736.87171,2736.996505,-0.41914200000019264,-0.2943470000000161,-0.3567445000001044
2021-09-01 15:00:00,2737.287157,2736.873263,2736.996308,-0.4138940000002549,-0.29084899999998015,-0.3523715000001175
2021-09-01 15:15:00,2737.287927,2736.872283,2736.999671,-0.4156439999997019,-0.2882559999998193,-0.3519499999997606
2021-09-01 15:30:00,2737.286764,2736.868298,2736.995915,-0.4184660000000804,-0.29084899999998015,-0.35465750000003027
2021-09-01 15:45:00,2737.286377,2736.870405,2736.995528,-0.4159719999997833,-0.29084899999998015,-0.3534104999998817
2021-09-01 16:00:00,2737.289103,2736.871711,2736.997358,-0.41739200000029086,-0.2917449999999917,-0.3545685000001413
2021-09-01 16:15:00,2737.286187,2736.866812,2736.996191,-0.41937499999994543,-0.2899959999999737,-0.3546854999999596
2021-09-01 16:45:00,2737.290462,2736.874902,2736.998153,-0.415559999999914,-0.292308999999932,-0.353934499999923
2021-09-01 17:00:00,2737.289489,2736.870115,2736.998075,-0.4193739999996069,-0.2914139999998042,-0.35539399999970556
2021-09-01 17:15:00,2737.286964,2736.871321,2736.996114,-0.41564299999981813,-0.29084999999986394,-0.35324649999984103
2021-09-01 17:30:00,2737.28871,2736.870408,2736.995546,-0.41830199999958495,-0.293163999999706,-0.35573299999964547
2021-09-01 17:45:00,2737.287737,2736.871185,2736.996606,-0.4165520000001379,-0.2911309999999503,-0.3538415000000441
2021-09-01 18:00:00,2737.291432,2736.873132,2736.997373,-0.4182999999998174,-0.29405899999983376,-0.35617949999982557
2021-09-01 18:30:00,2737.289683,2736.876863,2736.999123,-0.4128200000000106,-0.290559999999914,-0.3516899999999623
2021-09-01 18:45:00,2737.288516,2736.878272,2737.000558,-0.41024400000014793,-0.2879579999998896,-0.34910100000001876
2021-09-01 19:00:00,2737.290073,2736.879994,2736.999513,-0.41007900000022346,-0.290559999999914,-0.35031950000006873
2021-09-01 19:15:00,2737.288713,2736.879393,2736.998152,-0.4093199999997523,-0.2905609999997978,-0.34994049999977506
2021-09-01 19:30:00,2737.290266,2736.879262,2736.997956,-0.4110040000000481,-0.2923099999998158,-0.35165699999993194
2021-09-01 19:45:00,2737.291042,2736.87829,2737.000439,-0.41275199999972756,-0.2906029999999191,-0.35167749999982334
2021-09-01 20:00:00,2737.290652,2736.876909,2736.999194,-0.4137430000000677,-0.2914580000001479,-0.3526005000001078
2021-09-01 20:15:00,2737.294541,2736.88004,2736.998162,-0.4145010000002003,-0.2963790000003428,-0.35544000000027154
2021-09-01 20:30:00,2737.289679,2736.878675,2736.995049,-0.4110040000000481,-0.29462999999987005,-0.3528169999999591
2021-09-01 20:45:00,2737.292012,2736.88043,2736.997382,-0.41158199999972567,-0.29462999999987005,-0.35310599999979786
2021-09-01 21:00:00,2737.290846,2736.88017,2736.997966,-0.41067599999996673,-0.2928799999999683,-0.3517779999999675
2021-09-01 21:15:00,2737.293178,2736.883248,2736.996799,-0.40992999999980384,-0.29637899999988804,-0.35315449999984594
2021-09-01 21:45:00,2737.289096,2736.880253,2736.996215,-0.40884300000016083,-0.29288099999985207,-0.35086200000000645
2021-09-01 22:00:00,2737.292209,2736.882457,2736.997579,-0.4097520000000259,-0.2946300000003248,-0.35219100000017534
2021-09-01 22:15:00,2737.290073,2736.881228,2736.996621,-0.4088449999999284,-0.2934520000003431,-0.35114850000013575
2021-09-01 22:30:00,2737.291625,2736.883624,2737.001631,-0.40800099999978556,-0.2899939999997514,-0.3489974999997685
2021-09-01 22:45:00,2737.292602,2736.881352,2736.999723,-0.41125000000010914,-0.2928790000000845,-0.3520645000000968
2021-09-01 23:00:00,2737.292602,2736.883184,2737.000576,-0.409418000000187,-0.29202600000007806,-0.35072200000013254
2021-09-01 23:15:00,2737.292019,2736.882267,2736.999139,-0.4097520000000259,-0.2928799999999683,-0.3513159999999971
2021-09-01 23:30:00,2737.287354,2736.879602,2736.997972,-0.40775200000007317,-0.2893819999999323,-0.34856700000000274
2021-09-01 23:45:00,2737.291629,2736.879471,2736.999602,-0.41215799999963565,-0.29202699999996184,-0.35209249999979875
2021-09-02 00:00:00,2737.289683,2736.87993,2736.997655,-0.40975299999990966,-0.29202799999984563,-0.35089049999987765
2021-09-02 00:15:00,2737.289683,2736.879274,2736.999687,-0.4104090000000724,-0.2899959999999737,-0.35020250000002306
2021-09-02 01:00:00,2737.2891,2736.878689,2737.000845,-0.41041099999984,-0.28825499999993554,-0.34933299999988776
2021-09-02 01:15:00,2737.287933,2736.873791,2737.001428,-0.4141420000000835,-0.28650500000003376,-0.35032350000005863
2021-09-02 01:45:00,2737.288906,2736.877505,2737.002402,-0.41140100000029634,-0.28650400000014997,-0.34895250000022315
2021-09-02 02:00:00,2737.289686,2736.881026,2737.003182,-0.4086600000000544,-0.28650400000014997,-0.3475820000001022
2021-09-02 02:45:00,2737.290269,2736.878869,2736.997389,-0.4113999999999578,-0.2928799999999683,-0.35213999999996304
2021-09-02 03:00:00,2737.288713,2736.877312,2737.000467,-0.4114009999998416,-0.28824600000007194,-0.34982349999995677
2021-09-02 03:15:00,2737.286574,2736.870598,2736.998045,-0.41597600000022794,-0.2885290000003806,-0.3522525000003043
2021-09-02 03:30:00,2737.288713,2736.875478,2736.997865,-0.41323499999998603,-0.29084800000009636,-0.3520415000000412
2021-09-02 04:15:00,2737.2891,2736.874957,2736.998252,-0.4141429999999673,-0.29084800000009636,-0.3524955000000318
2021-09-02 04:30:00,2737.286767,2736.873382,2737.000262,-0.4133849999998347,-0.28650500000003376,-0.3499449999999342
2021-09-02 04:45:00,2737.289676,2736.876124,2736.999419,-0.4135519999999815,-0.2902569999996558,-0.35190449999981865
2021-09-02 05:00:00,2737.289093,2736.87379,2736.994482,-0.41530299999976705,-0.29461099999980433,-0.3549569999997857
2021-09-02 05:15:00,2737.290842,2736.87554,2736.996519,-0.41530199999988326,-0.2943230000000767,-0.35481249999998
2021-09-02 05:30:00,2737.292009,2736.876774,2736.995084,-0.41523499999993874,-0.2969249999996464,-0.35607999999979256
2021-09-02 05:45:00,2737.290842,2736.878347,2736.99826,-0.41249500000003536,-0.29258200000003853,-0.35253850000003695
2021-09-02 06:00:00,2737.292202,2736.877957,2736.994413,-0.41424499999993714,-0.2977890000001935,-0.3560170000000653
2021-09-02 06:15:00,2737.293561,2736.875089,2736.996627,-0.41847199999983786,-0.2969339999999647,-0.3577029999999013
2021-09-02 06:30:00,2737.292202,2736.876305,2736.998766,-0.4158970000003137,-0.29343599999992875,-0.35466650000012123
2021-09-02 06:45:00,2737.290839,2736.873124,2736.997404,-0.41771499999958905,-0.2934349999995902,-0.35557499999958964
2021-09-02 07:00:00,2737.292785,2736.875138,2736.994996,-0.4176470000002155,-0.2977890000001935,-0.3577180000002045
2021-09-02 07:15:00,2737.291429,2736.877363,2736.999129,-0.41406599999982063,-0.2923000000000684,-0.3531829999999445
2021-09-02 07:30:00,2737.291039,2736.876973,2736.996706,-0.4140660000002754,-0.29433300000027884,-0.3541995000002771
2021-09-02 07:45:00,2737.290842,2736.877106,2736.995939,-0.4137359999999717,-0.2949029999999766,-0.35431949999997414
2021-09-02 08:30:00,2737.293758,2736.880103,2736.997105,-0.4136549999998351,-0.2966529999998784,-0.35515399999985675
2021-09-02 09:30:00,2737.292009,2736.877281,2736.996252,-0.41472799999974086,-0.2957569999998668,-0.35524249999980384
2021-09-02 09:45:00,2737.286954,2736.871234,2736.996401,-0.4157199999999648,-0.29055300000027273,-0.35313650000011876
2021-09-02 10:00:00,2737.289673,2736.873194,2736.994768,-0.4164790000004359,-0.2949050000001989,-0.3556920000003174
2021-09-02 10:30:00,2737.289673,2736.875027,2736.997371,-0.41464600000017526,-0.2923020000002907,-0.353474000000233
2021-09-02 10:45:00,2737.290839,2736.877183,2736.995935,-0.4136559999997189,-0.2949039999998604,-0.35427999999978965
2021-09-02 11:00:00,2737.289673,2736.877767,2736.996801,-0.4119060000002719,-0.2928720000004432,-0.35238900000035756
2021-09-02 11:15:00,2737.289673,2736.876777,2736.998552,-0.4128960000002735,-0.2911210000002029,-0.3520085000002382
2021-09-02 11:30:00,2737.291425,2736.87462,2736.999135,-0.4168049999998402,-0.29228999999986627,-0.35454749999985324
2021-09-02 11:45:00,2737.290259,2736.876193,2736.994512,-0.41406599999982063,-0.2957469999996647,-0.35490649999974266
2021-09-02 12:00:00,2737.289093,2736.872286,2736.995948,-0.41680700000006254,-0.2931449999996403,-0.3549759999998514
2021-09-02 13:00:00,2737.289673,2736.876776,2736.996518,-0.4128970000001573,-0.29315500000029715,-0.3530260000002272
2021-09-02 13:15:00,2737.290839,2736.878933,2737.000571,-0.41190599999981714,-0.29026799999974173,-0.35108699999977944
2021-09-02 13:30:00,2737.288896,2736.875999,2737.000378,-0.4128970000001573,-0.28851799999983996,-0.3507074999999986
2021-09-02 13:45:00,2737.288703,2736.872984,2736.997298,-0.415719000000081,-0.2914050000003954,-0.3535620000002382
2021-09-02 14:15:00,2737.290063,2736.875416,2736.996908,-0.41464700000005905,-0.2931549999998424,-0.3539009999999507
2021-09-02 14:30:00,2737.290842,2736.876196,2736.998541,-0.4146459999997205,-0.2923009999999522,-0.35347349999983635
2021-09-02 14:45:00,2737.289676,2736.876779,2736.996521,-0.41289699999970253,-0.2931549999998424,-0.35302599999977247
2021-09-02 15:00:00,2737.289093,2736.873372,2736.995084,-0.4157209999998486,-0.2940089999997326,-0.3548649999997906
2021-09-02 15:15:00,2737.287927,2736.877769,2736.995669,-0.41015799999968294,-0.29225799999994706,-0.351207999999815
2021-09-02 15:30:00,2737.28851,2736.872789,2736.999707,-0.4157209999998486,-0.2888029999999162,-0.3522619999998824
2021-09-02 15:45:00,2737.286567,2736.873585,2736.996911,-0.41298200000028373,-0.28965599999992264,-0.3513190000001032
2021-09-02 16:00:00,2737.286764,2736.876195,2736.997107,-0.4105690000001232,-0.28965699999980643,-0.3501129999999648
2021-09-02 16:30:00,2737.285597,2736.874037,2736.995941,-0.4115600000000086,-0.28965599999992264,-0.3506079999999656
2021-09-02 16:45:00,2737.290263,2736.877944,2736.997678,-0.41231900000002497,-0.2925849999996899,-0.35245199999985743
2021-09-02 17:30:00,2737.289679,2736.874622,2736.996525,-0.41505700000016077,-0.2931539999999586,-0.3541055000000597
2021-09-02 17:45:00,2737.288513,2736.873455,2736.995357,-0.41505800000004456,-0.29315600000018094,-0.35410700000011275
2021-09-02 18:00:00,2737.288123,2736.873065,2736.991512,-0.4150579999995898,-0.29661099999975704,-0.3558344999996734
2021-09-02 18:15:00,2737.289093,2736.874362,2736.998541,-0.41473099999984697,-0.2905519999999342,-0.3526414999998906
2021-09-02 18:45:00,2737.289093,2736.874361,2736.997687,-0.41473199999973076,-0.2914059999998244,-0.3530689999997776
2021-09-02 19:00:00,2737.291232,2736.877493,2737.000682,-0.4137390000000778,-0.2905500000001666,-0.3521445000001222
2021-09-02 19:15:00,2737.28929,2736.874558,2737.00134,-0.4147320000001855,-0.2879500000003645,-0.351341000000275
2021-09-02 19:30:00,2737.289093,2736.87162,2736.995938,-0.41747299999997267,-0.2931549999998424,-0.35531399999990754
2021-09-02 20:00:00,2737.28851,2736.872787,2736.997105,-0.4157230000000709,-0.29140499999994063,-0.35356400000000576
2021-09-02 20:15:00,2737.288703,2736.873063,2736.998151,-0.41564000000016676,-0.29055200000038894,-0.35309600000027785
2021-09-02 20:30:00,2737.291422,2736.874033,2736.999121,-0.41738899999973,-0.2923009999999522,-0.3548449999998411
2021-09-02 20:45:00,2737.286757,2736.877355,2736.999135,-0.40940199999977267,-0.2876219999998284,-0.34851199999980054
2021-09-02 21:00:00,2737.287537,2736.873979,2736.996414,-0.4135580000001937,-0.2911229999999705,-0.3523405000000821
2021-09-02 21:15:00,2737.28735,2736.873448,2736.996242,-0.4139020000002347,-0.2911079999998947,-0.3525050000000647
2021-09-02 21:45:00,2737.292015,2736.871873,2736.998263,-0.4201419999999416,-0.2937520000000404,-0.356946999999991
2021-09-02 22:15:00,2737.2891,2736.872457,2737.002014,-0.41664300000002186,-0.28708599999981743,-0.35186449999991964
2021-09-02 22:30:00,2737.289683,2736.87129,2736.997679,-0.41839299999992363,-0.2920039999999062,-0.35519849999991493
2021-09-02 22:45:00,2737.291432,2736.871224,2736.998244,-0.42020800000000236,-0.29318800000010015,-0.35669800000005125
2021-09-03 00:15:00,2737.290849,2736.876186,2736.997096,-0.41466300000001866,-0.2937529999999242,-0.35420799999997143
2021-09-03 00:30:00,2737.293765,2736.874613,2736.998263,-0.41915199999994,-0.2955019999999422,-0.3573269999999411
2021-09-03 01:15:00,2737.293182,2736.883094,2736.996826,-0.41008800000008705,-0.2963559999998324,-0.35322199999995973
2021-09-03 01:30:00,2737.292015,2736.880937,2736.99741,-0.41107800000008865,-0.29460500000004686,-0.35284150000006775
2021-09-03 01:45:00,2737.294348,2736.88426,2736.998846,-0.41008800000008705,-0.2955019999999422,-0.3527950000000146
2021-09-03 02:00:00,2737.290266,2736.881845,2737.000866,-0.4084210000000894,-0.28940000000011423,-0.3489105000001018
2021-09-03 02:15:00,2737.293182,2736.883012,2737.002033,-0.4101700000001074,-0.29114899999967747,-0.35065949999989243
2021-09-03 02:45:00,2737.295317,2736.888962,2737.001567,-0.40635500000007596,-0.29375000000027285,-0.3500525000001744
2021-09-03 03:00:00,2737.294341,2736.886004,2737.003193,-0.40833699999984674,-0.2911479999997937,-0.3497424999998202
2021-09-03 03:15:00,2737.291622,2736.886025,2736.99962,-0.4055970000003981,-0.29200200000013865,-0.3487995000002684
2021-09-03 03:45:00,2737.290849,2736.883501,2736.996243,-0.4073480000001837,-0.29460599999993065,-0.35097700000005716
2021-09-03 04:00:00,2737.294348,2736.887002,2736.997993,-0.40734599999996135,-0.29635499999994863,-0.351850499999955
2021-09-03 04:15:00,2737.293182,2736.885835,2736.996827,-0.40734699999984514,-0.29635499999994863,-0.3518509999998969
2021-09-03 04:30:00,2737.293182,2736.883095,2736.994223,-0.4100869999997485,-0.2989589999997406,-0.35452299999974457
2021-09-03 05:15:00,2737.289683,2736.883093,2736.99768,-0.4065900000000511,-0.29200300000002244,-0.34929650000003676
2021-09-03 05:30:00,2737.294541,2736.882703,2736.994686,-0.4118379999999888,-0.29985500000020693,-0.3558465000000979
2021-09-03 05:45:00,2737.292012,2736.880933,2736.999113,-0.41107899999997244,-0.292899000000034,-0.3519890000000032
2021-09-03 06:15:00,2737.293178,2736.88309,2736.997676,-0.41008800000008705,-0.2955019999999422,-0.3527950000000146
2021-09-03 06:30:00,2737.292012,2736.879183,2736.99651,-0.4128289999998742,-0.2955019999999422,-0.3541654999999082
2021-09-03 07:00:00,2737.294538,2736.88113,2736.99989,-0.4134079999998903,-0.294648000000052,-0.35402799999997114
2021-09-03 07:15:00,2737.292982,2736.881323,2736.99748,-0.4116589999998723,-0.2955019999999422,-0.35358049999990726
2021-09-03 07:30:00,2737.292788,2736.882121,2736.996433,-0.41066700000010314,-0.2963550000004034,-0.35351100000025326
2021-09-03 07:45:00,2737.294341,2736.881924,2736.99709,-0.4124170000000049,-0.2972509999999602,-0.35483399999998255
2021-09-03 08:30:00,2737.290842,2736.879183,2737.001419,-0.4116589999998723,-0.2894229999997151,-0.3505409999997937
2021-09-03 08:45:00,2737.291622,2736.882704,2736.999878,-0.40891800000008516,-0.2917440000001079,-0.35033100000009654
2021-09-03 09:00:00,2737.291432,2736.879773,2736.997937,-0.4116589999998723,-0.2934949999998935,-0.3525769999998829
2021-09-03 09:15:00,2737.290069,2736.880161,2736.996599,-0.40990800000008676,-0.2934700000000703,-0.3516890000000785
2021-09-03 09:30:00,2737.292205,2736.880546,2736.999589,-0.41165900000032707,-0.29261600000018007,-0.35213750000025357
2021-09-03 09:45:00,2737.290849,2736.878529,2736.998232,-0.41231999999990876,-0.29261700000006385,-0.3524684999999863
2021-09-03 10:00:00,2737.289683,2736.877362,2736.996212,-0.41232099999979255,-0.2934709999999541,-0.3528959999998733
2021-09-03 10:30:00,2737.2891,2736.878594,2736.992172,-0.41050600000016857,-0.2969279999997525,-0.35371699999996054
2021-09-03 10:45:00,2737.286767,2736.876195,2736.992442,-0.4105720000002293,-0.2943249999998443,-0.3524485000000368
2021-09-03 11:00:00,2737.28735,2736.876778,2736.994752,-0.4105720000002293,-0.29259799999999814,-0.3515850000001137
2021-09-03 11:15:00,2737.287154,2736.873841,2736.994554,-0.4133130000000165,-0.29260000000022046,-0.35295650000011847
2021-09-03 11:30:00,2737.28754,2736.87215,2736.994942,-0.4153899999996611,-0.29259799999999814,-0.3539939999998296
2021-09-03 12:00:00,2737.285404,2736.870772,2736.992829,-0.41463199999998324,-0.29257500000039727,-0.35360350000019025
2021-09-03 12:15:00,2737.287344,2736.873703,2736.992166,-0.4136409999996431,-0.2951779999998507,-0.3544094999997469
2021-09-03 12:30:00,2737.288706,2736.874306,2736.994382,-0.4143999999996595,-0.2943239999999605,-0.35436199999981
2021-09-03 12:45:00,2737.28657,2736.87293,2736.993995,-0.41364000000021406,-0.29257500000039727,-0.35310750000030566
2021-09-03 13:00:00,2737.289676,2736.874287,2736.992749,-0.4153889999997773,-0.2969269999998687,-0.356157999999823
2021-09-03 13:30:00,2737.287344,2736.877434,2736.997372,-0.40990999999985434,-0.2899720000000343,-0.3499409999999443
2021-09-03 13:45:00,2737.28676,2736.875861,2736.994185,-0.41089899999997215,-0.2925749999999425,-0.35173699999995733
2021-09-03 14:00:00,2737.286177,2736.878018,2736.990998,-0.4081590000000688,-0.2951789999997345,-0.35166899999990164
2021-09-03 14:15:00,2737.287344,2736.879186,2736.992165,-0.40815799999973024,-0.2951789999997345,-0.3516684999997324
2021-09-03 14:30:00,2737.284818,2736.881149,2736.993992,-0.4036690000002636,-0.29082599999992453,-0.3472475000000941
2021-09-03 14:45:00,2737.286764,2736.880176,2736.991302,-0.40658799999982875,-0.2954620000000432,-0.35102499999993597
2021-09-03 15:00:00,2737.285597,2736.882593,2736.991885,-0.4030040000002373,-0.2937120000001414,-0.34835800000018935
2021-09-03 15:15:00,2737.285987,2736.883891,2736.995731,-0.402096000000256,-0.2902560000002268,-0.3461760000002414
2021-09-03 15:30:00,2737.286767,2736.884671,2736.996224,-0.402096000000256,-0.2905430000000706,-0.3463195000001633
2021-09-03 15:45:00,2737.285601,2736.885254,2736.995911,-0.40034700000023804,-0.2896900000000642,-0.3450185000001511
2021-09-03 16:15:00,2737.285014,2736.883096,2736.99389,-0.4019180000000233,-0.2911239999998543,-0.3465209999999388
2021-09-03 16:30:00,2737.287933,2736.885838,2736.99564,-0.4020949999999175,-0.2922929999999724,-0.34719399999994494
2021-09-03 17:00:00,2737.287733,2736.884215,2736.995431,-0.4035180000000764,-0.2923020000002907,-0.3479100000001836
2021-09-03 17:15:00,2737.286954,2736.887927,2736.993228,-0.39902699999993274,-0.29372600000033344,-0.3463765000001331
2021-09-03 17:30:00,2737.284818,2736.884799,2736.994591,-0.40001900000015667,-0.29022699999995893,-0.3451230000000578
2021-09-03 17:45:00,2737.287927,2736.882248,2736.993883,-0.4056789999999637,-0.29404399999975794,-0.3498614999998608
2021-09-03 18:00:00,2737.289093,2736.884405,2736.992448,-0.4046880000000783,-0.2966449999998986,-0.35066649999998845
2021-09-03 18:15:00,2737.286174,2736.881664,2736.989844,-0.4045099999998456,-0.2963299999996707,-0.35041999999975815
2021-09-03 18:30:00,2737.287923,2736.881664,2736.992448,-0.4062589999998636,-0.2954749999998967,-0.35086699999988014
2021-09-03 19:15:00,2737.287537,2736.886611,2736.994664,-0.40092600000025413,-0.292873000000327,-0.3468995000002906
2021-09-03 19:30:00,2737.289683,2736.888576,2736.993891,-0.4011070000001382,-0.29579199999989214,-0.3484495000000152
2021-09-03 19:45:00,2737.2891,2736.887993,2736.995056,-0.4011070000001382,-0.29404399999975794,-0.3475754999999481
2021-09-03 20:00:00,2737.28735,2736.887085,2736.992454,-0.4002650000002177,-0.2948959999998806,-0.34758050000004914
2021-09-03 20:15:00,2737.289293,2736.887278,2736.994686,-0.4020149999996647,-0.29460699999981443,-0.3483109999997396
2021-09-03 20:30:00,2737.290263,2736.888248,2736.995656,-0.4020149999996647,-0.29460699999981443,-0.3483109999997396
2021-09-03 20:45:00,2737.293178,2736.891559,2736.996823,-0.40161899999975503,-0.29635499999994863,-0.34898699999985183
2021-09-03 21:00:00,2737.291429,2736.88981,2736.995071,-0.40161899999975503,-0.29635800000005474,-0.3489884999999049
2021-09-03 21:15:00,2737.28929,2736.891169,2736.997569,-0.3981210000001738,-0.2917210000000523,-0.34492100000011305
2021-09-03 21:30:00,2737.289676,2736.887065,2736.997954,-0.40261099999997896,-0.2917219999999361,-0.3471664999999575
2021-09-03 21:45:00,2737.290259,2736.890389,2736.998538,-0.39986999999973705,-0.2917210000000523,-0.3457954999998947
2021-09-03 22:00:00,2737.292592,2736.892804,2736.998814,-0.3997879999997167,-0.2937779999997474,-0.34678299999973206
2021-09-03 22:15:00,2737.290259,2736.889397,2736.997359,-0.40086199999996097,-0.2928999999999178,-0.3468809999999394
2021-09-03 22:30:00,2737.290842,2736.889221,2736.995339,-0.40162099999997736,-0.295502999999826,-0.3485619999999017
2021-09-03 23:00:00,2737.290842,2736.885489,2736.995622,-0.40535300000010466,-0.29521999999997206,-0.35028650000003836
2021-09-03 23:15:00,2737.287344,2736.883739,2736.993872,-0.40360499999997046,-0.29347199999983786,-0.34853849999990416
2021-09-03 23:30:00,2737.287927,2736.886072,2736.995351,-0.4018550000000687,-0.2925759999998263,-0.3472154999999475
2021-09-03 23:45:00,2737.28851,2736.889397,2736.995936,-0.399112999999943,-0.29257400000005873,-0.34584350000000086
2021-09-04 00:00:00,2737.28851,2736.890387,2736.996789,-0.3981229999999414,-0.2917210000000523,-0.34492199999999684
2021-09-04 00:15:00,2737.292592,2736.887239,2736.999121,-0.4053529999996499,-0.2934709999999541,-0.349411999999802
2021-09-04 00:45:00,2737.291232,2736.88862,2737.000366,-0.40261199999986275,-0.29086599999982354,-0.34673899999984314
2021-09-04 01:00:00,2737.293371,2736.889009,2736.998152,-0.40436200000021927,-0.29521900000008827,-0.34979050000015377
2021-09-04 01:15:00,2737.292982,2736.888619,2736.997762,-0.40436300000010306,-0.29521999999997206,-0.34979150000003756
2021-09-04 01:30:00,2737.293371,2736.89175,2737.000756,-0.4016210000004321,-0.2926150000002963,-0.3471180000003642
2021-09-04 01:45:00,2737.290842,2736.888229,2736.996519,-0.40261299999974653,-0.2943230000000767,-0.3484679999999116
2021-09-04 03:00:00,2737.291232,2736.887629,2736.999513,-0.4036030000002029,-0.29171899999983,-0.34766100000001643
2021-09-04 03:15:00,2737.293371,2736.886267,2736.998153,-0.40710400000034497,-0.2952180000002045,-0.3511610000002747
2021-09-04 03:30:00,2737.292592,2736.884497,2736.999123,-0.4080949999997756,-0.29346899999973175,-0.3507819999997537
2021-09-04 03:45:00,2737.291232,2736.885877,2737.002091,-0.40535499999987223,-0.2891410000001997,-0.347248000000036
2021-09-04 04:00:00,2737.292788,2736.887434,2736.99932,-0.40535399999998845,-0.2934680000003027,-0.3494110000001456
2021-09-04 04:30:00,2737.290259,2736.886654,2737.000265,-0.40360499999997046,-0.2899939999997514,-0.3467994999998609
2021-09-04 05:45:00,2737.290456,2736.88718,2736.998736,-0.4032760000000053,-0.2917200000001685,-0.3474980000000869
2021-09-04 06:00:00,2737.28832,2736.885802,2736.99835,-0.40251800000032745,-0.28997000000026674,-0.3462440000002971
2021-09-04 07:00:00,2737.290849,2736.887574,2736.99738,-0.4032750000001215,-0.2934690000001865,-0.348372000000154
2021-09-04 07:15:00,2737.291432,2736.887249,2736.999118,-0.40418300000010277,-0.2923139999998057,-0.3482484999999542
2021-09-04 07:30:00,2737.292209,2736.885286,2737.000748,-0.40692300000000614,-0.291461000000254,-0.34919200000013007
2021-09-04 07:45:00,2737.291432,2736.885088,2736.995345,-0.40634399999999005,-0.2960870000001705,-0.3512155000000803
2021-09-04 08:00:00,2737.290263,2736.886079,2736.997948,-0.40418399999998655,-0.29231499999968946,-0.348249499999838
2021-09-04 08:15:00,2737.290849,2736.887246,2736.999115,-0.4036030000002029,-0.2917339999999058,-0.34766850000005434
2021-09-04 08:30:00,2737.2891,2736.885496,2736.997365,-0.40360400000008667,-0.2917349999997896,-0.3476694999999381
2021-09-04 08:45:00,2737.291042,2736.885115,2736.997558,-0.4059269999997923,-0.29348399999980757,-0.34970549999979994
2021-09-04 09:00:00,2737.289679,2736.885502,2736.995628,-0.40417699999989054,-0.29405099999985396,-0.34911399999987225
2021-09-04 09:15:00,2737.289679,2736.885503,2736.998233,-0.40417600000000675,-0.2914460000001782,-0.34781100000009246
2021-09-04 09:30:00,2737.288127,2736.883948,2736.993223,-0.4041789999996581,-0.2949039999998604,-0.34954149999975925
2021-09-04 09:45:00,2737.290852,2736.884926,2736.995053,-0.4059259999999085,-0.29579899999998815,-0.35086249999994834
2021-09-04 10:00:00,2737.28852,2736.883352,2736.996218,-0.4051680000002307,-0.29230199999983597,-0.3487350000000333
2021-09-04 10:15:00,2737.28677,2736.880678,2736.991866,-0.40609200000017154,-0.29490400000031514,-0.35049800000024334
2021-09-04 10:30:00,2737.286187,2736.881085,2736.991283,-0.40510200000016994,-0.29490400000031514,-0.35000300000024254
2021-09-04 10:45:00,2737.285991,2736.882639,2736.992836,-0.40335200000026816,-0.29315500000029715,-0.34825350000028266
2021-09-04 11:00:00,2737.286764,2736.881595,2736.99361,-0.40516900000011447,-0.2931539999999586,-0.34916150000003654
2021-09-04 11:15:00,2737.285597,2736.881188,2736.995046,-0.4044090000002143,-0.2905510000000504,-0.34748000000013235
2021-09-04 11:45:00,2737.287347,2736.88492,2736.992443,-0.40242699999998877,-0.2949039999998604,-0.3486654999999246
2021-09-04 12:15:00,2737.286764,2736.879764,2736.993609,-0.4070000000001528,-0.2931549999998424,-0.3500774999999976
2021-09-04 12:30:00,2737.287154,2736.884726,2736.994564,-0.4024280000003273,-0.29259000000001834,-0.3475090000001728
2021-09-04 12:45:00,2737.286764,2736.883424,2736.992741,-0.4033399999998437,-0.29402299999992465,-0.3486814999998842
2021-09-04 13:00:00,2737.287737,2736.88374,2736.993715,-0.40399699999989025,-0.29402200000004086,-0.34900949999996556
2021-09-04 13:15:00,2737.285794,2736.88237,2736.993521,-0.4034240000000864,-0.2922730000000229,-0.34784850000005463
2021-09-04 13:30:00,2737.284238,2736.880815,2736.993387,-0.4034230000002026,-0.2908510000002025,-0.34713700000020253
2021-09-04 13:45:00,2737.286767,2736.882503,2736.991589,-0.4042640000002393,-0.2951779999998507,-0.349721000000045
2021-09-04 14:00:00,2737.289683,2736.885502,2736.994788,-0.40418099999988044,-0.2948949999999968,-0.3495379999999386
2021-09-04 14:15:00,2737.287933,2736.881919,2736.997937,-0.4060140000001411,-0.2899959999999737,-0.3480050000000574
2021-09-04 14:30:00,2737.288516,2736.879763,2736.993314,-0.4087530000001607,-0.2952020000002449,-0.3519775000002028
2021-09-04 14:45:00,2737.287154,2736.87982,2736.998907,-0.40733399999999165,-0.28824699999995573,-0.3477904999999737
2021-09-04 15:00:00,2737.286177,2736.879767,2736.996205,-0.4064100000000508,-0.2899720000000343,-0.34819100000004255
2021-09-04 15:15:00,2737.285984,2736.879574,2736.995729,-0.4064100000000508,-0.29025499999988824,-0.3483324999999695
2021-09-04 15:30:00,2737.286181,2736.877939,2736.992469,-0.4082419999999729,-0.2937120000001414,-0.35097700000005716
2021-09-04 15:45:00,2737.285597,2736.876364,2736.995342,-0.4092329999998583,-0.29025499999988824,-0.34974399999987327
2021-09-04 16:00:00,2737.283848,2736.876267,2736.993592,-0.40758099999993647,-0.2902560000002268,-0.3489185000000816
2021-09-04 16:15:00,2737.283265,2736.873703,2736.992157,-0.40956199999982346,-0.2911079999998947,-0.35033499999985906
2021-09-04 16:30:00,2737.284431,2736.875859,2736.993322,-0.40857199999982186,-0.2911090000002332,-0.34984050000002753
2021-09-04 16:45:00,2737.285597,2736.871874,2736.996195,-0.4137230000001182,-0.2894019999998818,-0.3515625
2021-09-04 17:00:00,2737.286181,2736.872457,2736.997345,-0.413724000000002,-0.2888359999997192,-0.3512799999998606
2021-09-04 17:15:00,2737.287347,2736.870041,2736.996761,-0.41730599999982587,-0.29058600000007573,-0.3539459999999508
2021-09-04 17:30:00,2737.288513,2736.871208,2736.99272,-0.4173049999999421,-0.29579299999977593,-0.356548999999859
2021-09-04 17:45:00,2737.282682,2736.867883,2736.994741,-0.41479900000013004,-0.2879410000000462,-0.3513700000000881
2021-09-04 18:00:00,2737.287347,2736.8673,2736.993592,-0.4200470000000678,-0.29375500000014654,-0.35690100000010716
2021-09-04 18:15:00,2737.287347,2736.866971,2736.993305,-0.42037600000003295,-0.29404199999999037,-0.35720900000001166
2021-09-04 18:45:00,2737.286764,2736.866716,2736.993574,-0.42004799999995157,-0.2931899999998677,-0.35661899999990965
2021-09-04 19:00:00,2737.286374,2736.865335,2736.992618,-0.42103899999983696,-0.2937559999995756,-0.35739749999970627
2021-09-04 19:15:00,2737.286177,2736.86697,2736.994172,-0.41920699999991484,-0.29200499999979,-0.35560599999985243
2021-09-04 19:30:00,2737.285594,2736.868137,2736.992735,-0.41745700000001307,-0.292859000000135,-0.355158000000074
2021-09-04 19:45:00,2737.28754,2736.867754,2736.993215,-0.41978599999993094,-0.2943249999998443,-0.3570554999998876
2021-09-04 20:00:00,2737.286184,2736.866397,2736.995315,-0.4197870000002695,-0.29086899999992966,-0.35532800000009956
2021-09-04 20:15:00,2737.28871,2736.867174,2736.994361,-0.4215359999998327,-0.2943489999997837,-0.3579424999998082
2021-09-04 20:30:00,2737.291432,2736.863244,2736.994448,-0.4281879999998637,-0.29698400000006586,-0.36258599999996477
2021-09-04 20:45:00,2737.28871,2736.867096,2736.997826,-0.42161399999986315,-0.29088400000000547,-0.3562489999999343
2021-09-04 21:00:00,2737.286181,2736.865392,2736.996193,-0.42078899999978603,-0.2899879999999939,-0.35538849999989
2021-09-04 21:15:00,2737.28793,2736.864401,2736.995627,-0.42352900000014415,-0.2923030000001745,-0.35791600000015933
2021-09-04 21:30:00,2737.286764,2736.869707,2736.995314,-0.4170570000001135,-0.2914500000001681,-0.3542535000001408
2021-09-04 21:45:00,2737.288127,2736.866579,2736.994928,-0.4215479999998024,-0.2931989999997313,-0.35737349999976686
2021-09-04 22:00:00,2737.289103,2736.864816,2736.993301,-0.42428700000027675,-0.29580200000009427,-0.3600445000001855
2021-09-04 22:15:00,2737.289103,2736.871138,2736.995905,-0.41796500000009473,-0.2931979999998475,-0.35558149999997113
2021-09-04 22:30:00,2737.28852,2736.868804,2736.995321,-0.4197159999998803,-0.29319900000018606,-0.3564575000000332
2021-09-04 22:45:00,2737.289686,2736.869971,2736.993032,-0.4197149999999965,-0.2966540000002169,-0.3581845000001067
2021-09-04 23:00:00,2737.290269,2736.870554,2736.996217,-0.4197149999999965,-0.2940520000001925,-0.3568835000000945
2021-09-04 23:15:00,2737.287354,2736.866646,2736.995052,-0.4207080000001042,-0.29230199999983597,-0.3565049999999701
2021-09-04 23:30:00,2737.287937,2736.86723,2736.996488,-0.42070700000022043,-0.29144899999982954,-0.356078000000025
2021-09-05 00:15:00,2737.289686,2736.872711,2736.995635,-0.41697500000009313,-0.29405099999985396,-0.35551299999997354
2021-09-05 00:30:00,2737.289489,2736.873273,2737.003813,-0.416215999999622,-0.28567599999996673,-0.35094599999979437
2021-09-05 00:45:00,2737.290263,2736.872298,2736.998815,-0.41796500000009473,-0.29144799999994575,-0.35470650000002024
2021-09-05 01:15:00,2737.290846,2736.87014,2737.000817,-0.4207059999998819,-0.2900289999997767,-0.3553674999998293
2021-09-05 01:30:00,2737.290263,2736.870466,2736.999381,-0.41979700000001685,-0.29088199999978315,-0.3553394999999
2021-09-05 01:45:00,2737.290846,2736.868308,2736.997648,-0.422537999999804,-0.2931979999998475,-0.35786799999982577
2021-09-05 02:00:00,2737.292402,2736.873596,2736.998873,-0.41880600000013146,-0.293529000000035,-0.35616750000008324
2021-09-05 02:15:00,2737.290266,2736.867728,2736.997634,-0.422537999999804,-0.29263200000013967,-0.35758499999997184
2021-09-05 02:30:00,2737.293182,2736.869886,2736.998801,-0.4232959999999366,-0.2943809999997029,-0.35883849999981976
2021-09-05 02:45:00,2737.289683,2736.869885,2736.999371,-0.41979799999990064,-0.2903120000000854,-0.355054999999993
2021-09-05 03:15:00,2737.294931,2736.872626,2736.997947,-0.4223050000000512,-0.29698400000006586,-0.35964450000005854
2021-09-05 03:45:00,2737.290849,2736.872041,2736.994762,-0.41880799999989904,-0.2960870000001705,-0.3574475000000348
2021-09-05 04:15:00,2737.291432,2736.870876,2736.997051,-0.42055600000003324,-0.29438100000015766,-0.35746850000009545
2021-09-05 04:30:00,2737.291042,2736.872236,2736.995808,-0.4188059999996767,-0.29523399999970934,-0.357019999999693
2021-09-05 04:45:00,2737.292012,2736.868714,2736.995028,-0.4232979999997042,-0.29698400000006586,-0.360140999999885
2021-09-05 05:00:00,2737.292402,2736.869104,2737.000623,-0.42329800000015894,-0.29177900000013324,-0.3575385000001461
2021-09-05 05:30:00,2737.291042,2736.871246,2737.000162,-0.4197959999996783,-0.29088000000001557,-0.35533799999984694
2021-09-05 06:00:00,2737.293958,2736.873401,2737.00218,-0.4205570000003718,-0.29177800000024945,-0.3561675000003106
2021-09-05 06:15:00,2737.292012,2736.870548,2737.000233,-0.4214640000000145,-0.2917789999996785,-0.3566214999998465
2021-09-05 06:30:00,2737.295511,2736.868567,2737.001419,-0.42694399999982124,-0.29409199999963676,-0.360517999999729
2021-09-05 06:45:00,2737.294541,2736.873078,2736.997845,-0.4214630000001307,-0.29669600000033824,-0.3590795000002345
2021-09-05 07:00:00,2737.295517,2736.869563,2736.999675,-0.42595399999981964,-0.2958419999999933,-0.36089799999990646
2021-09-05 07:15:00,2737.293571,2736.868705,2736.996875,-0.42486600000029284,-0.29669600000033824,-0.36078100000031554
2021-09-05 07:30:00,2737.294151,2736.869947,2737.000059,-0.42420399999991787,-0.2940920000000915,-0.3591480000000047
2021-09-05 08:00:00,2737.291629,2736.871996,2736.998432,-0.41963299999997616,-0.29319699999996374,-0.35641499999996995
2021-09-05 08:30:00,2737.294155,2736.874852,2736.996889,-0.4193030000001272,-0.297266000000036,-0.3582845000000816
2021-09-05 08:45:00,2737.291629,2736.871334,2736.995259,-0.4202949999998964,-0.29637000000002445,-0.3583324999999604
2021-09-05 09:00:00,2737.292598,2736.867814,2736.995332,-0.42478399999981775,-0.297266000000036,-0.3610249999999269
2021-09-05 09:15:00,2737.292015,2736.867231,2736.997922,-0.42478399999981775,-0.2940929999999753,-0.3594384999998965
2021-09-05 09:30:00,2737.292598,2736.870556,2736.997935,-0.4220420000001468,-0.2946630000001278,-0.3583525000001373
2021-09-05 09:45:00,2737.289683,2736.865658,2737.000794,-0.42402499999980137,-0.28888899999992645,-0.3564569999998639
2021-09-05 10:00:00,2737.290459,2736.864684,2736.998398,-0.42577499999970314,-0.29206099999964863,-0.3589179999996759
2021-09-05 10:15:00,2737.28832,2736.864294,2736.995975,-0.4240260000001399,-0.29234500000029584,-0.35818550000021787
2021-09-05 10:30:00,2737.288516,2736.864491,2736.9956,-0.4240250000002561,-0.2929159999998774,-0.35847050000006675
2021-09-05 10:45:00,2737.287933,2736.862916,2736.995915,-0.4250170000000253,-0.29201800000009825,-0.3585175000000618
2021-09-05 11:00:00,2737.287933,2736.868399,2736.995588,-0.41953400000011243,-0.2923449999998411,-0.35593949999997676
2021-09-05 11:15:00,2737.286184,2736.863909,2736.991562,-0.4222749999998996,-0.29462199999989025,-0.3584484999998949
2021-09-05 11:30:00,2737.286767,2736.861751,2736.994421,-0.4250160000001415,-0.29234600000017963,-0.35868100000016057
2021-09-05 11:45:00,2737.285601,2736.863324,2736.992401,-0.4222770000001219,-0.29320000000006985,-0.3577385000000959
2021-09-05 12:00:00,2737.283268,2736.86091,2736.989215,-0.42235800000025847,-0.2940530000000763,-0.3582055000001674
2021-09-05 12:15:00,2737.284824,2736.862467,2736.991624,-0.42235699999991994,-0.29320000000006985,-0.3577784999999949
2021-09-05 12:30:00,2737.284438,2736.86208,2736.992135,-0.42235800000025847,-0.2923030000001745,-0.3573305000002165
2021-09-05 12:45:00,2737.284438,2736.864492,2736.9927,-0.4199459999999817,-0.29173800000035044,-0.3558420000001661
2021-09-05 13:00:00,2737.283855,2736.862919,2736.994721,-0.4209359999999833,-0.2891340000001037,-0.3550350000000435
2021-09-05 13:15:00,2737.283855,2736.863068,2736.992116,-0.42078700000001845,-0.2917390000002342,-0.35626300000012634
2021-09-05 13:30:00,2737.279773,2736.862484,2736.994989,-0.4172889999999825,-0.28478400000039983,-0.35103650000019115
2021-09-05 14:00:00,2737.285014,2736.864228,2736.993564,-0.42078600000013466,-0.2914500000001681,-0.35611800000015137
2021-09-05 14:15:00,2737.284628,2736.8611,2736.991141,-0.4235279999998056,-0.2934869999999137,-0.35850749999985965
2021-09-05 14:30:00,2737.283658,2736.86013,2736.987566,-0.4235279999998056,-0.2960920000000442,-0.3598099999999249
2021-09-05 14:45:00,2737.284818,2736.860644,2736.992501,-0.424174000000221,-0.2923169999999118,-0.3582455000000664
2021-09-05 15:00:00,2737.286374,2736.862201,2736.991453,-0.42417299999988245,-0.2949209999997038,-0.3595469999997931
2021-09-05 15:15:00,2737.285984,2736.860061,2736.991916,-0.42592300000023897,-0.2940680000001521,-0.35999550000019553
2021-09-05 15:30:00,2737.285597,2736.86208,2736.991247,-0.42351700000017445,-0.29435000000012224,-0.35893350000014834
2021-09-05 15:45:00,2737.285014,2736.863247,2736.992414,-0.4217670000002727,-0.29260000000022046,-0.35718350000024657
2021-09-05 16:00:00,2737.285014,2736.861497,2736.993267,-0.42351700000017445,-0.29174700000021403,-0.35763200000019424
2021-09-05 16:15:00,2737.285597,2736.863071,2736.994703,-0.4225259999998343,-0.2908940000002076,-0.35671000000002095
2021-09-05 16:30:00,2737.285404,2736.861887,2736.991931,-0.42351700000017445,-0.2934730000001764,-0.3584950000001754
2021-09-05 16:45:00,2737.284045,2736.865018,2736.995495,-0.41902699999991455,-0.28854999999975917,-0.35378849999983686
2021-09-05 17:15:00,2737.286181,2736.859922,2736.993561,-0.4262589999998454,-0.2926199999997152,-0.3594394999997803
2021-09-05 18:15:00,2737.28793,2736.865403,2736.993581,-0.42252700000017285,-0.2943489999997837,-0.3584379999999783
2021-09-05 18:30:00,2737.286181,2736.860913,2736.99183,-0.42526799999996,-0.294351000000006,-0.359809499999983
2021-09-05 19:00:00,2737.287933,2736.864237,2736.992697,-0.42369600000029095,-0.29523599999993166,-0.3594660000001113
2021-09-05 19:30:00,2737.288513,2736.864227,2736.99413,-0.4242859999999382,-0.29438299999992523,-0.3593344999999317
2021-09-05 19:45:00,2737.287347,2736.862069,2736.993859,-0.42527800000016214,-0.29348799999979747,-0.3593829999999798
2021-09-05 20:00:00,2737.286377,2736.862849,2736.99289,-0.4235279999998056,-0.2934869999999137,-0.35850749999985965
2021-09-05 20:30:00,2737.285604,2736.863246,2736.991551,-0.42235800000025847,-0.2940530000000763,-0.3582055000001674
2021-09-05 20:45:00,2737.288713,2736.865596,2736.996933,-0.4231169999998201,-0.291780000000017,-0.35744849999991857
2021-09-05 21:00:00,2737.290849,2736.865074,2736.995005,-0.4257750000001579,-0.29584399999976085,-0.36080949999995937
2021-09-05 21:15:00,2737.290459,2736.866435,2736.996365,-0.4240239999999176,-0.2940939999998591,-0.35905899999988833
2021-09-05 21:30:00,2737.28793,2736.867471,2736.995585,-0.4204589999999371,-0.2923449999998411,-0.3564019999998891
2021-09-05 21:45:00,2737.288513,2736.866304,2736.994418,-0.42220899999983885,-0.29409499999974287,-0.35815199999979086
2021-09-05 22:00:00,2737.290263,2736.864488,2736.992994,-0.42577499999970314,-0.29726899999968737,-0.36152199999969525
2021-09-05 22:30:00,2737.291042,2736.862855,2736.99548,-0.4281869999999799,-0.2955619999997907,-0.3618744999998853
2021-09-05 22:45:00,2737.286187,2736.863314,2736.992417,-0.4228729999999814,-0.29377000000022235,-0.3583215000001019
2021-09-05 23:00:00,2737.290852,2736.866231,2736.990981,-0.4246210000001156,-0.29987100000016653,-0.36224600000014107
2021-09-05 23:15:00,2737.291239,2736.8648,2736.993971,-0.42643900000030044,-0.2972680000002583,-0.3618535000002794
2021-09-05 23:30:00,2737.291042,2736.863614,2736.99723,-0.4274279999999635,-0.29381199999988894,-0.3606199999999262
2021-09-05 23:45:00,2737.290852,2736.86349,2736.994437,-0.42736199999990276,-0.2964150000002519,-0.36188850000007733
2021-09-06 00:15:00,2737.290852,2736.8625,2736.99647,-0.42835199999990436,-0.29438200000004144,-0.3613669999999729
2021-09-06 00:30:00,2737.290269,2736.862906,2736.99849,-0.4273630000002413,-0.29177900000013324,-0.35957100000018727
2021-09-06 00:45:00,2737.291435,2736.861333,2736.997907,-0.4301020000002609,-0.2935280000001512,-0.36181500000020606
2021-09-06 01:15:00,2737.291435,2736.862323,2736.992701,-0.4291120000002593,-0.29873399999996764,-0.36392300000011346
2021-09-06 02:15:00,2737.290852,2736.86349,2736.996471,-0.42736199999990276,-0.29438100000015766,-0.3608715000000302
2021-09-06 02:45:00,2737.291435,2736.863247,2736.995874,-0.4281880000003184,-0.2955609999999069,-0.3618745000001127
2021-09-06 03:00:00,2737.290852,2736.862663,2736.993586,-0.4281890000002022,-0.297266000000036,-0.3627275000001191
2021-09-06 03:15:00,2737.292988,2736.862059,2737.000031,-0.4309290000001056,-0.29295700000011493,-0.36194300000011026
2021-09-06 03:30:00,2737.292012,2736.865574,2736.999951,-0.4264379999999619,-0.2920610000001034,-0.35924950000003264
2021-09-06 03:45:00,2737.292012,2736.860091,2737.000804,-0.43192099999987477,-0.29120800000009694,-0.36156449999998586
2021-09-06 04:00:00,2737.292012,2736.863824,2736.995598,-0.4281879999998637,-0.29641399999991336,-0.3623009999998885
2021-09-06 04:15:00,2737.291429,2736.86499,2736.997619,-0.4264389999998457,-0.2938099999996666,-0.36012449999975615
2021-09-06 04:30:00,2737.292402,2736.862233,2736.999161,-0.4301690000002054,-0.29324099999985265,-0.36170500000002903
2021-09-06 04:45:00,2737.294931,2736.865753,2736.996486,-0.4291779999998653,-0.2984449999999015,-0.3638114999998834
2021-09-06 05:00:00,2737.291432,2736.863675,2736.997339,-0.42775699999992867,-0.2940929999999753,-0.360924999999952
2021-09-06 05:45:00,2737.292209,2736.868183,2736.996366,-0.4240260000001399,-0.2958430000003318,-0.35993450000023586
2021-09-06 06:15:00,2737.293761,2736.865574,2736.999625,-0.4281869999999799,-0.2941359999999804,-0.36116149999998015
2021-09-06 06:30:00,2737.291429,2736.866808,2737.000792,-0.42462099999966085,-0.29063700000006065,-0.35762899999986075
2021-09-06 06:45:00,2737.291625,2736.864263,2736.998668,-0.42736199999990276,-0.2929569999996602,-0.3601594999997815
2021-09-06 07:00:00,2737.290852,2736.868971,2736.998791,-0.4218810000002122,-0.2920610000001034,-0.3569710000001578
2021-09-06 07:15:00,2737.291435,2736.865823,2737.000228,-0.425612000000001,-0.29120700000021316,-0.3584095000001071
2021-09-06 07:30:00,2737.294351,2736.866231,2736.997324,-0.42812000000003536,-0.297027000000071,-0.3625735000000532
2021-09-06 07:45:00,2737.292212,2736.86485,2736.996934,-0.42736199999990276,-0.295278000000053,-0.3613199999999779
2021-09-06 08:00:00,2737.289683,2736.86407,2736.993551,-0.4256129999998848,-0.2961319999999432,-0.360872499999914
2021-09-06 08:15:00,2737.289683,2736.863414,2736.995301,-0.4262690000000475,-0.29438200000004144,-0.3603255000000445
2021-09-06 09:00:00,2737.291239,2736.861138,2736.995108,-0.43010099999992235,-0.29613100000005943,-0.3631159999999909
2021-09-06 09:15:00,2737.289296,2736.858203,2736.997517,-0.4310930000001463,-0.29177900000013324,-0.36143600000013976
2021-09-06 10:15:00,2737.288713,2736.858611,2736.995184,-0.43010199999980614,-0.293529000000035,-0.3618154999999206
2021-09-06 10:30:00,2737.284435,2736.857831,2736.991801,-0.4266040000002249,-0.29263399999990725,-0.3596190000000661
2021-09-06 10:45:00,2737.283658,2736.858804,2736.992774,-0.4248539999998684,-0.29088400000000547,-0.35786899999993693
2021-09-06 11:00:00,2737.283855,2736.859001,2736.992971,-0.42485400000032314,-0.29088400000000547,-0.3578690000001643
2021-09-06 11:15:00,2737.286187,2736.859586,2736.990951,-0.4266010000001188,-0.29523599999993166,-0.36091850000002523
2021-09-06 11:30:00,2737.284438,2736.857769,2736.990669,-0.4266689999999471,-0.29376900000033856,-0.36021900000014284
2021-09-06 11:45:00,2737.285021,2736.859343,2736.992104,-0.42567800000006173,-0.2929170000002159,-0.3592975000001388
2021-09-06 12:00:00,2737.284824,2736.859146,2736.989304,-0.42567800000006173,-0.2955199999996694,-0.36059899999986555
2021-09-06 12:15:00,2737.283848,2736.85992,2736.990649,-0.42392800000015995,-0.29319900000018606,-0.358563500000173
2021-09-06 12:30:00,2737.286764,2736.859007,2736.991244,-0.42775699999992867,-0.29552000000012413,-0.3616385000000264
2021-09-06 12:45:00,2737.287154,2736.8594,2736.993057,-0.4277540000002773,-0.2940969999999652,-0.36092550000012125
2021-09-06 13:00:00,2737.285794,2736.858038,2736.990274,-0.4277560000000449,-0.2955199999996694,-0.36163799999985713
2021-09-06 13:15:00,2737.284238,2736.857242,2736.991039,-0.4269960000001447,-0.29319900000018606,-0.3600975000001654
2021-09-06 13:30:00,2737.285408,2736.85932,2736.992209,-0.42608800000016345,-0.29319900000018606,-0.35964350000017475
2021-09-06 13:45:00,2737.285604,2736.857767,2736.989801,-0.42783700000018143,-0.29580299999997806,-0.36182000000007974
2021-09-06 14:00:00,2737.285021,2736.858091,2736.989219,-0.42693000000008396,-0.29580200000009427,-0.3613660000000891
2021-09-06 14:15:00,2737.285991,2736.858735,2736.993357,-0.42725600000039776,-0.292634000000362,-0.3599450000003799
2021-09-06 14:30:00,2737.287347,2736.85659,2736.99036,-0.4307570000000851,-0.296987000000172,-0.36387200000012854
2021-09-06 14:45:00,2737.283265,2736.855941,2736.989777,-0.4273240000002261,-0.2934880000002522,-0.36040600000023915
2021-09-06 15:00:00,2737.283651,2736.857729,2736.989584,-0.4259220000003552,-0.2940670000002683,-0.35999450000031175
2021-09-06 15:15:00,2737.286764,2736.858101,2736.988939,-0.42866300000014235,-0.2978250000001026,-0.36324400000012247
2021-09-06 15:30:00,2737.283848,2736.85477,2736.9921,-0.42907800000011775,-0.2917480000000978,-0.3604130000001078
2021-09-06 15:45:00,2737.285987,2736.860641,2736.993367,-0.42534599999999045,-0.29262000000016997,-0.3589830000000802
2021-09-06 16:00:00,2737.286184,2736.860838,2736.993564,-0.42534599999999045,-0.29262000000016997,-0.3589830000000802
2021-09-06 16:15:00,2737.285404,2736.860058,2736.991932,-0.42534599999999045,-0.2934720000002926,-0.35940900000014153
2021-09-06 16:30:00,2737.288706,2736.86062,2736.994337,-0.42808599999989383,-0.2943689999997332,-0.3612274999998135
2021-09-06 16:45:00,2737.286184,2736.858015,2736.990962,-0.4281690000002527,-0.2952220000001944,-0.36169550000022355
2021-09-06 17:15:00,2737.287154,2736.859067,2736.989899,-0.42808700000023236,-0.2972549999999501,-0.3626710000000912
2021-09-06 17:30:00,2737.285594,2736.860165,2736.993545,-0.4254289999998946,-0.2920490000001337,-0.35873900000001413
2021-09-06 17:45:00,2737.286957,2736.857037,2736.993158,-0.4299199999995835,-0.2937989999995807,-0.3618594999995821
2021-09-06 18:00:00,2737.286184,2736.856264,2736.989781,-0.42992000000003827,-0.29640299999982744,-0.36316149999993286
2021-09-06 18:15:00,2737.28657,2736.860055,2736.992771,-0.42651500000010856,-0.29379900000003545,-0.360157000000072
2021-09-06 18:30:00,2737.287344,2736.860165,2736.996148,-0.42717899999979636,-0.2911959999996725,-0.3591874999997344
2021-09-06 19:00:00,2737.286957,2736.859779,2736.994908,-0.42717799999991257,-0.2920489999996789,-0.35961349999979575
2021-09-06 19:15:00,2737.2891,2736.859084,2736.991801,-0.4300159999997959,-0.297298999999839,-0.36365749999981745
2021-09-06 19:30:00,2737.287933,2736.859087,2736.992386,-0.42884600000024875,-0.29554700000016965,-0.3621965000002092
2021-09-06 20:00:00,2737.290849,2736.859263,2736.995276,-0.4315860000001521,-0.29557299999987663,-0.3635795000000144
2021-09-06 20:15:00,2737.290459,2736.859864,2736.992566,-0.430594999999812,-0.2978929999999309,-0.36424399999987145
2021-09-06 20:30:00,2737.289683,2736.858758,2736.992371,-0.4309250000001157,-0.29731200000014724,-0.36411850000013146
2021-09-06 20:45:00,2737.290849,2736.857185,2736.994389,-0.4336640000001353,-0.2964600000000246,-0.36506200000007993
2021-09-06 21:00:00,2737.289293,2736.862203,2736.991128,-0.42708999999968,-0.2981649999996989,-0.36262749999968946
2021-09-06 21:15:00,2737.289679,2736.859848,2736.992366,-0.4298309999999219,-0.297313000000031,-0.36357199999997647
2021-09-06 21:30:00,2737.290263,2736.860498,2736.993803,-0.4297649999998612,-0.2964600000000246,-0.3631124999999429
2021-09-06 22:30:00,2737.292595,2736.860091,2736.991784,-0.43250399999988076,-0.300811000000067,-0.3666574999999739
2021-09-06 22:45:00,2737.292012,2736.85944,2736.992951,-0.4325719999997091,-0.2990609999997105,-0.3658164999997098
2021-09-06 23:00:00,2737.293761,2736.862247,2736.995553,-0.43151399999987916,-0.29820799999970404,-0.3648609999997916
2021-09-06 23:15:00,2737.293761,2736.860431,2736.993804,-0.4333299999998417,-0.29995699999972203,-0.36664349999978185
2021-09-06 23:45:00,2737.293178,2736.859848,2736.992368,-0.4333299999998417,-0.30080999999972846,-0.36706999999978507
2021-09-07 00:00:00,2737.290846,2736.856523,2736.989181,-0.4343229999999494,-0.3016649999999572,-0.3679939999999533
2021-09-07 00:30:00,2737.294151,2736.86082,2736.994194,-0.4333310000001802,-0.2999570000001768,-0.3666440000001785
2021-09-07 00:45:00,2737.294541,2736.85847,2736.994583,-0.4360710000000836,-0.29995800000006057,-0.3680145000000721
2021-09-07 01:00:00,2737.293761,2736.86043,2736.991201,-0.43333099999972546,-0.302560000000085,-0.3679454999999052
2021-09-07 01:15:00,2737.293178,2736.859845,2736.993221,-0.4333329999999478,-0.29995699999972203,-0.3666449999998349
2021-09-07 01:30:00,2737.292985,2736.861403,2736.994778,-0.4315820000001622,-0.29820699999982025,-0.36489449999999124
2021-09-07 01:45:00,2737.295707,2736.860627,2736.992295,-0.4350800000001982,-0.3034120000002076,-0.3692460000002029
2021-09-07 02:45:00,2737.294931,2736.86259,2736.992941,-0.43234099999972386,-0.3019899999999325,-0.36716549999982817
2021-09-07 03:00:00,2737.293182,2736.85985,2736.994973,-0.433332000000064,-0.2982090000000426,-0.3657705000000533
2021-09-07 03:15:00,2737.292792,2736.85946,2736.995154,-0.433332000000064,-0.2976380000000063,-0.36548500000003514
2021-09-07 03:45:00,2737.294151,2736.85907,2736.996798,-0.435081000000082,-0.29735299999993003,-0.366217000000006
2021-09-07 04:45:00,2737.292402,2736.85808,2736.994193,-0.4343220000000656,-0.2982090000000426,-0.3662655000000541
2021-09-07 05:00:00,2737.293182,2736.8616,2736.994122,-0.4315819999997075,-0.2990599999998267,-0.3653209999997671
2021-09-07 05:15:00,2737.292792,2736.86296,2736.995482,-0.42983200000026045,-0.29731000000037966,-0.36357100000032005
2021-09-07 05:30:00,2737.294928,2736.861598,2736.994118,-0.4333299999998417,-0.30080999999972846,-0.36706999999978507
2021-09-07 05:45:00,2737.293761,2736.85944,2736.992952,-0.43432099999972706,-0.3008089999998447,-0.36756499999978587
2021-09-07 06:00:00,2737.295511,2736.861256,2736.994985,-0.4342549999996663,-0.30052599999999074,-0.36739049999982853
2021-09-07 06:15:00,2737.296677,2736.860674,2736.9944,-0.4360029999998005,-0.3022769999997763,-0.3691399999997884
2021-09-07 07:15:00,2737.294541,2736.859625,2736.993161,-0.4349160000001575,-0.3013800000003357,-0.3681480000002466
2021-09-07 07:30:00,2737.296101,2736.860425,2736.996428,-0.4356760000000577,-0.2996729999999843,-0.367674500000021
2021-09-07 07:45:00,2737.293768,2736.858852,2736.99499,-0.4349160000001575,-0.29877799999985655,-0.36684700000000703
2021-09-07 08:00:00,2737.293961,2736.858136,2736.995472,-0.43582500000002256,-0.2984889999997904,-0.3671569999999065
2021-09-07 08:15:00,2737.291822,2736.855915,2736.994229,-0.4359070000000429,-0.2975930000002336,-0.36675000000013824
2021-09-07 08:30:00,2737.296101,2736.856695,2736.993258,-0.43940599999996266,-0.3028429999999389,-0.3711244999999508
2021-09-07 09:00:00,2737.293961,2736.854555,2736.993433,-0.43940599999996266,-0.3005279999997583,-0.3699669999998605
2021-09-07 09:15:00,2737.296097,2736.855784,2736.998461,-0.44031300000006013,-0.29763599999978396,-0.36897449999992205
2021-09-07 09:30:00,2737.292598,2736.854032,2736.995858,-0.4385659999998097,-0.2967399999997724,-0.36765299999979106
2021-09-07 09:45:00,2737.292209,2736.853642,2736.993718,-0.43856700000014825,-0.2984910000000127,-0.3685290000000805
2021-09-07 10:00:00,2737.290652,2736.852087,2736.989558,-0.43856499999992593,-0.3010939999999209,-0.36982949999992343
2021-09-07 10:15:00,2737.290459,2736.854635,2736.991115,-0.435823999999684,-0.29934400000001915,-0.3675839999998516
2021-09-07 10:30:00,2737.287347,2736.853271,2736.989751,-0.43407600000000457,-0.29759599999988495,-0.36583599999994476
2021-09-07 10:45:00,2737.285014,2736.854438,2736.990918,-0.430576000000201,-0.2940960000000814,-0.3623360000001412
2021-09-07 11:00:00,2737.287154,2736.854828,2736.993911,-0.4323260000001028,-0.29324300000007497,-0.3627845000000889
2021-09-07 11:15:00,2737.286184,2736.852868,2736.992088,-0.4333160000001044,-0.2940960000000814,-0.3637060000000929
2021-09-07 11:45:00,2737.284045,2736.850728,2736.989948,-0.4333169999999882,-0.2940969999999652,-0.3637069999999767
2021-09-07 12:00:00,2737.280739,2736.851912,2736.989244,-0.4288269999997283,-0.2914949999999408,-0.36016099999983453
2021-09-07 12:15:00,2737.285408,2736.850259,2736.989561,-0.43514900000036505,-0.2958470000003217,-0.3654980000003434
2021-09-07 12:30:00,2737.285214,2736.850066,2736.991683,-0.4351480000000265,-0.2935309999998026,-0.36433949999991455
2021-09-07 13:00:00,2737.283855,2736.847649,2736.992073,-0.4362060000003112,-0.29178200000023935,-0.36399400000027526
2021-09-07 13:15:00,2737.283855,2736.84864,2736.990323,-0.43521499999997104,-0.2935320000001411,-0.3643735000000561
2021-09-07 13:30:00,2737.283075,2736.850272,2736.98869,-0.4328029999996943,-0.2943849999996928,-0.36359399999969355
2021-09-07 13:45:00,2737.286764,2736.853203,2736.988879,-0.4335609999998269,-0.2978849999999511,-0.365722999999889
2021-09-07 14:00:00,2737.282878,2736.850077,2736.988493,-0.4328009999999267,-0.29438500000014756,-0.36359300000003714
2021-09-07 14:15:00,2737.284241,2736.84969,2736.988677,-0.4345509999998285,-0.29556400000001304,-0.36505749999992076
2021-09-07 14:30:00,2737.285211,2736.853402,2736.991679,-0.4318089999997028,-0.2935319999996864,-0.3626704999996946
2021-09-07 14:45:00,2737.283855,2736.851054,2736.99004,-0.4328009999999267,-0.29381499999999505,-0.3633079999999609
2021-09-07 15:30:00,2737.286574,2736.855756,2736.991862,-0.43081800000027215,-0.29471200000034514,-0.36276500000030865
2021-09-07 15:45:00,2737.286181,2736.854371,2736.990617,-0.4318100000000413,-0.29556400000001304,-0.3636870000000272
2021-09-07 16:00:00,2737.284238,2736.855169,2736.991277,-0.42906900000025416,-0.29296100000010483,-0.3610150000001795
2021-09-07 16:15:00,2737.285794,2736.856726,2736.993403,-0.42906799999991563,-0.29239099999995233,-0.360729499999934
2021-09-07 16:30:00,2737.284235,2736.853596,2736.99041,-0.43063900000015565,-0.2938250000001972,-0.3622320000001764
2021-09-07 16:45:00,2737.284628,2736.852819,2736.99484,-0.4318089999997028,-0.2897880000000441,-0.36079849999987346
2021-09-07 17:00:00,2737.282682,2736.849039,2736.99147,-0.43364299999984723,-0.29121200000008685,-0.36242749999996704
2021-09-07 17:15:00,2737.288513,2736.853206,2736.996405,-0.4353070000001935,-0.2921080000000984,-0.36370750000014596
2021-09-07 17:30:00,2737.286764,2736.850383,2736.993802,-0.43638099999998303,-0.2929619999999886,-0.3646714999999858
2021-09-07 17:45:00,2737.28793,2736.8498,2736.993219,-0.438130000000001,-0.2947110000000066,-0.3664205000000038
2021-09-07 18:00:00,2737.286764,2736.850465,2736.992053,-0.4362989999999627,-0.2947110000000066,-0.36550499999998465
2021-09-07 18:15:00,2737.287347,2736.854779,2736.990033,-0.4325680000001739,-0.2973139999999148,-0.36494100000004437
2021-09-07 18:30:00,2737.28793,2736.855363,2736.990617,-0.4325669999998354,-0.297313000000031,-0.3649399999999332
2021-09-07 18:45:00,2737.286764,2736.853205,2736.9912,-0.4335590000000593,-0.29556400000001304,-0.3645615000000362
2021-09-07 19:00:00,2737.286764,2736.853205,2736.992906,-0.4335590000000593,-0.2938580000000002,-0.36370850000002974
2021-09-07 19:15:00,2737.288127,2736.852818,2736.991666,-0.4353089999999611,-0.2964609999999084,-0.36588499999993473
2021-09-07 19:30:00,2737.289686,2736.852628,2736.991476,-0.4370579999999791,-0.29820999999992637,-0.3676339999999527
2021-09-07 19:45:00,2737.287354,2736.851119,2736.990893,-0.4362350000001243,-0.2964609999999084,-0.3663480000000163
2021-09-07 20:00:00,2737.289879,2736.851234,2736.989349,-0.43864499999972395,-0.30052999999998065,-0.3695874999998523
2021-09-07 20:15:00,2737.2891,2736.850454,2736.990318,-0.4386460000000625,-0.29878199999984645,-0.36871399999995447
2021-09-07 20:30:00,2737.287543,2736.851637,2736.9908,-0.43590599999970436,-0.2967429999998785,-0.36632449999979144
2021-09-07 20:45:00,2737.291429,2736.852866,2736.99379,-0.4385629999997036,-0.2976389999998901,-0.36810099999979684
2021-09-07 21:00:00,2737.289679,2736.854036,2736.990333,-0.43564299999979994,-0.2993459999997867,-0.36749449999979333
2021-09-07 21:15:00,2737.289876,2736.852483,2736.991383,-0.4373929999997017,-0.2984929999997803,-0.367942999999741
2021-09-07 21:30:00,2737.290852,2736.854448,2736.99061,-0.43640400000003865,-0.30024200000025303,-0.36832300000014584
2021-09-07 21:45:00,2737.290852,2736.8562,2736.989757,-0.43465199999991455,-0.30109500000025946,-0.367873500000087
2021-09-07 22:00:00,2737.293768,2736.855615,2736.994381,-0.43815300000005664,-0.2993870000000243,-0.36877000000004045
2021-09-07 22:15:00,2737.290852,2736.853458,2736.992643,-0.43739400000004025,-0.2982090000000426,-0.3678015000000414
2021-09-07 22:45:00,2737.290852,2736.856198,2736.997849,-0.4346540000001369,-0.29300300000022617,-0.3638285000001815
2021-09-07 23:00:00,2737.290462,2736.857559,2736.996606,-0.43290299999989656,-0.29385599999977785,-0.3633794999998372
2021-09-07 23:15:00,2737.289683,2736.855028,2736.994646,-0.43465500000002066,-0.29503699999986566,-0.36484599999994316
2021-09-07 23:30:00,2737.291822,2736.855418,2736.997639,-0.43640400000003865,-0.29418299999997544,-0.36529350000000704
2021-09-07 23:45:00,2737.291629,2736.855225,2736.996593,-0.43640400000003865,-0.29503599999998187,-0.36572000000001026
2021-09-08 00:00:00,2737.290266,2736.855612,2736.995231,-0.4346540000001369,-0.2950350000000981,-0.3648445000001175
2021-09-08 00:30:00,2737.290266,2736.85502,2736.995513,-0.43524600000000646,-0.29475300000012794,-0.3649995000000672
2021-09-08 00:45:00,2737.290849,2736.854614,2736.994063,-0.4362350000001243,-0.29678599999988364,-0.36651050000000396
2021-09-08 01:00:00,2737.291432,2736.856187,2736.994929,-0.4352450000001227,-0.2965030000000297,-0.3658740000000762
2021-09-08 01:30:00,2737.292598,2736.854614,2736.996993,-0.43798400000014226,-0.29560499999979584,-0.36679449999996905
2021-09-08 01:45:00,2737.293765,2736.85403,2736.999003,-0.4397349999999278,-0.29476199999999153,-0.3672484999999597
2021-09-08 02:30:00,2737.293182,2736.854371,2736.999853,-0.43881099999998696,-0.2933290000000852,-0.3660700000000361
2021-09-08 03:45:00,2737.291432,2736.85338,2736.99668,-0.4380519999999706,-0.2947519999997894,-0.36640199999988
2021-09-08 04:30:00,2737.292598,2736.852797,2736.995245,-0.43980099999998856,-0.29735299999993003,-0.3685769999999593
2021-09-08 04:45:00,2737.292015,2736.852213,2736.997263,-0.43980199999987235,-0.2947519999997894,-0.3672769999998309
2021-09-08 05:00:00,2737.293765,2736.855781,2736.999014,-0.4379839999996875,-0.2947509999999056,-0.36636749999979656
2021-09-08 05:15:00,2737.293765,2736.853965,2736.996412,-0.4398000000001048,-0.29735299999993003,-0.3685765000000174
2021-09-08 05:45:00,2737.293765,2736.851223,2736.993807,-0.4425419999997757,-0.29995800000006057,-0.37124999999991815
2021-09-08 06:15:00,2737.294541,2736.852067,2736.995437,-0.44247400000040216,-0.29910400000017034,-0.37078900000028625
2021-09-08 06:30:00,2737.292012,2736.854027,2736.994087,-0.43798500000002605,-0.2979249999998501,-0.3679549999999381
2021-09-08 07:00:00,2737.292012,2736.853037,2736.993234,-0.43897500000002765,-0.29877799999985655,-0.3688764999999421
2021-09-08 07:15:00,2737.293178,2736.852454,2736.992651,-0.44072400000004563,-0.30052699999987453,-0.3706254999999601
2021-09-08 07:30:00,2737.291429,2736.850704,2736.996677,-0.4407249999999294,-0.2947519999997894,-0.3677384999998594
2021-09-08 07:45:00,2737.292012,2736.852129,2736.99494,-0.4398830000000089,-0.2970719999998437,-0.3684774999999263
2021-09-08 08:00:00,2737.291625,2736.849249,2736.9937,-0.44237599999996746,-0.2979249999998501,-0.3701504999999088
2021-09-08 08:15:00,2737.294351,2736.850307,2736.99553,-0.4440439999998489,-0.29882099999986167,-0.3714324999998553
2021-09-08 08:30:00,2737.293768,2736.849724,2736.994947,-0.4440439999998489,-0.29882099999986167,-0.3714324999998553
2021-09-08 08:45:00,2737.290073,2736.85019,2736.99475,-0.4398830000000089,-0.29532300000028044,-0.3676030000001447
2021-09-08 09:00:00,2737.291429,2736.851546,2736.996107,-0.4398830000000089,-0.2953219999999419,-0.3676024999999754
2021-09-08 09:30:00,2737.292012,2736.850381,2736.994087,-0.44163099999968836,-0.2979249999998501,-0.36977799999976924
2021-09-08 09:45:00,2737.289293,2736.849657,2736.994291,-0.43963599999960934,-0.29500199999984034,-0.36731899999972484
2021-09-08 10:00:00,2737.289103,2736.846727,2736.991177,-0.44237599999996746,-0.29792600000018865,-0.37015100000007806
2021-09-08 10:15:00,2737.28852,2736.852549,2736.990027,-0.4359709999998813,-0.29849300000023504,-0.3672320000000582
2021-09-08 10:30:00,2737.288323,2736.85052,2736.989832,-0.4378030000002582,-0.2984910000000127,-0.36814700000013545
2021-09-08 10:45:00,2737.286377,2736.852074,2736.991384,-0.4343029999999999,-0.29499299999997675,-0.3646479999999883
2021-09-08 11:00:00,2737.287354,2736.851301,2736.990612,-0.43605299999990166,-0.29674199999999473,-0.3663974999999482
2021-09-08 11:15:00,2737.284241,2736.851688,2736.990999,-0.43255299999964336,-0.29324199999973644,-0.3628974999996899
2021-09-08 11:30:00,2737.285211,2736.850909,2736.990784,-0.4343020000001161,-0.29442699999981414,-0.3643644999999651
2021-09-08 11:45:00,2737.28774,2736.857171,2736.991564,-0.430569000000105,-0.2961760000002869,-0.36337250000019594
2021-09-08 12:00:00,2737.283848,2736.85645,2736.99292,-0.4273979999998119,-0.2909279999998944,-0.3591629999998531
2021-09-08 12:30:00,2737.285404,2736.856258,2736.992727,-0.4291460000004008,-0.2926770000003671,-0.36091150000038397
2021-09-08 12:45:00,2737.283268,2736.854038,2736.989737,-0.42923000000018874,-0.29353100000025734,-0.36138050000022304
2021-09-08 13:15:00,2737.285408,2736.858159,2736.996756,-0.42724900000030175,-0.28865200000018376,-0.35795050000024276
2021-09-08 13:30:00,2737.286187,2736.857949,2736.991477,-0.4282379999999648,-0.2947100000001228,-0.3614740000000438
2021-09-08 13:45:00,2737.283855,2736.857366,2736.990894,-0.4264889999999468,-0.29296100000010483,-0.35972500000002583
2021-09-08 14:15:00,2737.285021,2736.855791,2736.994663,-0.42923000000018874,-0.2903580000001966,-0.3597940000001927
2021-09-08 14:30:00,2737.284438,2736.855208,2736.992048,-0.42923000000018874,-0.29239000000006854,-0.36081000000012864
2021-09-08 14:45:00,2737.285604,2736.852473,2736.991463,-0.4331310000002304,-0.29414100000030885,-0.36363600000026963
2021-09-08 15:00:00,2737.284824,2736.848953,2736.993286,-0.43587099999967904,-0.2915379999999459,-0.36370449999981247
2021-09-08 15:15:00,2737.286764,2736.851883,2736.994042,-0.4348810000001322,-0.2927220000001398,-0.363801500000136
2021-09-08 15:30:00,2737.283848,2736.846904,2736.994626,-0.4369440000000395,-0.2892219999998815,-0.3630829999999605
2021-09-08 15:45:00,2737.285014,2736.851042,2736.995793,-0.43397200000026714,-0.28922099999999773,-0.36159650000013244
2021-09-08 16:00:00,2737.283848,2736.844974,2736.992023,-0.4388739999999416,-0.29182500000024447,-0.36534950000009303
2021-09-08 16:15:00,2737.284238,2736.847114,2736.989809,-0.4371240000000398,-0.29442900000003647,-0.36577650000003814
2021-09-08 16:30:00,2737.285601,2736.84491,2736.992026,-0.44069100000024264,-0.29357500000014625,-0.36713300000019444
2021-09-08 16:45:00,2737.282685,2736.842753,2736.990006,-0.43993200000022625,-0.2926790000001347,-0.3663055000001805
2021-09-08 17:00:00,2737.286767,2736.842411,2736.994046,-0.44435599999997066,-0.292721000000256,-0.36853850000011334
2021-09-08 17:15:00,2737.286184,2736.845493,2736.989153,-0.44069100000024264,-0.2970310000000609,-0.36886100000015176
2021-09-08 17:30:00,2737.286184,2736.84731,2736.991756,-0.4388739999999416,-0.2944280000001527,-0.36665100000004713
2021-09-08 18:45:00,2737.285601,2736.852208,2736.993776,-0.43339300000025105,-0.29182500000024447,-0.36260900000024776
2021-09-08 19:00:00,2737.285018,2736.851624,2736.993192,-0.43339400000013484,-0.29182600000012826,-0.36261000000013155
2021-09-08 19:30:00,2737.286184,2736.8483,2736.992609,-0.43788399999994,-0.29357500000014625,-0.3657295000000431
2021-09-08 19:45:00,2737.288516,2736.848883,2736.994045,-0.439632999999958,-0.2944710000001578,-0.3670520000000579
2021-09-08 20:00:00,2737.28871,2736.851818,2736.992533,-0.43689199999971606,-0.2961769999997159,-0.366534499999716
2021-09-08 20:15:00,2737.286181,2736.849467,2736.992606,-0.4367139999999381,-0.29357500000014625,-0.36514450000004217
2021-09-08 20:30:00,2737.288513,2736.85005,2736.996645,-0.4384629999999561,-0.29186799999979485,-0.36516549999987546
2021-09-08 20:45:00,2737.289293,2736.85083,2736.991366,-0.4384629999999561,-0.2979269999996177,-0.3681949999997869
2021-09-08 21:00:00,2737.28852,2736.849148,2736.993484,-0.4393720000002759,-0.29503599999998187,-0.36720400000012887
2021-09-08 21:15:00,2737.285604,2736.847981,2736.992317,-0.4376230000002579,-0.2932869999999639,-0.3654550000001109
2021-09-08 21:45:00,2737.286187,2736.847573,2736.992901,-0.4386140000001433,-0.2932860000000801,-0.3659500000001117
2021-09-08 22:00:00,2737.290269,2736.850898,2736.991446,-0.43937099999993734,-0.298823000000084,-0.36909700000001067
2021-09-08 22:30:00,2737.288713,2736.847509,2736.992824,-0.44120399999974325,-0.2958889999999883,-0.3685464999998658
2021-09-08 22:45:00,2737.290073,2736.847119,2736.989831,-0.44295400000009977,-0.30024200000025303,-0.3715980000001764
2021-09-08 23:00:00,2737.292212,2736.849341,2736.991074,-0.4428709999997409,-0.30113799999980984,-0.37200449999977536
2021-09-08 23:15:00,2737.290849,2736.846986,2736.994064,-0.4438629999999648,-0.29678499999999985,-0.37032399999998233
2021-09-08 23:30:00,2737.289683,2736.848894,2736.995501,-0.44078899999976784,-0.29418200000009165,-0.36748549999992974
2021-09-08 23:45:00,2737.289683,2736.851635,2736.990294,-0.4380479999999807,-0.29938899999979185,-0.36871849999988626
2021-09-09 00:00:00,2737.290266,2736.851227,2736.992911,-0.43903899999986606,-0.29735500000015236,-0.3681970000000092
2021-09-09 00:15:00,2737.2891,2736.849071,2736.993493,-0.44002899999986766,-0.29560700000001816,-0.3678179999999429
2021-09-09 00:30:00,2737.289683,2736.850644,2736.992896,-0.43903899999986606,-0.29678699999976743,-0.36791299999981675
2021-09-09 01:00:00,2737.289683,2736.85246,2736.992898,-0.43722299999990355,-0.29678499999999985,-0.3670039999999517
2021-09-09 01:15:00,2737.290266,2736.850236,2736.994334,-0.44002999999975145,-0.2959319999999934,-0.36798099999987244
2021-09-09 01:30:00,2737.293182,2736.849653,2736.992045,-0.4435289999996712,-0.30113699999992605,-0.37233299999979863
2021-09-09 01:45:00,2737.291432,2736.853384,2736.995501,-0.4380479999999807,-0.29593100000010963,-0.36698950000004515
2021-09-09 02:00:00,2737.290849,2736.857358,2736.994918,-0.43349099999977625,-0.29593100000010963,-0.36471099999994294
2021-09-09 02:15:00,2737.288516,2736.855451,2736.993481,-0.4330650000001697,-0.2950350000000981,-0.3640500000001339
2021-09-09 02:30:00,2737.293571,2736.857008,2736.995891,-0.43656300000020565,-0.2976800000001276,-0.36712150000016663
2021-09-09 02:45:00,2737.294351,2736.857029,2736.994921,-0.43732200000022203,-0.2994300000000294,-0.3683760000001257
2021-09-09 03:15:00,2737.292212,2736.853832,2736.994531,-0.43838000000005195,-0.2976810000000114,-0.3680305000000317
2021-09-09 04:00:00,2737.291822,2736.847959,2736.993288,-0.4438629999999648,-0.29853400000001784,-0.3711984999999913
2021-09-09 04:15:00,2737.292602,2736.851481,2736.991465,-0.4411209999998391,-0.30113699999992605,-0.3711289999998826
2021-09-09 04:30:00,2737.293961,2736.85208,2736.996282,-0.4418809999997393,-0.2976789999997891,-0.3697799999997642
2021-09-09 04:45:00,2737.291822,2736.84895,2736.995892,-0.4428720000000794,-0.29593000000022585,-0.36940100000015264
2021-09-09 05:15:00,2737.294934,2736.850232,2736.992902,-0.44470200000023397,-0.3020320000000538,-0.3733670000001439
2021-09-09 05:30:00,2737.293378,2736.849516,2736.994845,-0.4438619999996263,-0.2985329999996793,-0.3711974999996528
2021-09-09 05:45:00,2737.294931,2736.847903,2736.992899,-0.4470280000000457,-0.3020320000000538,-0.37453000000004977
2021-09-09 06:00:00,2737.291822,2736.852785,2736.993289,-0.4390370000000985,-0.29853300000013405,-0.36878500000011627
2021-09-09 06:15:00,2737.292602,2736.853565,2736.993216,-0.4390370000000985,-0.2993860000001405,-0.3692115000001195
2021-09-09 06:30:00,2737.293185,2736.851408,2736.993799,-0.44177700000000186,-0.2993860000001405,-0.3705815000000712
2021-09-09 06:45:00,2737.295128,2736.851602,2736.997449,-0.44352600000001985,-0.29767900000024383,-0.37060250000013184
2021-09-09 07:00:00,2737.293182,2736.852395,2736.994649,-0.44078700000000026,-0.2985329999996793,-0.3696599999998398
2021-09-09 07:15:00,2737.293765,2736.847497,2736.992629,-0.4462679999996908,-0.30113600000004226,-0.37370199999986653
2021-09-09 07:45:00,2737.291432,2736.852462,2736.995502,-0.43897000000015396,-0.2959299999997711,-0.36744999999996253
2021-09-09 08:15:00,2737.291042,2736.852006,2736.993689,-0.43903599999975995,-0.29735299999993003,-0.368194499999845
2021-09-09 08:30:00,2737.290652,2736.851616,2736.994151,-0.4390360000002147,-0.29650100000026214,-0.3677685000002384
2021-09-09 08:45:00,2737.291432,2736.856953,2736.994931,-0.4344790000000103,-0.2965009999998074,-0.36548999999990883
2021-09-09 09:00:00,2737.290849,2736.85363,2736.996098,-0.43721899999991365,-0.2947509999999056,-0.36598499999990963
2021-09-09 09:15:00,2737.28871,2736.85324,2736.990501,-0.43546999999989566,-0.29820899999958783,-0.36683949999974175
2021-09-09 09:30:00,2737.288513,2736.854033,2736.990587,-0.43447999999989406,-0.29792600000018865,-0.36620300000004136
2021-09-09 09:45:00,2737.28793,2736.85246,2736.992607,-0.43546999999989566,-0.2953229999998257,-0.3653964999998607
2021-09-09 10:00:00,2737.287347,2736.853046,2736.991172,-0.43430099999977756,-0.29617499999994834,-0.36523799999986295
2021-09-09 10:30:00,2737.283848,2736.846395,2736.992594,-0.437453000000005,-0.2912540000002082,-0.3643535000001066
2021-09-09 10:45:00,2737.286764,2736.843004,2736.993191,-0.4437600000001112,-0.2935729999999239,-0.36866650000001755
2021-09-09 11:00:00,2737.285404,2736.843394,2736.993581,-0.4420100000002094,-0.29182300000002215,-0.3669165000001158
2021-09-09 11:15:00,2737.286767,2736.843009,2736.993764,-0.44375799999988885,-0.29300300000022617,-0.3683805000000575
2021-09-09 11:30:00,2737.287933,2736.841434,2736.99318,-0.44649900000013076,-0.29475300000012794,-0.37062600000012935
2021-09-09 11:45:00,2737.284435,2736.839684,2736.989724,-0.44475099999999657,-0.2947110000000066,-0.3697310000000016
2021-09-09 12:00:00,2737.285018,2736.838435,2736.98941,-0.4465829999999187,-0.29560799999990195,-0.3710954999999103
2021-09-09 12:15:00,2737.286574,2736.840983,2736.990967,-0.4455910000001495,-0.29560700000001816,-0.37059900000008383
2021-09-09 12:30:00,2737.285604,2736.841846,2736.989144,-0.4437580000003436,-0.2964600000000246,-0.3701090000001841
2021-09-09 12:45:00,2737.285021,2736.842171,2736.991735,-0.44285000000036234,-0.2932860000000801,-0.3680680000002212
2021-09-09 13:00:00,2737.285021,2736.84392,2736.993484,-0.44110100000034436,-0.2915370000000621,-0.36631900000020323
2021-09-09 13:15:00,2737.284824,2736.839809,2736.993287,-0.4450149999997848,-0.2915370000000621,-0.36827599999992344
2021-09-09 13:30:00,2737.284628,2736.838621,2736.99309,-0.4460070000000087,-0.2915379999999459,-0.3687724999999773
2021-09-09 14:00:00,2737.284431,2736.837434,2736.99029,-0.4469970000000103,-0.2941409999998541,-0.3705689999999322
2021-09-09 14:15:00,2737.282099,2736.835101,2736.987958,-0.4469979999998941,-0.2941409999998541,-0.3705694999998741
2021-09-09 14:30:00,2737.282099,2736.837016,2736.98767,-0.44508300000006784,-0.29442900000003647,-0.36975600000005215
2021-09-09 15:00:00,2737.285404,2736.838571,2736.99183,-0.44683300000042436,-0.29357400000026246,-0.3702035000003434
2021-09-09 15:15:00,2737.285018,2736.839935,2736.99059,-0.44508300000006784,-0.2944280000001527,-0.36975550000011026
2021-09-09 15:30:00,2737.286184,2736.839024,2736.99261,-0.4471600000001672,-0.29357400000026246,-0.37036700000021483
2021-09-09 15:45:00,2737.287157,2736.838247,2736.9898,-0.448910000000069,-0.2973570000003747,-0.37313350000022183
2021-09-09 16:00:00,2737.287354,2736.841185,2736.9926,-0.44616899999982707,-0.29475400000001173,-0.3704614999999194
2021-09-09 16:15:00,2737.285021,2736.838768,2736.989413,-0.44625300000006973,-0.2956080000003567,-0.3709305000002132
2021-09-09 16:30:00,2737.283855,2736.834861,2736.988246,-0.44899400000031164,-0.2956090000002405,-0.37230150000027606
2021-09-09 17:15:00,2737.284438,2736.839175,2736.989399,-0.44526300000006813,-0.295039000000088,-0.37015100000007806
2021-09-09 17:30:00,2737.283855,2736.83661,2736.99142,-0.44724500000029366,-0.292435000000296,-0.3698400000002948
2021-09-09 18:00:00,2737.285021,2736.835184,2736.988234,-0.44983700000011595,-0.2967870000002222,-0.37331200000016906
2021-09-09 18:15:00,2737.28677,2736.836935,2736.990837,-0.4498350000003484,-0.29593300000033196,-0.37288400000034017
2021-09-09 18:30:00,2737.287354,2736.836609,2736.989996,-0.4507450000000972,-0.29735800000025847,-0.37405150000017784
2021-09-09 18:45:00,2737.283855,2736.834777,2736.987393,-0.44907800000009956,-0.2964620000002469,-0.37277000000017324
2021-09-09 19:15:00,2737.287354,2736.838359,2736.992599,-0.44899500000019543,-0.2947549999998955,-0.3718750000000455
2021-09-09 19:45:00,2737.289103,2736.841099,2736.991746,-0.4480039999998553,-0.29735699999991994,-0.3726804999998876
2021-09-09 20:00:00,2737.28813,2736.840126,2736.990774,-0.4480039999998553,-0.29735600000003615,-0.3726799999999457
2021-09-09 20:15:00,2737.287933,2736.838179,2736.988827,-0.4497540000002118,-0.2991059999999379,-0.37443000000007487
2021-09-09 20:30:00,2737.289683,2736.841761,2736.990576,-0.44792199999983495,-0.2991069999998217,-0.37351449999982833
2021-09-09 20:45:00,2737.290266,2736.841355,2736.991443,-0.44891099999995276,-0.298823000000084,-0.3738670000000184
2021-09-09 21:00:00,2737.291042,2736.841371,2736.989616,-0.44967099999985294,-0.3014259999999922,-0.37554849999992257
2021-09-09 21:15:00,2737.291429,2736.843903,2736.989106,-0.44752599999992526,-0.30232299999988754,-0.3749244999999064
2021-09-09 21:30:00,2737.290263,2736.844486,2736.993145,-0.4457769999999073,-0.2971179999999549,-0.3714474999999311
2021-09-09 21:45:00,2737.290263,2736.847228,2736.989689,-0.4430349999997816,-0.30057399999986956,-0.37180449999982557
2021-09-09 22:00:00,2737.290263,2736.846237,2736.992292,-0.44402599999966696,-0.29797099999996135,-0.37099849999981416
2021-09-09 22:30:00,2737.292012,2736.853633,2736.992294,-0.4383789999997134,-0.299717999999757,-0.3690484999997352
2021-09-09 22:45:00,2737.291429,2736.852968,2736.993459,-0.43846099999973376,-0.29797000000007756,-0.36821549999990566
2021-09-09 23:15:00,2737.291625,2736.855988,2736.994509,-0.43563700000004246,-0.2971159999997326,-0.36637649999988753
2021-09-09 23:30:00,2737.292988,2736.85461,2736.993269,-0.4383780000002844,-0.29971900000009555,-0.36904850000018996
2021-09-09 23:45:00,2737.293958,2736.851007,2736.991636,-0.44295099999999366,-0.30232200000000375,-0.3726364999999987
2021-09-10 00:00:00,2737.294155,2736.851204,2736.995289,-0.44295099999999366,-0.2988660000000891,-0.3709085000000414
2021-09-10 00:30:00,2737.291435,2736.851225,2736.991717,-0.4402100000002065,-0.29971800000021176,-0.3699640000002091
2021-09-10 00:45:00,2737.293768,2736.853559,2736.994903,-0.44020899999986796,-0.2988650000002053,-0.36953700000003664
2021-09-10 01:00:00,2737.294351,2736.854224,2736.996339,-0.4401269999998476,-0.2980120000001989,-0.36906950000002325
2021-09-10 01:30:00,2737.293185,2736.857549,2736.993468,-0.4356360000001587,-0.2997169999998732,-0.36767650000001595
2021-09-10 02:15:00,2737.293768,2736.855391,2736.992301,-0.43837699999994584,-0.301466999999775,-0.3699219999998604
2021-09-10 02:30:00,2737.294351,2736.851483,2736.993171,-0.4428680000000895,-0.30117999999993117,-0.37202400000001035
2021-09-10 02:45:00,2737.294351,2736.851483,2736.995775,-0.4428680000000895,-0.2985760000001392,-0.37072200000011435
2021-09-10 03:00:00,2737.296101,2736.850826,2736.994922,-0.44527500000003783,-0.3011790000000474,-0.3732270000000426
2021-09-10 03:30:00,2737.295517,2736.851992,2736.993485,-0.44352500000013606,-0.3020320000000538,-0.37277850000009494
2021-09-10 03:45:00,2737.295711,2736.849446,2736.991928,-0.44626500000003944,-0.3037830000002941,-0.3750240000001668
2021-09-10 04:00:00,2737.294348,2736.847091,2736.993168,-0.4472569999998086,-0.30117999999993117,-0.3742184999998699
2021-09-10 04:15:00,2737.293765,2736.847499,2736.994335,-0.4462659999999232,-0.2994300000000294,-0.3728479999999763
2021-09-10 04:30:00,2737.294931,2736.851406,2736.993752,-0.4435249999996813,-0.3011790000000474,-0.37235199999986435
2021-09-10 04:45:00,2737.296097,2736.853564,2736.992315,-0.44253299999991214,-0.3037819999999556,-0.37315749999993386
2021-09-10 05:00:00,2737.295514,2736.849249,2736.991732,-0.44626500000003944,-0.3037819999999556,-0.3750234999999975
2021-09-10 06:00:00,2737.297847,2736.85066,2736.998375,-0.447186999999758,-0.299471999999696,-0.373329499999727
2021-09-10 06:15:00,2737.292792,2736.852833,2736.996818,-0.43995900000027177,-0.29597400000011476,-0.36796650000019326
2021-09-10 06:30:00,2737.293761,2736.851063,2736.994332,-0.4426979999998366,-0.29942899999969086,-0.37106349999976374
2021-09-10 07:00:00,2737.294344,2736.849234,2736.995198,-0.44511000000011336,-0.29914599999983693,-0.37212799999997515
2021-09-10 07:15:00,2737.293761,2736.845582,2736.992012,-0.4481789999999819,-0.30174899999974514,-0.3749639999998635
2021-09-10 07:30:00,2737.293375,2736.847936,2736.991625,-0.4454390000000785,-0.3017500000000837,-0.3735945000000811
2021-09-10 07:45:00,2737.292602,2736.847491,2736.992602,-0.44511099999999715,-0.3000000000001819,-0.3725555000000895
2021-09-10 08:15:00,2737.295517,2736.85049,2736.99405,-0.4450270000002092,-0.30146700000022975,-0.3732470000002195
2021-09-10 08:45:00,2737.292602,2736.846583,2736.992031,-0.4460189999999784,-0.30057099999976344,-0.3732949999998709
2021-09-10 09:00:00,2737.290852,2736.844749,2736.99028,-0.4461030000002211,-0.300572000000102,-0.3733375000001615
2021-09-10 09:15:00,2737.292602,2736.845593,2736.992885,-0.44700899999998,-0.2997169999998732,-0.3733629999999266
2021-09-10 09:30:00,2737.290269,2736.840436,2736.993153,-0.44983300000012605,-0.29711600000018734,-0.3734745000001567
2021-09-10 09:45:00,2737.289103,2736.84201,2736.991133,-0.4470930000002227,-0.29797000000007756,-0.3725315000001501
2021-09-10 10:00:00,2737.28852,2736.841427,2736.989697,-0.4470930000002227,-0.298823000000084,-0.37295800000015333
2021-09-10 10:15:00,2737.289103,2736.84026,2736.98678,-0.44884300000012445,-0.30232299999988754,-0.375583000000006
2021-09-10 10:30:00,2737.284438,2736.836351,2736.987363,-0.4480870000002142,-0.2970749999999498,-0.372581000000082
2021-09-10 10:45:00,2737.285604,2736.837518,2736.986498,-0.4480860000003304,-0.2991059999999379,-0.37359600000013415
2021-09-10 11:00:00,2737.284824,2736.836672,2736.99007,-0.4481519999999364,-0.29475400000001173,-0.37145299999997405
2021-09-10 11:15:00,2737.286764,2736.835871,2736.99026,-0.45089299999972354,-0.2965039999999135,-0.3736984999998185
2021-09-10 11:30:00,2737.28696,2736.837059,2736.99131,-0.44990099999995437,-0.2956500000000233,-0.3727754999999888
2021-09-10 11:45:00,2737.285991,2736.833347,2736.987738,-0.4526440000004186,-0.29825300000038624,-0.3754485000004024
2021-09-10 12:00:00,2737.287347,2736.835695,2736.989093,-0.45165199999973993,-0.2982539999998153,-0.3749529999997776
2021-09-10 12:15:00,2737.284238,2736.835756,2736.992658,-0.4484820000002401,-0.29158000000006723,-0.37003100000015365
2021-09-10 12:30:00,2737.289293,2736.837314,2736.991611,-0.4519789999999375,-0.2976819999998952,-0.37483049999991636
2021-09-10 12:45:00,2737.285404,2736.82961,2736.989471,-0.4557940000004237,-0.29593300000033196,-0.3758635000003778
2021-09-10 13:00:00,2737.287157,2736.830521,2736.987768,-0.4566360000003442,-0.2993890000002466,-0.3780125000002954
2021-09-10 13:15:00,2737.28813,2736.831495,2736.991345,-0.4566350000000057,-0.29678499999999985,-0.37671000000000276
2021-09-10 13:30:00,2737.284241,2736.832096,2736.990056,-0.4521449999997458,-0.294184999999743,-0.3731649999997444
2021-09-10 13:45:00,2737.28677,2736.834625,2736.989985,-0.4521450000002005,-0.29678499999999985,-0.3744650000001002
2021-09-10 14:15:00,2737.285604,2736.836199,2736.993736,-0.44940500000029715,-0.2918680000002496,-0.3706365000002734
2021-09-10 14:30:00,2737.286574,2736.838159,2736.991537,-0.44841500000029555,-0.2950370000003204,-0.371726000000308
2021-09-10 14:45:00,2737.289096,2736.835859,2736.990273,-0.453237000000172,-0.298823000000084,-0.376030000000128
2021-09-10 15:00:00,2737.288513,2736.838016,2736.988837,-0.45049699999981385,-0.2996760000000904,-0.37508649999995214
2021-09-10 15:30:00,2737.285987,2736.83724,2736.991516,-0.4487470000003668,-0.2944710000001578,-0.3716090000002623
2021-09-10 16:00:00,2737.286767,2736.836203,2736.990263,-0.4505640000002131,-0.2965039999999135,-0.3735340000000633
2021-09-10 16:15:00,2737.284435,2736.838359,2736.988826,-0.44607600000017555,-0.2956090000002405,-0.370842500000208
2021-09-10 16:30:00,2737.283075,2736.836671,2736.992673,-0.4464039999998022,-0.2904019999996308,-0.3684029999997165
2021-09-10 16:45:00,2737.286964,2736.83432,2736.990459,-0.45264399999996385,-0.2965049999997973,-0.3745744999998806
2021-09-10 17:00:00,2737.286574,2736.836671,2736.993527,-0.4499030000001767,-0.2930470000001151,-0.3714750000001459
2021-09-10 17:15:00,2737.287547,2736.841376,2736.989293,-0.4461710000000494,-0.2982539999998153,-0.37221249999993233
2021-09-10 17:30:00,2737.28735,2736.837448,2736.990846,-0.44990199999983815,-0.2965039999999135,-0.37320299999987583
2021-09-10 17:45:00,2737.287157,2736.838246,2736.990653,-0.4489110000004075,-0.29650400000036825,-0.3727075000003879
2021-09-10 18:00:00,2737.288713,2736.838149,2736.993632,-0.4505639999997584,-0.29508099999975457,-0.3728224999997565
2021-09-10 18:15:00,2737.287933,2736.838031,2736.992282,-0.4499020000002929,-0.29565099999990707,-0.3727765000001
2021-09-10 18:30:00,2737.290849,2736.836786,2736.991699,-0.4540630000001329,-0.29914999999982683,-0.37660649999997986
2021-09-10 18:45:00,2737.286767,2736.836863,2736.99372,-0.4499040000000605,-0.2930470000001151,-0.3714755000000878
2021-09-10 19:30:00,2737.289683,2736.836608,2736.990532,-0.45307499999989886,-0.29915100000016537,-0.3761130000000321
2021-09-10 20:00:00,2737.289293,2736.835227,2736.991322,-0.45406599999978425,-0.29797099999996135,-0.3760184999998728
2021-09-10 20:15:00,2737.288513,2736.838938,2736.990542,-0.4495750000000953,-0.29797099999996135,-0.37377300000002833
2021-09-10 20:30:00,2737.28793,2736.838355,2736.99053,-0.4495750000000953,-0.29739999999992506,-0.3734875000000102
2021-09-10 20:45:00,2737.291429,2736.835614,2736.98996,-0.45581499999980224,-0.3014689999999973,-0.3786419999998998
2021-09-10 21:00:00,2737.291625,2736.834886,2736.987552,-0.4567389999997431,-0.3040729999997893,-0.3804059999997662
2021-09-10 21:15:00,2737.289686,2736.83503,2736.989967,-0.45465599999988626,-0.29971900000009555,-0.3771874999999909
2021-09-10 21:30:00,2737.290852,2736.831706,2736.98967,-0.45914600000014616,-0.3011820000001535,-0.3801640000001498
2021-09-10 21:45:00,2737.289103,2736.835437,2736.992838,-0.45366599999988466,-0.2962649999999485,-0.3749654999999166
2021-09-10 22:15:00,2737.291435,2736.834695,2736.990254,-0.45674000000008164,-0.3011810000002697,-0.37896050000017567
2021-09-10 22:30:00,2737.290852,2736.836196,2736.989382,-0.45465599999988626,-0.3014699999998811,-0.3780629999998837
2021-09-10 23:00:00,2737.292019,2736.832871,2736.988234,-0.45914799999991374,-0.3037850000000617,-0.3814664999999877
2021-09-10 23:15:00,2737.289103,2736.833456,2736.990235,-0.4556470000002264,-0.2988679999998567,-0.37725750000004155
2021-09-10 23:45:00,2737.289103,2736.833455,2736.989384,-0.4556480000001102,-0.29971900000009555,-0.37768350000010287
2021-09-11 00:00:00,2737.289103,2736.837186,2736.990237,-0.4519169999998667,-0.2988660000000891,-0.3753914999999779
2021-09-11 01:00:00,2737.290852,2736.836196,2736.988818,-0.45465599999988626,-0.30203400000027614,-0.3783450000000812
2021-09-11 01:30:00,2737.291435,2736.834694,2736.991673,-0.4567409999999654,-0.29976200000010067,-0.37825150000003305
2021-09-11 01:45:00,2737.290269,2736.835277,2736.991404,-0.45499199999994744,-0.2988650000002053,-0.3769285000000764
2021-09-11 02:00:00,2737.291435,2736.830136,2736.990819,-0.46129900000005364,-0.3006159999999909,-0.38095750000002226
2021-09-11 02:15:00,2737.290852,2736.833119,2736.991986,-0.45773300000018935,-0.2988660000000891,-0.37829950000013923
2021-09-11 02:30:00,2737.291435,2736.83222,2736.994608,-0.459215000000313,-0.2968270000001212,-0.3780210000002171
2021-09-11 02:45:00,2737.292602,2736.831637,2736.993736,-0.4609650000002148,-0.2988660000000891,-0.37991550000015195
2021-09-11 03:15:00,2737.291435,2736.834036,2736.992571,-0.45739899999989575,-0.2988639999998668,-0.37813149999988127
2021-09-11 03:45:00,2737.294738,2736.83559,2736.992373,-0.45914799999991374,-0.3023650000000089,-0.3807564999999613
2021-09-11 04:00:00,2737.292792,2736.838135,2736.993928,-0.4546570000002248,-0.29886400000032154,-0.37676050000027317
2021-09-11 05:00:00,2737.294351,2736.836129,2736.995161,-0.4582220000002053,-0.2991900000001806,-0.37870600000019294
2021-09-11 05:30:00,2737.293768,2736.83462,2736.99661,-0.45914799999991374,-0.29715799999985393,-0.37815299999988383
2021-09-11 05:45:00,2737.292602,2736.836194,2736.994591,-0.45640800000001036,-0.29801099999986036,-0.37720949999993536
2021-09-11 06:00:00,2737.291435,2736.833047,2736.995173,-0.45838800000001356,-0.2962620000002971,-0.37732500000015534
2021-09-11 06:15:00,2737.294351,2736.840686,2736.99634,-0.4536650000000009,-0.29801099999986036,-0.3758379999999306
2021-09-11 06:30:00,2737.294351,2736.839695,2736.993172,-0.45465599999988626,-0.3011790000000474,-0.3779174999999668
2021-09-11 06:45:00,2737.293768,2736.840944,2736.992588,-0.45282399999996414,-0.30117999999993117,-0.37700199999994766
2021-09-11 07:00:00,2737.294351,2736.840434,2736.991422,-0.4539169999998194,-0.30292899999994916,-0.37842299999988427
2021-09-11 07:30:00,2737.293961,2736.837555,2736.991032,-0.45640599999978804,-0.30292899999994916,-0.3796674999998686
2021-09-11 07:45:00,2737.294931,2736.837617,2736.992002,-0.4573139999997693,-0.30292899999994916,-0.3801214999998592
2021-09-11 08:00:00,2737.294348,2736.837034,2736.993168,-0.4573139999997693,-0.30117999999993117,-0.37924699999985023
2021-09-11 08:30:00,2737.291432,2736.838608,2736.992855,-0.45282399999996414,-0.29857700000002296,-0.37570049999999355
2021-09-11 08:45:00,2737.292598,2736.835283,2736.992271,-0.45731500000010783,-0.30032699999992474,-0.3788210000000163
2021-09-11 09:00:00,2737.289683,2736.835867,2736.989398,-0.45381600000018807,-0.3002849999998034,-0.37705049999999574
2021-09-11 09:30:00,2737.291432,2736.835868,2736.990251,-0.4555639999998675,-0.30118099999981496,-0.37837249999984124
2021-09-11 09:45:00,2737.289293,2736.836647,2736.992465,-0.45264599999973143,-0.296828000000005,-0.3747369999998682
2021-09-11 10:00:00,2737.289679,2736.834293,2736.991101,-0.45538600000008955,-0.29857799999990675,-0.37698199999999815
2021-09-11 10:15:00,2737.290263,2736.834118,2736.989081,-0.4561449999996512,-0.30118199999969875,-0.37866349999967497
2021-09-11 10:30:00,2737.287347,2736.831961,2736.987915,-0.45538600000008955,-0.29943199999979697,-0.37740899999994326
2021-09-11 10:45:00,2737.287347,2736.829882,2736.986164,-0.4574649999999565,-0.3011830000000373,-0.3793239999999969
2021-09-11 11:00:00,2737.285597,2736.8298,2736.989665,-0.45579700000007506,-0.2959319999999934,-0.37586450000003424
2021-09-11 11:15:00,2737.288513,2736.834119,2736.991683,-0.4543939999998656,-0.29682999999977255,-0.3756119999998191
2021-09-11 11:30:00,2737.283655,2736.832675,2736.990324,-0.4509800000000723,-0.29333100000030754,-0.37215550000018993
2021-09-11 11:45:00,2737.288127,2736.831571,2736.990445,-0.4565559999996367,-0.2976819999998952,-0.37711899999976595
2021-09-11 12:15:00,2737.285987,2736.828359,2736.990908,-0.4576280000001134,-0.295078999999987,-0.3763535000000502
2021-09-11 12:30:00,2737.286574,2736.828944,2736.988603,-0.4576300000003357,-0.2979710000004161,-0.3778005000003759
2021-09-11 13:00:00,2737.284631,2736.829742,2736.988411,-0.4548890000000938,-0.2962200000001758,-0.3755545000001348
2021-09-11 13:15:00,2737.283658,2736.824211,2736.988289,-0.45944699999972727,-0.29536899999993693,-0.3774079999998321
2021-09-11 13:30:00,2737.286187,2736.828559,2736.989069,-0.4576280000001134,-0.2971179999999549,-0.37737300000003415
2021-09-11 13:45:00,2737.285991,2736.831102,2736.990623,-0.4548890000000938,-0.29536800000005314,-0.3751285000000735
2021-09-11 14:00:00,2737.283265,2736.830127,2736.987044,-0.4531379999998535,-0.2962210000000596,-0.37467949999995653
2021-09-11 14:15:00,2737.286181,2736.824652,2736.988781,-0.46152900000015507,-0.29739999999992506,-0.37946450000004006
2021-09-11 14:30:00,2737.285404,2736.828366,2736.989753,-0.4570380000000114,-0.2956510000003618,-0.3763445000001866
2021-09-11 14:45:00,2737.285018,2736.82897,2736.986763,-0.4560480000000098,-0.2982550000001538,-0.3771515000000818
2021-09-11 15:00:00,2737.284435,2736.830137,2736.988784,-0.454298000000108,-0.29565099999990707,-0.37497450000000754
2021-09-11 15:15:00,2737.284435,2736.826553,2736.986751,-0.4578820000001542,-0.2976840000001175,-0.37778300000013587
2021-09-11 15:30:00,2737.285018,2736.829878,2736.987334,-0.4551400000000285,-0.2976840000001175,-0.376412000000073
2021-09-11 15:45:00,2737.283851,2736.831123,2736.988769,-0.4527280000002065,-0.2950820000000931,-0.3739050000001498
2021-09-11 16:00:00,2737.285991,2736.831513,2736.988307,-0.4544780000001083,-0.2976840000001175,-0.3760810000001129
2021-09-11 16:15:00,2737.286381,2736.833654,2736.986947,-0.452726999999868,-0.2994340000000193,-0.37608049999994364
2021-09-11 16:30:00,2737.284824,2736.832097,2736.987992,-0.452726999999868,-0.2968319999999949,-0.37477949999993143
2021-09-11 16:45:00,2737.283855,2736.832877,2736.990807,-0.45097800000030475,-0.29304799999999886,-0.3720130000001518
2021-09-11 17:00:00,2737.284438,2736.83171,2736.989357,-0.4527280000002065,-0.2950810000002093,-0.3739045000002079
2021-09-11 17:45:00,2737.289103,2736.831044,2736.987066,-0.4580590000000484,-0.3020369999999275,-0.38004799999998795
2021-09-11 18:00:00,2737.285604,2736.833785,2736.987067,-0.4518190000003415,-0.29853700000012395,-0.3751780000002327
2021-09-11 18:15:00,2737.28677,2736.829471,2736.989087,-0.4572990000001482,-0.29768300000023373,-0.377491000000191
2021-09-11 18:30:00,2737.287354,2736.828304,2736.98792,-0.4590499999999338,-0.2994340000000193,-0.37924199999997654
2021-09-11 18:45:00,2737.287354,2736.829294,2736.985317,-0.4580599999999322,-0.3020369999999275,-0.38004849999992985
2021-09-11 20:00:00,2737.290462,2736.832486,2736.98753,-0.45797600000014427,-0.30293200000005527,-0.38045400000009977
2021-09-11 20:15:00,2737.2891,2736.832211,2736.987917,-0.4568890000000465,-0.3011830000000373,-0.3790360000000419
2021-09-11 20:30:00,2737.292209,2736.833652,2736.98956,-0.4585570000003827,-0.30264900000020134,-0.380603000000292
2021-09-11 20:45:00,2737.291429,2736.832872,2736.989633,-0.45855699999992794,-0.30179599999974016,-0.38017649999983405
2021-09-11 21:00:00,2737.290263,2736.834446,2736.989364,-0.45581700000002456,-0.3008989999998448,-0.3783579999999347
2021-09-11 21:30:00,2737.287543,2736.835226,2736.988393,-0.45231699999976627,-0.29914999999982683,-0.37573349999979655
2021-09-11 21:45:00,2737.289489,2736.833673,2736.98627,-0.45581599999968603,-0.3032189999998991,-0.37951749999979256
2021-09-11 22:00:00,2737.292012,2736.831705,2736.990217,-0.4603069999998297,-0.3017949999998564,-0.38105099999984304
2021-09-11 22:15:00,2737.290846,2736.832289,2736.990229,-0.45855699999992794,-0.3006169999998747,-0.3795869999999013
2021-09-11 22:30:00,2737.290263,2736.836196,2736.991967,-0.45406699999966804,-0.2982959999999366,-0.3761814999998023
2021-09-11 23:30:00,2737.290846,2736.835855,2736.988197,-0.45499100000006365,-0.3026489999997466,-0.3788199999999051
2021-09-11 23:45:00,2737.291429,2736.835612,2736.991384,-0.45581700000002456,-0.3000449999999546,-0.3779309999999896
2021-09-12 00:00:00,2737.290846,2736.836845,2736.986447,-0.45400100000006205,-0.30439899999964837,-0.3791999999998552
2021-09-12 00:15:00,2737.292402,2736.836586,2736.988857,-0.4558160000001408,-0.3035450000002129,-0.37968050000017683
2021-09-12 00:30:00,2737.291042,2736.835226,2736.990997,-0.45581599999968603,-0.3000449999999546,-0.3779304999998203
2021-09-12 00:45:00,2737.288903,2736.832094,2736.990607,-0.4568090000002485,-0.2982959999999366,-0.37755250000009255
2021-09-12 01:00:00,2737.291432,2736.832874,2736.991387,-0.4585579999998117,-0.3000449999999546,-0.37930149999988316
2021-09-12 01:15:00,2737.292015,2736.832468,2736.989937,-0.45954699999992954,-0.30207800000016505,-0.3808125000000473
2021-09-12 01:30:00,2737.292598,2736.832208,2736.990804,-0.4603900000001886,-0.3017939999999726,-0.3810920000000806
2021-09-12 01:45:00,2737.293765,2736.833458,2736.992541,-0.4603069999998297,-0.3012239999998201,-0.3807654999998249
2021-09-12 02:00:00,2737.293182,2736.832463,2736.989354,-0.460718999999699,-0.3038280000000668,-0.3822734999998829
2021-09-12 03:15:00,2737.294348,2736.83188,2736.991374,-0.462467999999717,-0.30297399999972185,-0.3827209999997194
2021-09-12 04:00:00,2737.294348,2736.83363,2736.989951,-0.4607179999998152,-0.3043969999998808,-0.382557499999848
2021-09-12 04:15:00,2737.294931,2736.829723,2736.987931,-0.4652080000000751,-0.306999999999789,-0.38610399999993206
2021-09-12 04:45:00,2737.294931,2736.831472,2736.991388,-0.46345900000005713,-0.30354299999999057,-0.38350100000002385
2021-09-12 06:00:00,2737.293571,2736.829451,2736.988322,-0.46412000000009357,-0.30524900000000343,-0.3846845000000485
2021-09-12 06:15:00,2737.292988,2736.828868,2736.988591,-0.46412000000009357,-0.30439700000033554,-0.38425850000021455
2021-09-12 06:30:00,2737.292402,2736.829271,2736.988857,-0.46313099999997576,-0.3035450000002129,-0.3833380000000943
2021-09-12 06:45:00,2737.294931,2736.834625,2736.989354,-0.4603059999999459,-0.3055770000000848,-0.38294150000001537
2021-09-12 07:00:00,2737.294541,2736.833245,2736.990998,-0.4612960000004023,-0.30354299999999057,-0.3824195000001964
2021-09-12 07:15:00,2737.295511,2736.834215,2736.991968,-0.4612959999999475,-0.30354299999999057,-0.38241949999996905
2021-09-12 07:30:00,2737.294928,2736.835382,2736.991954,-0.459545999999591,-0.30297399999972185,-0.38125999999965643
2021-09-12 07:45:00,2737.294928,2736.833632,2736.989634,-0.4612959999999475,-0.30529399999977613,-0.38329499999986183
2021-09-12 08:00:00,2737.293375,2736.832078,2736.989831,-0.46129700000028606,-0.3035440000003291,-0.3824205000003076
2021-09-12 08:15:00,2737.294351,2736.830315,2736.992514,-0.4640359999998509,-0.3018369999999777,-0.3829364999999143
2021-09-12 08:30:00,2737.295904,2736.831867,2736.991464,-0.46403700000018944,-0.3044399999998859,-0.3842385000000377
2021-09-12 08:45:00,2737.293761,2736.832799,2736.990217,-0.4609620000001087,-0.30354399999987436,-0.3822529999999915
2021-09-12 09:15:00,2737.292792,2736.828099,2736.986644,-0.4646930000003522,-0.3061480000001211,-0.38542050000023664
2021-09-12 09:30:00,2737.292602,2736.828899,2736.989057,-0.46370299999989584,-0.3035450000002129,-0.38362400000005437
2021-09-12 10:15:00,2737.290269,2736.829142,2736.987903,-0.46112700000003315,-0.30236599999989267,-0.3817464999999629
2021-09-12 10:30:00,2737.28852,2736.830132,2736.986154,-0.45838800000001356,-0.30236599999989267,-0.3803769999999531
2021-09-12 10:45:00,2737.283855,2736.828967,2736.984986,-0.45488800000021,-0.29886900000019523,-0.3768785000002026
2021-09-12 11:00:00,2737.284438,2736.825818,2736.985569,-0.4586200000003373,-0.29886900000019523,-0.37874450000026627
2021-09-12 11:15:00,2737.286187,2736.826743,2736.989924,-0.4594440000000759,-0.2962630000001809,-0.3778535000001284
2021-09-12 11:45:00,2737.286574,2736.824389,2736.985674,-0.4621850000003178,-0.30090000000018335,-0.3815425000002506
2021-09-12 12:00:00,2737.285211,2736.823785,2736.986061,-0.4614259999998467,-0.29914999999982683,-0.38028799999983676
2021-09-12 12:15:00,2737.283658,2736.825963,2736.98886,-0.4576950000000579,-0.29479799999990064,-0.3762464999999793
2021-09-12 12:30:00,2737.286181,2736.826736,2736.988737,-0.4594449999999597,-0.29744399999981397,-0.37844449999988683
2021-09-12 12:45:00,2737.285014,2736.822412,2736.985864,-0.4626020000000608,-0.29914999999982683,-0.3808759999999438
2021-09-12 13:00:00,2737.284238,2736.826127,2736.986837,-0.45811100000037186,-0.2974010000002636,-0.3777560000003177
2021-09-12 13:15:00,2737.28735,2736.828482,2736.986167,-0.4588680000001659,-0.3011830000000373,-0.3800255000001016
2021-09-12 13:30:00,2737.284435,2736.825565,2736.985854,-0.4588699999999335,-0.29858100000001286,-0.3787254999999732
2021-09-12 13:45:00,2737.283851,2736.824981,2736.98527,-0.4588699999999335,-0.29858100000001286,-0.3787254999999732
2021-09-12 14:00:00,2737.283658,2736.828108,2736.986827,-0.4555499999996755,-0.29683099999965634,-0.3761904999996659
2021-09-12 14:15:00,2737.284631,2736.826342,2736.98605,-0.4582890000001498,-0.29858100000001286,-0.37843500000008135
2021-09-12 14:30:00,2737.282492,2736.828775,2736.9845,-0.4537169999998696,-0.29799199999979464,-0.3758544999998321
2021-09-12 15:00:00,2737.285604,2736.827315,2736.986736,-0.4582890000001498,-0.29886800000031144,-0.37857850000023063
2021-09-12 15:15:00,2737.284824,2736.826535,2736.985083,-0.4582889999996951,-0.29974099999981263,-0.37901499999975385
2021-09-12 15:30:00,2737.284431,2736.827067,2736.989043,-0.45736399999987043,-0.29538800000000265,-0.37637599999993654
2021-09-12 15:45:00,2737.284238,2736.826872,2736.986247,-0.45736600000009275,-0.2979910000003656,-0.3776785000002292
2021-09-12 16:00:00,2737.283265,2736.824,2736.986443,-0.4592649999999594,-0.2968220000002475,-0.37804350000010345
2021-09-12 16:15:00,2737.283265,2736.821409,2736.983514,-0.4618559999998979,-0.29975100000001476,-0.38080349999995633
2021-09-12 16:30:00,2737.284431,2736.825317,2736.985577,-0.45911400000022695,-0.2988540000001194,-0.3789840000001732
2021-09-12 16:45:00,2737.283848,2736.824732,2736.984993,-0.45911599999999453,-0.2988550000000032,-0.37898549999999886
2021-09-12 17:15:00,2737.282875,2736.82551,2736.983167,-0.4573649999997542,-0.29970800000000963,-0.3785364999998819
2021-09-12 17:30:00,2737.285594,2736.825571,2736.98499,-0.460023000000092,-0.3006040000000212,-0.3803135000000566
2021-09-12 17:45:00,2737.285011,2736.824147,2736.981803,-0.4608640000001287,-0.3032079999998132,-0.38203599999997095
2021-09-12 18:00:00,2737.284818,2736.822962,2736.982464,-0.4618559999998979,-0.30235399999992296,-0.38210499999991043
2021-09-12 18:15:00,2737.287933,2736.825899,2736.984411,-0.4620340000001306,-0.3035220000001573,-0.38277800000014395
2021-09-12 18:45:00,2737.288516,2736.828315,2736.986743,-0.46020099999986996,-0.3017730000001393,-0.3809870000000046
2021-09-12 19:00:00,2737.2891,2736.827908,2736.988181,-0.46119199999975535,-0.3009189999997943,-0.38105549999977484
2021-09-12 19:15:00,2737.288516,2736.826483,,-0.46203300000024683,,-0.46203300000024683
2021-09-12 19:30:00,2737.2891,2736.827065,2736.985578,-0.4620350000000144,-0.3035220000001573,-0.38277850000008584
2021-09-12 19:45:00,2737.287933,2736.824908,2736.983558,-0.463025000000016,-0.3043750000001637,-0.38370000000008986
2021-09-12 20:00:00,2737.287543,2736.82635,2736.9852,-0.4611930000000939,-0.30234299999983705,-0.38176799999996547
2021-09-12 20:15:00,2737.288513,2736.824579,2736.984421,-0.46393399999988105,-0.30409199999985503,-0.38401299999986804
2021-09-12 20:30:00,2737.289679,2736.826074,2736.985588,-0.4636049999999159,-0.30409099999997125,-0.38384799999994357
2021-09-12 21:00:00,2737.288513,2736.828638,2736.985273,-0.4598750000000109,-0.30324000000018714,-0.381557500000099
2021-09-12 21:15:00,2737.288513,2736.826724,2736.987876,-0.4617889999999534,-0.3006369999998242,-0.3812129999998888
2021-09-12 21:30:00,2737.289876,2736.831491,2736.986636,-0.45838499999990745,-0.3032399999997324,-0.3808124999998199
2021-09-12 21:45:00,2737.291239,2736.827701,2736.98625,-0.46353799999997136,-0.3049890000002051,-0.38426350000008824
2021-09-12 23:00:00,2737.290263,2736.826723,2736.985274,-0.46353999999973894,-0.3049889999997504,-0.38426449999974466
2021-09-12 23:15:00,2737.290846,2736.828298,2736.985004,-0.46254799999996976,-0.3058419999997568,-0.3841949999998633
2021-09-12 23:30:00,2737.291429,2736.828881,2736.986441,-0.46254799999996976,-0.3049879999998666,-0.3837679999999182
2021-09-12 23:45:00,2737.288513,2736.825569,2736.982671,-0.46294399999987945,-0.3058419999997568,-0.38439299999981813
2021-09-13 00:30:00,2737.292595,2736.832788,2736.987608,-0.45980699999972785,-0.3049869999999828,-0.3823969999998553
2021-09-13 00:45:00,2737.292595,2736.82648,2736.985856,-0.46611499999971784,-0.3067390000001069,-0.38642699999991237
2021-09-13 01:00:00,2737.291429,2736.82789,2736.983838,-0.46353899999985515,-0.3075909999997748,-0.385564999999815
2021-09-13 01:15:00,2737.288513,2736.826722,2736.987877,-0.4617910000001757,-0.3006359999999404,-0.38121350000005805
2021-09-13 01:30:00,2737.289096,2736.828297,2736.985858,-0.4607989999999518,-0.3032379999999648,-0.3820184999999583
2021-09-13 01:45:00,2737.290263,2736.827646,2736.987023,-0.46261699999968187,-0.3032399999997324,-0.38292849999970713
2021-09-13 02:30:00,2737.290263,2736.831214,2736.987025,-0.45904900000005,-0.3032379999999648,-0.3811435000000074
2021-09-13 02:45:00,2737.288903,2736.827708,2736.987985,-0.4611950000003162,-0.30091799999991053,-0.3810565000001134
2021-09-13 03:00:00,2737.289683,2736.829478,2736.989618,-0.46020499999985987,-0.3000649999999041,-0.380134999999882
2021-09-13 03:45:00,2737.292598,2736.830646,2736.985578,-0.4619520000001103,-0.30702000000019325,-0.38448600000015176
2021-09-13 04:00:00,2737.294931,2736.83024,2736.990515,-0.46469100000012986,-0.3044159999999465,-0.3845535000000382
2021-09-13 04:15:00,2737.292598,2736.829655,2736.984725,-0.46294299999999566,-0.3078730000001997,-0.3854080000000977
2021-09-13 04:30:00,2737.292015,2736.829072,2736.987598,-0.46294299999999566,-0.3044169999998303,-0.383679999999913
2021-09-13 04:45:00,2737.290652,2736.829788,2736.987405,-0.4608640000001287,-0.30324700000028315,-0.38205550000020594
2021-09-13 05:00:00,2737.291042,2736.831168,2736.986942,-0.4598739999996724,-0.30409999999983484,-0.3819869999997536
2021-09-13 05:15:00,2737.291432,2736.83123,2736.987015,-0.4602020000002085,-0.3044169999998303,-0.3823095000000194
2021-09-13 05:30:00,2737.291822,2736.83261,2736.990578,-0.4592120000002069,-0.30124400000022433,-0.3802280000002156
2021-09-13 05:45:00,2737.294351,2736.8324,2736.988185,-0.4619510000002265,-0.3061659999998483,-0.3840585000000374
2021-09-13 06:00:00,2737.292212,2736.83201,2736.990398,-0.46020199999975375,-0.3018139999999221,-0.3810079999998379
2021-09-13 06:15:00,2737.291432,2736.829398,2736.987586,-0.4620340000001306,-0.303845999999794,-0.3829399999999623
2021-09-13 06:30:00,2737.294931,2736.83214,2736.989618,-0.4627909999999247,-0.30531299999984185,-0.38405199999988326
2021-09-13 07:00:00,2737.292015,2736.82724,2736.986745,-0.4647749999999178,-0.3052699999998367,-0.38502249999987725
2021-09-13 07:15:00,2737.289683,2736.824908,2736.987868,-0.4647749999999178,-0.3018149999998059,-0.38329499999986183
2021-09-13 07:30:00,2737.291042,2736.826268,2736.989228,-0.464774000000034,-0.3018139999999221,-0.38329399999997804
2021-09-13 07:45:00,2737.292012,2736.83006,2736.988448,-0.4619520000001103,-0.30356399999982386,-0.38275799999996707
2021-09-13 08:15:00,2737.290263,2736.827321,2736.987595,-0.46294199999965713,-0.3026679999998123,-0.3828049999997347
2021-09-13 09:00:00,2737.28871,2736.823785,2736.988644,-0.46492499999976644,-0.3000659999997879,-0.38249549999977717
2021-09-13 09:15:00,2737.287347,2736.820589,2736.986428,-0.4667580000000271,-0.3009189999997943,-0.3838384999999107
2021-09-13 09:30:00,2737.289679,2736.823334,2736.987011,-0.46634499999981927,-0.3026679999998123,-0.3845064999998158
2021-09-13 10:30:00,2737.285014,2736.820997,2736.987878,-0.46401700000023993,-0.29713600000013685,-0.3805765000001884
2021-09-13 10:45:00,2737.285987,2736.821308,2736.987671,-0.46467900000016016,-0.29831600000034086,-0.3814975000002505
2021-09-13 11:15:00,2737.28793,2736.823335,2736.989034,-0.4645949999999175,-0.298895999999786,-0.38174549999985175
2021-09-13 11:30:00,2737.282099,2736.82001,2736.985848,-0.46208900000010544,-0.2962510000002112,-0.3791700000001583
2021-09-13 12:00:00,2737.283265,2736.822168,2736.987014,-0.4610969999998815,-0.2962510000002112,-0.37867400000004636
2021-09-13 12:15:00,2737.283655,2736.821716,2736.986224,-0.4619390000002568,-0.2974309999999605,-0.37968500000010863
2021-09-13 12:30:00,2737.284435,2736.821506,2736.983831,-0.46292899999980364,-0.3006040000000212,-0.3817664999999124
2021-09-13 12:45:00,2737.285018,2736.823079,2736.989294,-0.4619390000002568,-0.2957240000000638,-0.3788315000001603
2021-09-13 13:00:00,2737.284821,2736.820799,2736.988244,-0.4640220000001136,-0.29657700000007026,-0.38029950000009194
2021-09-13 13:15:00,2737.282095,2736.821573,2736.986414,-0.4605219999998553,-0.2956810000000587,-0.378101499999957
2021-09-13 13:30:00,2737.283262,2736.82274,2736.985544,-0.4605219999998553,-0.2977179999998043,-0.3791199999998298
2021-09-13 13:45:00,2737.285594,2736.825237,2736.986127,-0.46035699999993085,-0.2994669999998223,-0.37991199999987657
2021-09-13 14:00:00,2737.284235,2736.823549,2736.985619,-0.460685999999896,-0.2986160000000382,-0.3796509999999671
2021-09-13 14:15:00,2737.282099,2736.825242,2736.985276,-0.4568570000001273,-0.2968230000001313,-0.3768400000001293
2021-09-13 14:30:00,2737.282682,2736.821914,2736.986714,-0.46076799999991636,-0.29596799999990253,-0.37836799999990944
2021-09-13 14:45:00,2737.285014,2736.824247,2736.987297,-0.46076700000003257,-0.2977169999999205,-0.37924199999997654
2021-09-13 15:15:00,2737.283655,2736.821137,2736.983334,-0.4625180000002729,-0.30032100000016726,-0.38141950000022007
2021-09-13 15:30:00,2737.283851,2736.824075,2736.983247,-0.4597760000001472,-0.3006040000000212,-0.3801900000000842
2021-09-13 15:45:00,2737.283068,2736.822628,2736.986237,-0.46044000000028973,-0.2968310000001111,-0.3786355000002004
2021-09-13 16:00:00,2737.285594,2736.823077,2736.984991,-0.46251699999993434,-0.3006030000001374,-0.38156000000003587
2021-09-13 16:15:00,2737.281509,2736.820078,2736.984677,-0.46143099999972037,-0.2968319999999949,-0.3791314999998576
2021-09-13 16:30:00,2737.283258,2736.825232,2736.98728,-0.45802599999979066,-0.29597800000010466,-0.37700199999994766
2021-09-13 16:45:00,2737.282675,2736.822995,2736.986707,-0.4596799999999348,-0.29596799999990253,-0.37782399999991867
2021-09-13 17:00:00,2737.287923,2736.826399,2736.990197,-0.46152399999982663,-0.2977259999997841,-0.37962499999980537
2021-09-13 17:15:00,2737.284425,2736.823657,2736.99162,-0.46076799999991636,-0.29280500000004395,-0.37678649999998015
2021-09-13 17:30:00,2737.285591,2736.822412,2736.988433,-0.46317899999985457,-0.29715799999985393,-0.38016849999985425
2021-09-13 17:45:00,2737.285008,2736.821828,2736.98785,-0.46317999999973836,-0.29715799999985393,-0.38016899999979614
2021-09-13 18:00:00,2737.286174,2736.820255,2736.987276,-0.46591899999975794,-0.2988980000000083,-0.38240849999988313
2021-09-13 19:00:00,2737.286757,2736.821499,2736.98729,-0.4652579999997215,-0.2994669999998223,-0.3823624999997719
2021-09-13 19:15:00,2737.286174,2736.826397,2736.986423,-0.45977700000003097,-0.29975100000001476,-0.37976400000002286
2021-09-13 19:30:00,2737.288313,2736.826787,2736.986813,-0.46152600000004895,-0.30150000000003274,-0.38151300000004085
2021-09-13 19:45:00,2737.288703,2736.824436,2736.989807,-0.46426700000029086,-0.29889600000024075,-0.3815815000002658
2021-09-13 20:00:00,2737.28734,2736.824823,2736.988443,-0.46251699999993434,-0.2988969999996698,-0.38070699999980206
2021-09-13 20:15:00,2737.286174,2736.823656,2736.988129,-0.46251799999981813,-0.2980450000000019,-0.38028149999991
2021-09-13 20:30:00,2737.28734,2736.825814,2736.991036,-0.46152600000004895,-0.2963039999999637,-0.37891500000000633
2021-09-13 20:45:00,2737.286174,2736.825817,2736.989869,-0.46035699999993085,-0.2963049999998475,-0.3783309999998892
2021-09-13 21:00:00,2737.288123,2736.826597,2736.990079,-0.4615259999995942,-0.29804399999966336,-0.3797849999996288
2021-09-13 21:15:00,2737.287933,2736.826406,2736.989889,-0.46152699999993274,-0.2980440000001181,-0.3797855000000254
2021-09-13 21:45:00,2737.289683,2736.825416,2736.989036,-0.4642669999998361,-0.3006470000000263,-0.3824569999999312
2021-09-13 22:00:00,2737.289683,2736.822676,2736.991641,-0.46700700000019424,-0.2980419999998958,-0.382524500000045
2021-09-13 22:30:00,2737.2891,2736.822091,2736.991056,-0.4670089999999618,-0.2980440000001181,-0.38252650000003996
2021-09-13 23:00:00,2737.287543,2736.823274,2736.989499,-0.46426900000005844,-0.2980440000001181,-0.38115650000008827
2021-09-13 23:15:00,2737.290652,2736.822884,2736.986506,-0.4677679999999782,-0.30414599999994607,-0.38595699999996214
2021-09-13 23:30:00,2737.289683,2736.825415,2736.990742,-0.46426800000017465,-0.29894100000001345,-0.38160450000009405
2021-09-14 00:00:00,2737.289683,2736.826406,2736.98814,-0.4632769999998345,-0.30154300000003786,-0.3824099999999362
2021-09-14 00:15:00,2737.288516,2736.82882,2736.988724,-0.4596959999998944,-0.2997920000002523,-0.37974400000007336
2021-09-14 01:00:00,2737.291432,2736.825415,2736.989891,-0.46601700000019264,-0.30154099999981554,-0.3837790000000041
2021-09-14 01:15:00,2737.289683,2736.823581,2736.987856,-0.46610199999986435,-0.3018269999997756,-0.38396449999981996
2021-09-14 02:15:00,2737.293568,2736.823968,2736.990847,-0.4695999999999003,-0.30272100000001956,-0.38616049999995994
2021-09-14 02:30:00,2737.292592,2736.825731,2736.991621,-0.46686099999988073,-0.30097099999966304,-0.3839159999997719
2021-09-14 02:45:00,2737.290842,2736.824741,2736.991051,-0.46610099999998056,-0.29979099999991377,-0.38294599999994716
2021-09-14 03:15:00,2737.290842,2736.824823,2736.989871,-0.4660189999999602,-0.30097099999966304,-0.3834949999998116
2021-09-14 04:00:00,2737.290256,2736.825406,2736.989601,-0.46485000000029686,-0.3006550000000061,-0.3827525000001515
2021-09-14 04:15:00,2737.290839,2736.82599,2736.991038,-0.4648489999999583,-0.29980099999966114,-0.38232499999980973
2021-09-14 04:30:00,2737.290456,2736.822604,2736.989484,-0.46785200000022087,-0.30097200000000157,-0.3844120000001112
2021-09-14 04:45:00,2737.291819,2736.822217,2736.986494,-0.46960200000012264,-0.30532499999981155,-0.3874634999999671
2021-09-14 05:45:00,2737.293955,2736.825195,2736.990664,-0.4687600000002021,-0.30329100000017206,-0.3860255000001871
2021-09-14 06:45:00,2737.292598,2736.82559,2736.99366,-0.467008000000078,-0.29893799999990733,-0.3829729999999927
2021-09-14 07:00:00,2737.292209,2736.830101,2736.99327,-0.46210800000017116,-0.29893900000024587,-0.3805235000002085
2021-09-14 07:15:00,2737.292012,2736.824423,2736.991323,-0.4675889999998617,-0.3006889999996929,-0.3841389999997773
2021-09-14 07:30:00,2737.291429,2736.822848,2736.992491,-0.4685810000000856,-0.29893799999990733,-0.3837594999999965
2021-09-14 08:45:00,2737.289096,2736.825006,2736.991906,-0.46408999999994194,-0.29718999999977314,-0.38063999999985754
2021-09-14 09:00:00,2737.291429,2736.821098,2736.989888,-0.4703309999999874,-0.30154099999981554,-0.38593599999990147
2021-09-14 09:15:00,2737.288123,2736.818552,2736.990934,-0.4695709999996325,-0.29718899999988935,-0.3833799999997609
2021-09-14 09:30:00,2737.28851,2736.816347,2736.986967,-0.4721629999999095,-0.30154300000003786,-0.3868529999999737
2021-09-14 09:45:00,2737.285594,2736.816022,2736.988404,-0.469571999999971,-0.29718999999977314,-0.3833809999998721
2021-09-14 10:15:00,2737.284235,2736.815421,2736.98619,-0.46881400000029316,-0.2980450000000019,-0.3834295000001475
2021-09-14 10:30:00,2737.285014,2736.817192,2736.984367,-0.46782200000006924,-0.3006470000000263,-0.3842345000000478
2021-09-14 10:45:00,2737.283848,2736.815942,2736.986983,-0.46790599999985716,-0.2968650000002526,-0.3823855000000549
2021-09-14 11:00:00,2737.284431,2736.816527,2736.985534,-0.4679040000000896,-0.29889700000012454,-0.38340050000010706
2021-09-14 11:15:00,2737.285208,2736.816543,2736.987164,-0.46866499999987354,-0.29804399999966336,-0.38335449999976845
2021-09-14 11:30:00,2737.282485,2736.81633,2736.987941,-0.4661550000000716,-0.29454400000031455,-0.3803495000001931
2021-09-14 11:45:00,2737.283848,2736.815943,2736.986701,-0.46790499999997337,-0.29714700000022276,-0.38252600000009807
2021-09-14 12:00:00,2737.284431,2736.814448,2736.989887,-0.4699829999999565,-0.2945439999998598,-0.38226349999990816
2021-09-14 12:15:00,2737.283848,2736.811453,2736.987554,-0.47239500000023327,-0.29629400000021633,-0.3843445000002248
2021-09-14 12:30:00,2737.283265,2736.812619,2736.986116,-0.4706460000002153,-0.29714899999999034,-0.3838975000001028
2021-09-14 12:45:00,2737.282489,2736.812751,2736.986194,-0.469738000000234,-0.2962950000001001,-0.38301650000016707
2021-09-14 13:00:00,2737.285211,2736.813724,2736.985744,-0.47148699999979726,-0.2994669999998223,-0.3854769999998098
2021-09-14 13:15:00,2737.281322,2736.811256,2736.984174,-0.47006599999986065,-0.2971479999996518,-0.3836069999997562
2021-09-14 13:30:00,2737.283072,2736.813997,2736.987674,-0.46907499999997526,-0.2953980000002048,-0.38223650000009
2021-09-14 13:45:00,2737.284425,2736.812029,2736.98755,-0.4723959999996623,-0.296875,-0.38463549999983115
2021-09-14 14:00:00,2737.283258,2736.812613,2736.985529,-0.47064499999987675,-0.2977289999998902,-0.3841869999998835
2021-09-14 14:15:00,2737.285008,2736.813538,2736.990454,-0.47146999999995387,-0.2945539999996072,-0.38301199999978053
2021-09-14 14:30:00,2737.282675,2736.810875,2736.98812,-0.4717999999998028,-0.2945549999999457,-0.38317749999987427
2021-09-14 15:00:00,2737.283841,2736.816861,2736.988434,-0.4669800000001487,-0.29540700000006836,-0.38119350000010854
2021-09-14 15:15:00,2737.284231,2736.812432,2736.985334,-0.47179899999991903,-0.29889700000012454,-0.3853480000000218
2021-09-14 15:30:00,2737.283845,2736.815694,2736.986697,-0.4681510000000344,-0.29714800000010655,-0.3826495000000705
2021-09-14 15:45:00,2737.284428,2736.812546,2736.987845,-0.47188199999982317,-0.29658299999982773,-0.38423249999982545
2021-09-14 16:00:00,2737.281902,2736.81177,2736.986216,-0.47013200000037614,-0.29568600000038714,-0.38290900000038164
2021-09-14 16:15:00,2737.282875,2736.812974,2736.983689,-0.4699009999999362,-0.29918599999973594,-0.38454349999983606
2021-09-14 16:30:00,2737.283845,2736.812953,2736.987262,-0.47089199999982156,-0.29658299999982773,-0.38373749999982465
2021-09-14 17:00:00,2737.283068,2736.813928,2736.992544,-0.4691400000001522,-0.2905240000000049,-0.37983200000007855
2021-09-14 17:15:00,2737.283265,2736.817854,2736.986683,-0.465411000000131,-0.29658199999994395,-0.3809965000000375
2021-09-14 17:30:00,2737.284041,2736.815891,2736.987458,-0.46814999999969586,-0.29658299999982773,-0.3823664999997618
2021-09-14 17:45:00,2737.286177,2736.816278,2736.985242,-0.4698990000001686,-0.3009349999997539,-0.38541699999996126
2021-09-14 18:00:00,2737.285594,2736.819277,2736.987263,-0.46631699999988996,-0.29833099999996193,-0.38232399999992595
2021-09-14 18:15:00,2737.287344,2736.818435,2736.986409,-0.46890899999971225,-0.3009349999997539,-0.3849219999997331
2021-09-14 18:45:00,2737.287344,2736.822017,2736.989865,-0.46532699999988836,-0.2974789999998393,-0.3814029999998638
2021-09-14 19:15:00,2737.28676,2736.818693,2736.989281,-0.46806699999979173,-0.2974789999998393,-0.3827729999998155
2021-09-14 19:30:00,2737.285011,2736.819683,2736.984929,-0.46532799999977215,-0.3000819999997475,-0.3827049999997598
2021-09-14 19:45:00,2737.285594,2736.817527,2736.988969,-0.46806699999979173,-0.29662499999994907,-0.3823459999998704
2021-09-14 20:00:00,2737.286954,2736.818887,2736.98891,-0.4680670000002465,-0.2980440000001181,-0.3830555000001823
2021-09-14 20:15:00,2737.28909,2736.820262,2736.989286,-0.46882800000003044,-0.299804000000222,-0.3843160000001262
2021-09-14 20:45:00,2737.287923,2736.815693,2736.98987,-0.47222999999985404,-0.2980529999999817,-0.38514149999991787
2021-09-14 21:00:00,2737.287537,2736.816133,2736.988913,-0.4714040000003479,-0.298624000000018,-0.38501400000018293
2021-09-14 21:15:00,2737.28735,2736.820257,2736.987556,-0.4670930000002045,-0.2997940000000199,-0.3834435000001122
2021-09-14 21:30:00,2737.286767,2736.818683,2736.992179,-0.4680840000000899,-0.29458800000020346,-0.38133600000014667
2021-09-14 21:45:00,2737.291432,2736.81985,2736.98989,-0.47158200000012584,-0.3015420000001541,-0.38656200000013996
2021-09-14 22:00:00,2737.2891,2736.820256,2736.990159,-0.46884399999999005,-0.29894100000001345,-0.38389250000000175
2021-09-14 22:15:00,2737.286767,2736.816932,2736.988723,-0.46983499999987544,-0.2980440000001181,-0.38393949999999677
2021-09-14 22:45:00,2737.291432,2736.817108,2736.987287,-0.4743239999997968,-0.3041450000000623,-0.38923449999992954
2021-09-14 23:00:00,2737.293568,2736.820235,2736.987673,-0.4733329999999114,-0.30589499999996406,-0.38961399999993773
2021-09-14 23:30:00,2737.289683,2736.815358,2736.985538,-0.47432500000013533,-0.3041450000000623,-0.3892350000000988
2021-09-14 23:45:00,2737.291432,2736.820839,2736.988141,-0.47059300000000803,-0.30329100000017206,-0.38694200000009005
2021-09-15 00:30:00,2737.290849,2736.821097,2736.990731,-0.4697519999999713,-0.30011800000011135,-0.3849350000000413
2021-09-15 00:45:00,2737.290266,2736.820513,2736.987544,-0.4697529999998551,-0.30272199999990335,-0.3862374999998792
2021-09-15 01:15:00,2737.293182,2736.82168,2736.988711,-0.4715019999998731,-0.30447099999992133,-0.3879864999998972
2021-09-15 01:30:00,2737.290849,2736.819265,2736.985524,-0.4715839999998934,-0.30532499999981155,-0.3884544999998525
2021-09-15 02:00:00,2737.291432,2736.82267,2736.989564,-0.4687619999999697,-0.3018680000000131,-0.3853149999999914
2021-09-15 02:15:00,2737.289683,2736.818098,2736.986108,-0.4715849999997772,-0.3035749999999098,-0.3875799999998435
2021-09-15 02:30:00,2737.290652,2736.821808,2736.993136,-0.46884399999999005,-0.29751600000008693,-0.3831800000000385
2021-09-15 02:45:00,2737.292592,2736.821998,2736.993326,-0.4705939999998918,-0.2992659999999887,-0.38492999999994026
2021-09-15 03:15:00,2737.293371,2736.823769,2736.988901,-0.46960200000012264,-0.30447000000003754,-0.3870360000000801
2021-09-15 03:30:00,2737.2889,2736.821226,2736.989951,-0.46767399999998815,-0.29894899999999325,-0.3833114999999907
2021-09-15 03:45:00,2737.293371,2736.82187,2736.991504,-0.4715009999999893,-0.30186700000012934,-0.3866840000000593
2021-09-15 04:15:00,2737.292598,2736.818273,2736.989878,-0.47432500000013533,-0.30272000000013577,-0.38852250000013555
2021-09-15 04:30:00,2737.292015,2736.81886,2736.989294,-0.47315500000013344,-0.30272100000001956,-0.3879380000000765
2021-09-15 04:45:00,2737.293765,2736.817028,2736.991327,-0.47673699999995733,-0.3024379999997109,-0.3895874999998341
2021-09-15 05:00:00,2737.292015,2736.81594,2736.989576,-0.4760750000000371,-0.3024390000000494,-0.38925700000004326
2021-09-15 05:15:00,2737.294348,2736.816523,2736.990161,-0.4778249999999389,-0.30418699999972887,-0.3910059999998339
2021-09-15 06:15:00,2737.294931,2736.818276,2736.98932,-0.476654999999937,-0.3056109999997716,-0.3911329999998543
2021-09-15 06:30:00,2737.29668,2736.819038,2736.991923,-0.4776419999998325,-0.3047569999998814,-0.3911994999998569
2021-09-15 07:00:00,2737.29629,2736.819638,2736.991533,-0.4766520000002856,-0.3047570000003361,-0.3907045000003109
2021-09-15 07:15:00,2737.294928,2736.819115,2736.99017,-0.4758130000000165,-0.30475799999976516,-0.3902854999998908
2021-09-15 07:30:00,2737.293178,2736.817284,2736.98842,-0.4758939999996983,-0.30475799999976516,-0.3903259999997317
2021-09-15 07:45:00,2737.293761,2736.817107,2736.989856,-0.4766540000000532,-0.30390499999975873,-0.39027949999990597
2021-09-15 08:00:00,2737.293371,2736.817559,2736.988613,-0.4758120000001327,-0.3047580000002199,-0.3902850000001763
2021-09-15 08:15:00,2737.291232,2736.816327,2736.98562,-0.4749050000000352,-0.30561200000011013,-0.3902585000000727
2021-09-15 08:30:00,2737.292595,2736.8167,2736.987836,-0.4758950000000368,-0.3047590000001037,-0.39032700000007026
2021-09-15 09:00:00,2737.293761,2736.814367,2736.987253,-0.4793939999999566,-0.3065080000001217,-0.39295100000003913
2021-09-15 09:30:00,2737.291622,2736.812987,2736.986863,-0.47863500000039494,-0.3047590000001037,-0.3916970000002493
2021-09-15 09:45:00,2737.289093,2736.812207,2736.990436,-0.4768859999999222,-0.298656999999821,-0.3877714999998716
2021-09-15 10:00:00,2737.290649,2736.812013,2736.987639,-0.478635999999824,-0.3030100000000857,-0.39082299999995485
2021-09-15 10:45:00,2737.285597,2736.814951,2736.986983,-0.4706460000002153,-0.2986140000002706,-0.38463000000024294
2021-09-15 11:00:00,2737.285014,2736.816118,2736.98815,-0.46889599999985876,-0.2968639999999141,-0.3828799999998864
2021-09-15 11:30:00,2737.284431,2736.811043,2736.986387,-0.47338799999988623,-0.2980440000001181,-0.38571600000000217
2021-09-15 11:45:00,2737.282099,2736.810461,2736.983201,-0.47163799999998446,-0.2988980000000083,-0.3852679999999964
2021-09-15 12:00:00,2737.287737,2736.811759,2736.985341,-0.47597799999994095,-0.3023960000000443,-0.3891869999999926
2021-09-15 12:30:00,2737.285404,2736.810185,2736.987361,-0.4752190000003793,-0.2980430000002343,-0.3866310000003068
2021-09-15 12:45:00,2737.286957,2736.812401,2736.989484,-0.4745559999996658,-0.29747299999962706,-0.38601449999964643
2021-09-15 13:00:00,2737.283651,2736.805706,2736.9882,-0.47794500000009066,-0.295451000000412,-0.38669800000025134
2021-09-15 13:15:00,2737.283258,2736.807212,2736.987807,-0.47604599999976926,-0.2954509999999573,-0.38574849999986327
2021-09-15 13:30:00,2737.281509,2736.806221,2736.985214,-0.4752880000000914,-0.2962950000001001,-0.38579150000009577
2021-09-15 13:45:00,2737.283648,2736.806611,2736.985316,-0.4770370000001094,-0.29833200000030047,-0.38768450000020493
2021-09-15 14:00:00,2737.282678,2736.807064,2736.986949,-0.47561399999995047,-0.2957289999999375,-0.385671499999944
2021-09-15 14:15:00,2737.285594,2736.811961,2736.984659,-0.4736330000000635,-0.3009349999997539,-0.3872839999999087
2021-09-15 14:30:00,2737.283651,2736.808038,2736.985319,-0.4756130000000667,-0.29833200000030047,-0.3869725000001836
2021-09-15 14:45:00,2737.287347,2736.811884,2736.987266,-0.47546299999976327,-0.3000809999998637,-0.3877719999998135
2021-09-15 15:00:00,2737.285014,2736.807568,2736.989284,-0.4774459999998726,-0.2957299999998213,-0.38658799999984694
2021-09-15 15:15:00,2737.283651,2736.809937,2736.990242,-0.47371400000020003,-0.293409000000338,-0.383561500000269
2021-09-15 15:30:00,2737.284425,2736.808893,2736.988412,-0.4755319999999301,-0.29601299999967523,-0.3857724999998027
2021-09-15 15:45:00,2737.283258,2736.810132,2736.986065,-0.4731259999998656,-0.29719299999987925,-0.3851594999998724
2021-09-15 16:00:00,2737.286174,2736.811299,2736.986662,-0.4748749999998836,-0.29951200000004974,-0.38719349999996666
2021-09-15 16:15:00,2737.283648,2736.810523,2736.985603,-0.4731249999999818,-0.2980450000000019,-0.38558499999999185
2021-09-15 16:30:00,2737.284621,2736.812487,2736.98743,-0.4721339999996417,-0.2971909999996569,-0.3846624999996493
2021-09-15 16:45:00,2737.284814,2736.81268,2736.98502,-0.4721340000000964,-0.2997940000000199,-0.38596400000005815
2021-09-15 17:00:00,2737.285594,2736.81072,2736.987832,-0.4748739999999998,-0.29776200000014796,-0.3863180000000739
2021-09-15 17:30:00,2737.285204,2736.81307,2736.989192,-0.4721339999996417,-0.29601199999979144,-0.38407299999971656
2021-09-15 17:45:00,2737.286174,2736.81229,2736.986663,-0.4738839999999982,-0.2995109999997112,-0.3866974999998547
2021-09-15 18:00:00,2737.286174,2736.813116,2736.985809,-0.4730580000000373,-0.30036500000005617,-0.3867115000000467
2021-09-15 18:45:00,2737.28734,2736.812533,2736.985225,-0.47480700000005527,-0.30211499999995794,-0.3884610000000066
2021-09-15 19:00:00,2737.284425,2736.811366,2736.985808,-0.47305899999992107,-0.298616999999922,-0.3858379999999215
2021-09-15 19:30:00,2737.287537,2736.809331,2736.988878,-0.4782060000002275,-0.2986590000000433,-0.3884325000001354
2021-09-15 19:45:00,2737.289679,2736.813455,2736.989271,-0.476224000000002,-0.3004080000000613,-0.38831600000003164
2021-09-15 20:00:00,2737.290263,2736.815872,2736.989285,-0.4743909999997413,-0.30097799999975905,-0.3876844999997502
2021-09-15 20:15:00,2737.289679,2736.815289,2736.988701,-0.47438999999985754,-0.30097799999975905,-0.3876839999998083
2021-09-15 20:30:00,2737.293371,2736.817314,2736.986291,-0.4760570000003099,-0.30708000000004176,-0.39156850000017585
2021-09-15 20:45:00,2737.292009,2736.817701,2736.984929,-0.4743079999998372,-0.307079999999587,-0.3906939999997121
2021-09-15 21:00:00,2737.290842,2736.816533,2736.985512,-0.474308999999721,-0.30532999999968524,-0.3898194999997031
2021-09-15 21:15:00,2737.290259,2736.814959,2736.987531,-0.4753000000000611,-0.3027279999996608,-0.38901399999986097
2021-09-15 21:30:00,2737.289093,2736.813131,2736.987217,-0.47596199999998134,-0.30187599999999293,-0.38891899999998714
2021-09-15 21:45:00,2737.292592,2736.815871,2736.986364,-0.47672099999999773,-0.3062279999999191,-0.3914744999999584
2021-09-15 22:30:00,2737.291425,2736.811881,2736.986949,-0.47954399999980524,-0.304475999999795,-0.39200999999980013
2021-09-15 22:45:00,2737.292592,2736.813046,2736.988114,-0.4795459999995728,-0.3044779999995626,-0.3920119999995677
2021-09-15 23:15:00,2737.291815,2736.814765,2736.984736,-0.4770499999999629,-0.307079000000158,-0.39206450000006043
2021-09-15 23:30:00,2737.294344,2736.815463,2736.987266,-0.4788810000000012,-0.30707799999981944,-0.39297949999991033
2021-09-15 23:45:00,2737.293761,2736.819453,2736.988433,-0.4743079999998372,-0.30532799999991767,-0.38981799999987743
2021-09-16 00:00:00,2737.293178,2736.817036,2736.991304,-0.47614199999998164,-0.3018739999997706,-0.3890079999998761
2021-09-16 00:15:00,2737.294344,2736.813712,2736.990722,-0.4806319999997868,-0.3036219999999048,-0.3921269999998458
2021-09-16 00:45:00,2737.292012,2736.817701,2736.990139,-0.4743109999999433,-0.3018729999998868,-0.38809199999991506
2021-09-16 01:00:00,2737.292595,2736.813711,2736.988972,-0.47888400000010733,-0.3036229999997886,-0.39125349999994796
2021-09-16 01:45:00,2737.292595,2736.815461,2736.994748,-0.4771339999997508,-0.2978469999998197,-0.38749049999978524
2021-09-16 02:00:00,2737.293178,2736.813303,2736.991875,-0.4798749999999927,-0.3013029999997343,-0.3905889999998635
2021-09-16 02:15:00,2737.294344,2736.814471,2736.993042,-0.4798729999997704,-0.3013019999998505,-0.39058749999981046
2021-09-16 02:45:00,2737.291232,2736.814096,2736.986474,-0.47713599999997314,-0.3047580000002199,-0.3909470000000965
2021-09-16 03:00:00,2737.298033,2736.815651,2736.994085,-0.4823820000001433,-0.3039480000002186,-0.39316500000018095
2021-09-16 03:15:00,2737.293761,2736.815869,2736.988106,-0.4778919999998834,-0.30565500000011525,-0.39177349999999933
2021-09-16 03:30:00,2737.294148,2736.817245,2736.988492,-0.4769029999997656,-0.30565599999999904,-0.3912794999998823
2021-09-16 03:45:00,2737.294921,2736.817028,2736.987516,-0.47789300000022195,-0.307405000000017,-0.3926490000001195
2021-09-16 04:00:00,2737.293755,2736.817611,2736.988099,-0.47614400000020396,-0.30565599999999904,-0.3909000000001015
2021-09-16 04:15:00,2737.292588,2736.818196,2736.991285,-0.4743919999996251,-0.3013029999997343,-0.3878474999996797
2021-09-16 04:30:00,2737.293755,2736.818602,2736.98867,-0.47515300000031857,-0.30508499999996275,-0.39011900000014066
2021-09-16 04:45:00,2737.294921,2736.817937,2736.989837,-0.4769840000003569,-0.30508400000007896,-0.39103400000021793
2021-09-16 05:45:00,2737.294338,2736.817353,2736.991286,-0.4769850000002407,-0.30305200000020704,-0.39001850000022387
2021-09-16 06:15:00,2737.294534,2736.816642,2736.991482,-0.47789200000033816,-0.30305200000020704,-0.3904720000002726
2021-09-16 07:00:00,2737.29667,2736.81878,2736.991016,-0.47789000000011583,-0.30565400000023146,-0.39177200000017365
2021-09-16 07:15:00,2737.29745,2736.816819,2736.990899,-0.480630999999903,-0.3065510000001268,-0.3935910000000149
2021-09-16 07:30:00,2737.293761,2736.814878,2736.987253,-0.4788829999997688,-0.3065080000001217,-0.39269549999994524
2021-09-16 08:00:00,2737.294928,2736.813305,2736.989272,-0.4816229999996722,-0.30565599999999904,-0.3936394999998356
2021-09-16 08:15:00,2737.293761,2736.812138,2736.990139,-0.4816230000001269,-0.3036219999999048,-0.39262250000001586
2021-09-16 09:15:00,2737.295121,2736.813498,2736.992352,-0.4816230000001269,-0.30276899999989837,-0.39219600000001265
2021-09-16 09:30:00,2737.292009,2736.813968,2736.990135,-0.4780409999998483,-0.3018739999997706,-0.38995749999980944
2021-09-16 09:45:00,2737.290259,2736.811554,2736.991841,-0.47870499999999083,-0.29841799999985597,-0.3885614999999234
2021-09-16 10:00:00,2737.290259,2736.808813,2736.986635,-0.481445999999778,-0.3036239999996724,-0.3925349999997252
2021-09-16 10:15:00,2737.290842,2736.807646,2736.983762,-0.48319599999967977,-0.30708000000004176,-0.39513799999986077
2021-09-16 10:30:00,2737.285594,2736.808637,2736.984615,-0.47695699999985663,-0.3009790000000976,-0.3889679999999771
2021-09-16 10:45:00,2737.28851,2736.807972,2736.985782,-0.48053799999979674,-0.3027279999996608,-0.3916329999997288
2021-09-16 11:00:00,2737.285594,2736.810969,2736.985512,-0.47462499999983265,-0.3000819999997475,-0.3873534999997901
2021-09-16 11:15:00,2737.287927,2736.811552,2736.986096,-0.4763749999997344,-0.3018309999997655,-0.38910299999974995
2021-09-16 11:45:00,2737.287733,2736.81235,2736.985902,-0.47538299999996525,-0.30183100000022023,-0.38860700000009274
2021-09-16 12:00:00,2737.285014,2736.809547,2736.988388,-0.4754670000002079,-0.29662599999983286,-0.3860465000000204
2021-09-16 12:15:00,2737.285984,2736.810517,2736.986755,-0.4754670000002079,-0.2992290000001958,-0.38734800000020186
2021-09-16 12:30:00,2737.286174,2736.809716,2736.986662,-0.47645799999963856,-0.29951200000004974,-0.38798499999984415
2021-09-16 12:45:00,2737.285787,2736.810321,2736.986275,-0.4754659999998694,-0.299511999999595,-0.3874889999997322
2021-09-16 13:00:00,2737.284235,2736.809526,2736.987325,-0.4747090000000753,-0.2969100000000253,-0.3858095000000503
2021-09-16 13:30:00,2737.282092,2736.80804,2736.98608,-0.4740520000000288,-0.29601199999979144,-0.3850319999999101
2021-09-16 13:45:00,2737.286757,2736.80954,2736.988098,-0.47721699999965494,-0.2986590000000433,-0.3879379999998491
2021-09-16 14:00:00,2737.284425,2736.808623,2736.987515,-0.47580199999993056,-0.2969100000000253,-0.38635599999997794
2021-09-16 14:15:00,2737.285398,2736.809596,2736.988488,-0.47580199999993056,-0.2969100000000253,-0.38635599999997794
2021-09-16 14:30:00,2737.283845,2736.808967,2736.986653,-0.4748779999999897,-0.29719199999999546,-0.3860349999999926
2021-09-16 15:00:00,2737.287927,2736.80681,2736.982883,-0.48111699999981283,-0.3050439999997252,-0.393080499999769
2021-09-16 15:15:00,2737.287927,2736.80955,2736.985486,-0.47837699999990946,-0.302440999999817,-0.3904089999998632
2021-09-16 15:45:00,2737.28676,2736.810135,2736.988672,-0.47662499999978536,-0.298088000000007,-0.3873564999998962
2021-09-16 16:15:00,2737.286184,2736.809547,2736.989254,-0.4766370000002098,-0.2969299999999748,-0.3867835000000923
2021-09-16 16:30:00,2737.287733,2736.809275,2736.985004,-0.478458000000046,-0.30272899999999936,-0.3905935000000227
2021-09-16 16:45:00,2737.286381,2736.810915,2736.984811,-0.4754659999998694,-0.3015700000000834,-0.3885179999999764
2021-09-16 17:30:00,2737.285018,2736.807718,2736.988089,-0.4773000000000138,-0.29692900000009104,-0.38711450000005243
2021-09-16 17:45:00,2737.28851,2736.811883,2736.987819,-0.4766270000000077,-0.3006909999999152,-0.38865899999996145
2021-09-16 18:15:00,2737.289093,2736.810717,2736.987505,-0.47837600000002567,-0.30158799999981056,-0.3899819999999181
2021-09-16 18:30:00,2737.28851,2736.807392,2736.986069,-0.4811179999996966,-0.302440999999817,-0.3917794999997568
2021-09-16 18:45:00,2737.287344,2736.807975,2736.984902,-0.47936899999967864,-0.3024419999997008,-0.3909054999996897
2021-09-16 19:00:00,2737.288703,2736.807585,2736.98366,-0.48111800000015137,-0.30504300000029616,-0.39308050000022376
2021-09-16 19:15:00,2737.287923,2736.810536,2736.985482,-0.47738699999990786,-0.302440999999817,-0.3899139999998624
2021-09-16 19:30:00,2737.28909,2736.810713,2736.984898,-0.4783770000003642,-0.3041920000000573,-0.39128450000021076
2021-09-16 19:45:00,2737.287537,2736.808502,2736.985378,-0.47903500000029453,-0.3021590000003016,-0.39059700000029807
2021-09-16 20:30:00,2737.290263,2736.810387,2736.986355,-0.4798759999998765,-0.30390799999986484,-0.3918919999998707
2021-09-16 20:45:00,2737.291039,2736.811164,2736.990017,-0.4798749999999927,-0.3010220000001027,-0.3904485000000477
2021-09-16 21:00:00,2737.292009,2736.807644,2736.989238,-0.4843649999997979,-0.30277099999966595,-0.3935679999997319
2021-09-16 21:15:00,2737.290452,2736.808827,2736.98943,-0.48162500000034925,-0.3010220000001027,-0.391323500000226
2021-09-16 21:30:00,2737.291422,2736.809217,2736.987798,-0.4822049999997944,-0.3036239999996724,-0.3929144999997334
2021-09-16 22:00:00,2737.292592,2736.813707,2736.9904,-0.4788849999999911,-0.30219199999964985,-0.3905384999998205
2021-09-16 22:30:00,2737.291812,2736.811356,2736.988188,-0.4804559999997764,-0.3036240000001271,-0.39203999999995176
2021-09-16 22:45:00,2737.293371,2736.811746,2736.988578,-0.48162500000034925,-0.30479300000024523,-0.39320900000029724
2021-09-16 23:15:00,2737.292009,2736.812132,2736.988965,-0.4798769999997603,-0.3030439999997725,-0.3914604999997664
2021-09-16 23:45:00,2737.292592,2736.813706,2736.989538,-0.4788859999998749,-0.3030539999999746,-0.39096999999992477
2021-09-17 00:00:00,2737.292009,2736.813122,2736.987215,-0.4788869999997587,-0.30479399999967427,-0.3918404999997165
2021-09-17 00:15:00,2737.290456,2736.812395,2736.986514,-0.47806100000025253,-0.3039420000000064,-0.39100150000012945
2021-09-17 00:30:00,2737.289683,2736.812611,2736.984889,-0.4770720000001347,-0.304794000000129,-0.39093300000013187
2021-09-17 01:00:00,2737.291432,2736.813372,2736.988378,-0.478059999999914,-0.3030539999999746,-0.3905569999999443
2021-09-17 01:15:00,2737.291819,2736.812008,2736.985276,-0.4798110000001543,-0.306543000000147,-0.39317700000015066
2021-09-17 01:30:00,2737.295704,2736.813483,2736.987411,-0.48222100000020873,-0.3082930000000488,-0.39525700000012876
2021-09-17 01:45:00,2737.292598,2736.812126,2736.986377,-0.48047200000019075,-0.3062209999998231,-0.3933465000000069
2021-09-17 02:00:00,2737.293182,2736.811621,2736.984323,-0.4815610000000561,-0.30885899999975663,-0.39520999999990636
2021-09-17 02:15:00,2737.293182,2736.809142,2736.987813,-0.4840399999998226,-0.30536899999970046,-0.39470449999976154
2021-09-17 02:30:00,2737.292209,2736.812726,2736.989443,-0.47948300000007293,-0.302766000000247,-0.39112450000015997
2021-09-17 02:45:00,2737.292012,2736.811539,2736.988676,-0.48047300000007453,-0.30333599999994476,-0.39190450000000965
2021-09-17 03:00:00,2737.293761,2736.813371,2736.987823,-0.48038999999971566,-0.3059379999999692,-0.3931639999998424
2021-09-17 03:30:00,2737.294151,2736.81277,2736.988213,-0.4813810000000558,-0.3059379999999692,-0.3936595000000125
2021-09-17 03:45:00,2737.294931,2736.814541,2736.989846,-0.48038999999971566,-0.30508499999996275,-0.3927374999998392
2021-09-17 04:00:00,2737.294931,2736.813699,2736.990416,-0.4812320000000909,-0.30451499999981024,-0.3928734999999506
2021-09-17 04:30:00,2737.295514,2736.814282,2736.988397,-0.4812320000000909,-0.30711699999983466,-0.3941744999999628
2021-09-17 04:45:00,2737.297847,2736.813727,2736.993615,-0.48411999999962063,-0.3042319999999563,-0.3941759999997885
2021-09-17 05:00:00,2737.296874,2736.813745,2736.987437,-0.48312900000019,-0.30943699999988894,-0.39628300000003946
2021-09-17 05:30:00,2737.294538,2736.815324,2736.988882,-0.4792139999999563,-0.30565599999999904,-0.39243499999997766
2021-09-17 05:45:00,2737.296091,2736.818858,2736.988685,-0.4772330000000693,-0.30740600000035556,-0.39231950000021243
2021-09-17 06:00:00,2737.29784,2736.817867,2736.989256,-0.47997299999997267,-0.30858400000033726,-0.39427850000015496
2021-09-17 06:15:00,2737.29804,2736.818649,2736.990318,-0.4793910000003052,-0.3077220000000125,-0.39355650000015885
2021-09-17 06:30:00,2737.295517,2736.81695,2736.989545,-0.4785670000001119,-0.3059720000001107,-0.3922695000001113
2021-09-17 06:45:00,2737.295517,2736.816288,2736.989546,-0.4792290000000321,-0.3059710000002269,-0.3926000000001295
2021-09-17 07:00:00,2737.29785,2736.815121,2736.990128,-0.48272899999983565,-0.3077220000000125,-0.39522549999992407
2021-09-17 07:15:00,2737.296877,2736.81674,2736.987737,-0.48013700000001336,-0.30914000000029773,-0.39463850000015555
2021-09-17 07:30:00,2737.29668,2736.817534,2736.991561,-0.47914600000012797,-0.3051190000001043,-0.3921325000001161
2021-09-17 07:45:00,2737.297457,2736.815571,2736.99092,-0.48188600000003134,-0.3065369999999348,-0.39421149999998306
2021-09-17 08:00:00,2737.294928,2736.813041,2736.989243,-0.48188699999991513,-0.30568499999981213,-0.39378599999986363
2021-09-17 08:15:00,2737.294541,2736.814486,2736.988856,-0.480054999999993,-0.3056850000002669,-0.39287000000012995
2021-09-17 08:30:00,2737.294738,2736.814021,2736.991656,-0.48071699999991324,-0.30308199999990393,-0.3918994999999086
2021-09-17 08:45:00,2737.297457,2736.815982,2736.990876,-0.48147500000004584,-0.30658100000027844,-0.39402800000016214
2021-09-17 09:00:00,2737.292212,2736.811494,2736.987681,-0.48071799999979703,-0.30453099999976985,-0.39262449999978344
2021-09-17 09:15:00,2737.290849,2736.80914,2736.988921,-0.48170900000013717,-0.30192799999986164,-0.3918184999999994
2021-09-17 09:30:00,2737.293765,2736.810307,2736.986631,-0.4834579999997004,-0.30713399999967805,-0.39529599999968923
2021-09-17 09:45:00,2737.291625,2736.807176,2736.988274,-0.48444900000004054,-0.3033510000000206,-0.39390000000003056
2021-09-17 10:00:00,2737.28832,2736.80777,2736.984115,-0.4805500000002212,-0.3042049999999108,-0.392377500000066
2021-09-17 10:15:00,2737.289683,2736.807383,2736.985478,-0.48230000000012296,-0.3042049999999108,-0.3932525000000169
2021-09-17 10:30:00,2737.286184,2736.806393,2736.982875,-0.4797910000002048,-0.30330899999989924,-0.391550000000052
2021-09-17 10:45:00,2737.285794,2736.806003,2736.985941,-0.47979099999975006,-0.2998529999999846,-0.38982199999986733
2021-09-17 11:00:00,2737.285987,2736.805206,2736.982678,-0.4807810000002064,-0.303309000000354,-0.3920450000002802
2021-09-17 11:15:00,2737.287933,2736.806327,2736.984625,-0.48160600000028353,-0.30330800000001545,-0.3924570000001495
2021-09-17 11:30:00,2737.28696,2736.806344,2736.982779,-0.4806159999998272,-0.3041809999999714,-0.3923984999998993
2021-09-17 11:45:00,2737.284238,2736.798899,2736.983531,-0.4853390000002946,-0.30070700000032957,-0.3930230000003121
2021-09-17 12:00:00,2737.285018,2736.803076,2736.986914,-0.48194199999988996,-0.2981039999999666,-0.3900229999999283
2021-09-17 12:15:00,2737.286184,2736.801755,2736.988081,-0.48442900000009104,-0.29810300000008283,-0.39126600000008693
2021-09-17 12:30:00,2737.284824,2736.802802,2736.987291,-0.482021999999688,-0.2975329999999303,-0.38977749999980915
2021-09-17 12:45:00,2737.286964,2736.801442,2736.986829,-0.4855219999999463,-0.30013499999995474,-0.3928284999999505
2021-09-17 13:00:00,2737.283075,2736.79831,2736.982963,-0.48476499999969747,-0.3001119999998991,-0.3924384999997983
2021-09-17 13:15:00,2737.282688,2736.802415,2736.984326,-0.48027299999967,-0.29836199999999735,-0.38931749999983367
2021-09-17 13:45:00,2737.284241,2736.802218,2736.985879,-0.4820230000000265,-0.29836199999999735,-0.39019250000001193
2021-09-17 14:00:00,2737.286764,2736.801158,2736.988076,-0.4856059999997342,-0.2986879999998564,-0.3921469999997953
2021-09-17 14:30:00,2737.283462,2736.801355,2736.986522,-0.48210699999981443,-0.2969399999997222,-0.3895234999997683
2021-09-17 14:45:00,2737.285604,2736.801748,2736.986062,-0.48385600000028717,-0.29954200000020137,-0.39169900000024427
2021-09-17 15:00:00,2737.283075,2736.800968,2736.982679,-0.48210699999981443,-0.30039599999963684,-0.39125149999972564
2021-09-17 15:15:00,2737.285014,2736.803572,2736.984619,-0.48144200000024284,-0.3003950000002078,-0.3909185000002253
2021-09-17 15:30:00,2737.285014,2736.802744,2736.982869,-0.48226999999997133,-0.3021450000001096,-0.39220750000004045
2021-09-17 15:45:00,2737.285014,2736.801754,2736.987222,-0.48325999999997293,-0.29779199999984485,-0.3905259999999089
2021-09-17 16:15:00,2737.286181,2736.802988,2736.986069,-0.4831930000000284,-0.3001119999998991,-0.39165249999996377
2021-09-17 16:30:00,2737.286764,2736.803899,2736.984902,-0.48286499999994703,-0.3018619999998009,-0.39236349999987397
2021-09-17 17:00:00,2737.285597,2736.806978,2736.985485,-0.4786189999999806,-0.3001119999998991,-0.38936549999993986
2021-09-17 17:15:00,2737.285794,2736.805341,2736.986252,-0.4804529999996703,-0.2995419999997466,-0.38999749999970845
2021-09-17 17:30:00,2737.285991,2736.804958,2736.984699,-0.4810330000000249,-0.30129200000010314,-0.39116250000006403
2021-09-17 17:45:00,2737.286764,2736.805731,2736.987505,-0.4810330000000249,-0.2992589999998927,-0.3901459999999588
2021-09-17 18:00:00,2737.286377,2736.808085,2736.987118,-0.478291999999783,-0.2992589999998927,-0.38877549999983785
2021-09-17 18:15:00,2737.28677,2736.803988,2736.985761,-0.4827820000000429,-0.3010090000002492,-0.39189550000014606
2021-09-17 18:30:00,2737.28852,2736.806728,2736.984908,-0.4817920000000413,-0.3036120000001574,-0.39270200000009936
2021-09-17 18:45:00,2737.287937,2736.806144,2736.982575,-0.4817929999999251,-0.3053620000000592,-0.39357749999999214
2021-09-17 19:00:00,2737.290852,2736.807311,2736.986916,-0.4835410000000593,-0.3039360000002489,-0.3937385000001541
2021-09-17 19:15:00,2737.28852,2736.804747,2736.986331,-0.4837729999999283,-0.3021889999999985,-0.3929809999999634
2021-09-17 19:30:00,2737.287354,2736.80457,2736.984596,-0.4827840000002652,-0.3027580000002672,-0.3927710000002662
2021-09-17 19:45:00,2737.290462,2736.80593,2736.986808,-0.4845319999999447,-0.303653999999824,-0.39409299999988434
2021-09-17 20:00:00,2737.290849,2736.806317,2736.983738,-0.4845319999999447,-0.3071110000000772,-0.39582150000001093
2021-09-17 20:15:00,2737.2891,2736.808483,2736.985771,-0.4806170000001657,-0.30332899999984875,-0.39197300000000723
2021-09-17 20:30:00,2737.291432,2736.810882,2736.986331,-0.48054999999976644,-0.30510099999992235,-0.3928254999998444
2021-09-17 20:45:00,2737.292792,2736.810492,2736.989114,-0.48230000000012296,-0.30367800000021816,-0.39298900000017056
2021-09-17 21:00:00,2737.290846,2736.810295,2736.988346,-0.48055099999965023,-0.3024999999997817,-0.391525499999716
2021-09-17 21:15:00,2737.293375,2736.806585,2736.984774,-0.48679000000038286,-0.30860100000018065,-0.39769550000028175
2021-09-17 21:30:00,2737.293378,2736.812249,2736.988564,-0.48112899999978254,-0.3048139999996238,-0.39297149999970316
2021-09-17 21:45:00,2737.294348,2736.809571,2736.990387,-0.4847770000001219,-0.3039610000000721,-0.394369000000097
2021-09-17 22:00:00,2737.292598,2736.809718,2736.985181,-0.48288000000002285,-0.30741699999998673,-0.3951485000000048
2021-09-17 22:15:00,2737.293182,2736.80756,2736.986619,-0.4856219999996938,-0.3065630000000965,-0.39609249999989515
2021-09-17 22:30:00,2737.292015,2736.806394,2736.986631,-0.48562099999981,-0.3053839999997763,-0.39550249999979314
2021-09-17 22:45:00,2737.294348,2736.810559,2736.987214,-0.4837889999998879,-0.30713399999967805,-0.395461499999783
2021-09-17 23:00:00,2737.292792,2736.80834,2736.988261,-0.48445200000014665,-0.3045310000002246,-0.3944915000001856
2021-09-17 23:15:00,2737.291236,2736.811936,2736.988454,-0.47929999999996653,-0.3027820000002066,-0.39104100000008657
2021-09-17 23:30:00,2737.294931,2736.813884,2736.985195,-0.4810469999997622,-0.30973599999970247,-0.39539149999973233
