Sieve Size (mm),Weight (g),Percent Retained (%),Cumulative Retained (%),Percent Passing (%)
0.063,0,0,0,100
0.053,0.1082,12.33329534,12.33329534,87.66670466
0.038,0.3213,36.6237319,48.95702724,51.04297276
0.025,0.2427,27.66442494,76.62145218,23.37854782
pan,0.2051,23.37854782,100,0
TOTAL,0.8773,,,
