data_name,average,t_stat,p_value,significant
summer_concentrations,0.032636363636363644,-0.7236327878532132,0.4772752967579339,No
spring_concentrations,0.03518181818181818,0.5206576008754671,0.6139375385221238,No
up_summer,0.03209090909090909,-1.333046158260902,0.21208901283133874,No
down_summer,0.03318181818181818,0.2794310030321496,0.7856082679683114,No
up_spring,0.0388,1.041358616113871,0.35650975362487536,No
down_spring,0.03216666666666667,-0.14740350808014477,0.8885730761406969,No
